country_id,election_type,election_year,geography_version,public_geography_type,public_geography_id,municipality,source_municipality,province,eligible_voters,turnout,valid_votes,blank_votes,invalid_votes,raw_turnout_pct,turnout_reconciles,turnout_exceeds_eligible_voters,audit_status,not_live_factor_reason,source_name,provenance_ref
netherlands,tweede_kamer,2023,cbs-gemeentelijke-indeling-2023,municipality,0014,Groningen,Groningen,Groningen,183403,147263,146649,314,300,80.294761,true,false,field_reconciled_not_promoted,Opkomst can exceed Kiesgerechtigden in island municipalities; denominator wording is not explicit enough for a live turnout factor.,Kiesraad/data.overheid.nl TK2023_uitslag.csv turnout fields,provenance/netherlands_tk_normalization_manifest.json
netherlands,tweede_kamer,2023,cbs-gemeentelijke-indeling-2023,municipality,0034,Almere,Almere,Flevoland,156188,105355,104685,291,379,67.453966,true,false,field_reconciled_not_promoted,Opkomst can exceed Kiesgerechtigden in island municipalities; denominator wording is not explicit enough for a live turnout factor.,Kiesraad/data.overheid.nl TK2023_uitslag.csv turnout fields,provenance/netherlands_tk_normalization_manifest.json
netherlands,tweede_kamer,2023,cbs-gemeentelijke-indeling-2023,municipality,0037,Stadskanaal,Stadskanaal,Groningen,25828,19408,19335,34,39,75.143255,true,false,field_reconciled_not_promoted,Opkomst can exceed Kiesgerechtigden in island municipalities; denominator wording is not explicit enough for a live turnout factor.,Kiesraad/data.overheid.nl TK2023_uitslag.csv turnout fields,provenance/netherlands_tk_normalization_manifest.json
netherlands,tweede_kamer,2023,cbs-gemeentelijke-indeling-2023,municipality,0047,Veendam,Veendam,Groningen,22159,16511,16441,33,37,74.511485,true,false,field_reconciled_not_promoted,Opkomst can exceed Kiesgerechtigden in island municipalities; denominator wording is not explicit enough for a live turnout factor.,Kiesraad/data.overheid.nl TK2023_uitslag.csv turnout fields,provenance/netherlands_tk_normalization_manifest.json
netherlands,tweede_kamer,2023,cbs-gemeentelijke-indeling-2023,municipality,0050,Zeewolde,Zeewolde,Flevoland,17340,14429,14376,33,20,83.212226,true,false,field_reconciled_not_promoted,Opkomst can exceed Kiesgerechtigden in island municipalities; denominator wording is not explicit enough for a live turnout factor.,Kiesraad/data.overheid.nl TK2023_uitslag.csv turnout fields,provenance/netherlands_tk_normalization_manifest.json
netherlands,tweede_kamer,2023,cbs-gemeentelijke-indeling-2023,municipality,0059,Achtkarspelen,Achtkarspelen,Fryslân,22141,17919,17857,31,31,80.931304,true,false,field_reconciled_not_promoted,Opkomst can exceed Kiesgerechtigden in island municipalities; denominator wording is not explicit enough for a live turnout factor.,Kiesraad/data.overheid.nl TK2023_uitslag.csv turnout fields,provenance/netherlands_tk_normalization_manifest.json
netherlands,tweede_kamer,2023,cbs-gemeentelijke-indeling-2023,municipality,0060,Ameland,Ameland,Fryslân,2977,3290,3279,6,5,110.51394,true,true,blocked_over_100_percent,Opkomst can exceed Kiesgerechtigden in island municipalities; denominator wording is not explicit enough for a live turnout factor.,Kiesraad/data.overheid.nl TK2023_uitslag.csv turnout fields,provenance/netherlands_tk_normalization_manifest.json
netherlands,tweede_kamer,2023,cbs-gemeentelijke-indeling-2023,municipality,0072,Harlingen,Harlingen,Fryslân,12825,10181,10125,27,29,79.384016,true,false,field_reconciled_not_promoted,Opkomst can exceed Kiesgerechtigden in island municipalities; denominator wording is not explicit enough for a live turnout factor.,Kiesraad/data.overheid.nl TK2023_uitslag.csv turnout fields,provenance/netherlands_tk_normalization_manifest.json
netherlands,tweede_kamer,2023,cbs-gemeentelijke-indeling-2023,municipality,0074,Heerenveen,Heerenveen,Fryslân,40859,32764,32637,69,58,80.187963,true,false,field_reconciled_not_promoted,Opkomst can exceed Kiesgerechtigden in island municipalities; denominator wording is not explicit enough for a live turnout factor.,Kiesraad/data.overheid.nl TK2023_uitslag.csv turnout fields,provenance/netherlands_tk_normalization_manifest.json
netherlands,tweede_kamer,2023,cbs-gemeentelijke-indeling-2023,municipality,0080,Leeuwarden,Leeuwarden,Fryslân,99600,77265,76929,204,132,77.575301,true,false,field_reconciled_not_promoted,Opkomst can exceed Kiesgerechtigden in island municipalities; denominator wording is not explicit enough for a live turnout factor.,Kiesraad/data.overheid.nl TK2023_uitslag.csv turnout fields,provenance/netherlands_tk_normalization_manifest.json
netherlands,tweede_kamer,2023,cbs-gemeentelijke-indeling-2023,municipality,0085,Ooststellingwerf,Ooststellingwerf,Fryslân,21081,17018,16951,38,29,80.726721,true,false,field_reconciled_not_promoted,Opkomst can exceed Kiesgerechtigden in island municipalities; denominator wording is not explicit enough for a live turnout factor.,Kiesraad/data.overheid.nl TK2023_uitslag.csv turnout fields,provenance/netherlands_tk_normalization_manifest.json
netherlands,tweede_kamer,2023,cbs-gemeentelijke-indeling-2023,municipality,0086,Opsterland,Opsterland,Fryslân,24001,19828,19765,42,21,82.613224,true,false,field_reconciled_not_promoted,Opkomst can exceed Kiesgerechtigden in island municipalities; denominator wording is not explicit enough for a live turnout factor.,Kiesraad/data.overheid.nl TK2023_uitslag.csv turnout fields,provenance/netherlands_tk_normalization_manifest.json
netherlands,tweede_kamer,2023,cbs-gemeentelijke-indeling-2023,municipality,0088,Schiermonnikoog,Schiermonnikoog,Fryslân,802,938,933,3,2,116.957606,true,true,blocked_over_100_percent,Opkomst can exceed Kiesgerechtigden in island municipalities; denominator wording is not explicit enough for a live turnout factor.,Kiesraad/data.overheid.nl TK2023_uitslag.csv turnout fields,provenance/netherlands_tk_normalization_manifest.json
netherlands,tweede_kamer,2023,cbs-gemeentelijke-indeling-2023,municipality,0090,Smallingerland,Smallingerland,Fryslân,44176,34550,34417,70,63,78.209888,true,false,field_reconciled_not_promoted,Opkomst can exceed Kiesgerechtigden in island municipalities; denominator wording is not explicit enough for a live turnout factor.,Kiesraad/data.overheid.nl TK2023_uitslag.csv turnout fields,provenance/netherlands_tk_normalization_manifest.json
netherlands,tweede_kamer,2023,cbs-gemeentelijke-indeling-2023,municipality,0093,Terschelling,Terschelling,Fryslân,4092,3862,3848,10,4,94.379277,true,false,field_reconciled_not_promoted,Opkomst can exceed Kiesgerechtigden in island municipalities; denominator wording is not explicit enough for a live turnout factor.,Kiesraad/data.overheid.nl TK2023_uitslag.csv turnout fields,provenance/netherlands_tk_normalization_manifest.json
netherlands,tweede_kamer,2023,cbs-gemeentelijke-indeling-2023,municipality,0096,Vlieland,Vlieland,Fryslân,957,970,967,2,1,101.358412,true,true,blocked_over_100_percent,Opkomst can exceed Kiesgerechtigden in island municipalities; denominator wording is not explicit enough for a live turnout factor.,Kiesraad/data.overheid.nl TK2023_uitslag.csv turnout fields,provenance/netherlands_tk_normalization_manifest.json
netherlands,tweede_kamer,2023,cbs-gemeentelijke-indeling-2023,municipality,0098,Weststellingwerf,Weststellingwerf,Fryslân,21269,17250,17194,31,25,81.103954,true,false,field_reconciled_not_promoted,Opkomst can exceed Kiesgerechtigden in island municipalities; denominator wording is not explicit enough for a live turnout factor.,Kiesraad/data.overheid.nl TK2023_uitslag.csv turnout fields,provenance/netherlands_tk_normalization_manifest.json
netherlands,tweede_kamer,2023,cbs-gemeentelijke-indeling-2023,municipality,0106,Assen,Assen,Drenthe,54184,42630,42482,78,70,78.676362,true,false,field_reconciled_not_promoted,Opkomst can exceed Kiesgerechtigden in island municipalities; denominator wording is not explicit enough for a live turnout factor.,Kiesraad/data.overheid.nl TK2023_uitslag.csv turnout fields,provenance/netherlands_tk_normalization_manifest.json
netherlands,tweede_kamer,2023,cbs-gemeentelijke-indeling-2023,municipality,0109,Coevorden,Coevorden,Drenthe,28863,23597,23524,27,46,81.755188,true,false,field_reconciled_not_promoted,Opkomst can exceed Kiesgerechtigden in island municipalities; denominator wording is not explicit enough for a live turnout factor.,Kiesraad/data.overheid.nl TK2023_uitslag.csv turnout fields,provenance/netherlands_tk_normalization_manifest.json
netherlands,tweede_kamer,2023,cbs-gemeentelijke-indeling-2023,municipality,0114,Emmen,Emmen,Drenthe,87136,67207,66974,123,110,77.128856,true,false,field_reconciled_not_promoted,Opkomst can exceed Kiesgerechtigden in island municipalities; denominator wording is not explicit enough for a live turnout factor.,Kiesraad/data.overheid.nl TK2023_uitslag.csv turnout fields,provenance/netherlands_tk_normalization_manifest.json
netherlands,tweede_kamer,2023,cbs-gemeentelijke-indeling-2023,municipality,0118,Hoogeveen,Hoogeveen,Drenthe,43877,34585,34468,47,70,78.822618,true,false,field_reconciled_not_promoted,Opkomst can exceed Kiesgerechtigden in island municipalities; denominator wording is not explicit enough for a live turnout factor.,Kiesraad/data.overheid.nl TK2023_uitslag.csv turnout fields,provenance/netherlands_tk_normalization_manifest.json
netherlands,tweede_kamer,2023,cbs-gemeentelijke-indeling-2023,municipality,0119,Meppel,Meppel,Drenthe,27588,22638,22557,32,49,82.057416,true,false,field_reconciled_not_promoted,Opkomst can exceed Kiesgerechtigden in island municipalities; denominator wording is not explicit enough for a live turnout factor.,Kiesraad/data.overheid.nl TK2023_uitslag.csv turnout fields,provenance/netherlands_tk_normalization_manifest.json
netherlands,tweede_kamer,2023,cbs-gemeentelijke-indeling-2023,municipality,0141,Almelo,Almelo,Overijssel,56490,41037,40826,61,150,72.644716,true,false,field_reconciled_not_promoted,Opkomst can exceed Kiesgerechtigden in island municipalities; denominator wording is not explicit enough for a live turnout factor.,Kiesraad/data.overheid.nl TK2023_uitslag.csv turnout fields,provenance/netherlands_tk_normalization_manifest.json
netherlands,tweede_kamer,2023,cbs-gemeentelijke-indeling-2023,municipality,0147,Borne,Borne,Overijssel,18938,16324,16283,14,27,86.197064,true,false,field_reconciled_not_promoted,Opkomst can exceed Kiesgerechtigden in island municipalities; denominator wording is not explicit enough for a live turnout factor.,Kiesraad/data.overheid.nl TK2023_uitslag.csv turnout fields,provenance/netherlands_tk_normalization_manifest.json
netherlands,tweede_kamer,2023,cbs-gemeentelijke-indeling-2023,municipality,0148,Dalfsen,Dalfsen,Overijssel,23026,20398,20344,31,23,88.586815,true,false,field_reconciled_not_promoted,Opkomst can exceed Kiesgerechtigden in island municipalities; denominator wording is not explicit enough for a live turnout factor.,Kiesraad/data.overheid.nl TK2023_uitslag.csv turnout fields,provenance/netherlands_tk_normalization_manifest.json
netherlands,tweede_kamer,2023,cbs-gemeentelijke-indeling-2023,municipality,0150,Deventer,Deventer,Overijssel,78846,62885,62630,113,142,79.756741,true,false,field_reconciled_not_promoted,Opkomst can exceed Kiesgerechtigden in island municipalities; denominator wording is not explicit enough for a live turnout factor.,Kiesraad/data.overheid.nl TK2023_uitslag.csv turnout fields,provenance/netherlands_tk_normalization_manifest.json
netherlands,tweede_kamer,2023,cbs-gemeentelijke-indeling-2023,municipality,0153,Enschede,Enschede,Overijssel,120497,88781,88381,152,248,73.679013,true,false,field_reconciled_not_promoted,Opkomst can exceed Kiesgerechtigden in island municipalities; denominator wording is not explicit enough for a live turnout factor.,Kiesraad/data.overheid.nl TK2023_uitslag.csv turnout fields,provenance/netherlands_tk_normalization_manifest.json
netherlands,tweede_kamer,2023,cbs-gemeentelijke-indeling-2023,municipality,0158,Haaksbergen,Haaksbergen,Overijssel,19575,16654,16620,11,23,85.077905,true,false,field_reconciled_not_promoted,Opkomst can exceed Kiesgerechtigden in island municipalities; denominator wording is not explicit enough for a live turnout factor.,Kiesraad/data.overheid.nl TK2023_uitslag.csv turnout fields,provenance/netherlands_tk_normalization_manifest.json
netherlands,tweede_kamer,2023,cbs-gemeentelijke-indeling-2023,municipality,0160,Hardenberg,Hardenberg,Overijssel,48928,41629,41499,52,78,85.082162,true,false,field_reconciled_not_promoted,Opkomst can exceed Kiesgerechtigden in island municipalities; denominator wording is not explicit enough for a live turnout factor.,Kiesraad/data.overheid.nl TK2023_uitslag.csv turnout fields,provenance/netherlands_tk_normalization_manifest.json
netherlands,tweede_kamer,2023,cbs-gemeentelijke-indeling-2023,municipality,0163,Hellendoorn,Hellendoorn,Overijssel,28757,24693,24620,31,42,85.867789,true,false,field_reconciled_not_promoted,Opkomst can exceed Kiesgerechtigden in island municipalities; denominator wording is not explicit enough for a live turnout factor.,Kiesraad/data.overheid.nl TK2023_uitslag.csv turnout fields,provenance/netherlands_tk_normalization_manifest.json
netherlands,tweede_kamer,2023,cbs-gemeentelijke-indeling-2023,municipality,0164,Hengelo,Hengelo (O),Overijssel,65009,50254,50052,97,105,77.303143,true,false,field_reconciled_not_promoted,Opkomst can exceed Kiesgerechtigden in island municipalities; denominator wording is not explicit enough for a live turnout factor.,Kiesraad/data.overheid.nl TK2023_uitslag.csv turnout fields,provenance/netherlands_tk_normalization_manifest.json
netherlands,tweede_kamer,2023,cbs-gemeentelijke-indeling-2023,municipality,0166,Kampen,Kampen,Overijssel,41885,35526,35412,60,54,84.817954,true,false,field_reconciled_not_promoted,Opkomst can exceed Kiesgerechtigden in island municipalities; denominator wording is not explicit enough for a live turnout factor.,Kiesraad/data.overheid.nl TK2023_uitslag.csv turnout fields,provenance/netherlands_tk_normalization_manifest.json
netherlands,tweede_kamer,2023,cbs-gemeentelijke-indeling-2023,municipality,0168,Losser,Losser,Overijssel,18638,15348,15293,20,35,82.347891,true,false,field_reconciled_not_promoted,Opkomst can exceed Kiesgerechtigden in island municipalities; denominator wording is not explicit enough for a live turnout factor.,Kiesraad/data.overheid.nl TK2023_uitslag.csv turnout fields,provenance/netherlands_tk_normalization_manifest.json
netherlands,tweede_kamer,2023,cbs-gemeentelijke-indeling-2023,municipality,0171,Noordoostpolder,Noordoostpolder,Flevoland,35277,28683,28593,44,46,81.307934,true,false,field_reconciled_not_promoted,Opkomst can exceed Kiesgerechtigden in island municipalities; denominator wording is not explicit enough for a live turnout factor.,Kiesraad/data.overheid.nl TK2023_uitslag.csv turnout fields,provenance/netherlands_tk_normalization_manifest.json
netherlands,tweede_kamer,2023,cbs-gemeentelijke-indeling-2023,municipality,0173,Oldenzaal,Oldenzaal,Overijssel,25257,21084,20990,54,40,83.477848,true,false,field_reconciled_not_promoted,Opkomst can exceed Kiesgerechtigden in island municipalities; denominator wording is not explicit enough for a live turnout factor.,Kiesraad/data.overheid.nl TK2023_uitslag.csv turnout fields,provenance/netherlands_tk_normalization_manifest.json
netherlands,tweede_kamer,2023,cbs-gemeentelijke-indeling-2023,municipality,0175,Ommen,Ommen,Overijssel,14645,12758,12722,15,21,87.115056,true,false,field_reconciled_not_promoted,Opkomst can exceed Kiesgerechtigden in island municipalities; denominator wording is not explicit enough for a live turnout factor.,Kiesraad/data.overheid.nl TK2023_uitslag.csv turnout fields,provenance/netherlands_tk_normalization_manifest.json
netherlands,tweede_kamer,2023,cbs-gemeentelijke-indeling-2023,municipality,0177,Raalte,Raalte,Overijssel,30429,25968,25886,53,29,85.339643,true,false,field_reconciled_not_promoted,Opkomst can exceed Kiesgerechtigden in island municipalities; denominator wording is not explicit enough for a live turnout factor.,Kiesraad/data.overheid.nl TK2023_uitslag.csv turnout fields,provenance/netherlands_tk_normalization_manifest.json
netherlands,tweede_kamer,2023,cbs-gemeentelijke-indeling-2023,municipality,0180,Staphorst,Staphorst,Overijssel,12651,11559,11523,15,21,91.368271,true,false,field_reconciled_not_promoted,Opkomst can exceed Kiesgerechtigden in island municipalities; denominator wording is not explicit enough for a live turnout factor.,Kiesraad/data.overheid.nl TK2023_uitslag.csv turnout fields,provenance/netherlands_tk_normalization_manifest.json
netherlands,tweede_kamer,2023,cbs-gemeentelijke-indeling-2023,municipality,0183,Tubbergen,Tubbergen,Overijssel,17107,15147,15120,16,11,88.542702,true,false,field_reconciled_not_promoted,Opkomst can exceed Kiesgerechtigden in island municipalities; denominator wording is not explicit enough for a live turnout factor.,Kiesraad/data.overheid.nl TK2023_uitslag.csv turnout fields,provenance/netherlands_tk_normalization_manifest.json
netherlands,tweede_kamer,2023,cbs-gemeentelijke-indeling-2023,municipality,0184,Urk,Urk,Flevoland,14526,12785,12746,14,25,88.014595,true,false,field_reconciled_not_promoted,Opkomst can exceed Kiesgerechtigden in island municipalities; denominator wording is not explicit enough for a live turnout factor.,Kiesraad/data.overheid.nl TK2023_uitslag.csv turnout fields,provenance/netherlands_tk_normalization_manifest.json
netherlands,tweede_kamer,2023,cbs-gemeentelijke-indeling-2023,municipality,0189,Wierden,Wierden,Overijssel,19462,17137,17103,17,17,88.053643,true,false,field_reconciled_not_promoted,Opkomst can exceed Kiesgerechtigden in island municipalities; denominator wording is not explicit enough for a live turnout factor.,Kiesraad/data.overheid.nl TK2023_uitslag.csv turnout fields,provenance/netherlands_tk_normalization_manifest.json
netherlands,tweede_kamer,2023,cbs-gemeentelijke-indeling-2023,municipality,0193,Zwolle,Zwolle,Overijssel,101901,82748,82382,184,182,81.204306,true,false,field_reconciled_not_promoted,Opkomst can exceed Kiesgerechtigden in island municipalities; denominator wording is not explicit enough for a live turnout factor.,Kiesraad/data.overheid.nl TK2023_uitslag.csv turnout fields,provenance/netherlands_tk_normalization_manifest.json
netherlands,tweede_kamer,2023,cbs-gemeentelijke-indeling-2023,municipality,0197,Aalten,Aalten,Gelderland,21564,17781,17746,19,16,82.456873,true,false,field_reconciled_not_promoted,Opkomst can exceed Kiesgerechtigden in island municipalities; denominator wording is not explicit enough for a live turnout factor.,Kiesraad/data.overheid.nl TK2023_uitslag.csv turnout fields,provenance/netherlands_tk_normalization_manifest.json
netherlands,tweede_kamer,2023,cbs-gemeentelijke-indeling-2023,municipality,0200,Apeldoorn,Apeldoorn,Gelderland,130493,101718,101318,167,233,77.949009,true,false,field_reconciled_not_promoted,Opkomst can exceed Kiesgerechtigden in island municipalities; denominator wording is not explicit enough for a live turnout factor.,Kiesraad/data.overheid.nl TK2023_uitslag.csv turnout fields,provenance/netherlands_tk_normalization_manifest.json
netherlands,tweede_kamer,2023,cbs-gemeentelijke-indeling-2023,municipality,0202,Arnhem,Arnhem,Gelderland,124745,89540,89130,199,211,71.778428,true,false,field_reconciled_not_promoted,Opkomst can exceed Kiesgerechtigden in island municipalities; denominator wording is not explicit enough for a live turnout factor.,Kiesraad/data.overheid.nl TK2023_uitslag.csv turnout fields,provenance/netherlands_tk_normalization_manifest.json
netherlands,tweede_kamer,2023,cbs-gemeentelijke-indeling-2023,municipality,0203,Barneveld,Barneveld,Gelderland,45018,39322,39240,32,50,87.347283,true,false,field_reconciled_not_promoted,Opkomst can exceed Kiesgerechtigden in island municipalities; denominator wording is not explicit enough for a live turnout factor.,Kiesraad/data.overheid.nl TK2023_uitslag.csv turnout fields,provenance/netherlands_tk_normalization_manifest.json
netherlands,tweede_kamer,2023,cbs-gemeentelijke-indeling-2023,municipality,0209,Beuningen,Beuningen,Gelderland,21077,17195,17131,40,24,81.581819,true,false,field_reconciled_not_promoted,Opkomst can exceed Kiesgerechtigden in island municipalities; denominator wording is not explicit enough for a live turnout factor.,Kiesraad/data.overheid.nl TK2023_uitslag.csv turnout fields,provenance/netherlands_tk_normalization_manifest.json
netherlands,tweede_kamer,2023,cbs-gemeentelijke-indeling-2023,municipality,0213,Brummen,Brummen,Gelderland,17340,14188,14131,27,30,81.822376,true,false,field_reconciled_not_promoted,Opkomst can exceed Kiesgerechtigden in island municipalities; denominator wording is not explicit enough for a live turnout factor.,Kiesraad/data.overheid.nl TK2023_uitslag.csv turnout fields,provenance/netherlands_tk_normalization_manifest.json
netherlands,tweede_kamer,2023,cbs-gemeentelijke-indeling-2023,municipality,0214,Buren,Buren,Gelderland,21624,18099,18057,20,22,83.698668,true,false,field_reconciled_not_promoted,Opkomst can exceed Kiesgerechtigden in island municipalities; denominator wording is not explicit enough for a live turnout factor.,Kiesraad/data.overheid.nl TK2023_uitslag.csv turnout fields,provenance/netherlands_tk_normalization_manifest.json
netherlands,tweede_kamer,2023,cbs-gemeentelijke-indeling-2023,municipality,0216,Culemborg,Culemborg,Gelderland,22687,18447,18375,25,47,81.310883,true,false,field_reconciled_not_promoted,Opkomst can exceed Kiesgerechtigden in island municipalities; denominator wording is not explicit enough for a live turnout factor.,Kiesraad/data.overheid.nl TK2023_uitslag.csv turnout fields,provenance/netherlands_tk_normalization_manifest.json
netherlands,tweede_kamer,2023,cbs-gemeentelijke-indeling-2023,municipality,0221,Doesburg,Doesburg,Gelderland,9105,7013,6993,7,13,77.023613,true,false,field_reconciled_not_promoted,Opkomst can exceed Kiesgerechtigden in island municipalities; denominator wording is not explicit enough for a live turnout factor.,Kiesraad/data.overheid.nl TK2023_uitslag.csv turnout fields,provenance/netherlands_tk_normalization_manifest.json
netherlands,tweede_kamer,2023,cbs-gemeentelijke-indeling-2023,municipality,0222,Doetinchem,Doetinchem,Gelderland,47319,37128,37001,58,69,78.463197,true,false,field_reconciled_not_promoted,Opkomst can exceed Kiesgerechtigden in island municipalities; denominator wording is not explicit enough for a live turnout factor.,Kiesraad/data.overheid.nl TK2023_uitslag.csv turnout fields,provenance/netherlands_tk_normalization_manifest.json
netherlands,tweede_kamer,2023,cbs-gemeentelijke-indeling-2023,municipality,0225,Druten,Druten,Gelderland,15410,12484,12443,16,25,81.01233,true,false,field_reconciled_not_promoted,Opkomst can exceed Kiesgerechtigden in island municipalities; denominator wording is not explicit enough for a live turnout factor.,Kiesraad/data.overheid.nl TK2023_uitslag.csv turnout fields,provenance/netherlands_tk_normalization_manifest.json
netherlands,tweede_kamer,2023,cbs-gemeentelijke-indeling-2023,municipality,0226,Duiven,Duiven,Gelderland,19976,16295,16247,28,20,81.572887,true,false,field_reconciled_not_promoted,Opkomst can exceed Kiesgerechtigden in island municipalities; denominator wording is not explicit enough for a live turnout factor.,Kiesraad/data.overheid.nl TK2023_uitslag.csv turnout fields,provenance/netherlands_tk_normalization_manifest.json
netherlands,tweede_kamer,2023,cbs-gemeentelijke-indeling-2023,municipality,0228,Ede,Ede,Gelderland,92632,76795,76555,89,151,82.903316,true,false,field_reconciled_not_promoted,Opkomst can exceed Kiesgerechtigden in island municipalities; denominator wording is not explicit enough for a live turnout factor.,Kiesraad/data.overheid.nl TK2023_uitslag.csv turnout fields,provenance/netherlands_tk_normalization_manifest.json
netherlands,tweede_kamer,2023,cbs-gemeentelijke-indeling-2023,municipality,0230,Elburg,Elburg,Gelderland,18278,15619,15588,10,21,85.452457,true,false,field_reconciled_not_promoted,Opkomst can exceed Kiesgerechtigden in island municipalities; denominator wording is not explicit enough for a live turnout factor.,Kiesraad/data.overheid.nl TK2023_uitslag.csv turnout fields,provenance/netherlands_tk_normalization_manifest.json
netherlands,tweede_kamer,2023,cbs-gemeentelijke-indeling-2023,municipality,0232,Epe,Epe,Gelderland,26594,21827,21776,30,21,82.074904,true,false,field_reconciled_not_promoted,Opkomst can exceed Kiesgerechtigden in island municipalities; denominator wording is not explicit enough for a live turnout factor.,Kiesraad/data.overheid.nl TK2023_uitslag.csv turnout fields,provenance/netherlands_tk_normalization_manifest.json
netherlands,tweede_kamer,2023,cbs-gemeentelijke-indeling-2023,municipality,0233,Ermelo,Ermelo,Gelderland,21841,18037,17978,29,30,82.583215,true,false,field_reconciled_not_promoted,Opkomst can exceed Kiesgerechtigden in island municipalities; denominator wording is not explicit enough for a live turnout factor.,Kiesraad/data.overheid.nl TK2023_uitslag.csv turnout fields,provenance/netherlands_tk_normalization_manifest.json
netherlands,tweede_kamer,2023,cbs-gemeentelijke-indeling-2023,municipality,0243,Harderwijk,Harderwijk,Gelderland,37342,30051,29963,43,45,80.475068,true,false,field_reconciled_not_promoted,Opkomst can exceed Kiesgerechtigden in island municipalities; denominator wording is not explicit enough for a live turnout factor.,Kiesraad/data.overheid.nl TK2023_uitslag.csv turnout fields,provenance/netherlands_tk_normalization_manifest.json
netherlands,tweede_kamer,2023,cbs-gemeentelijke-indeling-2023,municipality,0244,Hattem,Hattem,Gelderland,9813,8501,8479,11,11,86.629981,true,false,field_reconciled_not_promoted,Opkomst can exceed Kiesgerechtigden in island municipalities; denominator wording is not explicit enough for a live turnout factor.,Kiesraad/data.overheid.nl TK2023_uitslag.csv turnout fields,provenance/netherlands_tk_normalization_manifest.json
netherlands,tweede_kamer,2023,cbs-gemeentelijke-indeling-2023,municipality,0246,Heerde,Heerde,Gelderland,15187,12775,12738,20,17,84.117996,true,false,field_reconciled_not_promoted,Opkomst can exceed Kiesgerechtigden in island municipalities; denominator wording is not explicit enough for a live turnout factor.,Kiesraad/data.overheid.nl TK2023_uitslag.csv turnout fields,provenance/netherlands_tk_normalization_manifest.json
netherlands,tweede_kamer,2023,cbs-gemeentelijke-indeling-2023,municipality,0252,Heumen,Heumen,Gelderland,13343,11382,11351,19,12,85.303155,true,false,field_reconciled_not_promoted,Opkomst can exceed Kiesgerechtigden in island municipalities; denominator wording is not explicit enough for a live turnout factor.,Kiesraad/data.overheid.nl TK2023_uitslag.csv turnout fields,provenance/netherlands_tk_normalization_manifest.json
netherlands,tweede_kamer,2023,cbs-gemeentelijke-indeling-2023,municipality,0262,Lochem,Lochem,Gelderland,27873,23994,23932,32,30,86.083306,true,false,field_reconciled_not_promoted,Opkomst can exceed Kiesgerechtigden in island municipalities; denominator wording is not explicit enough for a live turnout factor.,Kiesraad/data.overheid.nl TK2023_uitslag.csv turnout fields,provenance/netherlands_tk_normalization_manifest.json
netherlands,tweede_kamer,2023,cbs-gemeentelijke-indeling-2023,municipality,0263,Maasdriel,Maasdriel,Gelderland,19313,16140,16104,21,15,83.570652,true,false,field_reconciled_not_promoted,Opkomst can exceed Kiesgerechtigden in island municipalities; denominator wording is not explicit enough for a live turnout factor.,Kiesraad/data.overheid.nl TK2023_uitslag.csv turnout fields,provenance/netherlands_tk_normalization_manifest.json
netherlands,tweede_kamer,2023,cbs-gemeentelijke-indeling-2023,municipality,0267,Nijkerk,Nijkerk,Gelderland,34253,28913,28841,33,39,84.410125,true,false,field_reconciled_not_promoted,Opkomst can exceed Kiesgerechtigden in island municipalities; denominator wording is not explicit enough for a live turnout factor.,Kiesraad/data.overheid.nl TK2023_uitslag.csv turnout fields,provenance/netherlands_tk_normalization_manifest.json
netherlands,tweede_kamer,2023,cbs-gemeentelijke-indeling-2023,municipality,0268,Nijmegen,Nijmegen,Gelderland,144277,112854,112362,271,221,78.220368,true,false,field_reconciled_not_promoted,Opkomst can exceed Kiesgerechtigden in island municipalities; denominator wording is not explicit enough for a live turnout factor.,Kiesraad/data.overheid.nl TK2023_uitslag.csv turnout fields,provenance/netherlands_tk_normalization_manifest.json
netherlands,tweede_kamer,2023,cbs-gemeentelijke-indeling-2023,municipality,0269,Oldebroek,Oldebroek,Gelderland,18470,15708,15669,15,24,85.046021,true,false,field_reconciled_not_promoted,Opkomst can exceed Kiesgerechtigden in island municipalities; denominator wording is not explicit enough for a live turnout factor.,Kiesraad/data.overheid.nl TK2023_uitslag.csv turnout fields,provenance/netherlands_tk_normalization_manifest.json
netherlands,tweede_kamer,2023,cbs-gemeentelijke-indeling-2023,municipality,0273,Putten,Putten,Gelderland,19301,16770,16731,16,23,86.88669,true,false,field_reconciled_not_promoted,Opkomst can exceed Kiesgerechtigden in island municipalities; denominator wording is not explicit enough for a live turnout factor.,Kiesraad/data.overheid.nl TK2023_uitslag.csv turnout fields,provenance/netherlands_tk_normalization_manifest.json
netherlands,tweede_kamer,2023,cbs-gemeentelijke-indeling-2023,municipality,0274,Renkum,Renkum,Gelderland,25273,20969,20903,36,30,82.969968,true,false,field_reconciled_not_promoted,Opkomst can exceed Kiesgerechtigden in island municipalities; denominator wording is not explicit enough for a live turnout factor.,Kiesraad/data.overheid.nl TK2023_uitslag.csv turnout fields,provenance/netherlands_tk_normalization_manifest.json
netherlands,tweede_kamer,2023,cbs-gemeentelijke-indeling-2023,municipality,0275,Rheden,Rheden,Gelderland,34864,27791,27701,35,55,79.712598,true,false,field_reconciled_not_promoted,Opkomst can exceed Kiesgerechtigden in island municipalities; denominator wording is not explicit enough for a live turnout factor.,Kiesraad/data.overheid.nl TK2023_uitslag.csv turnout fields,provenance/netherlands_tk_normalization_manifest.json
netherlands,tweede_kamer,2023,cbs-gemeentelijke-indeling-2023,municipality,0277,Rozendaal,Rozendaal,Gelderland,1324,1254,1249,2,3,94.712991,true,false,field_reconciled_not_promoted,Opkomst can exceed Kiesgerechtigden in island municipalities; denominator wording is not explicit enough for a live turnout factor.,Kiesraad/data.overheid.nl TK2023_uitslag.csv turnout fields,provenance/netherlands_tk_normalization_manifest.json
netherlands,tweede_kamer,2023,cbs-gemeentelijke-indeling-2023,municipality,0279,Scherpenzeel,Scherpenzeel,Gelderland,7757,6726,6717,1,8,86.708779,true,false,field_reconciled_not_promoted,Opkomst can exceed Kiesgerechtigden in island municipalities; denominator wording is not explicit enough for a live turnout factor.,Kiesraad/data.overheid.nl TK2023_uitslag.csv turnout fields,provenance/netherlands_tk_normalization_manifest.json
netherlands,tweede_kamer,2023,cbs-gemeentelijke-indeling-2023,municipality,0281,Tiel,Tiel,Gelderland,31878,23392,23288,53,51,73.37976,true,false,field_reconciled_not_promoted,Opkomst can exceed Kiesgerechtigden in island municipalities; denominator wording is not explicit enough for a live turnout factor.,Kiesraad/data.overheid.nl TK2023_uitslag.csv turnout fields,provenance/netherlands_tk_normalization_manifest.json
netherlands,tweede_kamer,2023,cbs-gemeentelijke-indeling-2023,municipality,0285,Voorst,Voorst,Gelderland,20077,16961,16913,23,25,84.479753,true,false,field_reconciled_not_promoted,Opkomst can exceed Kiesgerechtigden in island municipalities; denominator wording is not explicit enough for a live turnout factor.,Kiesraad/data.overheid.nl TK2023_uitslag.csv turnout fields,provenance/netherlands_tk_normalization_manifest.json
netherlands,tweede_kamer,2023,cbs-gemeentelijke-indeling-2023,municipality,0289,Wageningen,Wageningen,Gelderland,29862,24899,24798,64,37,83.380216,true,false,field_reconciled_not_promoted,Opkomst can exceed Kiesgerechtigden in island municipalities; denominator wording is not explicit enough for a live turnout factor.,Kiesraad/data.overheid.nl TK2023_uitslag.csv turnout fields,provenance/netherlands_tk_normalization_manifest.json
netherlands,tweede_kamer,2023,cbs-gemeentelijke-indeling-2023,municipality,0293,Westervoort,Westervoort,Gelderland,11923,9294,9258,15,21,77.95018,true,false,field_reconciled_not_promoted,Opkomst can exceed Kiesgerechtigden in island municipalities; denominator wording is not explicit enough for a live turnout factor.,Kiesraad/data.overheid.nl TK2023_uitslag.csv turnout fields,provenance/netherlands_tk_normalization_manifest.json
netherlands,tweede_kamer,2023,cbs-gemeentelijke-indeling-2023,municipality,0294,Winterswijk,Winterswijk,Gelderland,23129,18688,18622,28,38,80.798997,true,false,field_reconciled_not_promoted,Opkomst can exceed Kiesgerechtigden in island municipalities; denominator wording is not explicit enough for a live turnout factor.,Kiesraad/data.overheid.nl TK2023_uitslag.csv turnout fields,provenance/netherlands_tk_normalization_manifest.json
netherlands,tweede_kamer,2023,cbs-gemeentelijke-indeling-2023,municipality,0296,Wijchen,Wijchen,Gelderland,33065,27278,27182,53,43,82.49811,true,false,field_reconciled_not_promoted,Opkomst can exceed Kiesgerechtigden in island municipalities; denominator wording is not explicit enough for a live turnout factor.,Kiesraad/data.overheid.nl TK2023_uitslag.csv turnout fields,provenance/netherlands_tk_normalization_manifest.json
netherlands,tweede_kamer,2023,cbs-gemeentelijke-indeling-2023,municipality,0297,Zaltbommel,Zaltbommel,Gelderland,22187,18453,18404,20,29,83.170325,true,false,field_reconciled_not_promoted,Opkomst can exceed Kiesgerechtigden in island municipalities; denominator wording is not explicit enough for a live turnout factor.,Kiesraad/data.overheid.nl TK2023_uitslag.csv turnout fields,provenance/netherlands_tk_normalization_manifest.json
netherlands,tweede_kamer,2023,cbs-gemeentelijke-indeling-2023,municipality,0299,Zevenaar,Zevenaar,Gelderland,36093,28522,28402,49,71,79.023633,true,false,field_reconciled_not_promoted,Opkomst can exceed Kiesgerechtigden in island municipalities; denominator wording is not explicit enough for a live turnout factor.,Kiesraad/data.overheid.nl TK2023_uitslag.csv turnout fields,provenance/netherlands_tk_normalization_manifest.json
netherlands,tweede_kamer,2023,cbs-gemeentelijke-indeling-2023,municipality,0301,Zutphen,Zutphen,Gelderland,38933,31118,31004,65,49,79.927054,true,false,field_reconciled_not_promoted,Opkomst can exceed Kiesgerechtigden in island municipalities; denominator wording is not explicit enough for a live turnout factor.,Kiesraad/data.overheid.nl TK2023_uitslag.csv turnout fields,provenance/netherlands_tk_normalization_manifest.json
netherlands,tweede_kamer,2023,cbs-gemeentelijke-indeling-2023,municipality,0302,Nunspeet,Nunspeet,Gelderland,22385,19107,19055,30,22,85.356265,true,false,field_reconciled_not_promoted,Opkomst can exceed Kiesgerechtigden in island municipalities; denominator wording is not explicit enough for a live turnout factor.,Kiesraad/data.overheid.nl TK2023_uitslag.csv turnout fields,provenance/netherlands_tk_normalization_manifest.json
netherlands,tweede_kamer,2023,cbs-gemeentelijke-indeling-2023,municipality,0303,Dronten,Dronten,Flevoland,32679,26516,26430,54,32,81.140794,true,false,field_reconciled_not_promoted,Opkomst can exceed Kiesgerechtigden in island municipalities; denominator wording is not explicit enough for a live turnout factor.,Kiesraad/data.overheid.nl TK2023_uitslag.csv turnout fields,provenance/netherlands_tk_normalization_manifest.json
netherlands,tweede_kamer,2023,cbs-gemeentelijke-indeling-2023,municipality,0307,Amersfoort,Amersfoort,Utrecht,121150,99235,98725,255,255,81.910854,true,false,field_reconciled_not_promoted,Opkomst can exceed Kiesgerechtigden in island municipalities; denominator wording is not explicit enough for a live turnout factor.,Kiesraad/data.overheid.nl TK2023_uitslag.csv turnout fields,provenance/netherlands_tk_normalization_manifest.json
netherlands,tweede_kamer,2023,cbs-gemeentelijke-indeling-2023,municipality,0308,Baarn,Baarn,Utrecht,19501,15566,15506,27,33,79.821548,true,false,field_reconciled_not_promoted,Opkomst can exceed Kiesgerechtigden in island municipalities; denominator wording is not explicit enough for a live turnout factor.,Kiesraad/data.overheid.nl TK2023_uitslag.csv turnout fields,provenance/netherlands_tk_normalization_manifest.json
netherlands,tweede_kamer,2023,cbs-gemeentelijke-indeling-2023,municipality,0310,De Bilt,De Bilt,Utrecht,33039,27669,27597,34,38,83.746481,true,false,field_reconciled_not_promoted,Opkomst can exceed Kiesgerechtigden in island municipalities; denominator wording is not explicit enough for a live turnout factor.,Kiesraad/data.overheid.nl TK2023_uitslag.csv turnout fields,provenance/netherlands_tk_normalization_manifest.json
netherlands,tweede_kamer,2023,cbs-gemeentelijke-indeling-2023,municipality,0312,Bunnik,Bunnik,Utrecht,12124,10742,10703,20,19,88.601122,true,false,field_reconciled_not_promoted,Opkomst can exceed Kiesgerechtigden in island municipalities; denominator wording is not explicit enough for a live turnout factor.,Kiesraad/data.overheid.nl TK2023_uitslag.csv turnout fields,provenance/netherlands_tk_normalization_manifest.json
netherlands,tweede_kamer,2023,cbs-gemeentelijke-indeling-2023,municipality,0313,Bunschoten,Bunschoten,Utrecht,16517,14256,14224,14,18,86.311073,true,false,field_reconciled_not_promoted,Opkomst can exceed Kiesgerechtigden in island municipalities; denominator wording is not explicit enough for a live turnout factor.,Kiesraad/data.overheid.nl TK2023_uitslag.csv turnout fields,provenance/netherlands_tk_normalization_manifest.json
netherlands,tweede_kamer,2023,cbs-gemeentelijke-indeling-2023,municipality,0317,Eemnes,Eemnes,Utrecht,7473,6460,6438,7,15,86.444534,true,false,field_reconciled_not_promoted,Opkomst can exceed Kiesgerechtigden in island municipalities; denominator wording is not explicit enough for a live turnout factor.,Kiesraad/data.overheid.nl TK2023_uitslag.csv turnout fields,provenance/netherlands_tk_normalization_manifest.json
netherlands,tweede_kamer,2023,cbs-gemeentelijke-indeling-2023,municipality,0321,Houten,Houten,Utrecht,38211,32435,32340,48,47,84.883934,true,false,field_reconciled_not_promoted,Opkomst can exceed Kiesgerechtigden in island municipalities; denominator wording is not explicit enough for a live turnout factor.,Kiesraad/data.overheid.nl TK2023_uitslag.csv turnout fields,provenance/netherlands_tk_normalization_manifest.json
netherlands,tweede_kamer,2023,cbs-gemeentelijke-indeling-2023,municipality,0327,Leusden,Leusden,Utrecht,24573,21145,21091,29,25,86.049729,true,false,field_reconciled_not_promoted,Opkomst can exceed Kiesgerechtigden in island municipalities; denominator wording is not explicit enough for a live turnout factor.,Kiesraad/data.overheid.nl TK2023_uitslag.csv turnout fields,provenance/netherlands_tk_normalization_manifest.json
netherlands,tweede_kamer,2023,cbs-gemeentelijke-indeling-2023,municipality,0331,Lopik,Lopik,Utrecht,11411,9565,9534,15,16,83.822627,true,false,field_reconciled_not_promoted,Opkomst can exceed Kiesgerechtigden in island municipalities; denominator wording is not explicit enough for a live turnout factor.,Kiesraad/data.overheid.nl TK2023_uitslag.csv turnout fields,provenance/netherlands_tk_normalization_manifest.json
netherlands,tweede_kamer,2023,cbs-gemeentelijke-indeling-2023,municipality,0335,Montfoort,Montfoort,Utrecht,10699,9337,9307,8,22,87.269838,true,false,field_reconciled_not_promoted,Opkomst can exceed Kiesgerechtigden in island municipalities; denominator wording is not explicit enough for a live turnout factor.,Kiesraad/data.overheid.nl TK2023_uitslag.csv turnout fields,provenance/netherlands_tk_normalization_manifest.json
netherlands,tweede_kamer,2023,cbs-gemeentelijke-indeling-2023,municipality,0339,Renswoude,Renswoude,Utrecht,4088,3582,3571,5,6,87.622309,true,false,field_reconciled_not_promoted,Opkomst can exceed Kiesgerechtigden in island municipalities; denominator wording is not explicit enough for a live turnout factor.,Kiesraad/data.overheid.nl TK2023_uitslag.csv turnout fields,provenance/netherlands_tk_normalization_manifest.json
netherlands,tweede_kamer,2023,cbs-gemeentelijke-indeling-2023,municipality,0340,Rhenen,Rhenen,Utrecht,15569,12882,12849,18,15,82.741345,true,false,field_reconciled_not_promoted,Opkomst can exceed Kiesgerechtigden in island municipalities; denominator wording is not explicit enough for a live turnout factor.,Kiesraad/data.overheid.nl TK2023_uitslag.csv turnout fields,provenance/netherlands_tk_normalization_manifest.json
netherlands,tweede_kamer,2023,cbs-gemeentelijke-indeling-2023,municipality,0342,Soest,Soest,Utrecht,36707,29885,29782,49,54,81.414989,true,false,field_reconciled_not_promoted,Opkomst can exceed Kiesgerechtigden in island municipalities; denominator wording is not explicit enough for a live turnout factor.,Kiesraad/data.overheid.nl TK2023_uitslag.csv turnout fields,provenance/netherlands_tk_normalization_manifest.json
netherlands,tweede_kamer,2023,cbs-gemeentelijke-indeling-2023,municipality,0344,Utrecht,Utrecht,Utrecht,262533,209410,208623,359,428,79.76521,true,false,field_reconciled_not_promoted,Opkomst can exceed Kiesgerechtigden in island municipalities; denominator wording is not explicit enough for a live turnout factor.,Kiesraad/data.overheid.nl TK2023_uitslag.csv turnout fields,provenance/netherlands_tk_normalization_manifest.json
netherlands,tweede_kamer,2023,cbs-gemeentelijke-indeling-2023,municipality,0345,Veenendaal,Veenendaal,Utrecht,51980,41233,41109,55,69,79.32474,true,false,field_reconciled_not_promoted,Opkomst can exceed Kiesgerechtigden in island municipalities; denominator wording is not explicit enough for a live turnout factor.,Kiesraad/data.overheid.nl TK2023_uitslag.csv turnout fields,provenance/netherlands_tk_normalization_manifest.json
netherlands,tweede_kamer,2023,cbs-gemeentelijke-indeling-2023,municipality,0351,Woudenberg,Woudenberg,Utrecht,10814,9292,9271,8,13,85.925652,true,false,field_reconciled_not_promoted,Opkomst can exceed Kiesgerechtigden in island municipalities; denominator wording is not explicit enough for a live turnout factor.,Kiesraad/data.overheid.nl TK2023_uitslag.csv turnout fields,provenance/netherlands_tk_normalization_manifest.json
netherlands,tweede_kamer,2023,cbs-gemeentelijke-indeling-2023,municipality,0352,Wijk bij Duurstede,Wijk bij Duurstede,Utrecht,18910,15944,15889,22,33,84.315177,true,false,field_reconciled_not_promoted,Opkomst can exceed Kiesgerechtigden in island municipalities; denominator wording is not explicit enough for a live turnout factor.,Kiesraad/data.overheid.nl TK2023_uitslag.csv turnout fields,provenance/netherlands_tk_normalization_manifest.json
netherlands,tweede_kamer,2023,cbs-gemeentelijke-indeling-2023,municipality,0353,IJsselstein,IJsselstein,Utrecht,25923,20651,20563,50,38,79.662848,true,false,field_reconciled_not_promoted,Opkomst can exceed Kiesgerechtigden in island municipalities; denominator wording is not explicit enough for a live turnout factor.,Kiesraad/data.overheid.nl TK2023_uitslag.csv turnout fields,provenance/netherlands_tk_normalization_manifest.json
netherlands,tweede_kamer,2023,cbs-gemeentelijke-indeling-2023,municipality,0355,Zeist,Zeist,Utrecht,50037,39910,39766,69,75,79.760977,true,false,field_reconciled_not_promoted,Opkomst can exceed Kiesgerechtigden in island municipalities; denominator wording is not explicit enough for a live turnout factor.,Kiesraad/data.overheid.nl TK2023_uitslag.csv turnout fields,provenance/netherlands_tk_normalization_manifest.json
netherlands,tweede_kamer,2023,cbs-gemeentelijke-indeling-2023,municipality,0356,Nieuwegein,Nieuwegein,Utrecht,49904,37856,37688,77,91,75.857647,true,false,field_reconciled_not_promoted,Opkomst can exceed Kiesgerechtigden in island municipalities; denominator wording is not explicit enough for a live turnout factor.,Kiesraad/data.overheid.nl TK2023_uitslag.csv turnout fields,provenance/netherlands_tk_normalization_manifest.json
netherlands,tweede_kamer,2023,cbs-gemeentelijke-indeling-2023,municipality,0358,Aalsmeer,Aalsmeer,Noord-Holland,23647,19602,19537,30,35,82.894236,true,false,field_reconciled_not_promoted,Opkomst can exceed Kiesgerechtigden in island municipalities; denominator wording is not explicit enough for a live turnout factor.,Kiesraad/data.overheid.nl TK2023_uitslag.csv turnout fields,provenance/netherlands_tk_normalization_manifest.json
netherlands,tweede_kamer,2023,cbs-gemeentelijke-indeling-2023,municipality,0361,Alkmaar,Alkmaar,Noord-Holland,86329,66987,66698,146,143,77.595014,true,false,field_reconciled_not_promoted,Opkomst can exceed Kiesgerechtigden in island municipalities; denominator wording is not explicit enough for a live turnout factor.,Kiesraad/data.overheid.nl TK2023_uitslag.csv turnout fields,provenance/netherlands_tk_normalization_manifest.json
netherlands,tweede_kamer,2023,cbs-gemeentelijke-indeling-2023,municipality,0362,Amstelveen,Amstelveen,Noord-Holland,58073,45546,45305,92,149,78.428874,true,false,field_reconciled_not_promoted,Opkomst can exceed Kiesgerechtigden in island municipalities; denominator wording is not explicit enough for a live turnout factor.,Kiesraad/data.overheid.nl TK2023_uitslag.csv turnout fields,provenance/netherlands_tk_normalization_manifest.json
netherlands,tweede_kamer,2023,cbs-gemeentelijke-indeling-2023,municipality,0363,Amsterdam,Amsterdam,Noord-Holland,595930,422873,420359,864,1650,70.96018,true,false,field_reconciled_not_promoted,Opkomst can exceed Kiesgerechtigden in island municipalities; denominator wording is not explicit enough for a live turnout factor.,Kiesraad/data.overheid.nl TK2023_uitslag.csv turnout fields,provenance/netherlands_tk_normalization_manifest.json
netherlands,tweede_kamer,2023,cbs-gemeentelijke-indeling-2023,municipality,0373,Bergen (NH.),Bergen (NH),Noord-Holland,24495,20804,20745,33,26,84.931619,true,false,field_reconciled_not_promoted,Opkomst can exceed Kiesgerechtigden in island municipalities; denominator wording is not explicit enough for a live turnout factor.,Kiesraad/data.overheid.nl TK2023_uitslag.csv turnout fields,provenance/netherlands_tk_normalization_manifest.json
netherlands,tweede_kamer,2023,cbs-gemeentelijke-indeling-2023,municipality,0375,Beverwijk,Beverwijk,Noord-Holland,31253,23170,23057,48,65,74.136883,true,false,field_reconciled_not_promoted,Opkomst can exceed Kiesgerechtigden in island municipalities; denominator wording is not explicit enough for a live turnout factor.,Kiesraad/data.overheid.nl TK2023_uitslag.csv turnout fields,provenance/netherlands_tk_normalization_manifest.json
netherlands,tweede_kamer,2023,cbs-gemeentelijke-indeling-2023,municipality,0376,Blaricum,Blaricum,Noord-Holland,9162,7797,7765,13,19,85.101506,true,false,field_reconciled_not_promoted,Opkomst can exceed Kiesgerechtigden in island municipalities; denominator wording is not explicit enough for a live turnout factor.,Kiesraad/data.overheid.nl TK2023_uitslag.csv turnout fields,provenance/netherlands_tk_normalization_manifest.json
netherlands,tweede_kamer,2023,cbs-gemeentelijke-indeling-2023,municipality,0377,Bloemendaal,Bloemendaal,Noord-Holland,17556,15439,15404,9,26,87.941445,true,false,field_reconciled_not_promoted,Opkomst can exceed Kiesgerechtigden in island municipalities; denominator wording is not explicit enough for a live turnout factor.,Kiesraad/data.overheid.nl TK2023_uitslag.csv turnout fields,provenance/netherlands_tk_normalization_manifest.json
netherlands,tweede_kamer,2023,cbs-gemeentelijke-indeling-2023,municipality,0383,Castricum,Castricum,Noord-Holland,29173,25172,25107,44,21,86.285264,true,false,field_reconciled_not_promoted,Opkomst can exceed Kiesgerechtigden in island municipalities; denominator wording is not explicit enough for a live turnout factor.,Kiesraad/data.overheid.nl TK2023_uitslag.csv turnout fields,provenance/netherlands_tk_normalization_manifest.json
netherlands,tweede_kamer,2023,cbs-gemeentelijke-indeling-2023,municipality,0384,Diemen,Diemen,Noord-Holland,20789,15295,15198,33,64,73.572562,true,false,field_reconciled_not_promoted,Opkomst can exceed Kiesgerechtigden in island municipalities; denominator wording is not explicit enough for a live turnout factor.,Kiesraad/data.overheid.nl TK2023_uitslag.csv turnout fields,provenance/netherlands_tk_normalization_manifest.json
netherlands,tweede_kamer,2023,cbs-gemeentelijke-indeling-2023,municipality,0385,Edam-Volendam,Edam-Volendam,Noord-Holland,29340,25224,25149,30,45,85.97137,true,false,field_reconciled_not_promoted,Opkomst can exceed Kiesgerechtigden in island municipalities; denominator wording is not explicit enough for a live turnout factor.,Kiesraad/data.overheid.nl TK2023_uitslag.csv turnout fields,provenance/netherlands_tk_normalization_manifest.json
netherlands,tweede_kamer,2023,cbs-gemeentelijke-indeling-2023,municipality,0388,Enkhuizen,Enkhuizen,Noord-Holland,14248,11215,11167,27,21,78.712802,true,false,field_reconciled_not_promoted,Opkomst can exceed Kiesgerechtigden in island municipalities; denominator wording is not explicit enough for a live turnout factor.,Kiesraad/data.overheid.nl TK2023_uitslag.csv turnout fields,provenance/netherlands_tk_normalization_manifest.json
netherlands,tweede_kamer,2023,cbs-gemeentelijke-indeling-2023,municipality,0392,Haarlem,Haarlem,Noord-Holland,116810,91358,90936,186,236,78.21077,true,false,field_reconciled_not_promoted,Opkomst can exceed Kiesgerechtigden in island municipalities; denominator wording is not explicit enough for a live turnout factor.,Kiesraad/data.overheid.nl TK2023_uitslag.csv turnout fields,provenance/netherlands_tk_normalization_manifest.json
netherlands,tweede_kamer,2023,cbs-gemeentelijke-indeling-2023,municipality,0394,Haarlemmermeer,Haarlemmermeer,Noord-Holland,116771,90683,90303,161,219,77.658837,true,false,field_reconciled_not_promoted,Opkomst can exceed Kiesgerechtigden in island municipalities; denominator wording is not explicit enough for a live turnout factor.,Kiesraad/data.overheid.nl TK2023_uitslag.csv turnout fields,provenance/netherlands_tk_normalization_manifest.json
netherlands,tweede_kamer,2023,cbs-gemeentelijke-indeling-2023,municipality,0396,Heemskerk,Heemskerk,Noord-Holland,31082,24245,24167,32,46,78.003346,true,false,field_reconciled_not_promoted,Opkomst can exceed Kiesgerechtigden in island municipalities; denominator wording is not explicit enough for a live turnout factor.,Kiesraad/data.overheid.nl TK2023_uitslag.csv turnout fields,provenance/netherlands_tk_normalization_manifest.json
netherlands,tweede_kamer,2023,cbs-gemeentelijke-indeling-2023,municipality,0397,Heemstede,Heemstede,Noord-Holland,20519,17503,17447,27,29,85.301428,true,false,field_reconciled_not_promoted,Opkomst can exceed Kiesgerechtigden in island municipalities; denominator wording is not explicit enough for a live turnout factor.,Kiesraad/data.overheid.nl TK2023_uitslag.csv turnout fields,provenance/netherlands_tk_normalization_manifest.json
netherlands,tweede_kamer,2023,cbs-gemeentelijke-indeling-2023,municipality,0399,Heiloo,Heiloo,Noord-Holland,19460,16794,16748,28,18,86.300103,true,false,field_reconciled_not_promoted,Opkomst can exceed Kiesgerechtigden in island municipalities; denominator wording is not explicit enough for a live turnout factor.,Kiesraad/data.overheid.nl TK2023_uitslag.csv turnout fields,provenance/netherlands_tk_normalization_manifest.json
netherlands,tweede_kamer,2023,cbs-gemeentelijke-indeling-2023,municipality,0400,Den Helder,Den Helder,Noord-Holland,44758,31490,31374,68,48,70.356137,true,false,field_reconciled_not_promoted,Opkomst can exceed Kiesgerechtigden in island municipalities; denominator wording is not explicit enough for a live turnout factor.,Kiesraad/data.overheid.nl TK2023_uitslag.csv turnout fields,provenance/netherlands_tk_normalization_manifest.json
netherlands,tweede_kamer,2023,cbs-gemeentelijke-indeling-2023,municipality,0402,Hilversum,Hilversum,Noord-Holland,65706,51444,51247,77,120,78.29422,true,false,field_reconciled_not_promoted,Opkomst can exceed Kiesgerechtigden in island municipalities; denominator wording is not explicit enough for a live turnout factor.,Kiesraad/data.overheid.nl TK2023_uitslag.csv turnout fields,provenance/netherlands_tk_normalization_manifest.json
netherlands,tweede_kamer,2023,cbs-gemeentelijke-indeling-2023,municipality,0405,Hoorn,Hoorn,Noord-Holland,56761,42629,42406,116,107,75.102623,true,false,field_reconciled_not_promoted,Opkomst can exceed Kiesgerechtigden in island municipalities; denominator wording is not explicit enough for a live turnout factor.,Kiesraad/data.overheid.nl TK2023_uitslag.csv turnout fields,provenance/netherlands_tk_normalization_manifest.json
netherlands,tweede_kamer,2023,cbs-gemeentelijke-indeling-2023,municipality,0406,Huizen,Huizen,Noord-Holland,32223,25843,25750,35,58,80.200478,true,false,field_reconciled_not_promoted,Opkomst can exceed Kiesgerechtigden in island municipalities; denominator wording is not explicit enough for a live turnout factor.,Kiesraad/data.overheid.nl TK2023_uitslag.csv turnout fields,provenance/netherlands_tk_normalization_manifest.json
netherlands,tweede_kamer,2023,cbs-gemeentelijke-indeling-2023,municipality,0415,Landsmeer,Landsmeer,Noord-Holland,8813,7404,7373,6,25,84.012255,true,false,field_reconciled_not_promoted,Opkomst can exceed Kiesgerechtigden in island municipalities; denominator wording is not explicit enough for a live turnout factor.,Kiesraad/data.overheid.nl TK2023_uitslag.csv turnout fields,provenance/netherlands_tk_normalization_manifest.json
netherlands,tweede_kamer,2023,cbs-gemeentelijke-indeling-2023,municipality,0417,Laren,Laren,Noord-Holland,8867,7348,7326,9,13,82.869065,true,false,field_reconciled_not_promoted,Opkomst can exceed Kiesgerechtigden in island municipalities; denominator wording is not explicit enough for a live turnout factor.,Kiesraad/data.overheid.nl TK2023_uitslag.csv turnout fields,provenance/netherlands_tk_normalization_manifest.json
netherlands,tweede_kamer,2023,cbs-gemeentelijke-indeling-2023,municipality,0420,Medemblik,Medemblik,Noord-Holland,34995,28248,28142,66,40,80.720103,true,false,field_reconciled_not_promoted,Opkomst can exceed Kiesgerechtigden in island municipalities; denominator wording is not explicit enough for a live turnout factor.,Kiesraad/data.overheid.nl TK2023_uitslag.csv turnout fields,provenance/netherlands_tk_normalization_manifest.json
netherlands,tweede_kamer,2023,cbs-gemeentelijke-indeling-2023,municipality,0431,Oostzaan,Oostzaan,Noord-Holland,7593,6274,6255,4,15,82.628737,true,false,field_reconciled_not_promoted,Opkomst can exceed Kiesgerechtigden in island municipalities; denominator wording is not explicit enough for a live turnout factor.,Kiesraad/data.overheid.nl TK2023_uitslag.csv turnout fields,provenance/netherlands_tk_normalization_manifest.json
netherlands,tweede_kamer,2023,cbs-gemeentelijke-indeling-2023,municipality,0432,Opmeer,Opmeer,Noord-Holland,9501,7781,7753,14,14,81.896642,true,false,field_reconciled_not_promoted,Opkomst can exceed Kiesgerechtigden in island municipalities; denominator wording is not explicit enough for a live turnout factor.,Kiesraad/data.overheid.nl TK2023_uitslag.csv turnout fields,provenance/netherlands_tk_normalization_manifest.json
netherlands,tweede_kamer,2023,cbs-gemeentelijke-indeling-2023,municipality,0437,Ouder-Amstel,Ouder-Amstel,Noord-Holland,10292,8352,8324,8,20,81.150408,true,false,field_reconciled_not_promoted,Opkomst can exceed Kiesgerechtigden in island municipalities; denominator wording is not explicit enough for a live turnout factor.,Kiesraad/data.overheid.nl TK2023_uitslag.csv turnout fields,provenance/netherlands_tk_normalization_manifest.json
netherlands,tweede_kamer,2023,cbs-gemeentelijke-indeling-2023,municipality,0439,Purmerend,Purmerend,Noord-Holland,73111,54963,54694,105,164,75.17747,true,false,field_reconciled_not_promoted,Opkomst can exceed Kiesgerechtigden in island municipalities; denominator wording is not explicit enough for a live turnout factor.,Kiesraad/data.overheid.nl TK2023_uitslag.csv turnout fields,provenance/netherlands_tk_normalization_manifest.json
netherlands,tweede_kamer,2023,cbs-gemeentelijke-indeling-2023,municipality,0441,Schagen,Schagen,Noord-Holland,37792,30988,30889,45,54,81.99619,true,false,field_reconciled_not_promoted,Opkomst can exceed Kiesgerechtigden in island municipalities; denominator wording is not explicit enough for a live turnout factor.,Kiesraad/data.overheid.nl TK2023_uitslag.csv turnout fields,provenance/netherlands_tk_normalization_manifest.json
netherlands,tweede_kamer,2023,cbs-gemeentelijke-indeling-2023,municipality,0448,Texel,Texel,Noord-Holland,11049,10238,10211,10,17,92.659969,true,false,field_reconciled_not_promoted,Opkomst can exceed Kiesgerechtigden in island municipalities; denominator wording is not explicit enough for a live turnout factor.,Kiesraad/data.overheid.nl TK2023_uitslag.csv turnout fields,provenance/netherlands_tk_normalization_manifest.json
netherlands,tweede_kamer,2023,cbs-gemeentelijke-indeling-2023,municipality,0450,Uitgeest,Uitgeest,Noord-Holland,10509,8857,8819,21,17,84.280141,true,false,field_reconciled_not_promoted,Opkomst can exceed Kiesgerechtigden in island municipalities; denominator wording is not explicit enough for a live turnout factor.,Kiesraad/data.overheid.nl TK2023_uitslag.csv turnout fields,provenance/netherlands_tk_normalization_manifest.json
netherlands,tweede_kamer,2023,cbs-gemeentelijke-indeling-2023,municipality,0451,Uithoorn,Uithoorn,Noord-Holland,22243,17579,17493,37,49,79.031605,true,false,field_reconciled_not_promoted,Opkomst can exceed Kiesgerechtigden in island municipalities; denominator wording is not explicit enough for a live turnout factor.,Kiesraad/data.overheid.nl TK2023_uitslag.csv turnout fields,provenance/netherlands_tk_normalization_manifest.json
netherlands,tweede_kamer,2023,cbs-gemeentelijke-indeling-2023,municipality,0453,Velsen,Velsen,Noord-Holland,52889,41389,41214,83,92,78.256348,true,false,field_reconciled_not_promoted,Opkomst can exceed Kiesgerechtigden in island municipalities; denominator wording is not explicit enough for a live turnout factor.,Kiesraad/data.overheid.nl TK2023_uitslag.csv turnout fields,provenance/netherlands_tk_normalization_manifest.json
netherlands,tweede_kamer,2023,cbs-gemeentelijke-indeling-2023,municipality,0473,Zandvoort,Zandvoort,Noord-Holland,13605,10611,10561,20,30,77.993385,true,false,field_reconciled_not_promoted,Opkomst can exceed Kiesgerechtigden in island municipalities; denominator wording is not explicit enough for a live turnout factor.,Kiesraad/data.overheid.nl TK2023_uitslag.csv turnout fields,provenance/netherlands_tk_normalization_manifest.json
netherlands,tweede_kamer,2023,cbs-gemeentelijke-indeling-2023,municipality,0479,Zaanstad,Zaanstad,Noord-Holland,115180,83807,83343,178,286,72.761764,true,false,field_reconciled_not_promoted,Opkomst can exceed Kiesgerechtigden in island municipalities; denominator wording is not explicit enough for a live turnout factor.,Kiesraad/data.overheid.nl TK2023_uitslag.csv turnout fields,provenance/netherlands_tk_normalization_manifest.json
netherlands,tweede_kamer,2023,cbs-gemeentelijke-indeling-2023,municipality,0482,Alblasserdam,Alblasserdam,Zuid-Holland,15131,12163,12130,13,20,80.384641,true,false,field_reconciled_not_promoted,Opkomst can exceed Kiesgerechtigden in island municipalities; denominator wording is not explicit enough for a live turnout factor.,Kiesraad/data.overheid.nl TK2023_uitslag.csv turnout fields,provenance/netherlands_tk_normalization_manifest.json
netherlands,tweede_kamer,2023,cbs-gemeentelijke-indeling-2023,municipality,0484,Alphen aan den Rijn,Alphen aan den Rijn,Zuid-Holland,87064,69764,69475,124,165,80.12956,true,false,field_reconciled_not_promoted,Opkomst can exceed Kiesgerechtigden in island municipalities; denominator wording is not explicit enough for a live turnout factor.,Kiesraad/data.overheid.nl TK2023_uitslag.csv turnout fields,provenance/netherlands_tk_normalization_manifest.json
netherlands,tweede_kamer,2023,cbs-gemeentelijke-indeling-2023,municipality,0489,Barendrecht,Barendrecht,Zuid-Holland,37134,29462,29358,58,46,79.339689,true,false,field_reconciled_not_promoted,Opkomst can exceed Kiesgerechtigden in island municipalities; denominator wording is not explicit enough for a live turnout factor.,Kiesraad/data.overheid.nl TK2023_uitslag.csv turnout fields,provenance/netherlands_tk_normalization_manifest.json
netherlands,tweede_kamer,2023,cbs-gemeentelijke-indeling-2023,municipality,0498,Drechterland,Drechterland,Noord-Holland,15651,12995,12953,21,21,83.029838,true,false,field_reconciled_not_promoted,Opkomst can exceed Kiesgerechtigden in island municipalities; denominator wording is not explicit enough for a live turnout factor.,Kiesraad/data.overheid.nl TK2023_uitslag.csv turnout fields,provenance/netherlands_tk_normalization_manifest.json
netherlands,tweede_kamer,2023,cbs-gemeentelijke-indeling-2023,municipality,0502,Capelle aan den IJssel,Capelle aan den IJssel,Zuid-Holland,50315,35076,34867,90,119,69.712809,true,false,field_reconciled_not_promoted,Opkomst can exceed Kiesgerechtigden in island municipalities; denominator wording is not explicit enough for a live turnout factor.,Kiesraad/data.overheid.nl TK2023_uitslag.csv turnout fields,provenance/netherlands_tk_normalization_manifest.json
netherlands,tweede_kamer,2023,cbs-gemeentelijke-indeling-2023,municipality,0503,Delft,Delft,Zuid-Holland,76322,59274,59008,123,143,77.663059,true,false,field_reconciled_not_promoted,Opkomst can exceed Kiesgerechtigden in island municipalities; denominator wording is not explicit enough for a live turnout factor.,Kiesraad/data.overheid.nl TK2023_uitslag.csv turnout fields,provenance/netherlands_tk_normalization_manifest.json
netherlands,tweede_kamer,2023,cbs-gemeentelijke-indeling-2023,municipality,0505,Dordrecht,Dordrecht,Zuid-Holland,91122,65691,65410,139,142,72.091262,true,false,field_reconciled_not_promoted,Opkomst can exceed Kiesgerechtigden in island municipalities; denominator wording is not explicit enough for a live turnout factor.,Kiesraad/data.overheid.nl TK2023_uitslag.csv turnout fields,provenance/netherlands_tk_normalization_manifest.json
netherlands,tweede_kamer,2023,cbs-gemeentelijke-indeling-2023,municipality,0512,Gorinchem,Gorinchem,Zuid-Holland,28981,21949,21848,46,55,75.735827,true,false,field_reconciled_not_promoted,Opkomst can exceed Kiesgerechtigden in island municipalities; denominator wording is not explicit enough for a live turnout factor.,Kiesraad/data.overheid.nl TK2023_uitslag.csv turnout fields,provenance/netherlands_tk_normalization_manifest.json
netherlands,tweede_kamer,2023,cbs-gemeentelijke-indeling-2023,municipality,0513,Gouda,Gouda,Zuid-Holland,56667,43548,43360,94,94,76.84896,true,false,field_reconciled_not_promoted,Opkomst can exceed Kiesgerechtigden in island municipalities; denominator wording is not explicit enough for a live turnout factor.,Kiesraad/data.overheid.nl TK2023_uitslag.csv turnout fields,provenance/netherlands_tk_normalization_manifest.json
netherlands,tweede_kamer,2023,cbs-gemeentelijke-indeling-2023,municipality,0518,'s-Gravenhage,'s-Gravenhage,Zuid-Holland,357606,246032,244439,560,1033,68.79974,true,false,field_reconciled_not_promoted,Opkomst can exceed Kiesgerechtigden in island municipalities; denominator wording is not explicit enough for a live turnout factor.,Kiesraad/data.overheid.nl TK2023_uitslag.csv turnout fields,provenance/netherlands_tk_normalization_manifest.json
netherlands,tweede_kamer,2023,cbs-gemeentelijke-indeling-2023,municipality,0523,Hardinxveld-Giessendam,Hardinxveld-Giessendam,Zuid-Holland,13952,11824,11804,8,12,84.747706,true,false,field_reconciled_not_promoted,Opkomst can exceed Kiesgerechtigden in island municipalities; denominator wording is not explicit enough for a live turnout factor.,Kiesraad/data.overheid.nl TK2023_uitslag.csv turnout fields,provenance/netherlands_tk_normalization_manifest.json
netherlands,tweede_kamer,2023,cbs-gemeentelijke-indeling-2023,municipality,0531,Hendrik-Ido-Ambacht,Hendrik-Ido-Ambacht,Zuid-Holland,23920,19729,19660,40,29,82.479097,true,false,field_reconciled_not_promoted,Opkomst can exceed Kiesgerechtigden in island municipalities; denominator wording is not explicit enough for a live turnout factor.,Kiesraad/data.overheid.nl TK2023_uitslag.csv turnout fields,provenance/netherlands_tk_normalization_manifest.json
netherlands,tweede_kamer,2023,cbs-gemeentelijke-indeling-2023,municipality,0532,Stede Broec,Stede Broec,Noord-Holland,16910,13426,13379,22,25,79.396807,true,false,field_reconciled_not_promoted,Opkomst can exceed Kiesgerechtigden in island municipalities; denominator wording is not explicit enough for a live turnout factor.,Kiesraad/data.overheid.nl TK2023_uitslag.csv turnout fields,provenance/netherlands_tk_normalization_manifest.json
netherlands,tweede_kamer,2023,cbs-gemeentelijke-indeling-2023,municipality,0534,Hillegom,Hillegom,Zuid-Holland,17044,13928,13883,18,27,81.717907,true,false,field_reconciled_not_promoted,Opkomst can exceed Kiesgerechtigden in island municipalities; denominator wording is not explicit enough for a live turnout factor.,Kiesraad/data.overheid.nl TK2023_uitslag.csv turnout fields,provenance/netherlands_tk_normalization_manifest.json
netherlands,tweede_kamer,2023,cbs-gemeentelijke-indeling-2023,municipality,0537,Katwijk,Katwijk,Zuid-Holland,50162,41823,41707,54,62,83.375862,true,false,field_reconciled_not_promoted,Opkomst can exceed Kiesgerechtigden in island municipalities; denominator wording is not explicit enough for a live turnout factor.,Kiesraad/data.overheid.nl TK2023_uitslag.csv turnout fields,provenance/netherlands_tk_normalization_manifest.json
netherlands,tweede_kamer,2023,cbs-gemeentelijke-indeling-2023,municipality,0542,Krimpen aan den IJssel,Krimpen aan den IJssel,Zuid-Holland,22796,18248,18184,35,29,80.049131,true,false,field_reconciled_not_promoted,Opkomst can exceed Kiesgerechtigden in island municipalities; denominator wording is not explicit enough for a live turnout factor.,Kiesraad/data.overheid.nl TK2023_uitslag.csv turnout fields,provenance/netherlands_tk_normalization_manifest.json
netherlands,tweede_kamer,2023,cbs-gemeentelijke-indeling-2023,municipality,0546,Leiden,Leiden,Zuid-Holland,95572,76793,76417,154,222,80.35094,true,false,field_reconciled_not_promoted,Opkomst can exceed Kiesgerechtigden in island municipalities; denominator wording is not explicit enough for a live turnout factor.,Kiesraad/data.overheid.nl TK2023_uitslag.csv turnout fields,provenance/netherlands_tk_normalization_manifest.json
netherlands,tweede_kamer,2023,cbs-gemeentelijke-indeling-2023,municipality,0547,Leiderdorp,Leiderdorp,Zuid-Holland,21091,17331,17266,32,33,82.172491,true,false,field_reconciled_not_promoted,Opkomst can exceed Kiesgerechtigden in island municipalities; denominator wording is not explicit enough for a live turnout factor.,Kiesraad/data.overheid.nl TK2023_uitslag.csv turnout fields,provenance/netherlands_tk_normalization_manifest.json
netherlands,tweede_kamer,2023,cbs-gemeentelijke-indeling-2023,municipality,0553,Lisse,Lisse,Zuid-Holland,18015,15239,15200,23,16,84.590619,true,false,field_reconciled_not_promoted,Opkomst can exceed Kiesgerechtigden in island municipalities; denominator wording is not explicit enough for a live turnout factor.,Kiesraad/data.overheid.nl TK2023_uitslag.csv turnout fields,provenance/netherlands_tk_normalization_manifest.json
netherlands,tweede_kamer,2023,cbs-gemeentelijke-indeling-2023,municipality,0556,Maassluis,Maassluis,Zuid-Holland,26636,20136,20041,47,48,75.596936,true,false,field_reconciled_not_promoted,Opkomst can exceed Kiesgerechtigden in island municipalities; denominator wording is not explicit enough for a live turnout factor.,Kiesraad/data.overheid.nl TK2023_uitslag.csv turnout fields,provenance/netherlands_tk_normalization_manifest.json
netherlands,tweede_kamer,2023,cbs-gemeentelijke-indeling-2023,municipality,0569,Nieuwkoop,Nieuwkoop,Zuid-Holland,22875,18920,18863,26,31,82.710383,true,false,field_reconciled_not_promoted,Opkomst can exceed Kiesgerechtigden in island municipalities; denominator wording is not explicit enough for a live turnout factor.,Kiesraad/data.overheid.nl TK2023_uitslag.csv turnout fields,provenance/netherlands_tk_normalization_manifest.json
netherlands,tweede_kamer,2023,cbs-gemeentelijke-indeling-2023,municipality,0575,Noordwijk,Noordwijk,Zuid-Holland,34211,28338,28259,40,39,82.833007,true,false,field_reconciled_not_promoted,Opkomst can exceed Kiesgerechtigden in island municipalities; denominator wording is not explicit enough for a live turnout factor.,Kiesraad/data.overheid.nl TK2023_uitslag.csv turnout fields,provenance/netherlands_tk_normalization_manifest.json
netherlands,tweede_kamer,2023,cbs-gemeentelijke-indeling-2023,municipality,0579,Oegstgeest,Oegstgeest,Zuid-Holland,18111,15714,15671,23,20,86.764949,true,false,field_reconciled_not_promoted,Opkomst can exceed Kiesgerechtigden in island municipalities; denominator wording is not explicit enough for a live turnout factor.,Kiesraad/data.overheid.nl TK2023_uitslag.csv turnout fields,provenance/netherlands_tk_normalization_manifest.json
netherlands,tweede_kamer,2023,cbs-gemeentelijke-indeling-2023,municipality,0589,Oudewater,Oudewater,Utrecht,7950,6800,6783,10,7,85.534591,true,false,field_reconciled_not_promoted,Opkomst can exceed Kiesgerechtigden in island municipalities; denominator wording is not explicit enough for a live turnout factor.,Kiesraad/data.overheid.nl TK2023_uitslag.csv turnout fields,provenance/netherlands_tk_normalization_manifest.json
netherlands,tweede_kamer,2023,cbs-gemeentelijke-indeling-2023,municipality,0590,Papendrecht,Papendrecht,Zuid-Holland,25219,19775,19705,32,38,78.413101,true,false,field_reconciled_not_promoted,Opkomst can exceed Kiesgerechtigden in island municipalities; denominator wording is not explicit enough for a live turnout factor.,Kiesraad/data.overheid.nl TK2023_uitslag.csv turnout fields,provenance/netherlands_tk_normalization_manifest.json
netherlands,tweede_kamer,2023,cbs-gemeentelijke-indeling-2023,municipality,0597,Ridderkerk,Ridderkerk,Zuid-Holland,37056,28112,28012,56,44,75.863558,true,false,field_reconciled_not_promoted,Opkomst can exceed Kiesgerechtigden in island municipalities; denominator wording is not explicit enough for a live turnout factor.,Kiesraad/data.overheid.nl TK2023_uitslag.csv turnout fields,provenance/netherlands_tk_normalization_manifest.json
netherlands,tweede_kamer,2023,cbs-gemeentelijke-indeling-2023,municipality,0599,Rotterdam,Rotterdam,Zuid-Holland,461855,296330,294040,769,1521,64.16083,true,false,field_reconciled_not_promoted,Opkomst can exceed Kiesgerechtigden in island municipalities; denominator wording is not explicit enough for a live turnout factor.,Kiesraad/data.overheid.nl TK2023_uitslag.csv turnout fields,provenance/netherlands_tk_normalization_manifest.json
netherlands,tweede_kamer,2023,cbs-gemeentelijke-indeling-2023,municipality,0603,Rijswijk,Rijswijk,Zuid-Holland,42084,30657,30520,55,82,72.847163,true,false,field_reconciled_not_promoted,Opkomst can exceed Kiesgerechtigden in island municipalities; denominator wording is not explicit enough for a live turnout factor.,Kiesraad/data.overheid.nl TK2023_uitslag.csv turnout fields,provenance/netherlands_tk_normalization_manifest.json
netherlands,tweede_kamer,2023,cbs-gemeentelijke-indeling-2023,municipality,0606,Schiedam,Schiedam,Zuid-Holland,56052,37936,37707,113,116,67.680011,true,false,field_reconciled_not_promoted,Opkomst can exceed Kiesgerechtigden in island municipalities; denominator wording is not explicit enough for a live turnout factor.,Kiesraad/data.overheid.nl TK2023_uitslag.csv turnout fields,provenance/netherlands_tk_normalization_manifest.json
netherlands,tweede_kamer,2023,cbs-gemeentelijke-indeling-2023,municipality,0610,Sliedrecht,Sliedrecht,Zuid-Holland,19815,15289,15235,19,35,77.158718,true,false,field_reconciled_not_promoted,Opkomst can exceed Kiesgerechtigden in island municipalities; denominator wording is not explicit enough for a live turnout factor.,Kiesraad/data.overheid.nl TK2023_uitslag.csv turnout fields,provenance/netherlands_tk_normalization_manifest.json
netherlands,tweede_kamer,2023,cbs-gemeentelijke-indeling-2023,municipality,0613,Albrandswaard,Albrandswaard,Zuid-Holland,20090,16092,16041,21,30,80.099552,true,false,field_reconciled_not_promoted,Opkomst can exceed Kiesgerechtigden in island municipalities; denominator wording is not explicit enough for a live turnout factor.,Kiesraad/data.overheid.nl TK2023_uitslag.csv turnout fields,provenance/netherlands_tk_normalization_manifest.json
netherlands,tweede_kamer,2023,cbs-gemeentelijke-indeling-2023,municipality,0622,Vlaardingen,Vlaardingen,Zuid-Holland,54577,38328,38143,72,113,70.227385,true,false,field_reconciled_not_promoted,Opkomst can exceed Kiesgerechtigden in island municipalities; denominator wording is not explicit enough for a live turnout factor.,Kiesraad/data.overheid.nl TK2023_uitslag.csv turnout fields,provenance/netherlands_tk_normalization_manifest.json
netherlands,tweede_kamer,2023,cbs-gemeentelijke-indeling-2023,municipality,0626,Voorschoten,Voorschoten,Zuid-Holland,18890,16164,16105,33,26,85.569084,true,false,field_reconciled_not_promoted,Opkomst can exceed Kiesgerechtigden in island municipalities; denominator wording is not explicit enough for a live turnout factor.,Kiesraad/data.overheid.nl TK2023_uitslag.csv turnout fields,provenance/netherlands_tk_normalization_manifest.json
netherlands,tweede_kamer,2023,cbs-gemeentelijke-indeling-2023,municipality,0627,Waddinxveen,Waddinxveen,Zuid-Holland,24548,19982,19906,36,40,81.399707,true,false,field_reconciled_not_promoted,Opkomst can exceed Kiesgerechtigden in island municipalities; denominator wording is not explicit enough for a live turnout factor.,Kiesraad/data.overheid.nl TK2023_uitslag.csv turnout fields,provenance/netherlands_tk_normalization_manifest.json
netherlands,tweede_kamer,2023,cbs-gemeentelijke-indeling-2023,municipality,0629,Wassenaar,Wassenaar,Zuid-Holland,18151,15050,14980,25,45,82.915542,true,false,field_reconciled_not_promoted,Opkomst can exceed Kiesgerechtigden in island municipalities; denominator wording is not explicit enough for a live turnout factor.,Kiesraad/data.overheid.nl TK2023_uitslag.csv turnout fields,provenance/netherlands_tk_normalization_manifest.json
netherlands,tweede_kamer,2023,cbs-gemeentelijke-indeling-2023,municipality,0632,Woerden,Woerden,Utrecht,40860,34017,33904,58,55,83.25257,true,false,field_reconciled_not_promoted,Opkomst can exceed Kiesgerechtigden in island municipalities; denominator wording is not explicit enough for a live turnout factor.,Kiesraad/data.overheid.nl TK2023_uitslag.csv turnout fields,provenance/netherlands_tk_normalization_manifest.json
netherlands,tweede_kamer,2023,cbs-gemeentelijke-indeling-2023,municipality,0637,Zoetermeer,Zoetermeer,Zuid-Holland,96207,71503,71155,168,180,74.322035,true,false,field_reconciled_not_promoted,Opkomst can exceed Kiesgerechtigden in island municipalities; denominator wording is not explicit enough for a live turnout factor.,Kiesraad/data.overheid.nl TK2023_uitslag.csv turnout fields,provenance/netherlands_tk_normalization_manifest.json
netherlands,tweede_kamer,2023,cbs-gemeentelijke-indeling-2023,municipality,0638,Zoeterwoude,Zoeterwoude,Zuid-Holland,7468,6172,6151,15,6,82.645956,true,false,field_reconciled_not_promoted,Opkomst can exceed Kiesgerechtigden in island municipalities; denominator wording is not explicit enough for a live turnout factor.,Kiesraad/data.overheid.nl TK2023_uitslag.csv turnout fields,provenance/netherlands_tk_normalization_manifest.json
netherlands,tweede_kamer,2023,cbs-gemeentelijke-indeling-2023,municipality,0642,Zwijndrecht,Zwijndrecht,Zuid-Holland,34449,25247,25143,49,55,73.288049,true,false,field_reconciled_not_promoted,Opkomst can exceed Kiesgerechtigden in island municipalities; denominator wording is not explicit enough for a live turnout factor.,Kiesraad/data.overheid.nl TK2023_uitslag.csv turnout fields,provenance/netherlands_tk_normalization_manifest.json
netherlands,tweede_kamer,2023,cbs-gemeentelijke-indeling-2023,municipality,0654,Borsele,Borsele,Zeeland,17854,15038,14982,34,22,84.227624,true,false,field_reconciled_not_promoted,Opkomst can exceed Kiesgerechtigden in island municipalities; denominator wording is not explicit enough for a live turnout factor.,Kiesraad/data.overheid.nl TK2023_uitslag.csv turnout fields,provenance/netherlands_tk_normalization_manifest.json
netherlands,tweede_kamer,2023,cbs-gemeentelijke-indeling-2023,municipality,0664,Goes,Goes,Zeeland,30954,23935,23824,53,58,77.324417,true,false,field_reconciled_not_promoted,Opkomst can exceed Kiesgerechtigden in island municipalities; denominator wording is not explicit enough for a live turnout factor.,Kiesraad/data.overheid.nl TK2023_uitslag.csv turnout fields,provenance/netherlands_tk_normalization_manifest.json
netherlands,tweede_kamer,2023,cbs-gemeentelijke-indeling-2023,municipality,0668,West Maas en Waal,West Maas en Waal,Gelderland,16077,13505,13461,21,23,84.00199,true,false,field_reconciled_not_promoted,Opkomst can exceed Kiesgerechtigden in island municipalities; denominator wording is not explicit enough for a live turnout factor.,Kiesraad/data.overheid.nl TK2023_uitslag.csv turnout fields,provenance/netherlands_tk_normalization_manifest.json
netherlands,tweede_kamer,2023,cbs-gemeentelijke-indeling-2023,municipality,0677,Hulst,Hulst,Zeeland,19631,14984,14941,14,29,76.328256,true,false,field_reconciled_not_promoted,Opkomst can exceed Kiesgerechtigden in island municipalities; denominator wording is not explicit enough for a live turnout factor.,Kiesraad/data.overheid.nl TK2023_uitslag.csv turnout fields,provenance/netherlands_tk_normalization_manifest.json
netherlands,tweede_kamer,2023,cbs-gemeentelijke-indeling-2023,municipality,0678,Kapelle,Kapelle,Zeeland,9927,8462,8427,19,16,85.242269,true,false,field_reconciled_not_promoted,Opkomst can exceed Kiesgerechtigden in island municipalities; denominator wording is not explicit enough for a live turnout factor.,Kiesraad/data.overheid.nl TK2023_uitslag.csv turnout fields,provenance/netherlands_tk_normalization_manifest.json
netherlands,tweede_kamer,2023,cbs-gemeentelijke-indeling-2023,municipality,0687,Middelburg,Middelburg,Zeeland,37685,29625,29510,50,65,78.61218,true,false,field_reconciled_not_promoted,Opkomst can exceed Kiesgerechtigden in island municipalities; denominator wording is not explicit enough for a live turnout factor.,Kiesraad/data.overheid.nl TK2023_uitslag.csv turnout fields,provenance/netherlands_tk_normalization_manifest.json
netherlands,tweede_kamer,2023,cbs-gemeentelijke-indeling-2023,municipality,0703,Reimerswaal,Reimerswaal,Zeeland,16004,13407,13371,9,27,83.772807,true,false,field_reconciled_not_promoted,Opkomst can exceed Kiesgerechtigden in island municipalities; denominator wording is not explicit enough for a live turnout factor.,Kiesraad/data.overheid.nl TK2023_uitslag.csv turnout fields,provenance/netherlands_tk_normalization_manifest.json
netherlands,tweede_kamer,2023,cbs-gemeentelijke-indeling-2023,municipality,0715,Terneuzen,Terneuzen,Zeeland,39696,29013,28902,39,72,73.087969,true,false,field_reconciled_not_promoted,Opkomst can exceed Kiesgerechtigden in island municipalities; denominator wording is not explicit enough for a live turnout factor.,Kiesraad/data.overheid.nl TK2023_uitslag.csv turnout fields,provenance/netherlands_tk_normalization_manifest.json
netherlands,tweede_kamer,2023,cbs-gemeentelijke-indeling-2023,municipality,0716,Tholen,Tholen,Zeeland,20157,16655,16609,25,21,82.626383,true,false,field_reconciled_not_promoted,Opkomst can exceed Kiesgerechtigden in island municipalities; denominator wording is not explicit enough for a live turnout factor.,Kiesraad/data.overheid.nl TK2023_uitslag.csv turnout fields,provenance/netherlands_tk_normalization_manifest.json
netherlands,tweede_kamer,2023,cbs-gemeentelijke-indeling-2023,municipality,0717,Veere,Veere,Zeeland,17322,15114,15080,19,15,87.253204,true,false,field_reconciled_not_promoted,Opkomst can exceed Kiesgerechtigden in island municipalities; denominator wording is not explicit enough for a live turnout factor.,Kiesraad/data.overheid.nl TK2023_uitslag.csv turnout fields,provenance/netherlands_tk_normalization_manifest.json
netherlands,tweede_kamer,2023,cbs-gemeentelijke-indeling-2023,municipality,0718,Vlissingen,Vlissingen,Zeeland,34170,24280,24153,58,69,71.056482,true,false,field_reconciled_not_promoted,Opkomst can exceed Kiesgerechtigden in island municipalities; denominator wording is not explicit enough for a live turnout factor.,Kiesraad/data.overheid.nl TK2023_uitslag.csv turnout fields,provenance/netherlands_tk_normalization_manifest.json
netherlands,tweede_kamer,2023,cbs-gemeentelijke-indeling-2023,municipality,0736,De Ronde Venen,De Ronde Venen,Utrecht,35191,29239,29137,40,62,83.086585,true,false,field_reconciled_not_promoted,Opkomst can exceed Kiesgerechtigden in island municipalities; denominator wording is not explicit enough for a live turnout factor.,Kiesraad/data.overheid.nl TK2023_uitslag.csv turnout fields,provenance/netherlands_tk_normalization_manifest.json
netherlands,tweede_kamer,2023,cbs-gemeentelijke-indeling-2023,municipality,0737,Tytsjerksteradiel,Tytsjerksteradiel,Fryslân,25629,21515,21440,44,31,83.947872,true,false,field_reconciled_not_promoted,Opkomst can exceed Kiesgerechtigden in island municipalities; denominator wording is not explicit enough for a live turnout factor.,Kiesraad/data.overheid.nl TK2023_uitslag.csv turnout fields,provenance/netherlands_tk_normalization_manifest.json
netherlands,tweede_kamer,2023,cbs-gemeentelijke-indeling-2023,municipality,0743,Asten,Asten,Noord-Brabant,13266,11060,11004,29,27,83.371024,true,false,field_reconciled_not_promoted,Opkomst can exceed Kiesgerechtigden in island municipalities; denominator wording is not explicit enough for a live turnout factor.,Kiesraad/data.overheid.nl TK2023_uitslag.csv turnout fields,provenance/netherlands_tk_normalization_manifest.json
netherlands,tweede_kamer,2023,cbs-gemeentelijke-indeling-2023,municipality,0744,Baarle-Nassau,Baarle-Nassau,Noord-Brabant,5477,4333,4322,7,4,79.112653,true,false,field_reconciled_not_promoted,Opkomst can exceed Kiesgerechtigden in island municipalities; denominator wording is not explicit enough for a live turnout factor.,Kiesraad/data.overheid.nl TK2023_uitslag.csv turnout fields,provenance/netherlands_tk_normalization_manifest.json
netherlands,tweede_kamer,2023,cbs-gemeentelijke-indeling-2023,municipality,0748,Bergen op Zoom,Bergen op Zoom,Noord-Brabant,52593,38230,38075,66,89,72.690282,true,false,field_reconciled_not_promoted,Opkomst can exceed Kiesgerechtigden in island municipalities; denominator wording is not explicit enough for a live turnout factor.,Kiesraad/data.overheid.nl TK2023_uitslag.csv turnout fields,provenance/netherlands_tk_normalization_manifest.json
netherlands,tweede_kamer,2023,cbs-gemeentelijke-indeling-2023,municipality,0753,Best,Best,Noord-Brabant,23384,18847,18758,51,38,80.597845,true,false,field_reconciled_not_promoted,Opkomst can exceed Kiesgerechtigden in island municipalities; denominator wording is not explicit enough for a live turnout factor.,Kiesraad/data.overheid.nl TK2023_uitslag.csv turnout fields,provenance/netherlands_tk_normalization_manifest.json
netherlands,tweede_kamer,2023,cbs-gemeentelijke-indeling-2023,municipality,0755,Boekel,Boekel,Noord-Brabant,8668,7167,7135,13,19,82.683433,true,false,field_reconciled_not_promoted,Opkomst can exceed Kiesgerechtigden in island municipalities; denominator wording is not explicit enough for a live turnout factor.,Kiesraad/data.overheid.nl TK2023_uitslag.csv turnout fields,provenance/netherlands_tk_normalization_manifest.json
netherlands,tweede_kamer,2023,cbs-gemeentelijke-indeling-2023,municipality,0757,Boxtel,Boxtel,Noord-Brabant,25979,20254,20176,36,42,77.96297,true,false,field_reconciled_not_promoted,Opkomst can exceed Kiesgerechtigden in island municipalities; denominator wording is not explicit enough for a live turnout factor.,Kiesraad/data.overheid.nl TK2023_uitslag.csv turnout fields,provenance/netherlands_tk_normalization_manifest.json
netherlands,tweede_kamer,2023,cbs-gemeentelijke-indeling-2023,municipality,0758,Breda,Breda,Noord-Brabant,142438,108662,108231,237,194,76.287227,true,false,field_reconciled_not_promoted,Opkomst can exceed Kiesgerechtigden in island municipalities; denominator wording is not explicit enough for a live turnout factor.,Kiesraad/data.overheid.nl TK2023_uitslag.csv turnout fields,provenance/netherlands_tk_normalization_manifest.json
netherlands,tweede_kamer,2023,cbs-gemeentelijke-indeling-2023,municipality,0762,Deurne,Deurne,Noord-Brabant,25872,20846,20753,60,33,80.573593,true,false,field_reconciled_not_promoted,Opkomst can exceed Kiesgerechtigden in island municipalities; denominator wording is not explicit enough for a live turnout factor.,Kiesraad/data.overheid.nl TK2023_uitslag.csv turnout fields,provenance/netherlands_tk_normalization_manifest.json
netherlands,tweede_kamer,2023,cbs-gemeentelijke-indeling-2023,municipality,0765,Pekela,Pekela,Groningen,9774,7166,7128,21,17,73.316963,true,false,field_reconciled_not_promoted,Opkomst can exceed Kiesgerechtigden in island municipalities; denominator wording is not explicit enough for a live turnout factor.,Kiesraad/data.overheid.nl TK2023_uitslag.csv turnout fields,provenance/netherlands_tk_normalization_manifest.json
netherlands,tweede_kamer,2023,cbs-gemeentelijke-indeling-2023,municipality,0766,Dongen,Dongen,Noord-Brabant,21084,16522,16469,28,25,78.36274,true,false,field_reconciled_not_promoted,Opkomst can exceed Kiesgerechtigden in island municipalities; denominator wording is not explicit enough for a live turnout factor.,Kiesraad/data.overheid.nl TK2023_uitslag.csv turnout fields,provenance/netherlands_tk_normalization_manifest.json
netherlands,tweede_kamer,2023,cbs-gemeentelijke-indeling-2023,municipality,0770,Eersel,Eersel,Noord-Brabant,15767,13029,12979,36,14,82.634617,true,false,field_reconciled_not_promoted,Opkomst can exceed Kiesgerechtigden in island municipalities; denominator wording is not explicit enough for a live turnout factor.,Kiesraad/data.overheid.nl TK2023_uitslag.csv turnout fields,provenance/netherlands_tk_normalization_manifest.json
netherlands,tweede_kamer,2023,cbs-gemeentelijke-indeling-2023,municipality,0772,Eindhoven,Eindhoven,Noord-Brabant,163952,118399,117774,301,324,72.215648,true,false,field_reconciled_not_promoted,Opkomst can exceed Kiesgerechtigden in island municipalities; denominator wording is not explicit enough for a live turnout factor.,Kiesraad/data.overheid.nl TK2023_uitslag.csv turnout fields,provenance/netherlands_tk_normalization_manifest.json
netherlands,tweede_kamer,2023,cbs-gemeentelijke-indeling-2023,municipality,0777,Etten-Leur,Etten-Leur,Noord-Brabant,34483,26475,26369,46,60,76.776963,true,false,field_reconciled_not_promoted,Opkomst can exceed Kiesgerechtigden in island municipalities; denominator wording is not explicit enough for a live turnout factor.,Kiesraad/data.overheid.nl TK2023_uitslag.csv turnout fields,provenance/netherlands_tk_normalization_manifest.json
netherlands,tweede_kamer,2023,cbs-gemeentelijke-indeling-2023,municipality,0779,Geertruidenberg,Geertruidenberg,Noord-Brabant,17375,13424,13366,30,28,77.260432,true,false,field_reconciled_not_promoted,Opkomst can exceed Kiesgerechtigden in island municipalities; denominator wording is not explicit enough for a live turnout factor.,Kiesraad/data.overheid.nl TK2023_uitslag.csv turnout fields,provenance/netherlands_tk_normalization_manifest.json
netherlands,tweede_kamer,2023,cbs-gemeentelijke-indeling-2023,municipality,0784,Gilze en Rijen,Gilze en Rijen,Noord-Brabant,20545,16296,16239,39,18,79.318569,true,false,field_reconciled_not_promoted,Opkomst can exceed Kiesgerechtigden in island municipalities; denominator wording is not explicit enough for a live turnout factor.,Kiesraad/data.overheid.nl TK2023_uitslag.csv turnout fields,provenance/netherlands_tk_normalization_manifest.json
netherlands,tweede_kamer,2023,cbs-gemeentelijke-indeling-2023,municipality,0785,Goirle,Goirle,Noord-Brabant,18988,15553,15491,41,21,81.909627,true,false,field_reconciled_not_promoted,Opkomst can exceed Kiesgerechtigden in island municipalities; denominator wording is not explicit enough for a live turnout factor.,Kiesraad/data.overheid.nl TK2023_uitslag.csv turnout fields,provenance/netherlands_tk_normalization_manifest.json
netherlands,tweede_kamer,2023,cbs-gemeentelijke-indeling-2023,municipality,0794,Helmond,Helmond,Noord-Brabant,68562,49207,48967,107,133,71.770077,true,false,field_reconciled_not_promoted,Opkomst can exceed Kiesgerechtigden in island municipalities; denominator wording is not explicit enough for a live turnout factor.,Kiesraad/data.overheid.nl TK2023_uitslag.csv turnout fields,provenance/netherlands_tk_normalization_manifest.json
netherlands,tweede_kamer,2023,cbs-gemeentelijke-indeling-2023,municipality,0796,'s-Hertogenbosch,'s-Hertogenbosch,Noord-Brabant,123254,96198,95833,188,177,78.048583,true,false,field_reconciled_not_promoted,Opkomst can exceed Kiesgerechtigden in island municipalities; denominator wording is not explicit enough for a live turnout factor.,Kiesraad/data.overheid.nl TK2023_uitslag.csv turnout fields,provenance/netherlands_tk_normalization_manifest.json
netherlands,tweede_kamer,2023,cbs-gemeentelijke-indeling-2023,municipality,0797,Heusden,Heusden,Noord-Brabant,35295,28278,28181,49,48,80.118997,true,false,field_reconciled_not_promoted,Opkomst can exceed Kiesgerechtigden in island municipalities; denominator wording is not explicit enough for a live turnout factor.,Kiesraad/data.overheid.nl TK2023_uitslag.csv turnout fields,provenance/netherlands_tk_normalization_manifest.json
netherlands,tweede_kamer,2023,cbs-gemeentelijke-indeling-2023,municipality,0798,Hilvarenbeek,Hilvarenbeek,Noord-Brabant,12780,10949,10913,22,14,85.672926,true,false,field_reconciled_not_promoted,Opkomst can exceed Kiesgerechtigden in island municipalities; denominator wording is not explicit enough for a live turnout factor.,Kiesraad/data.overheid.nl TK2023_uitslag.csv turnout fields,provenance/netherlands_tk_normalization_manifest.json
netherlands,tweede_kamer,2023,cbs-gemeentelijke-indeling-2023,municipality,0809,Loon op Zand,Loon op Zand,Noord-Brabant,18715,14895,14832,39,24,79.588565,true,false,field_reconciled_not_promoted,Opkomst can exceed Kiesgerechtigden in island municipalities; denominator wording is not explicit enough for a live turnout factor.,Kiesraad/data.overheid.nl TK2023_uitslag.csv turnout fields,provenance/netherlands_tk_normalization_manifest.json
netherlands,tweede_kamer,2023,cbs-gemeentelijke-indeling-2023,municipality,0820,"Nuenen, Gerwen en Nederwetten","Nuenen, Gerwen en Nederwetten",Noord-Brabant,18819,16050,15996,31,23,85.286147,true,false,field_reconciled_not_promoted,Opkomst can exceed Kiesgerechtigden in island municipalities; denominator wording is not explicit enough for a live turnout factor.,Kiesraad/data.overheid.nl TK2023_uitslag.csv turnout fields,provenance/netherlands_tk_normalization_manifest.json
netherlands,tweede_kamer,2023,cbs-gemeentelijke-indeling-2023,municipality,0823,Oirschot,Oirschot,Noord-Brabant,15415,12845,12804,17,24,83.327927,true,false,field_reconciled_not_promoted,Opkomst can exceed Kiesgerechtigden in island municipalities; denominator wording is not explicit enough for a live turnout factor.,Kiesraad/data.overheid.nl TK2023_uitslag.csv turnout fields,provenance/netherlands_tk_normalization_manifest.json
netherlands,tweede_kamer,2023,cbs-gemeentelijke-indeling-2023,municipality,0824,Oisterwijk,Oisterwijk,Noord-Brabant,25867,21293,21220,38,35,82.317238,true,false,field_reconciled_not_promoted,Opkomst can exceed Kiesgerechtigden in island municipalities; denominator wording is not explicit enough for a live turnout factor.,Kiesraad/data.overheid.nl TK2023_uitslag.csv turnout fields,provenance/netherlands_tk_normalization_manifest.json
netherlands,tweede_kamer,2023,cbs-gemeentelijke-indeling-2023,municipality,0826,Oosterhout,Oosterhout,Noord-Brabant,44669,33791,33687,53,51,75.647541,true,false,field_reconciled_not_promoted,Opkomst can exceed Kiesgerechtigden in island municipalities; denominator wording is not explicit enough for a live turnout factor.,Kiesraad/data.overheid.nl TK2023_uitslag.csv turnout fields,provenance/netherlands_tk_normalization_manifest.json
netherlands,tweede_kamer,2023,cbs-gemeentelijke-indeling-2023,municipality,0828,Oss,Oss,Noord-Brabant,71774,55963,55769,97,97,77.971132,true,false,field_reconciled_not_promoted,Opkomst can exceed Kiesgerechtigden in island municipalities; denominator wording is not explicit enough for a live turnout factor.,Kiesraad/data.overheid.nl TK2023_uitslag.csv turnout fields,provenance/netherlands_tk_normalization_manifest.json
netherlands,tweede_kamer,2023,cbs-gemeentelijke-indeling-2023,municipality,0840,Rucphen,Rucphen,Noord-Brabant,19078,14268,14231,15,22,74.787714,true,false,field_reconciled_not_promoted,Opkomst can exceed Kiesgerechtigden in island municipalities; denominator wording is not explicit enough for a live turnout factor.,Kiesraad/data.overheid.nl TK2023_uitslag.csv turnout fields,provenance/netherlands_tk_normalization_manifest.json
netherlands,tweede_kamer,2023,cbs-gemeentelijke-indeling-2023,municipality,0845,Sint-Michielsgestel,Sint-Michielsgestel,Noord-Brabant,23507,19396,19345,28,23,82.511592,true,false,field_reconciled_not_promoted,Opkomst can exceed Kiesgerechtigden in island municipalities; denominator wording is not explicit enough for a live turnout factor.,Kiesraad/data.overheid.nl TK2023_uitslag.csv turnout fields,provenance/netherlands_tk_normalization_manifest.json
netherlands,tweede_kamer,2023,cbs-gemeentelijke-indeling-2023,municipality,0847,Someren,Someren,Noord-Brabant,15625,12669,12630,24,15,81.0816,true,false,field_reconciled_not_promoted,Opkomst can exceed Kiesgerechtigden in island municipalities; denominator wording is not explicit enough for a live turnout factor.,Kiesraad/data.overheid.nl TK2023_uitslag.csv turnout fields,provenance/netherlands_tk_normalization_manifest.json
netherlands,tweede_kamer,2023,cbs-gemeentelijke-indeling-2023,municipality,0848,Son en Breugel,Son en Breugel,Noord-Brabant,13668,11317,11284,15,18,82.799239,true,false,field_reconciled_not_promoted,Opkomst can exceed Kiesgerechtigden in island municipalities; denominator wording is not explicit enough for a live turnout factor.,Kiesraad/data.overheid.nl TK2023_uitslag.csv turnout fields,provenance/netherlands_tk_normalization_manifest.json
netherlands,tweede_kamer,2023,cbs-gemeentelijke-indeling-2023,municipality,0851,Steenbergen,Steenbergen,Noord-Brabant,18989,14517,14487,18,12,76.449523,true,false,field_reconciled_not_promoted,Opkomst can exceed Kiesgerechtigden in island municipalities; denominator wording is not explicit enough for a live turnout factor.,Kiesraad/data.overheid.nl TK2023_uitslag.csv turnout fields,provenance/netherlands_tk_normalization_manifest.json
netherlands,tweede_kamer,2023,cbs-gemeentelijke-indeling-2023,municipality,0852,Waterland,Waterland,Noord-Holland,13616,11823,11786,13,24,86.831669,true,false,field_reconciled_not_promoted,Opkomst can exceed Kiesgerechtigden in island municipalities; denominator wording is not explicit enough for a live turnout factor.,Kiesraad/data.overheid.nl TK2023_uitslag.csv turnout fields,provenance/netherlands_tk_normalization_manifest.json
netherlands,tweede_kamer,2023,cbs-gemeentelijke-indeling-2023,municipality,0855,Tilburg,Tilburg,Noord-Brabant,167930,118690,118125,264,301,70.678259,true,false,field_reconciled_not_promoted,Opkomst can exceed Kiesgerechtigden in island municipalities; denominator wording is not explicit enough for a live turnout factor.,Kiesraad/data.overheid.nl TK2023_uitslag.csv turnout fields,provenance/netherlands_tk_normalization_manifest.json
netherlands,tweede_kamer,2023,cbs-gemeentelijke-indeling-2023,municipality,0858,Valkenswaard,Valkenswaard,Noord-Brabant,24900,19732,19674,31,27,79.24498,true,false,field_reconciled_not_promoted,Opkomst can exceed Kiesgerechtigden in island municipalities; denominator wording is not explicit enough for a live turnout factor.,Kiesraad/data.overheid.nl TK2023_uitslag.csv turnout fields,provenance/netherlands_tk_normalization_manifest.json
netherlands,tweede_kamer,2023,cbs-gemeentelijke-indeling-2023,municipality,0861,Veldhoven,Veldhoven,Noord-Brabant,34462,27455,27354,64,37,79.66746,true,false,field_reconciled_not_promoted,Opkomst can exceed Kiesgerechtigden in island municipalities; denominator wording is not explicit enough for a live turnout factor.,Kiesraad/data.overheid.nl TK2023_uitslag.csv turnout fields,provenance/netherlands_tk_normalization_manifest.json
netherlands,tweede_kamer,2023,cbs-gemeentelijke-indeling-2023,municipality,0865,Vught,Vught,Noord-Brabant,24791,20319,20271,25,23,81.961196,true,false,field_reconciled_not_promoted,Opkomst can exceed Kiesgerechtigden in island municipalities; denominator wording is not explicit enough for a live turnout factor.,Kiesraad/data.overheid.nl TK2023_uitslag.csv turnout fields,provenance/netherlands_tk_normalization_manifest.json
netherlands,tweede_kamer,2023,cbs-gemeentelijke-indeling-2023,municipality,0866,Waalre,Waalre,Noord-Brabant,13344,11201,11153,24,24,83.940348,true,false,field_reconciled_not_promoted,Opkomst can exceed Kiesgerechtigden in island municipalities; denominator wording is not explicit enough for a live turnout factor.,Kiesraad/data.overheid.nl TK2023_uitslag.csv turnout fields,provenance/netherlands_tk_normalization_manifest.json
netherlands,tweede_kamer,2023,cbs-gemeentelijke-indeling-2023,municipality,0867,Waalwijk,Waalwijk,Noord-Brabant,37440,28634,28522,51,61,76.479701,true,false,field_reconciled_not_promoted,Opkomst can exceed Kiesgerechtigden in island municipalities; denominator wording is not explicit enough for a live turnout factor.,Kiesraad/data.overheid.nl TK2023_uitslag.csv turnout fields,provenance/netherlands_tk_normalization_manifest.json
netherlands,tweede_kamer,2023,cbs-gemeentelijke-indeling-2023,municipality,0873,Woensdrecht,Woensdrecht,Noord-Brabant,16270,12476,12441,15,20,76.681008,true,false,field_reconciled_not_promoted,Opkomst can exceed Kiesgerechtigden in island municipalities; denominator wording is not explicit enough for a live turnout factor.,Kiesraad/data.overheid.nl TK2023_uitslag.csv turnout fields,provenance/netherlands_tk_normalization_manifest.json
netherlands,tweede_kamer,2023,cbs-gemeentelijke-indeling-2023,municipality,0879,Zundert,Zundert,Noord-Brabant,17391,13915,13873,26,16,80.01265,true,false,field_reconciled_not_promoted,Opkomst can exceed Kiesgerechtigden in island municipalities; denominator wording is not explicit enough for a live turnout factor.,Kiesraad/data.overheid.nl TK2023_uitslag.csv turnout fields,provenance/netherlands_tk_normalization_manifest.json
netherlands,tweede_kamer,2023,cbs-gemeentelijke-indeling-2023,municipality,0880,Wormerland,Wormerland,Noord-Holland,13129,10790,10749,22,19,82.184477,true,false,field_reconciled_not_promoted,Opkomst can exceed Kiesgerechtigden in island municipalities; denominator wording is not explicit enough for a live turnout factor.,Kiesraad/data.overheid.nl TK2023_uitslag.csv turnout fields,provenance/netherlands_tk_normalization_manifest.json
netherlands,tweede_kamer,2023,cbs-gemeentelijke-indeling-2023,municipality,0882,Landgraaf,Landgraaf,Limburg,29799,21913,21806,66,41,73.536025,true,false,field_reconciled_not_promoted,Opkomst can exceed Kiesgerechtigden in island municipalities; denominator wording is not explicit enough for a live turnout factor.,Kiesraad/data.overheid.nl TK2023_uitslag.csv turnout fields,provenance/netherlands_tk_normalization_manifest.json
netherlands,tweede_kamer,2023,cbs-gemeentelijke-indeling-2023,municipality,0888,Beek,Beek,Limburg,12926,10273,10222,34,17,79.475476,true,false,field_reconciled_not_promoted,Opkomst can exceed Kiesgerechtigden in island municipalities; denominator wording is not explicit enough for a live turnout factor.,Kiesraad/data.overheid.nl TK2023_uitslag.csv turnout fields,provenance/netherlands_tk_normalization_manifest.json
netherlands,tweede_kamer,2023,cbs-gemeentelijke-indeling-2023,municipality,0889,Beesel,Beesel,Limburg,10672,8130,8106,17,7,76.18066,true,false,field_reconciled_not_promoted,Opkomst can exceed Kiesgerechtigden in island municipalities; denominator wording is not explicit enough for a live turnout factor.,Kiesraad/data.overheid.nl TK2023_uitslag.csv turnout fields,provenance/netherlands_tk_normalization_manifest.json
netherlands,tweede_kamer,2023,cbs-gemeentelijke-indeling-2023,municipality,0893,Bergen (L.),Bergen (L),Limburg,10619,8300,8273,11,16,78.161785,true,false,field_reconciled_not_promoted,Opkomst can exceed Kiesgerechtigden in island municipalities; denominator wording is not explicit enough for a live turnout factor.,Kiesraad/data.overheid.nl TK2023_uitslag.csv turnout fields,provenance/netherlands_tk_normalization_manifest.json
netherlands,tweede_kamer,2023,cbs-gemeentelijke-indeling-2023,municipality,0899,Brunssum,Brunssum,Limburg,22435,15665,15588,50,27,69.823936,true,false,field_reconciled_not_promoted,Opkomst can exceed Kiesgerechtigden in island municipalities; denominator wording is not explicit enough for a live turnout factor.,Kiesraad/data.overheid.nl TK2023_uitslag.csv turnout fields,provenance/netherlands_tk_normalization_manifest.json
netherlands,tweede_kamer,2023,cbs-gemeentelijke-indeling-2023,municipality,0907,Gennep,Gennep,Limburg,13989,10941,10910,10,21,78.211452,true,false,field_reconciled_not_promoted,Opkomst can exceed Kiesgerechtigden in island municipalities; denominator wording is not explicit enough for a live turnout factor.,Kiesraad/data.overheid.nl TK2023_uitslag.csv turnout fields,provenance/netherlands_tk_normalization_manifest.json
netherlands,tweede_kamer,2023,cbs-gemeentelijke-indeling-2023,municipality,0917,Heerlen,Heerlen,Limburg,68247,45227,44987,116,124,66.26958,true,false,field_reconciled_not_promoted,Opkomst can exceed Kiesgerechtigden in island municipalities; denominator wording is not explicit enough for a live turnout factor.,Kiesraad/data.overheid.nl TK2023_uitslag.csv turnout fields,provenance/netherlands_tk_normalization_manifest.json
netherlands,tweede_kamer,2023,cbs-gemeentelijke-indeling-2023,municipality,0928,Kerkrade,Kerkrade,Limburg,34322,23182,23032,65,85,67.542684,true,false,field_reconciled_not_promoted,Opkomst can exceed Kiesgerechtigden in island municipalities; denominator wording is not explicit enough for a live turnout factor.,Kiesraad/data.overheid.nl TK2023_uitslag.csv turnout fields,provenance/netherlands_tk_normalization_manifest.json
netherlands,tweede_kamer,2023,cbs-gemeentelijke-indeling-2023,municipality,0935,Maastricht,Maastricht,Limburg,86888,63454,63185,145,124,73.029647,true,false,field_reconciled_not_promoted,Opkomst can exceed Kiesgerechtigden in island municipalities; denominator wording is not explicit enough for a live turnout factor.,Kiesraad/data.overheid.nl TK2023_uitslag.csv turnout fields,provenance/netherlands_tk_normalization_manifest.json
netherlands,tweede_kamer,2023,cbs-gemeentelijke-indeling-2023,municipality,0938,Meerssen,Meerssen,Limburg,15045,12122,12082,27,13,80.571618,true,false,field_reconciled_not_promoted,Opkomst can exceed Kiesgerechtigden in island municipalities; denominator wording is not explicit enough for a live turnout factor.,Kiesraad/data.overheid.nl TK2023_uitslag.csv turnout fields,provenance/netherlands_tk_normalization_manifest.json
netherlands,tweede_kamer,2023,cbs-gemeentelijke-indeling-2023,municipality,0944,Mook en Middelaar,Mook en Middelaar,Limburg,6605,5729,5710,11,8,86.73732,true,false,field_reconciled_not_promoted,Opkomst can exceed Kiesgerechtigden in island municipalities; denominator wording is not explicit enough for a live turnout factor.,Kiesraad/data.overheid.nl TK2023_uitslag.csv turnout fields,provenance/netherlands_tk_normalization_manifest.json
netherlands,tweede_kamer,2023,cbs-gemeentelijke-indeling-2023,municipality,0946,Nederweert,Nederweert,Limburg,13892,11056,11014,26,16,79.585373,true,false,field_reconciled_not_promoted,Opkomst can exceed Kiesgerechtigden in island municipalities; denominator wording is not explicit enough for a live turnout factor.,Kiesraad/data.overheid.nl TK2023_uitslag.csv turnout fields,provenance/netherlands_tk_normalization_manifest.json
netherlands,tweede_kamer,2023,cbs-gemeentelijke-indeling-2023,municipality,0957,Roermond,Roermond,Limburg,45612,32010,31851,91,68,70.1789,true,false,field_reconciled_not_promoted,Opkomst can exceed Kiesgerechtigden in island municipalities; denominator wording is not explicit enough for a live turnout factor.,Kiesraad/data.overheid.nl TK2023_uitslag.csv turnout fields,provenance/netherlands_tk_normalization_manifest.json
netherlands,tweede_kamer,2023,cbs-gemeentelijke-indeling-2023,municipality,0965,Simpelveld,Simpelveld,Limburg,8167,6470,6431,33,6,79.221256,true,false,field_reconciled_not_promoted,Opkomst can exceed Kiesgerechtigden in island municipalities; denominator wording is not explicit enough for a live turnout factor.,Kiesraad/data.overheid.nl TK2023_uitslag.csv turnout fields,provenance/netherlands_tk_normalization_manifest.json
netherlands,tweede_kamer,2023,cbs-gemeentelijke-indeling-2023,municipality,0971,Stein,Stein,Limburg,20518,16099,16041,29,29,78.462813,true,false,field_reconciled_not_promoted,Opkomst can exceed Kiesgerechtigden in island municipalities; denominator wording is not explicit enough for a live turnout factor.,Kiesraad/data.overheid.nl TK2023_uitslag.csv turnout fields,provenance/netherlands_tk_normalization_manifest.json
netherlands,tweede_kamer,2023,cbs-gemeentelijke-indeling-2023,municipality,0981,Vaals,Vaals,Limburg,5841,4302,4277,6,19,73.651772,true,false,field_reconciled_not_promoted,Opkomst can exceed Kiesgerechtigden in island municipalities; denominator wording is not explicit enough for a live turnout factor.,Kiesraad/data.overheid.nl TK2023_uitslag.csv turnout fields,provenance/netherlands_tk_normalization_manifest.json
netherlands,tweede_kamer,2023,cbs-gemeentelijke-indeling-2023,municipality,0983,Venlo,Venlo,Limburg,75663,55546,55290,146,110,73.412368,true,false,field_reconciled_not_promoted,Opkomst can exceed Kiesgerechtigden in island municipalities; denominator wording is not explicit enough for a live turnout factor.,Kiesraad/data.overheid.nl TK2023_uitslag.csv turnout fields,provenance/netherlands_tk_normalization_manifest.json
netherlands,tweede_kamer,2023,cbs-gemeentelijke-indeling-2023,municipality,0984,Venray,Venray,Limburg,34101,26166,26052,56,58,76.730888,true,false,field_reconciled_not_promoted,Opkomst can exceed Kiesgerechtigden in island municipalities; denominator wording is not explicit enough for a live turnout factor.,Kiesraad/data.overheid.nl TK2023_uitslag.csv turnout fields,provenance/netherlands_tk_normalization_manifest.json
netherlands,tweede_kamer,2023,cbs-gemeentelijke-indeling-2023,municipality,0986,Voerendaal,Voerendaal,Limburg,9995,8278,8235,32,11,82.821411,true,false,field_reconciled_not_promoted,Opkomst can exceed Kiesgerechtigden in island municipalities; denominator wording is not explicit enough for a live turnout factor.,Kiesraad/data.overheid.nl TK2023_uitslag.csv turnout fields,provenance/netherlands_tk_normalization_manifest.json
netherlands,tweede_kamer,2023,cbs-gemeentelijke-indeling-2023,municipality,0988,Weert,Weert,Limburg,39477,30068,29948,64,56,76.165869,true,false,field_reconciled_not_promoted,Opkomst can exceed Kiesgerechtigden in island municipalities; denominator wording is not explicit enough for a live turnout factor.,Kiesraad/data.overheid.nl TK2023_uitslag.csv turnout fields,provenance/netherlands_tk_normalization_manifest.json
netherlands,tweede_kamer,2023,cbs-gemeentelijke-indeling-2023,municipality,0994,Valkenburg aan de Geul,Valkenburg aan de Geul,Limburg,13421,10847,10806,29,12,80.821101,true,false,field_reconciled_not_promoted,Opkomst can exceed Kiesgerechtigden in island municipalities; denominator wording is not explicit enough for a live turnout factor.,Kiesraad/data.overheid.nl TK2023_uitslag.csv turnout fields,provenance/netherlands_tk_normalization_manifest.json
netherlands,tweede_kamer,2023,cbs-gemeentelijke-indeling-2023,municipality,0995,Lelystad,Lelystad,Flevoland,59732,40995,40779,89,127,68.631554,true,false,field_reconciled_not_promoted,Opkomst can exceed Kiesgerechtigden in island municipalities; denominator wording is not explicit enough for a live turnout factor.,Kiesraad/data.overheid.nl TK2023_uitslag.csv turnout fields,provenance/netherlands_tk_normalization_manifest.json
netherlands,tweede_kamer,2023,cbs-gemeentelijke-indeling-2023,municipality,1507,Horst aan de Maas,Horst aan de Maas,Limburg,33575,27458,27346,71,41,81.781087,true,false,field_reconciled_not_promoted,Opkomst can exceed Kiesgerechtigden in island municipalities; denominator wording is not explicit enough for a live turnout factor.,Kiesraad/data.overheid.nl TK2023_uitslag.csv turnout fields,provenance/netherlands_tk_normalization_manifest.json
netherlands,tweede_kamer,2023,cbs-gemeentelijke-indeling-2023,municipality,1509,Oude IJsselstreek,Oude IJsselstreek,Gelderland,32004,25681,25604,29,48,80.243095,true,false,field_reconciled_not_promoted,Opkomst can exceed Kiesgerechtigden in island municipalities; denominator wording is not explicit enough for a live turnout factor.,Kiesraad/data.overheid.nl TK2023_uitslag.csv turnout fields,provenance/netherlands_tk_normalization_manifest.json
netherlands,tweede_kamer,2023,cbs-gemeentelijke-indeling-2023,municipality,1525,Teylingen,Teylingen,Zuid-Holland,29340,25001,24921,48,32,85.211316,true,false,field_reconciled_not_promoted,Opkomst can exceed Kiesgerechtigden in island municipalities; denominator wording is not explicit enough for a live turnout factor.,Kiesraad/data.overheid.nl TK2023_uitslag.csv turnout fields,provenance/netherlands_tk_normalization_manifest.json
netherlands,tweede_kamer,2023,cbs-gemeentelijke-indeling-2023,municipality,1581,Utrechtse Heuvelrug,Utrechtse Heuvelrug,Utrecht,39269,33164,33079,51,34,84.453386,true,false,field_reconciled_not_promoted,Opkomst can exceed Kiesgerechtigden in island municipalities; denominator wording is not explicit enough for a live turnout factor.,Kiesraad/data.overheid.nl TK2023_uitslag.csv turnout fields,provenance/netherlands_tk_normalization_manifest.json
netherlands,tweede_kamer,2023,cbs-gemeentelijke-indeling-2023,municipality,1586,Oost Gelre,Oost Gelre,Gelderland,24108,20388,20346,26,16,84.569438,true,false,field_reconciled_not_promoted,Opkomst can exceed Kiesgerechtigden in island municipalities; denominator wording is not explicit enough for a live turnout factor.,Kiesraad/data.overheid.nl TK2023_uitslag.csv turnout fields,provenance/netherlands_tk_normalization_manifest.json
netherlands,tweede_kamer,2023,cbs-gemeentelijke-indeling-2023,municipality,1598,Koggenland,Koggenland,Noord-Holland,18423,15296,15240,25,31,83.026651,true,false,field_reconciled_not_promoted,Opkomst can exceed Kiesgerechtigden in island municipalities; denominator wording is not explicit enough for a live turnout factor.,Kiesraad/data.overheid.nl TK2023_uitslag.csv turnout fields,provenance/netherlands_tk_normalization_manifest.json
netherlands,tweede_kamer,2023,cbs-gemeentelijke-indeling-2023,municipality,1621,Lansingerland,Lansingerland,Zuid-Holland,47295,39179,39061,51,67,82.839624,true,false,field_reconciled_not_promoted,Opkomst can exceed Kiesgerechtigden in island municipalities; denominator wording is not explicit enough for a live turnout factor.,Kiesraad/data.overheid.nl TK2023_uitslag.csv turnout fields,provenance/netherlands_tk_normalization_manifest.json
netherlands,tweede_kamer,2023,cbs-gemeentelijke-indeling-2023,municipality,1640,Leudal,Leudal,Limburg,28718,22801,22711,53,37,79.396198,true,false,field_reconciled_not_promoted,Opkomst can exceed Kiesgerechtigden in island municipalities; denominator wording is not explicit enough for a live turnout factor.,Kiesraad/data.overheid.nl TK2023_uitslag.csv turnout fields,provenance/netherlands_tk_normalization_manifest.json
netherlands,tweede_kamer,2023,cbs-gemeentelijke-indeling-2023,municipality,1641,Maasgouw,Maasgouw,Limburg,20005,15194,15126,38,30,75.951012,true,false,field_reconciled_not_promoted,Opkomst can exceed Kiesgerechtigden in island municipalities; denominator wording is not explicit enough for a live turnout factor.,Kiesraad/data.overheid.nl TK2023_uitslag.csv turnout fields,provenance/netherlands_tk_normalization_manifest.json
netherlands,tweede_kamer,2023,cbs-gemeentelijke-indeling-2023,municipality,1652,Gemert-Bakel,Gemert-Bakel,Noord-Brabant,23834,19185,19118,46,21,80.494252,true,false,field_reconciled_not_promoted,Opkomst can exceed Kiesgerechtigden in island municipalities; denominator wording is not explicit enough for a live turnout factor.,Kiesraad/data.overheid.nl TK2023_uitslag.csv turnout fields,provenance/netherlands_tk_normalization_manifest.json
netherlands,tweede_kamer,2023,cbs-gemeentelijke-indeling-2023,municipality,1655,Halderberge,Halderberge,Noord-Brabant,24039,18439,18382,28,29,76.704522,true,false,field_reconciled_not_promoted,Opkomst can exceed Kiesgerechtigden in island municipalities; denominator wording is not explicit enough for a live turnout factor.,Kiesraad/data.overheid.nl TK2023_uitslag.csv turnout fields,provenance/netherlands_tk_normalization_manifest.json
netherlands,tweede_kamer,2023,cbs-gemeentelijke-indeling-2023,municipality,1658,Heeze-Leende,Heeze-Leende,Noord-Brabant,13332,11147,11108,25,14,83.610861,true,false,field_reconciled_not_promoted,Opkomst can exceed Kiesgerechtigden in island municipalities; denominator wording is not explicit enough for a live turnout factor.,Kiesraad/data.overheid.nl TK2023_uitslag.csv turnout fields,provenance/netherlands_tk_normalization_manifest.json
netherlands,tweede_kamer,2023,cbs-gemeentelijke-indeling-2023,municipality,1659,Laarbeek,Laarbeek,Noord-Brabant,18245,14757,14686,36,35,80.882434,true,false,field_reconciled_not_promoted,Opkomst can exceed Kiesgerechtigden in island municipalities; denominator wording is not explicit enough for a live turnout factor.,Kiesraad/data.overheid.nl TK2023_uitslag.csv turnout fields,provenance/netherlands_tk_normalization_manifest.json
netherlands,tweede_kamer,2023,cbs-gemeentelijke-indeling-2023,municipality,1667,Reusel-De Mierden,Reusel-De Mierden,Noord-Brabant,10456,8480,8445,21,14,81.10176,true,false,field_reconciled_not_promoted,Opkomst can exceed Kiesgerechtigden in island municipalities; denominator wording is not explicit enough for a live turnout factor.,Kiesraad/data.overheid.nl TK2023_uitslag.csv turnout fields,provenance/netherlands_tk_normalization_manifest.json
netherlands,tweede_kamer,2023,cbs-gemeentelijke-indeling-2023,municipality,1669,Roerdalen,Roerdalen,Limburg,16563,12692,12639,29,24,76.62863,true,false,field_reconciled_not_promoted,Opkomst can exceed Kiesgerechtigden in island municipalities; denominator wording is not explicit enough for a live turnout factor.,Kiesraad/data.overheid.nl TK2023_uitslag.csv turnout fields,provenance/netherlands_tk_normalization_manifest.json
netherlands,tweede_kamer,2023,cbs-gemeentelijke-indeling-2023,municipality,1674,Roosendaal,Roosendaal,Noord-Brabant,58168,41688,41509,65,114,71.668271,true,false,field_reconciled_not_promoted,Opkomst can exceed Kiesgerechtigden in island municipalities; denominator wording is not explicit enough for a live turnout factor.,Kiesraad/data.overheid.nl TK2023_uitslag.csv turnout fields,provenance/netherlands_tk_normalization_manifest.json
netherlands,tweede_kamer,2023,cbs-gemeentelijke-indeling-2023,municipality,1676,Schouwen-Duiveland,Schouwen-Duiveland,Zeeland,27618,23148,23077,32,39,83.814903,true,false,field_reconciled_not_promoted,Opkomst can exceed Kiesgerechtigden in island municipalities; denominator wording is not explicit enough for a live turnout factor.,Kiesraad/data.overheid.nl TK2023_uitslag.csv turnout fields,provenance/netherlands_tk_normalization_manifest.json
netherlands,tweede_kamer,2023,cbs-gemeentelijke-indeling-2023,municipality,1680,Aa en Hunze,Aa en Hunze,Drenthe,21059,17918,17864,33,21,85.084762,true,false,field_reconciled_not_promoted,Opkomst can exceed Kiesgerechtigden in island municipalities; denominator wording is not explicit enough for a live turnout factor.,Kiesraad/data.overheid.nl TK2023_uitslag.csv turnout fields,provenance/netherlands_tk_normalization_manifest.json
netherlands,tweede_kamer,2023,cbs-gemeentelijke-indeling-2023,municipality,1681,Borger-Odoorn,Borger-Odoorn,Drenthe,21196,17430,17370,38,22,82.232497,true,false,field_reconciled_not_promoted,Opkomst can exceed Kiesgerechtigden in island municipalities; denominator wording is not explicit enough for a live turnout factor.,Kiesraad/data.overheid.nl TK2023_uitslag.csv turnout fields,provenance/netherlands_tk_normalization_manifest.json
netherlands,tweede_kamer,2023,cbs-gemeentelijke-indeling-2023,municipality,1690,De Wolden,De Wolden,Drenthe,19815,17304,17257,17,30,87.327782,true,false,field_reconciled_not_promoted,Opkomst can exceed Kiesgerechtigden in island municipalities; denominator wording is not explicit enough for a live turnout factor.,Kiesraad/data.overheid.nl TK2023_uitslag.csv turnout fields,provenance/netherlands_tk_normalization_manifest.json
netherlands,tweede_kamer,2023,cbs-gemeentelijke-indeling-2023,municipality,1695,Noord-Beveland,Noord-Beveland,Zeeland,6387,5213,5192,12,9,81.618913,true,false,field_reconciled_not_promoted,Opkomst can exceed Kiesgerechtigden in island municipalities; denominator wording is not explicit enough for a live turnout factor.,Kiesraad/data.overheid.nl TK2023_uitslag.csv turnout fields,provenance/netherlands_tk_normalization_manifest.json
netherlands,tweede_kamer,2023,cbs-gemeentelijke-indeling-2023,municipality,1696,Wijdemeren,Wijdemeren,Noord-Holland,19359,16122,16075,21,26,83.279095,true,false,field_reconciled_not_promoted,Opkomst can exceed Kiesgerechtigden in island municipalities; denominator wording is not explicit enough for a live turnout factor.,Kiesraad/data.overheid.nl TK2023_uitslag.csv turnout fields,provenance/netherlands_tk_normalization_manifest.json
netherlands,tweede_kamer,2023,cbs-gemeentelijke-indeling-2023,municipality,1699,Noordenveld,Noordenveld,Drenthe,25687,21720,21663,25,32,84.55639,true,false,field_reconciled_not_promoted,Opkomst can exceed Kiesgerechtigden in island municipalities; denominator wording is not explicit enough for a live turnout factor.,Kiesraad/data.overheid.nl TK2023_uitslag.csv turnout fields,provenance/netherlands_tk_normalization_manifest.json
netherlands,tweede_kamer,2023,cbs-gemeentelijke-indeling-2023,municipality,1700,Twenterand,Twenterand,Overijssel,26498,22058,21982,37,39,83.244018,true,false,field_reconciled_not_promoted,Opkomst can exceed Kiesgerechtigden in island municipalities; denominator wording is not explicit enough for a live turnout factor.,Kiesraad/data.overheid.nl TK2023_uitslag.csv turnout fields,provenance/netherlands_tk_normalization_manifest.json
netherlands,tweede_kamer,2023,cbs-gemeentelijke-indeling-2023,municipality,1701,Westerveld,Westerveld,Drenthe,16597,14334,14305,17,12,86.365006,true,false,field_reconciled_not_promoted,Opkomst can exceed Kiesgerechtigden in island municipalities; denominator wording is not explicit enough for a live turnout factor.,Kiesraad/data.overheid.nl TK2023_uitslag.csv turnout fields,provenance/netherlands_tk_normalization_manifest.json
netherlands,tweede_kamer,2023,cbs-gemeentelijke-indeling-2023,municipality,1705,Lingewaard,Lingewaard,Gelderland,37516,31163,31074,52,37,83.065892,true,false,field_reconciled_not_promoted,Opkomst can exceed Kiesgerechtigden in island municipalities; denominator wording is not explicit enough for a live turnout factor.,Kiesraad/data.overheid.nl TK2023_uitslag.csv turnout fields,provenance/netherlands_tk_normalization_manifest.json
netherlands,tweede_kamer,2023,cbs-gemeentelijke-indeling-2023,municipality,1706,Cranendonck,Cranendonck,Noord-Brabant,16296,13256,13217,18,21,81.345115,true,false,field_reconciled_not_promoted,Opkomst can exceed Kiesgerechtigden in island municipalities; denominator wording is not explicit enough for a live turnout factor.,Kiesraad/data.overheid.nl TK2023_uitslag.csv turnout fields,provenance/netherlands_tk_normalization_manifest.json
netherlands,tweede_kamer,2023,cbs-gemeentelijke-indeling-2023,municipality,1708,Steenwijkerland,Steenwijkerland,Overijssel,35826,29685,29575,60,50,82.858818,true,false,field_reconciled_not_promoted,Opkomst can exceed Kiesgerechtigden in island municipalities; denominator wording is not explicit enough for a live turnout factor.,Kiesraad/data.overheid.nl TK2023_uitslag.csv turnout fields,provenance/netherlands_tk_normalization_manifest.json
netherlands,tweede_kamer,2023,cbs-gemeentelijke-indeling-2023,municipality,1709,Moerdijk,Moerdijk,Noord-Brabant,29852,22913,22856,29,28,76.755326,true,false,field_reconciled_not_promoted,Opkomst can exceed Kiesgerechtigden in island municipalities; denominator wording is not explicit enough for a live turnout factor.,Kiesraad/data.overheid.nl TK2023_uitslag.csv turnout fields,provenance/netherlands_tk_normalization_manifest.json
netherlands,tweede_kamer,2023,cbs-gemeentelijke-indeling-2023,municipality,1711,Echt-Susteren,Echt-Susteren,Limburg,25805,20027,19959,38,30,77.608991,true,false,field_reconciled_not_promoted,Opkomst can exceed Kiesgerechtigden in island municipalities; denominator wording is not explicit enough for a live turnout factor.,Kiesraad/data.overheid.nl TK2023_uitslag.csv turnout fields,provenance/netherlands_tk_normalization_manifest.json
netherlands,tweede_kamer,2023,cbs-gemeentelijke-indeling-2023,municipality,1714,Sluis,Sluis,Zeeland,16815,12855,12817,21,17,76.449599,true,false,field_reconciled_not_promoted,Opkomst can exceed Kiesgerechtigden in island municipalities; denominator wording is not explicit enough for a live turnout factor.,Kiesraad/data.overheid.nl TK2023_uitslag.csv turnout fields,provenance/netherlands_tk_normalization_manifest.json
netherlands,tweede_kamer,2023,cbs-gemeentelijke-indeling-2023,municipality,1719,Drimmelen,Drimmelen,Noord-Brabant,22211,18036,17983,22,31,81.203008,true,false,field_reconciled_not_promoted,Opkomst can exceed Kiesgerechtigden in island municipalities; denominator wording is not explicit enough for a live turnout factor.,Kiesraad/data.overheid.nl TK2023_uitslag.csv turnout fields,provenance/netherlands_tk_normalization_manifest.json
netherlands,tweede_kamer,2023,cbs-gemeentelijke-indeling-2023,municipality,1721,Bernheze,Bernheze,Noord-Brabant,25158,20714,20644,35,35,82.335639,true,false,field_reconciled_not_promoted,Opkomst can exceed Kiesgerechtigden in island municipalities; denominator wording is not explicit enough for a live turnout factor.,Kiesraad/data.overheid.nl TK2023_uitslag.csv turnout fields,provenance/netherlands_tk_normalization_manifest.json
netherlands,tweede_kamer,2023,cbs-gemeentelijke-indeling-2023,municipality,1723,Alphen-Chaam,Alphen-Chaam,Noord-Brabant,8292,6994,6979,11,4,84.346358,true,false,field_reconciled_not_promoted,Opkomst can exceed Kiesgerechtigden in island municipalities; denominator wording is not explicit enough for a live turnout factor.,Kiesraad/data.overheid.nl TK2023_uitslag.csv turnout fields,provenance/netherlands_tk_normalization_manifest.json
netherlands,tweede_kamer,2023,cbs-gemeentelijke-indeling-2023,municipality,1724,Bergeijk,Bergeijk,Noord-Brabant,15070,12555,12522,26,7,83.311214,true,false,field_reconciled_not_promoted,Opkomst can exceed Kiesgerechtigden in island municipalities; denominator wording is not explicit enough for a live turnout factor.,Kiesraad/data.overheid.nl TK2023_uitslag.csv turnout fields,provenance/netherlands_tk_normalization_manifest.json
netherlands,tweede_kamer,2023,cbs-gemeentelijke-indeling-2023,municipality,1728,Bladel,Bladel,Noord-Brabant,16528,13510,13470,24,16,81.740077,true,false,field_reconciled_not_promoted,Opkomst can exceed Kiesgerechtigden in island municipalities; denominator wording is not explicit enough for a live turnout factor.,Kiesraad/data.overheid.nl TK2023_uitslag.csv turnout fields,provenance/netherlands_tk_normalization_manifest.json
netherlands,tweede_kamer,2023,cbs-gemeentelijke-indeling-2023,municipality,1729,Gulpen-Wittem,Gulpen-Wittem,Limburg,11682,9649,9610,24,15,82.597158,true,false,field_reconciled_not_promoted,Opkomst can exceed Kiesgerechtigden in island municipalities; denominator wording is not explicit enough for a live turnout factor.,Kiesraad/data.overheid.nl TK2023_uitslag.csv turnout fields,provenance/netherlands_tk_normalization_manifest.json
netherlands,tweede_kamer,2023,cbs-gemeentelijke-indeling-2023,municipality,1730,Tynaarlo,Tynaarlo,Drenthe,26933,23113,23045,34,34,85.816656,true,false,field_reconciled_not_promoted,Opkomst can exceed Kiesgerechtigden in island municipalities; denominator wording is not explicit enough for a live turnout factor.,Kiesraad/data.overheid.nl TK2023_uitslag.csv turnout fields,provenance/netherlands_tk_normalization_manifest.json
netherlands,tweede_kamer,2023,cbs-gemeentelijke-indeling-2023,municipality,1731,Midden-Drenthe,Midden-Drenthe,Drenthe,27653,23462,23384,35,43,84.844321,true,false,field_reconciled_not_promoted,Opkomst can exceed Kiesgerechtigden in island municipalities; denominator wording is not explicit enough for a live turnout factor.,Kiesraad/data.overheid.nl TK2023_uitslag.csv turnout fields,provenance/netherlands_tk_normalization_manifest.json
netherlands,tweede_kamer,2023,cbs-gemeentelijke-indeling-2023,municipality,1734,Overbetuwe,Overbetuwe,Gelderland,37942,31393,31313,37,43,82.739444,true,false,field_reconciled_not_promoted,Opkomst can exceed Kiesgerechtigden in island municipalities; denominator wording is not explicit enough for a live turnout factor.,Kiesraad/data.overheid.nl TK2023_uitslag.csv turnout fields,provenance/netherlands_tk_normalization_manifest.json
netherlands,tweede_kamer,2023,cbs-gemeentelijke-indeling-2023,municipality,1735,Hof van Twente,Hof van Twente,Overijssel,28422,24423,24355,31,37,85.929913,true,false,field_reconciled_not_promoted,Opkomst can exceed Kiesgerechtigden in island municipalities; denominator wording is not explicit enough for a live turnout factor.,Kiesraad/data.overheid.nl TK2023_uitslag.csv turnout fields,provenance/netherlands_tk_normalization_manifest.json
netherlands,tweede_kamer,2023,cbs-gemeentelijke-indeling-2023,municipality,1740,Neder-Betuwe,Neder-Betuwe,Gelderland,18137,15549,15505,11,33,85.730826,true,false,field_reconciled_not_promoted,Opkomst can exceed Kiesgerechtigden in island municipalities; denominator wording is not explicit enough for a live turnout factor.,Kiesraad/data.overheid.nl TK2023_uitslag.csv turnout fields,provenance/netherlands_tk_normalization_manifest.json
netherlands,tweede_kamer,2023,cbs-gemeentelijke-indeling-2023,municipality,1742,Rijssen-Holten,Rijssen-Holten,Overijssel,29048,25725,25661,33,31,88.560314,true,false,field_reconciled_not_promoted,Opkomst can exceed Kiesgerechtigden in island municipalities; denominator wording is not explicit enough for a live turnout factor.,Kiesraad/data.overheid.nl TK2023_uitslag.csv turnout fields,provenance/netherlands_tk_normalization_manifest.json
netherlands,tweede_kamer,2023,cbs-gemeentelijke-indeling-2023,municipality,1771,Geldrop-Mierlo,Geldrop-Mierlo,Noord-Brabant,31094,24728,24642,42,44,79.526597,true,false,field_reconciled_not_promoted,Opkomst can exceed Kiesgerechtigden in island municipalities; denominator wording is not explicit enough for a live turnout factor.,Kiesraad/data.overheid.nl TK2023_uitslag.csv turnout fields,provenance/netherlands_tk_normalization_manifest.json
netherlands,tweede_kamer,2023,cbs-gemeentelijke-indeling-2023,municipality,1773,Olst-Wijhe,Olst-Wijhe,Overijssel,14967,12710,12666,31,13,84.920158,true,false,field_reconciled_not_promoted,Opkomst can exceed Kiesgerechtigden in island municipalities; denominator wording is not explicit enough for a live turnout factor.,Kiesraad/data.overheid.nl TK2023_uitslag.csv turnout fields,provenance/netherlands_tk_normalization_manifest.json
netherlands,tweede_kamer,2023,cbs-gemeentelijke-indeling-2023,municipality,1774,Dinkelland,Dinkelland,Overijssel,21425,18904,18860,23,21,88.233372,true,false,field_reconciled_not_promoted,Opkomst can exceed Kiesgerechtigden in island municipalities; denominator wording is not explicit enough for a live turnout factor.,Kiesraad/data.overheid.nl TK2023_uitslag.csv turnout fields,provenance/netherlands_tk_normalization_manifest.json
netherlands,tweede_kamer,2023,cbs-gemeentelijke-indeling-2023,municipality,1783,Westland,Westland,Zuid-Holland,84694,69442,69208,109,125,81.99164,true,false,field_reconciled_not_promoted,Opkomst can exceed Kiesgerechtigden in island municipalities; denominator wording is not explicit enough for a live turnout factor.,Kiesraad/data.overheid.nl TK2023_uitslag.csv turnout fields,provenance/netherlands_tk_normalization_manifest.json
netherlands,tweede_kamer,2023,cbs-gemeentelijke-indeling-2023,municipality,1842,Midden-Delfland,Midden-Delfland,Zuid-Holland,14888,12975,12941,15,19,87.150725,true,false,field_reconciled_not_promoted,Opkomst can exceed Kiesgerechtigden in island municipalities; denominator wording is not explicit enough for a live turnout factor.,Kiesraad/data.overheid.nl TK2023_uitslag.csv turnout fields,provenance/netherlands_tk_normalization_manifest.json
netherlands,tweede_kamer,2023,cbs-gemeentelijke-indeling-2023,municipality,1859,Berkelland,Berkelland,Gelderland,35773,30669,30595,37,37,85.732256,true,false,field_reconciled_not_promoted,Opkomst can exceed Kiesgerechtigden in island municipalities; denominator wording is not explicit enough for a live turnout factor.,Kiesraad/data.overheid.nl TK2023_uitslag.csv turnout fields,provenance/netherlands_tk_normalization_manifest.json
netherlands,tweede_kamer,2023,cbs-gemeentelijke-indeling-2023,municipality,1876,Bronckhorst,Bronckhorst,Gelderland,29806,25602,25537,39,26,85.895457,true,false,field_reconciled_not_promoted,Opkomst can exceed Kiesgerechtigden in island municipalities; denominator wording is not explicit enough for a live turnout factor.,Kiesraad/data.overheid.nl TK2023_uitslag.csv turnout fields,provenance/netherlands_tk_normalization_manifest.json
netherlands,tweede_kamer,2023,cbs-gemeentelijke-indeling-2023,municipality,1883,Sittard-Geleen,Sittard-Geleen,Limburg,73986,54139,53905,152,82,73.174655,true,false,field_reconciled_not_promoted,Opkomst can exceed Kiesgerechtigden in island municipalities; denominator wording is not explicit enough for a live turnout factor.,Kiesraad/data.overheid.nl TK2023_uitslag.csv turnout fields,provenance/netherlands_tk_normalization_manifest.json
netherlands,tweede_kamer,2023,cbs-gemeentelijke-indeling-2023,municipality,1884,Kaag en Braassem,Kaag en Braassem,Zuid-Holland,22391,18805,18741,37,27,83.984637,true,false,field_reconciled_not_promoted,Opkomst can exceed Kiesgerechtigden in island municipalities; denominator wording is not explicit enough for a live turnout factor.,Kiesraad/data.overheid.nl TK2023_uitslag.csv turnout fields,provenance/netherlands_tk_normalization_manifest.json
netherlands,tweede_kamer,2023,cbs-gemeentelijke-indeling-2023,municipality,1891,Dantumadiel,Dantumadiel,Fryslân,15087,12428,12392,16,20,82.375555,true,false,field_reconciled_not_promoted,Opkomst can exceed Kiesgerechtigden in island municipalities; denominator wording is not explicit enough for a live turnout factor.,Kiesraad/data.overheid.nl TK2023_uitslag.csv turnout fields,provenance/netherlands_tk_normalization_manifest.json
netherlands,tweede_kamer,2023,cbs-gemeentelijke-indeling-2023,municipality,1892,Zuidplas,Zuidplas,Zuid-Holland,35486,28225,28138,45,42,79.53841,true,false,field_reconciled_not_promoted,Opkomst can exceed Kiesgerechtigden in island municipalities; denominator wording is not explicit enough for a live turnout factor.,Kiesraad/data.overheid.nl TK2023_uitslag.csv turnout fields,provenance/netherlands_tk_normalization_manifest.json
netherlands,tweede_kamer,2023,cbs-gemeentelijke-indeling-2023,municipality,1894,Peel en Maas,Peel en Maas,Limburg,35158,28248,28145,69,34,80.345867,true,false,field_reconciled_not_promoted,Opkomst can exceed Kiesgerechtigden in island municipalities; denominator wording is not explicit enough for a live turnout factor.,Kiesraad/data.overheid.nl TK2023_uitslag.csv turnout fields,provenance/netherlands_tk_normalization_manifest.json
netherlands,tweede_kamer,2023,cbs-gemeentelijke-indeling-2023,municipality,1895,Oldambt,Oldambt,Groningen,31919,23715,23631,45,39,74.29744,true,false,field_reconciled_not_promoted,Opkomst can exceed Kiesgerechtigden in island municipalities; denominator wording is not explicit enough for a live turnout factor.,Kiesraad/data.overheid.nl TK2023_uitslag.csv turnout fields,provenance/netherlands_tk_normalization_manifest.json
netherlands,tweede_kamer,2023,cbs-gemeentelijke-indeling-2023,municipality,1896,Zwartewaterland,Zwartewaterland,Overijssel,17134,15031,15003,10,18,87.726159,true,false,field_reconciled_not_promoted,Opkomst can exceed Kiesgerechtigden in island municipalities; denominator wording is not explicit enough for a live turnout factor.,Kiesraad/data.overheid.nl TK2023_uitslag.csv turnout fields,provenance/netherlands_tk_normalization_manifest.json
netherlands,tweede_kamer,2023,cbs-gemeentelijke-indeling-2023,municipality,1900,Súdwest-Fryslân,Súdwest-Fryslân,Fryslân,71267,57971,57790,91,90,81.343399,true,false,field_reconciled_not_promoted,Opkomst can exceed Kiesgerechtigden in island municipalities; denominator wording is not explicit enough for a live turnout factor.,Kiesraad/data.overheid.nl TK2023_uitslag.csv turnout fields,provenance/netherlands_tk_normalization_manifest.json
netherlands,tweede_kamer,2023,cbs-gemeentelijke-indeling-2023,municipality,1901,Bodegraven-Reeuwijk,Bodegraven-Reeuwijk,Zuid-Holland,27370,22961,22890,36,35,83.891122,true,false,field_reconciled_not_promoted,Opkomst can exceed Kiesgerechtigden in island municipalities; denominator wording is not explicit enough for a live turnout factor.,Kiesraad/data.overheid.nl TK2023_uitslag.csv turnout fields,provenance/netherlands_tk_normalization_manifest.json
netherlands,tweede_kamer,2023,cbs-gemeentelijke-indeling-2023,municipality,1903,Eijsden-Margraten,Eijsden-Margraten,Limburg,20592,16955,16892,42,21,82.337801,true,false,field_reconciled_not_promoted,Opkomst can exceed Kiesgerechtigden in island municipalities; denominator wording is not explicit enough for a live turnout factor.,Kiesraad/data.overheid.nl TK2023_uitslag.csv turnout fields,provenance/netherlands_tk_normalization_manifest.json
netherlands,tweede_kamer,2023,cbs-gemeentelijke-indeling-2023,municipality,1904,Stichtse Vecht,Stichtse Vecht,Utrecht,49695,40526,40415,51,60,81.549452,true,false,field_reconciled_not_promoted,Opkomst can exceed Kiesgerechtigden in island municipalities; denominator wording is not explicit enough for a live turnout factor.,Kiesraad/data.overheid.nl TK2023_uitslag.csv turnout fields,provenance/netherlands_tk_normalization_manifest.json
netherlands,tweede_kamer,2023,cbs-gemeentelijke-indeling-2023,municipality,1911,Hollands Kroon,Hollands Kroon,Noord-Holland,37873,30642,30528,54,60,80.907243,true,false,field_reconciled_not_promoted,Opkomst can exceed Kiesgerechtigden in island municipalities; denominator wording is not explicit enough for a live turnout factor.,Kiesraad/data.overheid.nl TK2023_uitslag.csv turnout fields,provenance/netherlands_tk_normalization_manifest.json
netherlands,tweede_kamer,2023,cbs-gemeentelijke-indeling-2023,municipality,1916,Leidschendam-Voorburg,Leidschendam-Voorburg,Zuid-Holland,56246,44078,43901,60,117,78.366462,true,false,field_reconciled_not_promoted,Opkomst can exceed Kiesgerechtigden in island municipalities; denominator wording is not explicit enough for a live turnout factor.,Kiesraad/data.overheid.nl TK2023_uitslag.csv turnout fields,provenance/netherlands_tk_normalization_manifest.json
netherlands,tweede_kamer,2023,cbs-gemeentelijke-indeling-2023,municipality,1924,Goeree-Overflakkee,Goeree-Overflakkee,Zuid-Holland,40748,33987,33897,40,50,83.407775,true,false,field_reconciled_not_promoted,Opkomst can exceed Kiesgerechtigden in island municipalities; denominator wording is not explicit enough for a live turnout factor.,Kiesraad/data.overheid.nl TK2023_uitslag.csv turnout fields,provenance/netherlands_tk_normalization_manifest.json
netherlands,tweede_kamer,2023,cbs-gemeentelijke-indeling-2023,municipality,1926,Pijnacker-Nootdorp,Pijnacker-Nootdorp,Zuid-Holland,42061,34829,34703,58,68,82.805925,true,false,field_reconciled_not_promoted,Opkomst can exceed Kiesgerechtigden in island municipalities; denominator wording is not explicit enough for a live turnout factor.,Kiesraad/data.overheid.nl TK2023_uitslag.csv turnout fields,provenance/netherlands_tk_normalization_manifest.json
netherlands,tweede_kamer,2023,cbs-gemeentelijke-indeling-2023,municipality,1930,Nissewaard,Nissewaard,Zuid-Holland,66710,47108,46894,96,118,70.6161,true,false,field_reconciled_not_promoted,Opkomst can exceed Kiesgerechtigden in island municipalities; denominator wording is not explicit enough for a live turnout factor.,Kiesraad/data.overheid.nl TK2023_uitslag.csv turnout fields,provenance/netherlands_tk_normalization_manifest.json
netherlands,tweede_kamer,2023,cbs-gemeentelijke-indeling-2023,municipality,1931,Krimpenerwaard,Krimpenerwaard,Zuid-Holland,44793,37368,37253,64,51,83.423749,true,false,field_reconciled_not_promoted,Opkomst can exceed Kiesgerechtigden in island municipalities; denominator wording is not explicit enough for a live turnout factor.,Kiesraad/data.overheid.nl TK2023_uitslag.csv turnout fields,provenance/netherlands_tk_normalization_manifest.json
netherlands,tweede_kamer,2023,cbs-gemeentelijke-indeling-2023,municipality,1940,De Fryske Marren,De Fryske Marren,Fryslân,41065,34455,34337,68,50,83.903568,true,false,field_reconciled_not_promoted,Opkomst can exceed Kiesgerechtigden in island municipalities; denominator wording is not explicit enough for a live turnout factor.,Kiesraad/data.overheid.nl TK2023_uitslag.csv turnout fields,provenance/netherlands_tk_normalization_manifest.json
netherlands,tweede_kamer,2023,cbs-gemeentelijke-indeling-2023,municipality,1942,Gooise Meren,Gooise Meren,Noord-Holland,43818,36130,36001,46,83,82.454699,true,false,field_reconciled_not_promoted,Opkomst can exceed Kiesgerechtigden in island municipalities; denominator wording is not explicit enough for a live turnout factor.,Kiesraad/data.overheid.nl TK2023_uitslag.csv turnout fields,provenance/netherlands_tk_normalization_manifest.json
netherlands,tweede_kamer,2023,cbs-gemeentelijke-indeling-2023,municipality,1945,Berg en Dal,Berg en Dal,Gelderland,28637,23585,23495,43,47,82.358487,true,false,field_reconciled_not_promoted,Opkomst can exceed Kiesgerechtigden in island municipalities; denominator wording is not explicit enough for a live turnout factor.,Kiesraad/data.overheid.nl TK2023_uitslag.csv turnout fields,provenance/netherlands_tk_normalization_manifest.json
netherlands,tweede_kamer,2023,cbs-gemeentelijke-indeling-2023,municipality,1948,Meierijstad,Meierijstad,Noord-Brabant,64323,51909,51725,89,95,80.700527,true,false,field_reconciled_not_promoted,Opkomst can exceed Kiesgerechtigden in island municipalities; denominator wording is not explicit enough for a live turnout factor.,Kiesraad/data.overheid.nl TK2023_uitslag.csv turnout fields,provenance/netherlands_tk_normalization_manifest.json
netherlands,tweede_kamer,2023,cbs-gemeentelijke-indeling-2023,municipality,1949,Waadhoeke,Waadhoeke,Fryslân,36767,29704,29616,48,40,80.789839,true,false,field_reconciled_not_promoted,Opkomst can exceed Kiesgerechtigden in island municipalities; denominator wording is not explicit enough for a live turnout factor.,Kiesraad/data.overheid.nl TK2023_uitslag.csv turnout fields,provenance/netherlands_tk_normalization_manifest.json
netherlands,tweede_kamer,2023,cbs-gemeentelijke-indeling-2023,municipality,1950,Westerwolde,Westerwolde,Groningen,20444,15995,15934,41,20,78.238114,true,false,field_reconciled_not_promoted,Opkomst can exceed Kiesgerechtigden in island municipalities; denominator wording is not explicit enough for a live turnout factor.,Kiesraad/data.overheid.nl TK2023_uitslag.csv turnout fields,provenance/netherlands_tk_normalization_manifest.json
netherlands,tweede_kamer,2023,cbs-gemeentelijke-indeling-2023,municipality,1952,Midden-Groningen,Midden-Groningen,Groningen,48846,36543,36402,76,65,74.812677,true,false,field_reconciled_not_promoted,Opkomst can exceed Kiesgerechtigden in island municipalities; denominator wording is not explicit enough for a live turnout factor.,Kiesraad/data.overheid.nl TK2023_uitslag.csv turnout fields,provenance/netherlands_tk_normalization_manifest.json
netherlands,tweede_kamer,2023,cbs-gemeentelijke-indeling-2023,municipality,1954,Beekdaelen,Beekdaelen,Limburg,29080,22973,22874,61,38,78.999312,true,false,field_reconciled_not_promoted,Opkomst can exceed Kiesgerechtigden in island municipalities; denominator wording is not explicit enough for a live turnout factor.,Kiesraad/data.overheid.nl TK2023_uitslag.csv turnout fields,provenance/netherlands_tk_normalization_manifest.json
netherlands,tweede_kamer,2023,cbs-gemeentelijke-indeling-2023,municipality,1955,Montferland,Montferland,Gelderland,29811,24390,24289,48,53,81.815437,true,false,field_reconciled_not_promoted,Opkomst can exceed Kiesgerechtigden in island municipalities; denominator wording is not explicit enough for a live turnout factor.,Kiesraad/data.overheid.nl TK2023_uitslag.csv turnout fields,provenance/netherlands_tk_normalization_manifest.json
netherlands,tweede_kamer,2023,cbs-gemeentelijke-indeling-2023,municipality,1959,Altena,Altena,Noord-Brabant,44211,36494,36402,46,46,82.545068,true,false,field_reconciled_not_promoted,Opkomst can exceed Kiesgerechtigden in island municipalities; denominator wording is not explicit enough for a live turnout factor.,Kiesraad/data.overheid.nl TK2023_uitslag.csv turnout fields,provenance/netherlands_tk_normalization_manifest.json
netherlands,tweede_kamer,2023,cbs-gemeentelijke-indeling-2023,municipality,1960,West Betuwe,West Betuwe,Gelderland,40506,34487,34406,38,43,85.140473,true,false,field_reconciled_not_promoted,Opkomst can exceed Kiesgerechtigden in island municipalities; denominator wording is not explicit enough for a live turnout factor.,Kiesraad/data.overheid.nl TK2023_uitslag.csv turnout fields,provenance/netherlands_tk_normalization_manifest.json
netherlands,tweede_kamer,2023,cbs-gemeentelijke-indeling-2023,municipality,1961,Vijfheerenlanden,Vijfheerenlanden,Utrecht,46334,37171,37032,61,78,80.224026,true,false,field_reconciled_not_promoted,Opkomst can exceed Kiesgerechtigden in island municipalities; denominator wording is not explicit enough for a live turnout factor.,Kiesraad/data.overheid.nl TK2023_uitslag.csv turnout fields,provenance/netherlands_tk_normalization_manifest.json
netherlands,tweede_kamer,2023,cbs-gemeentelijke-indeling-2023,municipality,1963,Hoeksche Waard,Hoeksche Waard,Zuid-Holland,71274,58532,58356,72,104,82.122513,true,false,field_reconciled_not_promoted,Opkomst can exceed Kiesgerechtigden in island municipalities; denominator wording is not explicit enough for a live turnout factor.,Kiesraad/data.overheid.nl TK2023_uitslag.csv turnout fields,provenance/netherlands_tk_normalization_manifest.json
netherlands,tweede_kamer,2023,cbs-gemeentelijke-indeling-2023,municipality,1966,Het Hogeland,Het Hogeland,Groningen,38347,31548,31424,73,51,82.269799,true,false,field_reconciled_not_promoted,Opkomst can exceed Kiesgerechtigden in island municipalities; denominator wording is not explicit enough for a live turnout factor.,Kiesraad/data.overheid.nl TK2023_uitslag.csv turnout fields,provenance/netherlands_tk_normalization_manifest.json
netherlands,tweede_kamer,2023,cbs-gemeentelijke-indeling-2023,municipality,1969,Westerkwartier,Westerkwartier,Groningen,50595,42213,42079,75,59,83.433146,true,false,field_reconciled_not_promoted,Opkomst can exceed Kiesgerechtigden in island municipalities; denominator wording is not explicit enough for a live turnout factor.,Kiesraad/data.overheid.nl TK2023_uitslag.csv turnout fields,provenance/netherlands_tk_normalization_manifest.json
netherlands,tweede_kamer,2023,cbs-gemeentelijke-indeling-2023,municipality,1970,Noardeast-Fryslân,Noardeast-Fryslân,Fryslân,36164,29213,29122,49,42,80.779228,true,false,field_reconciled_not_promoted,Opkomst can exceed Kiesgerechtigden in island municipalities; denominator wording is not explicit enough for a live turnout factor.,Kiesraad/data.overheid.nl TK2023_uitslag.csv turnout fields,provenance/netherlands_tk_normalization_manifest.json
netherlands,tweede_kamer,2023,cbs-gemeentelijke-indeling-2023,municipality,1978,Molenlanden,Molenlanden,Zuid-Holland,34261,30087,30024,29,34,87.817051,true,false,field_reconciled_not_promoted,Opkomst can exceed Kiesgerechtigden in island municipalities; denominator wording is not explicit enough for a live turnout factor.,Kiesraad/data.overheid.nl TK2023_uitslag.csv turnout fields,provenance/netherlands_tk_normalization_manifest.json
netherlands,tweede_kamer,2023,cbs-gemeentelijke-indeling-2023,municipality,1979,Eemsdelta,Eemsdelta,Groningen,36075,26726,26604,67,55,74.084546,true,false,field_reconciled_not_promoted,Opkomst can exceed Kiesgerechtigden in island municipalities; denominator wording is not explicit enough for a live turnout factor.,Kiesraad/data.overheid.nl TK2023_uitslag.csv turnout fields,provenance/netherlands_tk_normalization_manifest.json
netherlands,tweede_kamer,2023,cbs-gemeentelijke-indeling-2023,municipality,1980,Dijk en Waard,Dijk en Waard,Noord-Holland,67837,52882,52658,103,121,77.954509,true,false,field_reconciled_not_promoted,Opkomst can exceed Kiesgerechtigden in island municipalities; denominator wording is not explicit enough for a live turnout factor.,Kiesraad/data.overheid.nl TK2023_uitslag.csv turnout fields,provenance/netherlands_tk_normalization_manifest.json
netherlands,tweede_kamer,2023,cbs-gemeentelijke-indeling-2023,municipality,1982,Land van Cuijk,Land van Cuijk,Noord-Brabant,72874,59820,59599,130,91,82.08689,true,false,field_reconciled_not_promoted,Opkomst can exceed Kiesgerechtigden in island municipalities; denominator wording is not explicit enough for a live turnout factor.,Kiesraad/data.overheid.nl TK2023_uitslag.csv turnout fields,provenance/netherlands_tk_normalization_manifest.json
netherlands,tweede_kamer,2023,cbs-gemeentelijke-indeling-2023,municipality,1991,Maashorst,Maashorst,Noord-Brabant,45923,36804,36687,49,68,80.142848,true,false,field_reconciled_not_promoted,Opkomst can exceed Kiesgerechtigden in island municipalities; denominator wording is not explicit enough for a live turnout factor.,Kiesraad/data.overheid.nl TK2023_uitslag.csv turnout fields,provenance/netherlands_tk_normalization_manifest.json
netherlands,tweede_kamer,2023,cbs-gemeentelijke-indeling-2023,municipality,1992,Voorne aan Zee,Voorne aan Zee,Zuid-Holland,58444,45501,45369,68,64,77.854014,true,false,field_reconciled_not_promoted,Opkomst can exceed Kiesgerechtigden in island municipalities; denominator wording is not explicit enough for a live turnout factor.,Kiesraad/data.overheid.nl TK2023_uitslag.csv turnout fields,provenance/netherlands_tk_normalization_manifest.json
netherlands,tweede_kamer,2025,cbs-gemeentelijke-indeling-2025,municipality,0014,Groningen,Groningen,Groningen,182700,148877,147948,598,331,81.487137,true,false,field_reconciled_not_promoted,Opkomst can exceed Kiesgerechtigden in island municipalities; denominator wording is not explicit enough for a live turnout factor.,Kiesraad/data.overheid.nl TK2025_uitslag.csv turnout fields,provenance/netherlands_tk_normalization_manifest.json
netherlands,tweede_kamer,2025,cbs-gemeentelijke-indeling-2025,municipality,0034,Almere,Almere,Flevoland,158693,107188,106096,632,460,67.544252,true,false,field_reconciled_not_promoted,Opkomst can exceed Kiesgerechtigden in island municipalities; denominator wording is not explicit enough for a live turnout factor.,Kiesraad/data.overheid.nl TK2025_uitslag.csv turnout fields,provenance/netherlands_tk_normalization_manifest.json
netherlands,tweede_kamer,2025,cbs-gemeentelijke-indeling-2025,municipality,0037,Stadskanaal,Stadskanaal,Groningen,25766,19241,19090,94,57,74.67593,true,false,field_reconciled_not_promoted,Opkomst can exceed Kiesgerechtigden in island municipalities; denominator wording is not explicit enough for a live turnout factor.,Kiesraad/data.overheid.nl TK2025_uitslag.csv turnout fields,provenance/netherlands_tk_normalization_manifest.json
netherlands,tweede_kamer,2025,cbs-gemeentelijke-indeling-2025,municipality,0047,Veendam,Veendam,Groningen,22342,16620,16469,97,54,74.389043,true,false,field_reconciled_not_promoted,Opkomst can exceed Kiesgerechtigden in island municipalities; denominator wording is not explicit enough for a live turnout factor.,Kiesraad/data.overheid.nl TK2025_uitslag.csv turnout fields,provenance/netherlands_tk_normalization_manifest.json
netherlands,tweede_kamer,2025,cbs-gemeentelijke-indeling-2025,municipality,0050,Zeewolde,Zeewolde,Flevoland,17665,14794,14699,59,36,83.747523,true,false,field_reconciled_not_promoted,Opkomst can exceed Kiesgerechtigden in island municipalities; denominator wording is not explicit enough for a live turnout factor.,Kiesraad/data.overheid.nl TK2025_uitslag.csv turnout fields,provenance/netherlands_tk_normalization_manifest.json
netherlands,tweede_kamer,2025,cbs-gemeentelijke-indeling-2025,municipality,0059,Achtkarspelen,Achtkarspelen,Fryslân,22269,17950,17849,64,37,80.605326,true,false,field_reconciled_not_promoted,Opkomst can exceed Kiesgerechtigden in island municipalities; denominator wording is not explicit enough for a live turnout factor.,Kiesraad/data.overheid.nl TK2025_uitslag.csv turnout fields,provenance/netherlands_tk_normalization_manifest.json
netherlands,tweede_kamer,2025,cbs-gemeentelijke-indeling-2025,municipality,0060,Ameland,Ameland,Fryslân,2977,3145,3127,10,8,105.643265,true,true,blocked_over_100_percent,Opkomst can exceed Kiesgerechtigden in island municipalities; denominator wording is not explicit enough for a live turnout factor.,Kiesraad/data.overheid.nl TK2025_uitslag.csv turnout fields,provenance/netherlands_tk_normalization_manifest.json
netherlands,tweede_kamer,2025,cbs-gemeentelijke-indeling-2025,municipality,0072,Harlingen,Harlingen,Fryslân,12892,10140,10073,48,19,78.653428,true,false,field_reconciled_not_promoted,Opkomst can exceed Kiesgerechtigden in island municipalities; denominator wording is not explicit enough for a live turnout factor.,Kiesraad/data.overheid.nl TK2025_uitslag.csv turnout fields,provenance/netherlands_tk_normalization_manifest.json
netherlands,tweede_kamer,2025,cbs-gemeentelijke-indeling-2025,municipality,0074,Heerenveen,Heerenveen,Fryslân,41207,32972,32772,133,67,80.015531,true,false,field_reconciled_not_promoted,Opkomst can exceed Kiesgerechtigden in island municipalities; denominator wording is not explicit enough for a live turnout factor.,Kiesraad/data.overheid.nl TK2025_uitslag.csv turnout fields,provenance/netherlands_tk_normalization_manifest.json
netherlands,tweede_kamer,2025,cbs-gemeentelijke-indeling-2025,municipality,0080,Leeuwarden,Leeuwarden,Fryslân,100119,78393,77895,350,148,78.299823,true,false,field_reconciled_not_promoted,Opkomst can exceed Kiesgerechtigden in island municipalities; denominator wording is not explicit enough for a live turnout factor.,Kiesraad/data.overheid.nl TK2025_uitslag.csv turnout fields,provenance/netherlands_tk_normalization_manifest.json
netherlands,tweede_kamer,2025,cbs-gemeentelijke-indeling-2025,municipality,0085,Ooststellingwerf,Ooststellingwerf,Fryslân,20906,16972,16868,68,36,81.182436,true,false,field_reconciled_not_promoted,Opkomst can exceed Kiesgerechtigden in island municipalities; denominator wording is not explicit enough for a live turnout factor.,Kiesraad/data.overheid.nl TK2025_uitslag.csv turnout fields,provenance/netherlands_tk_normalization_manifest.json
netherlands,tweede_kamer,2025,cbs-gemeentelijke-indeling-2025,municipality,0086,Opsterland,Opsterland,Fryslân,24068,19878,19783,64,31,82.590992,true,false,field_reconciled_not_promoted,Opkomst can exceed Kiesgerechtigden in island municipalities; denominator wording is not explicit enough for a live turnout factor.,Kiesraad/data.overheid.nl TK2025_uitslag.csv turnout fields,provenance/netherlands_tk_normalization_manifest.json
netherlands,tweede_kamer,2025,cbs-gemeentelijke-indeling-2025,municipality,0088,Schiermonnikoog,Schiermonnikoog,Fryslân,792,1050,1042,5,3,132.575758,true,true,blocked_over_100_percent,Opkomst can exceed Kiesgerechtigden in island municipalities; denominator wording is not explicit enough for a live turnout factor.,Kiesraad/data.overheid.nl TK2025_uitslag.csv turnout fields,provenance/netherlands_tk_normalization_manifest.json
netherlands,tweede_kamer,2025,cbs-gemeentelijke-indeling-2025,municipality,0090,Smallingerland,Smallingerland,Fryslân,44645,35071,34837,156,78,78.555269,true,false,field_reconciled_not_promoted,Opkomst can exceed Kiesgerechtigden in island municipalities; denominator wording is not explicit enough for a live turnout factor.,Kiesraad/data.overheid.nl TK2025_uitslag.csv turnout fields,provenance/netherlands_tk_normalization_manifest.json
netherlands,tweede_kamer,2025,cbs-gemeentelijke-indeling-2025,municipality,0093,Terschelling,Terschelling,Fryslân,4000,4211,4193,15,3,105.275,true,true,blocked_over_100_percent,Opkomst can exceed Kiesgerechtigden in island municipalities; denominator wording is not explicit enough for a live turnout factor.,Kiesraad/data.overheid.nl TK2025_uitslag.csv turnout fields,provenance/netherlands_tk_normalization_manifest.json
netherlands,tweede_kamer,2025,cbs-gemeentelijke-indeling-2025,municipality,0096,Vlieland,Vlieland,Fryslân,940,1053,1049,4,0,112.021277,true,true,blocked_over_100_percent,Opkomst can exceed Kiesgerechtigden in island municipalities; denominator wording is not explicit enough for a live turnout factor.,Kiesraad/data.overheid.nl TK2025_uitslag.csv turnout fields,provenance/netherlands_tk_normalization_manifest.json
netherlands,tweede_kamer,2025,cbs-gemeentelijke-indeling-2025,municipality,0098,Weststellingwerf,Weststellingwerf,Fryslân,21368,17335,17227,75,33,81.125983,true,false,field_reconciled_not_promoted,Opkomst can exceed Kiesgerechtigden in island municipalities; denominator wording is not explicit enough for a live turnout factor.,Kiesraad/data.overheid.nl TK2025_uitslag.csv turnout fields,provenance/netherlands_tk_normalization_manifest.json
netherlands,tweede_kamer,2025,cbs-gemeentelijke-indeling-2025,municipality,0106,Assen,Assen,Drenthe,54858,43602,43286,215,101,79.481571,true,false,field_reconciled_not_promoted,Opkomst can exceed Kiesgerechtigden in island municipalities; denominator wording is not explicit enough for a live turnout factor.,Kiesraad/data.overheid.nl TK2025_uitslag.csv turnout fields,provenance/netherlands_tk_normalization_manifest.json
netherlands,tweede_kamer,2025,cbs-gemeentelijke-indeling-2025,municipality,0109,Coevorden,Coevorden,Drenthe,28831,23778,23636,85,57,82.473726,true,false,field_reconciled_not_promoted,Opkomst can exceed Kiesgerechtigden in island municipalities; denominator wording is not explicit enough for a live turnout factor.,Kiesraad/data.overheid.nl TK2025_uitslag.csv turnout fields,provenance/netherlands_tk_normalization_manifest.json
netherlands,tweede_kamer,2025,cbs-gemeentelijke-indeling-2025,municipality,0114,Emmen,Emmen,Drenthe,87342,67498,67060,304,134,77.280117,true,false,field_reconciled_not_promoted,Opkomst can exceed Kiesgerechtigden in island municipalities; denominator wording is not explicit enough for a live turnout factor.,Kiesraad/data.overheid.nl TK2025_uitslag.csv turnout fields,provenance/netherlands_tk_normalization_manifest.json
netherlands,tweede_kamer,2025,cbs-gemeentelijke-indeling-2025,municipality,0118,Hoogeveen,Hoogeveen,Drenthe,43832,34691,34486,117,88,79.145373,true,false,field_reconciled_not_promoted,Opkomst can exceed Kiesgerechtigden in island municipalities; denominator wording is not explicit enough for a live turnout factor.,Kiesraad/data.overheid.nl TK2025_uitslag.csv turnout fields,provenance/netherlands_tk_normalization_manifest.json
netherlands,tweede_kamer,2025,cbs-gemeentelijke-indeling-2025,municipality,0119,Meppel,Meppel,Drenthe,28227,23324,23186,94,44,82.630106,true,false,field_reconciled_not_promoted,Opkomst can exceed Kiesgerechtigden in island municipalities; denominator wording is not explicit enough for a live turnout factor.,Kiesraad/data.overheid.nl TK2025_uitslag.csv turnout fields,provenance/netherlands_tk_normalization_manifest.json
netherlands,tweede_kamer,2025,cbs-gemeentelijke-indeling-2025,municipality,0141,Almelo,Almelo,Overijssel,56943,41386,41097,159,130,72.679697,true,false,field_reconciled_not_promoted,Opkomst can exceed Kiesgerechtigden in island municipalities; denominator wording is not explicit enough for a live turnout factor.,Kiesraad/data.overheid.nl TK2025_uitslag.csv turnout fields,provenance/netherlands_tk_normalization_manifest.json
netherlands,tweede_kamer,2025,cbs-gemeentelijke-indeling-2025,municipality,0147,Borne,Borne,Overijssel,19209,16371,16256,39,76,85.225675,true,false,field_reconciled_not_promoted,Opkomst can exceed Kiesgerechtigden in island municipalities; denominator wording is not explicit enough for a live turnout factor.,Kiesraad/data.overheid.nl TK2025_uitslag.csv turnout fields,provenance/netherlands_tk_normalization_manifest.json
netherlands,tweede_kamer,2025,cbs-gemeentelijke-indeling-2025,municipality,0148,Dalfsen,Dalfsen,Overijssel,23385,20773,20676,62,35,88.830447,true,false,field_reconciled_not_promoted,Opkomst can exceed Kiesgerechtigden in island municipalities; denominator wording is not explicit enough for a live turnout factor.,Kiesraad/data.overheid.nl TK2025_uitslag.csv turnout fields,provenance/netherlands_tk_normalization_manifest.json
netherlands,tweede_kamer,2025,cbs-gemeentelijke-indeling-2025,municipality,0150,Deventer,Deventer,Overijssel,80374,63988,63575,250,163,79.61281,true,false,field_reconciled_not_promoted,Opkomst can exceed Kiesgerechtigden in island municipalities; denominator wording is not explicit enough for a live turnout factor.,Kiesraad/data.overheid.nl TK2025_uitslag.csv turnout fields,provenance/netherlands_tk_normalization_manifest.json
netherlands,tweede_kamer,2025,cbs-gemeentelijke-indeling-2025,municipality,0153,Enschede,Enschede,Overijssel,120323,88196,87479,430,287,73.299369,true,false,field_reconciled_not_promoted,Opkomst can exceed Kiesgerechtigden in island municipalities; denominator wording is not explicit enough for a live turnout factor.,Kiesraad/data.overheid.nl TK2025_uitslag.csv turnout fields,provenance/netherlands_tk_normalization_manifest.json
netherlands,tweede_kamer,2025,cbs-gemeentelijke-indeling-2025,municipality,0158,Haaksbergen,Haaksbergen,Overijssel,19493,16544,16453,54,37,84.871492,true,false,field_reconciled_not_promoted,Opkomst can exceed Kiesgerechtigden in island municipalities; denominator wording is not explicit enough for a live turnout factor.,Kiesraad/data.overheid.nl TK2025_uitslag.csv turnout fields,provenance/netherlands_tk_normalization_manifest.json
netherlands,tweede_kamer,2025,cbs-gemeentelijke-indeling-2025,municipality,0160,Hardenberg,Hardenberg,Overijssel,49554,42154,41954,121,79,85.066796,true,false,field_reconciled_not_promoted,Opkomst can exceed Kiesgerechtigden in island municipalities; denominator wording is not explicit enough for a live turnout factor.,Kiesraad/data.overheid.nl TK2025_uitslag.csv turnout fields,provenance/netherlands_tk_normalization_manifest.json
netherlands,tweede_kamer,2025,cbs-gemeentelijke-indeling-2025,municipality,0163,Hellendoorn,Hellendoorn,Overijssel,28936,24861,24727,83,51,85.917197,true,false,field_reconciled_not_promoted,Opkomst can exceed Kiesgerechtigden in island municipalities; denominator wording is not explicit enough for a live turnout factor.,Kiesraad/data.overheid.nl TK2025_uitslag.csv turnout fields,provenance/netherlands_tk_normalization_manifest.json
netherlands,tweede_kamer,2025,cbs-gemeentelijke-indeling-2025,municipality,0164,Hengelo (O.),Hengelo (O),Overijssel,65748,50223,49853,249,121,76.387114,true,false,field_reconciled_not_promoted,Opkomst can exceed Kiesgerechtigden in island municipalities; denominator wording is not explicit enough for a live turnout factor.,Kiesraad/data.overheid.nl TK2025_uitslag.csv turnout fields,provenance/netherlands_tk_normalization_manifest.json
netherlands,tweede_kamer,2025,cbs-gemeentelijke-indeling-2025,municipality,0166,Kampen,Kampen,Overijssel,42502,35892,35718,105,69,84.447791,true,false,field_reconciled_not_promoted,Opkomst can exceed Kiesgerechtigden in island municipalities; denominator wording is not explicit enough for a live turnout factor.,Kiesraad/data.overheid.nl TK2025_uitslag.csv turnout fields,provenance/netherlands_tk_normalization_manifest.json
netherlands,tweede_kamer,2025,cbs-gemeentelijke-indeling-2025,municipality,0168,Losser,Losser,Overijssel,18703,15486,15420,44,22,82.799551,true,false,field_reconciled_not_promoted,Opkomst can exceed Kiesgerechtigden in island municipalities; denominator wording is not explicit enough for a live turnout factor.,Kiesraad/data.overheid.nl TK2025_uitslag.csv turnout fields,provenance/netherlands_tk_normalization_manifest.json
netherlands,tweede_kamer,2025,cbs-gemeentelijke-indeling-2025,municipality,0171,Noordoostpolder,Noordoostpolder,Flevoland,35665,29143,28984,100,59,81.713164,true,false,field_reconciled_not_promoted,Opkomst can exceed Kiesgerechtigden in island municipalities; denominator wording is not explicit enough for a live turnout factor.,Kiesraad/data.overheid.nl TK2025_uitslag.csv turnout fields,provenance/netherlands_tk_normalization_manifest.json
netherlands,tweede_kamer,2025,cbs-gemeentelijke-indeling-2025,municipality,0173,Oldenzaal,Oldenzaal,Overijssel,25636,21135,21004,81,50,82.442659,true,false,field_reconciled_not_promoted,Opkomst can exceed Kiesgerechtigden in island municipalities; denominator wording is not explicit enough for a live turnout factor.,Kiesraad/data.overheid.nl TK2025_uitslag.csv turnout fields,provenance/netherlands_tk_normalization_manifest.json
netherlands,tweede_kamer,2025,cbs-gemeentelijke-indeling-2025,municipality,0175,Ommen,Ommen,Overijssel,14917,13126,13066,37,23,87.993564,true,false,field_reconciled_not_promoted,Opkomst can exceed Kiesgerechtigden in island municipalities; denominator wording is not explicit enough for a live turnout factor.,Kiesraad/data.overheid.nl TK2025_uitslag.csv turnout fields,provenance/netherlands_tk_normalization_manifest.json
netherlands,tweede_kamer,2025,cbs-gemeentelijke-indeling-2025,municipality,0177,Raalte,Raalte,Overijssel,31044,26503,26390,77,36,85.372375,true,false,field_reconciled_not_promoted,Opkomst can exceed Kiesgerechtigden in island municipalities; denominator wording is not explicit enough for a live turnout factor.,Kiesraad/data.overheid.nl TK2025_uitslag.csv turnout fields,provenance/netherlands_tk_normalization_manifest.json
netherlands,tweede_kamer,2025,cbs-gemeentelijke-indeling-2025,municipality,0180,Staphorst,Staphorst,Overijssel,12923,11827,11782,28,17,91.518997,true,false,field_reconciled_not_promoted,Opkomst can exceed Kiesgerechtigden in island municipalities; denominator wording is not explicit enough for a live turnout factor.,Kiesraad/data.overheid.nl TK2025_uitslag.csv turnout fields,provenance/netherlands_tk_normalization_manifest.json
netherlands,tweede_kamer,2025,cbs-gemeentelijke-indeling-2025,municipality,0183,Tubbergen,Tubbergen,Overijssel,17293,15279,15224,36,19,88.353669,true,false,field_reconciled_not_promoted,Opkomst can exceed Kiesgerechtigden in island municipalities; denominator wording is not explicit enough for a live turnout factor.,Kiesraad/data.overheid.nl TK2025_uitslag.csv turnout fields,provenance/netherlands_tk_normalization_manifest.json
netherlands,tweede_kamer,2025,cbs-gemeentelijke-indeling-2025,municipality,0184,Urk,Urk,Flevoland,14966,13394,13348,21,25,89.496191,true,false,field_reconciled_not_promoted,Opkomst can exceed Kiesgerechtigden in island municipalities; denominator wording is not explicit enough for a live turnout factor.,Kiesraad/data.overheid.nl TK2025_uitslag.csv turnout fields,provenance/netherlands_tk_normalization_manifest.json
netherlands,tweede_kamer,2025,cbs-gemeentelijke-indeling-2025,municipality,0189,Wierden,Wierden,Overijssel,19908,17575,17501,40,34,88.281093,true,false,field_reconciled_not_promoted,Opkomst can exceed Kiesgerechtigden in island municipalities; denominator wording is not explicit enough for a live turnout factor.,Kiesraad/data.overheid.nl TK2025_uitslag.csv turnout fields,provenance/netherlands_tk_normalization_manifest.json
netherlands,tweede_kamer,2025,cbs-gemeentelijke-indeling-2025,municipality,0193,Zwolle,Zwolle,Overijssel,102781,84965,84373,378,214,82.666057,true,false,field_reconciled_not_promoted,Opkomst can exceed Kiesgerechtigden in island municipalities; denominator wording is not explicit enough for a live turnout factor.,Kiesraad/data.overheid.nl TK2025_uitslag.csv turnout fields,provenance/netherlands_tk_normalization_manifest.json
netherlands,tweede_kamer,2025,cbs-gemeentelijke-indeling-2025,municipality,0197,Aalten,Aalten,Gelderland,21879,18215,18138,44,33,83.253348,true,false,field_reconciled_not_promoted,Opkomst can exceed Kiesgerechtigden in island municipalities; denominator wording is not explicit enough for a live turnout factor.,Kiesraad/data.overheid.nl TK2025_uitslag.csv turnout fields,provenance/netherlands_tk_normalization_manifest.json
netherlands,tweede_kamer,2025,cbs-gemeentelijke-indeling-2025,municipality,0200,Apeldoorn,Apeldoorn,Gelderland,131161,103392,102819,361,212,78.82831,true,false,field_reconciled_not_promoted,Opkomst can exceed Kiesgerechtigden in island municipalities; denominator wording is not explicit enough for a live turnout factor.,Kiesraad/data.overheid.nl TK2025_uitslag.csv turnout fields,provenance/netherlands_tk_normalization_manifest.json
netherlands,tweede_kamer,2025,cbs-gemeentelijke-indeling-2025,municipality,0202,Arnhem,Arnhem,Gelderland,125265,90212,89639,310,263,72.016924,true,false,field_reconciled_not_promoted,Opkomst can exceed Kiesgerechtigden in island municipalities; denominator wording is not explicit enough for a live turnout factor.,Kiesraad/data.overheid.nl TK2025_uitslag.csv turnout fields,provenance/netherlands_tk_normalization_manifest.json
netherlands,tweede_kamer,2025,cbs-gemeentelijke-indeling-2025,municipality,0203,Barneveld,Barneveld,Gelderland,45847,40145,39961,114,70,87.562981,true,false,field_reconciled_not_promoted,Opkomst can exceed Kiesgerechtigden in island municipalities; denominator wording is not explicit enough for a live turnout factor.,Kiesraad/data.overheid.nl TK2025_uitslag.csv turnout fields,provenance/netherlands_tk_normalization_manifest.json
netherlands,tweede_kamer,2025,cbs-gemeentelijke-indeling-2025,municipality,0209,Beuningen,Beuningen,Gelderland,21179,17642,17538,66,38,83.299495,true,false,field_reconciled_not_promoted,Opkomst can exceed Kiesgerechtigden in island municipalities; denominator wording is not explicit enough for a live turnout factor.,Kiesraad/data.overheid.nl TK2025_uitslag.csv turnout fields,provenance/netherlands_tk_normalization_manifest.json
netherlands,tweede_kamer,2025,cbs-gemeentelijke-indeling-2025,municipality,0213,Brummen,Brummen,Gelderland,17584,14422,14322,73,27,82.017743,true,false,field_reconciled_not_promoted,Opkomst can exceed Kiesgerechtigden in island municipalities; denominator wording is not explicit enough for a live turnout factor.,Kiesraad/data.overheid.nl TK2025_uitslag.csv turnout fields,provenance/netherlands_tk_normalization_manifest.json
netherlands,tweede_kamer,2025,cbs-gemeentelijke-indeling-2025,municipality,0214,Buren,Buren,Gelderland,21838,18541,18451,60,30,84.902464,true,false,field_reconciled_not_promoted,Opkomst can exceed Kiesgerechtigden in island municipalities; denominator wording is not explicit enough for a live turnout factor.,Kiesraad/data.overheid.nl TK2025_uitslag.csv turnout fields,provenance/netherlands_tk_normalization_manifest.json
netherlands,tweede_kamer,2025,cbs-gemeentelijke-indeling-2025,municipality,0216,Culemborg,Culemborg,Gelderland,23059,18987,18877,71,39,82.340951,true,false,field_reconciled_not_promoted,Opkomst can exceed Kiesgerechtigden in island municipalities; denominator wording is not explicit enough for a live turnout factor.,Kiesraad/data.overheid.nl TK2025_uitslag.csv turnout fields,provenance/netherlands_tk_normalization_manifest.json
netherlands,tweede_kamer,2025,cbs-gemeentelijke-indeling-2025,municipality,0221,Doesburg,Doesburg,Gelderland,9153,7122,7075,32,15,77.810554,true,false,field_reconciled_not_promoted,Opkomst can exceed Kiesgerechtigden in island municipalities; denominator wording is not explicit enough for a live turnout factor.,Kiesraad/data.overheid.nl TK2025_uitslag.csv turnout fields,provenance/netherlands_tk_normalization_manifest.json
netherlands,tweede_kamer,2025,cbs-gemeentelijke-indeling-2025,municipality,0222,Doetinchem,Doetinchem,Gelderland,47982,38056,37876,115,65,79.313076,true,false,field_reconciled_not_promoted,Opkomst can exceed Kiesgerechtigden in island municipalities; denominator wording is not explicit enough for a live turnout factor.,Kiesraad/data.overheid.nl TK2025_uitslag.csv turnout fields,provenance/netherlands_tk_normalization_manifest.json
netherlands,tweede_kamer,2025,cbs-gemeentelijke-indeling-2025,municipality,0225,Druten,Druten,Gelderland,15571,12625,12538,62,25,81.080213,true,false,field_reconciled_not_promoted,Opkomst can exceed Kiesgerechtigden in island municipalities; denominator wording is not explicit enough for a live turnout factor.,Kiesraad/data.overheid.nl TK2025_uitslag.csv turnout fields,provenance/netherlands_tk_normalization_manifest.json
netherlands,tweede_kamer,2025,cbs-gemeentelijke-indeling-2025,municipality,0226,Duiven,Duiven,Gelderland,19933,16330,16226,59,45,81.924447,true,false,field_reconciled_not_promoted,Opkomst can exceed Kiesgerechtigden in island municipalities; denominator wording is not explicit enough for a live turnout factor.,Kiesraad/data.overheid.nl TK2025_uitslag.csv turnout fields,provenance/netherlands_tk_normalization_manifest.json
netherlands,tweede_kamer,2025,cbs-gemeentelijke-indeling-2025,municipality,0228,Ede,Ede,Gelderland,93808,78371,77906,280,185,83.544047,true,false,field_reconciled_not_promoted,Opkomst can exceed Kiesgerechtigden in island municipalities; denominator wording is not explicit enough for a live turnout factor.,Kiesraad/data.overheid.nl TK2025_uitslag.csv turnout fields,provenance/netherlands_tk_normalization_manifest.json
netherlands,tweede_kamer,2025,cbs-gemeentelijke-indeling-2025,municipality,0230,Elburg,Elburg,Gelderland,18410,15854,15787,42,25,86.116241,true,false,field_reconciled_not_promoted,Opkomst can exceed Kiesgerechtigden in island municipalities; denominator wording is not explicit enough for a live turnout factor.,Kiesraad/data.overheid.nl TK2025_uitslag.csv turnout fields,provenance/netherlands_tk_normalization_manifest.json
netherlands,tweede_kamer,2025,cbs-gemeentelijke-indeling-2025,municipality,0232,Epe,Epe,Gelderland,26771,22407,22306,58,43,83.698779,true,false,field_reconciled_not_promoted,Opkomst can exceed Kiesgerechtigden in island municipalities; denominator wording is not explicit enough for a live turnout factor.,Kiesraad/data.overheid.nl TK2025_uitslag.csv turnout fields,provenance/netherlands_tk_normalization_manifest.json
netherlands,tweede_kamer,2025,cbs-gemeentelijke-indeling-2025,municipality,0233,Ermelo,Ermelo,Gelderland,22156,18666,18572,63,31,84.248059,true,false,field_reconciled_not_promoted,Opkomst can exceed Kiesgerechtigden in island municipalities; denominator wording is not explicit enough for a live turnout factor.,Kiesraad/data.overheid.nl TK2025_uitslag.csv turnout fields,provenance/netherlands_tk_normalization_manifest.json
netherlands,tweede_kamer,2025,cbs-gemeentelijke-indeling-2025,municipality,0243,Harderwijk,Harderwijk,Gelderland,38210,31402,31190,126,86,82.182675,true,false,field_reconciled_not_promoted,Opkomst can exceed Kiesgerechtigden in island municipalities; denominator wording is not explicit enough for a live turnout factor.,Kiesraad/data.overheid.nl TK2025_uitslag.csv turnout fields,provenance/netherlands_tk_normalization_manifest.json
netherlands,tweede_kamer,2025,cbs-gemeentelijke-indeling-2025,municipality,0244,Hattem,Hattem,Gelderland,9957,8737,8712,15,10,87.747313,true,false,field_reconciled_not_promoted,Opkomst can exceed Kiesgerechtigden in island municipalities; denominator wording is not explicit enough for a live turnout factor.,Kiesraad/data.overheid.nl TK2025_uitslag.csv turnout fields,provenance/netherlands_tk_normalization_manifest.json
netherlands,tweede_kamer,2025,cbs-gemeentelijke-indeling-2025,municipality,0246,Heerde,Heerde,Gelderland,15324,13016,12952,42,22,84.938658,true,false,field_reconciled_not_promoted,Opkomst can exceed Kiesgerechtigden in island municipalities; denominator wording is not explicit enough for a live turnout factor.,Kiesraad/data.overheid.nl TK2025_uitslag.csv turnout fields,provenance/netherlands_tk_normalization_manifest.json
netherlands,tweede_kamer,2025,cbs-gemeentelijke-indeling-2025,municipality,0252,Heumen,Heumen,Gelderland,13479,11570,11492,52,26,85.837228,true,false,field_reconciled_not_promoted,Opkomst can exceed Kiesgerechtigden in island municipalities; denominator wording is not explicit enough for a live turnout factor.,Kiesraad/data.overheid.nl TK2025_uitslag.csv turnout fields,provenance/netherlands_tk_normalization_manifest.json
netherlands,tweede_kamer,2025,cbs-gemeentelijke-indeling-2025,municipality,0262,Lochem,Lochem,Gelderland,27973,24358,24235,80,43,87.076824,true,false,field_reconciled_not_promoted,Opkomst can exceed Kiesgerechtigden in island municipalities; denominator wording is not explicit enough for a live turnout factor.,Kiesraad/data.overheid.nl TK2025_uitslag.csv turnout fields,provenance/netherlands_tk_normalization_manifest.json
netherlands,tweede_kamer,2025,cbs-gemeentelijke-indeling-2025,municipality,0263,Maasdriel,Maasdriel,Gelderland,19564,16573,16490,50,33,84.711715,true,false,field_reconciled_not_promoted,Opkomst can exceed Kiesgerechtigden in island municipalities; denominator wording is not explicit enough for a live turnout factor.,Kiesraad/data.overheid.nl TK2025_uitslag.csv turnout fields,provenance/netherlands_tk_normalization_manifest.json
netherlands,tweede_kamer,2025,cbs-gemeentelijke-indeling-2025,municipality,0267,Nijkerk,Nijkerk,Gelderland,34996,29597,29460,74,63,84.572523,true,false,field_reconciled_not_promoted,Opkomst can exceed Kiesgerechtigden in island municipalities; denominator wording is not explicit enough for a live turnout factor.,Kiesraad/data.overheid.nl TK2025_uitslag.csv turnout fields,provenance/netherlands_tk_normalization_manifest.json
netherlands,tweede_kamer,2025,cbs-gemeentelijke-indeling-2025,municipality,0268,Nijmegen,Nijmegen,Gelderland,146484,117791,117062,424,305,80.412195,true,false,field_reconciled_not_promoted,Opkomst can exceed Kiesgerechtigden in island municipalities; denominator wording is not explicit enough for a live turnout factor.,Kiesraad/data.overheid.nl TK2025_uitslag.csv turnout fields,provenance/netherlands_tk_normalization_manifest.json
netherlands,tweede_kamer,2025,cbs-gemeentelijke-indeling-2025,municipality,0269,Oldebroek,Oldebroek,Gelderland,18760,16190,16127,34,29,86.30064,true,false,field_reconciled_not_promoted,Opkomst can exceed Kiesgerechtigden in island municipalities; denominator wording is not explicit enough for a live turnout factor.,Kiesraad/data.overheid.nl TK2025_uitslag.csv turnout fields,provenance/netherlands_tk_normalization_manifest.json
netherlands,tweede_kamer,2025,cbs-gemeentelijke-indeling-2025,municipality,0273,Putten,Putten,Gelderland,19356,16955,16882,39,34,87.595578,true,false,field_reconciled_not_promoted,Opkomst can exceed Kiesgerechtigden in island municipalities; denominator wording is not explicit enough for a live turnout factor.,Kiesraad/data.overheid.nl TK2025_uitslag.csv turnout fields,provenance/netherlands_tk_normalization_manifest.json
netherlands,tweede_kamer,2025,cbs-gemeentelijke-indeling-2025,municipality,0274,Renkum,Renkum,Gelderland,25368,21312,21202,70,40,84.011353,true,false,field_reconciled_not_promoted,Opkomst can exceed Kiesgerechtigden in island municipalities; denominator wording is not explicit enough for a live turnout factor.,Kiesraad/data.overheid.nl TK2025_uitslag.csv turnout fields,provenance/netherlands_tk_normalization_manifest.json
netherlands,tweede_kamer,2025,cbs-gemeentelijke-indeling-2025,municipality,0275,Rheden,Rheden,Gelderland,34867,27868,27687,101,80,79.926578,true,false,field_reconciled_not_promoted,Opkomst can exceed Kiesgerechtigden in island municipalities; denominator wording is not explicit enough for a live turnout factor.,Kiesraad/data.overheid.nl TK2025_uitslag.csv turnout fields,provenance/netherlands_tk_normalization_manifest.json
netherlands,tweede_kamer,2025,cbs-gemeentelijke-indeling-2025,municipality,0277,Rozendaal,Rozendaal,Gelderland,1347,1291,1286,2,3,95.842613,true,false,field_reconciled_not_promoted,Opkomst can exceed Kiesgerechtigden in island municipalities; denominator wording is not explicit enough for a live turnout factor.,Kiesraad/data.overheid.nl TK2025_uitslag.csv turnout fields,provenance/netherlands_tk_normalization_manifest.json
netherlands,tweede_kamer,2025,cbs-gemeentelijke-indeling-2025,municipality,0279,Scherpenzeel,Scherpenzeel,Gelderland,7911,7002,6984,8,10,88.50967,true,false,field_reconciled_not_promoted,Opkomst can exceed Kiesgerechtigden in island municipalities; denominator wording is not explicit enough for a live turnout factor.,Kiesraad/data.overheid.nl TK2025_uitslag.csv turnout fields,provenance/netherlands_tk_normalization_manifest.json
netherlands,tweede_kamer,2025,cbs-gemeentelijke-indeling-2025,municipality,0281,Tiel,Tiel,Gelderland,31709,23454,23291,104,59,73.966382,true,false,field_reconciled_not_promoted,Opkomst can exceed Kiesgerechtigden in island municipalities; denominator wording is not explicit enough for a live turnout factor.,Kiesraad/data.overheid.nl TK2025_uitslag.csv turnout fields,provenance/netherlands_tk_normalization_manifest.json
netherlands,tweede_kamer,2025,cbs-gemeentelijke-indeling-2025,municipality,0285,Voorst,Voorst,Gelderland,20242,17248,17157,59,32,85.208971,true,false,field_reconciled_not_promoted,Opkomst can exceed Kiesgerechtigden in island municipalities; denominator wording is not explicit enough for a live turnout factor.,Kiesraad/data.overheid.nl TK2025_uitslag.csv turnout fields,provenance/netherlands_tk_normalization_manifest.json
netherlands,tweede_kamer,2025,cbs-gemeentelijke-indeling-2025,municipality,0289,Wageningen,Wageningen,Gelderland,30016,25606,25485,78,43,85.307836,true,false,field_reconciled_not_promoted,Opkomst can exceed Kiesgerechtigden in island municipalities; denominator wording is not explicit enough for a live turnout factor.,Kiesraad/data.overheid.nl TK2025_uitslag.csv turnout fields,provenance/netherlands_tk_normalization_manifest.json
netherlands,tweede_kamer,2025,cbs-gemeentelijke-indeling-2025,municipality,0293,Westervoort,Westervoort,Gelderland,11976,9307,9243,35,29,77.713761,true,false,field_reconciled_not_promoted,Opkomst can exceed Kiesgerechtigden in island municipalities; denominator wording is not explicit enough for a live turnout factor.,Kiesraad/data.overheid.nl TK2025_uitslag.csv turnout fields,provenance/netherlands_tk_normalization_manifest.json
netherlands,tweede_kamer,2025,cbs-gemeentelijke-indeling-2025,municipality,0294,Winterswijk,Winterswijk,Gelderland,23174,18765,18640,67,58,80.974368,true,false,field_reconciled_not_promoted,Opkomst can exceed Kiesgerechtigden in island municipalities; denominator wording is not explicit enough for a live turnout factor.,Kiesraad/data.overheid.nl TK2025_uitslag.csv turnout fields,provenance/netherlands_tk_normalization_manifest.json
netherlands,tweede_kamer,2025,cbs-gemeentelijke-indeling-2025,municipality,0296,Wijchen,Wijchen,Gelderland,33579,27811,27636,113,62,82.822597,true,false,field_reconciled_not_promoted,Opkomst can exceed Kiesgerechtigden in island municipalities; denominator wording is not explicit enough for a live turnout factor.,Kiesraad/data.overheid.nl TK2025_uitslag.csv turnout fields,provenance/netherlands_tk_normalization_manifest.json
netherlands,tweede_kamer,2025,cbs-gemeentelijke-indeling-2025,municipality,0297,Zaltbommel,Zaltbommel,Gelderland,22155,18773,18686,48,39,84.734823,true,false,field_reconciled_not_promoted,Opkomst can exceed Kiesgerechtigden in island municipalities; denominator wording is not explicit enough for a live turnout factor.,Kiesraad/data.overheid.nl TK2025_uitslag.csv turnout fields,provenance/netherlands_tk_normalization_manifest.json
netherlands,tweede_kamer,2025,cbs-gemeentelijke-indeling-2025,municipality,0299,Zevenaar,Zevenaar,Gelderland,36409,29047,28861,115,71,79.779725,true,false,field_reconciled_not_promoted,Opkomst can exceed Kiesgerechtigden in island municipalities; denominator wording is not explicit enough for a live turnout factor.,Kiesraad/data.overheid.nl TK2025_uitslag.csv turnout fields,provenance/netherlands_tk_normalization_manifest.json
netherlands,tweede_kamer,2025,cbs-gemeentelijke-indeling-2025,municipality,0301,Zutphen,Zutphen,Gelderland,39221,31703,31482,141,80,80.831697,true,false,field_reconciled_not_promoted,Opkomst can exceed Kiesgerechtigden in island municipalities; denominator wording is not explicit enough for a live turnout factor.,Kiesraad/data.overheid.nl TK2025_uitslag.csv turnout fields,provenance/netherlands_tk_normalization_manifest.json
netherlands,tweede_kamer,2025,cbs-gemeentelijke-indeling-2025,municipality,0302,Nunspeet,Nunspeet,Gelderland,22440,19689,19606,49,34,87.740642,true,false,field_reconciled_not_promoted,Opkomst can exceed Kiesgerechtigden in island municipalities; denominator wording is not explicit enough for a live turnout factor.,Kiesraad/data.overheid.nl TK2025_uitslag.csv turnout fields,provenance/netherlands_tk_normalization_manifest.json
netherlands,tweede_kamer,2025,cbs-gemeentelijke-indeling-2025,municipality,0303,Dronten,Dronten,Flevoland,33264,26991,26822,107,62,81.141775,true,false,field_reconciled_not_promoted,Opkomst can exceed Kiesgerechtigden in island municipalities; denominator wording is not explicit enough for a live turnout factor.,Kiesraad/data.overheid.nl TK2025_uitslag.csv turnout fields,provenance/netherlands_tk_normalization_manifest.json
netherlands,tweede_kamer,2025,cbs-gemeentelijke-indeling-2025,municipality,0307,Amersfoort,Amersfoort,Utrecht,123279,101581,100996,342,243,82.399273,true,false,field_reconciled_not_promoted,Opkomst can exceed Kiesgerechtigden in island municipalities; denominator wording is not explicit enough for a live turnout factor.,Kiesraad/data.overheid.nl TK2025_uitslag.csv turnout fields,provenance/netherlands_tk_normalization_manifest.json
netherlands,tweede_kamer,2025,cbs-gemeentelijke-indeling-2025,municipality,0308,Baarn,Baarn,Utrecht,19586,15957,15860,52,45,81.471459,true,false,field_reconciled_not_promoted,Opkomst can exceed Kiesgerechtigden in island municipalities; denominator wording is not explicit enough for a live turnout factor.,Kiesraad/data.overheid.nl TK2025_uitslag.csv turnout fields,provenance/netherlands_tk_normalization_manifest.json
netherlands,tweede_kamer,2025,cbs-gemeentelijke-indeling-2025,municipality,0310,De Bilt,De Bilt,Utrecht,34043,28067,27921,90,56,82.44573,true,false,field_reconciled_not_promoted,Opkomst can exceed Kiesgerechtigden in island municipalities; denominator wording is not explicit enough for a live turnout factor.,Kiesraad/data.overheid.nl TK2025_uitslag.csv turnout fields,provenance/netherlands_tk_normalization_manifest.json
netherlands,tweede_kamer,2025,cbs-gemeentelijke-indeling-2025,municipality,0312,Bunnik,Bunnik,Utrecht,12337,11108,11049,32,27,90.038097,true,false,field_reconciled_not_promoted,Opkomst can exceed Kiesgerechtigden in island municipalities; denominator wording is not explicit enough for a live turnout factor.,Kiesraad/data.overheid.nl TK2025_uitslag.csv turnout fields,provenance/netherlands_tk_normalization_manifest.json
netherlands,tweede_kamer,2025,cbs-gemeentelijke-indeling-2025,municipality,0313,Bunschoten,Bunschoten,Utrecht,16725,14674,14618,33,23,87.736921,true,false,field_reconciled_not_promoted,Opkomst can exceed Kiesgerechtigden in island municipalities; denominator wording is not explicit enough for a live turnout factor.,Kiesraad/data.overheid.nl TK2025_uitslag.csv turnout fields,provenance/netherlands_tk_normalization_manifest.json
netherlands,tweede_kamer,2025,cbs-gemeentelijke-indeling-2025,municipality,0317,Eemnes,Eemnes,Utrecht,7772,6791,6764,16,11,87.377766,true,false,field_reconciled_not_promoted,Opkomst can exceed Kiesgerechtigden in island municipalities; denominator wording is not explicit enough for a live turnout factor.,Kiesraad/data.overheid.nl TK2025_uitslag.csv turnout fields,provenance/netherlands_tk_normalization_manifest.json
netherlands,tweede_kamer,2025,cbs-gemeentelijke-indeling-2025,municipality,0321,Houten,Houten,Utrecht,38574,33318,33153,111,54,86.374242,true,false,field_reconciled_not_promoted,Opkomst can exceed Kiesgerechtigden in island municipalities; denominator wording is not explicit enough for a live turnout factor.,Kiesraad/data.overheid.nl TK2025_uitslag.csv turnout fields,provenance/netherlands_tk_normalization_manifest.json
netherlands,tweede_kamer,2025,cbs-gemeentelijke-indeling-2025,municipality,0327,Leusden,Leusden,Utrecht,24949,21722,21585,97,40,87.065614,true,false,field_reconciled_not_promoted,Opkomst can exceed Kiesgerechtigden in island municipalities; denominator wording is not explicit enough for a live turnout factor.,Kiesraad/data.overheid.nl TK2025_uitslag.csv turnout fields,provenance/netherlands_tk_normalization_manifest.json
netherlands,tweede_kamer,2025,cbs-gemeentelijke-indeling-2025,municipality,0331,Lopik,Lopik,Utrecht,11534,9771,9721,33,17,84.714756,true,false,field_reconciled_not_promoted,Opkomst can exceed Kiesgerechtigden in island municipalities; denominator wording is not explicit enough for a live turnout factor.,Kiesraad/data.overheid.nl TK2025_uitslag.csv turnout fields,provenance/netherlands_tk_normalization_manifest.json
netherlands,tweede_kamer,2025,cbs-gemeentelijke-indeling-2025,municipality,0335,Montfoort,Montfoort,Utrecht,10689,9387,9340,28,19,87.819253,true,false,field_reconciled_not_promoted,Opkomst can exceed Kiesgerechtigden in island municipalities; denominator wording is not explicit enough for a live turnout factor.,Kiesraad/data.overheid.nl TK2025_uitslag.csv turnout fields,provenance/netherlands_tk_normalization_manifest.json
netherlands,tweede_kamer,2025,cbs-gemeentelijke-indeling-2025,municipality,0339,Renswoude,Renswoude,Utrecht,4199,3737,3726,6,5,88.99738,true,false,field_reconciled_not_promoted,Opkomst can exceed Kiesgerechtigden in island municipalities; denominator wording is not explicit enough for a live turnout factor.,Kiesraad/data.overheid.nl TK2025_uitslag.csv turnout fields,provenance/netherlands_tk_normalization_manifest.json
netherlands,tweede_kamer,2025,cbs-gemeentelijke-indeling-2025,municipality,0340,Rhenen,Rhenen,Utrecht,15799,13375,13309,48,18,84.657257,true,false,field_reconciled_not_promoted,Opkomst can exceed Kiesgerechtigden in island municipalities; denominator wording is not explicit enough for a live turnout factor.,Kiesraad/data.overheid.nl TK2025_uitslag.csv turnout fields,provenance/netherlands_tk_normalization_manifest.json
netherlands,tweede_kamer,2025,cbs-gemeentelijke-indeling-2025,municipality,0342,Soest,Soest,Utrecht,36983,30371,30188,131,52,82.121515,true,false,field_reconciled_not_promoted,Opkomst can exceed Kiesgerechtigden in island municipalities; denominator wording is not explicit enough for a live turnout factor.,Kiesraad/data.overheid.nl TK2025_uitslag.csv turnout fields,provenance/netherlands_tk_normalization_manifest.json
netherlands,tweede_kamer,2025,cbs-gemeentelijke-indeling-2025,municipality,0344,Utrecht,Utrecht,Utrecht,266036,215946,214792,575,579,81.171721,true,false,field_reconciled_not_promoted,Opkomst can exceed Kiesgerechtigden in island municipalities; denominator wording is not explicit enough for a live turnout factor.,Kiesraad/data.overheid.nl TK2025_uitslag.csv turnout fields,provenance/netherlands_tk_normalization_manifest.json
netherlands,tweede_kamer,2025,cbs-gemeentelijke-indeling-2025,municipality,0345,Veenendaal,Veenendaal,Utrecht,53026,43041,42830,112,99,81.169615,true,false,field_reconciled_not_promoted,Opkomst can exceed Kiesgerechtigden in island municipalities; denominator wording is not explicit enough for a live turnout factor.,Kiesraad/data.overheid.nl TK2025_uitslag.csv turnout fields,provenance/netherlands_tk_normalization_manifest.json
netherlands,tweede_kamer,2025,cbs-gemeentelijke-indeling-2025,municipality,0351,Woudenberg,Woudenberg,Utrecht,11010,9478,9439,27,12,86.085377,true,false,field_reconciled_not_promoted,Opkomst can exceed Kiesgerechtigden in island municipalities; denominator wording is not explicit enough for a live turnout factor.,Kiesraad/data.overheid.nl TK2025_uitslag.csv turnout fields,provenance/netherlands_tk_normalization_manifest.json
netherlands,tweede_kamer,2025,cbs-gemeentelijke-indeling-2025,municipality,0352,Wijk bij Duurstede,Wijk bij Duurstede,Utrecht,18822,16009,15892,75,42,85.054723,true,false,field_reconciled_not_promoted,Opkomst can exceed Kiesgerechtigden in island municipalities; denominator wording is not explicit enough for a live turnout factor.,Kiesraad/data.overheid.nl TK2025_uitslag.csv turnout fields,provenance/netherlands_tk_normalization_manifest.json
netherlands,tweede_kamer,2025,cbs-gemeentelijke-indeling-2025,municipality,0353,IJsselstein,IJsselstein,Utrecht,25973,20890,20750,95,45,80.429677,true,false,field_reconciled_not_promoted,Opkomst can exceed Kiesgerechtigden in island municipalities; denominator wording is not explicit enough for a live turnout factor.,Kiesraad/data.overheid.nl TK2025_uitslag.csv turnout fields,provenance/netherlands_tk_normalization_manifest.json
netherlands,tweede_kamer,2025,cbs-gemeentelijke-indeling-2025,municipality,0355,Zeist,Zeist,Utrecht,50054,40603,40361,131,111,81.118392,true,false,field_reconciled_not_promoted,Opkomst can exceed Kiesgerechtigden in island municipalities; denominator wording is not explicit enough for a live turnout factor.,Kiesraad/data.overheid.nl TK2025_uitslag.csv turnout fields,provenance/netherlands_tk_normalization_manifest.json
netherlands,tweede_kamer,2025,cbs-gemeentelijke-indeling-2025,municipality,0356,Nieuwegein,Nieuwegein,Utrecht,50514,38346,38055,181,110,75.911628,true,false,field_reconciled_not_promoted,Opkomst can exceed Kiesgerechtigden in island municipalities; denominator wording is not explicit enough for a live turnout factor.,Kiesraad/data.overheid.nl TK2025_uitslag.csv turnout fields,provenance/netherlands_tk_normalization_manifest.json
netherlands,tweede_kamer,2025,cbs-gemeentelijke-indeling-2025,municipality,0358,Aalsmeer,Aalsmeer,Noord-Holland,23684,19689,19589,55,45,83.132072,true,false,field_reconciled_not_promoted,Opkomst can exceed Kiesgerechtigden in island municipalities; denominator wording is not explicit enough for a live turnout factor.,Kiesraad/data.overheid.nl TK2025_uitslag.csv turnout fields,provenance/netherlands_tk_normalization_manifest.json
netherlands,tweede_kamer,2025,cbs-gemeentelijke-indeling-2025,municipality,0361,Alkmaar,Alkmaar,Noord-Holland,86933,68131,67637,314,180,78.37185,true,false,field_reconciled_not_promoted,Opkomst can exceed Kiesgerechtigden in island municipalities; denominator wording is not explicit enough for a live turnout factor.,Kiesraad/data.overheid.nl TK2025_uitslag.csv turnout fields,provenance/netherlands_tk_normalization_manifest.json
netherlands,tweede_kamer,2025,cbs-gemeentelijke-indeling-2025,municipality,0362,Amstelveen,Amstelveen,Noord-Holland,58888,45629,45326,146,157,77.484377,true,false,field_reconciled_not_promoted,Opkomst can exceed Kiesgerechtigden in island municipalities; denominator wording is not explicit enough for a live turnout factor.,Kiesraad/data.overheid.nl TK2025_uitslag.csv turnout fields,provenance/netherlands_tk_normalization_manifest.json
netherlands,tweede_kamer,2025,cbs-gemeentelijke-indeling-2025,municipality,0363,Amsterdam,Amsterdam,Noord-Holland,606766,432199,428839,1401,1959,71.22993,true,false,field_reconciled_not_promoted,Opkomst can exceed Kiesgerechtigden in island municipalities; denominator wording is not explicit enough for a live turnout factor.,Kiesraad/data.overheid.nl TK2025_uitslag.csv turnout fields,provenance/netherlands_tk_normalization_manifest.json
netherlands,tweede_kamer,2025,cbs-gemeentelijke-indeling-2025,municipality,0373,Bergen (NH.),Bergen (NH),Noord-Holland,24320,20954,20817,84,53,86.159539,true,false,field_reconciled_not_promoted,Opkomst can exceed Kiesgerechtigden in island municipalities; denominator wording is not explicit enough for a live turnout factor.,Kiesraad/data.overheid.nl TK2025_uitslag.csv turnout fields,provenance/netherlands_tk_normalization_manifest.json
netherlands,tweede_kamer,2025,cbs-gemeentelijke-indeling-2025,municipality,0375,Beverwijk,Beverwijk,Noord-Holland,31328,23454,23276,104,74,74.865935,true,false,field_reconciled_not_promoted,Opkomst can exceed Kiesgerechtigden in island municipalities; denominator wording is not explicit enough for a live turnout factor.,Kiesraad/data.overheid.nl TK2025_uitslag.csv turnout fields,provenance/netherlands_tk_normalization_manifest.json
netherlands,tweede_kamer,2025,cbs-gemeentelijke-indeling-2025,municipality,0376,Blaricum,Blaricum,Noord-Holland,9129,7781,7750,14,17,85.23387,true,false,field_reconciled_not_promoted,Opkomst can exceed Kiesgerechtigden in island municipalities; denominator wording is not explicit enough for a live turnout factor.,Kiesraad/data.overheid.nl TK2025_uitslag.csv turnout fields,provenance/netherlands_tk_normalization_manifest.json
netherlands,tweede_kamer,2025,cbs-gemeentelijke-indeling-2025,municipality,0377,Bloemendaal,Bloemendaal,Noord-Holland,17707,15585,15528,34,23,88.016039,true,false,field_reconciled_not_promoted,Opkomst can exceed Kiesgerechtigden in island municipalities; denominator wording is not explicit enough for a live turnout factor.,Kiesraad/data.overheid.nl TK2025_uitslag.csv turnout fields,provenance/netherlands_tk_normalization_manifest.json
netherlands,tweede_kamer,2025,cbs-gemeentelijke-indeling-2025,municipality,0383,Castricum,Castricum,Noord-Holland,29563,25780,25649,85,46,87.203599,true,false,field_reconciled_not_promoted,Opkomst can exceed Kiesgerechtigden in island municipalities; denominator wording is not explicit enough for a live turnout factor.,Kiesraad/data.overheid.nl TK2025_uitslag.csv turnout fields,provenance/netherlands_tk_normalization_manifest.json
netherlands,tweede_kamer,2025,cbs-gemeentelijke-indeling-2025,municipality,0384,Diemen,Diemen,Noord-Holland,20855,15366,15234,62,70,73.680173,true,false,field_reconciled_not_promoted,Opkomst can exceed Kiesgerechtigden in island municipalities; denominator wording is not explicit enough for a live turnout factor.,Kiesraad/data.overheid.nl TK2025_uitslag.csv turnout fields,provenance/netherlands_tk_normalization_manifest.json
netherlands,tweede_kamer,2025,cbs-gemeentelijke-indeling-2025,municipality,0385,Edam-Volendam,Edam-Volendam,Noord-Holland,29599,25430,25319,57,54,85.915065,true,false,field_reconciled_not_promoted,Opkomst can exceed Kiesgerechtigden in island municipalities; denominator wording is not explicit enough for a live turnout factor.,Kiesraad/data.overheid.nl TK2025_uitslag.csv turnout fields,provenance/netherlands_tk_normalization_manifest.json
netherlands,tweede_kamer,2025,cbs-gemeentelijke-indeling-2025,municipality,0388,Enkhuizen,Enkhuizen,Noord-Holland,14172,11130,11053,48,29,78.53514,true,false,field_reconciled_not_promoted,Opkomst can exceed Kiesgerechtigden in island municipalities; denominator wording is not explicit enough for a live turnout factor.,Kiesraad/data.overheid.nl TK2025_uitslag.csv turnout fields,provenance/netherlands_tk_normalization_manifest.json
netherlands,tweede_kamer,2025,cbs-gemeentelijke-indeling-2025,municipality,0392,Haarlem,Haarlem,Noord-Holland,116904,92789,92130,355,304,79.371963,true,false,field_reconciled_not_promoted,Opkomst can exceed Kiesgerechtigden in island municipalities; denominator wording is not explicit enough for a live turnout factor.,Kiesraad/data.overheid.nl TK2025_uitslag.csv turnout fields,provenance/netherlands_tk_normalization_manifest.json
netherlands,tweede_kamer,2025,cbs-gemeentelijke-indeling-2025,municipality,0394,Haarlemmermeer,Haarlemmermeer,Noord-Holland,118555,92714,92082,362,270,78.203366,true,false,field_reconciled_not_promoted,Opkomst can exceed Kiesgerechtigden in island municipalities; denominator wording is not explicit enough for a live turnout factor.,Kiesraad/data.overheid.nl TK2025_uitslag.csv turnout fields,provenance/netherlands_tk_normalization_manifest.json
netherlands,tweede_kamer,2025,cbs-gemeentelijke-indeling-2025,municipality,0396,Heemskerk,Heemskerk,Noord-Holland,30849,24421,24216,124,81,79.16302,true,false,field_reconciled_not_promoted,Opkomst can exceed Kiesgerechtigden in island municipalities; denominator wording is not explicit enough for a live turnout factor.,Kiesraad/data.overheid.nl TK2025_uitslag.csv turnout fields,provenance/netherlands_tk_normalization_manifest.json
netherlands,tweede_kamer,2025,cbs-gemeentelijke-indeling-2025,municipality,0397,Heemstede,Heemstede,Noord-Holland,20411,17512,17440,47,25,85.796874,true,false,field_reconciled_not_promoted,Opkomst can exceed Kiesgerechtigden in island municipalities; denominator wording is not explicit enough for a live turnout factor.,Kiesraad/data.overheid.nl TK2025_uitslag.csv turnout fields,provenance/netherlands_tk_normalization_manifest.json
netherlands,tweede_kamer,2025,cbs-gemeentelijke-indeling-2025,municipality,0399,Heiloo,Heiloo,Noord-Holland,19605,17116,17025,55,36,87.304259,true,false,field_reconciled_not_promoted,Opkomst can exceed Kiesgerechtigden in island municipalities; denominator wording is not explicit enough for a live turnout factor.,Kiesraad/data.overheid.nl TK2025_uitslag.csv turnout fields,provenance/netherlands_tk_normalization_manifest.json
netherlands,tweede_kamer,2025,cbs-gemeentelijke-indeling-2025,municipality,0400,Den Helder,Den Helder,Noord-Holland,44567,31703,31443,157,103,71.135594,true,false,field_reconciled_not_promoted,Opkomst can exceed Kiesgerechtigden in island municipalities; denominator wording is not explicit enough for a live turnout factor.,Kiesraad/data.overheid.nl TK2025_uitslag.csv turnout fields,provenance/netherlands_tk_normalization_manifest.json
netherlands,tweede_kamer,2025,cbs-gemeentelijke-indeling-2025,municipality,0402,Hilversum,Hilversum,Noord-Holland,66110,52647,52305,190,152,79.635456,true,false,field_reconciled_not_promoted,Opkomst can exceed Kiesgerechtigden in island municipalities; denominator wording is not explicit enough for a live turnout factor.,Kiesraad/data.overheid.nl TK2025_uitslag.csv turnout fields,provenance/netherlands_tk_normalization_manifest.json
netherlands,tweede_kamer,2025,cbs-gemeentelijke-indeling-2025,municipality,0405,Hoorn,Hoorn,Noord-Holland,56964,43141,42807,204,130,75.733797,true,false,field_reconciled_not_promoted,Opkomst can exceed Kiesgerechtigden in island municipalities; denominator wording is not explicit enough for a live turnout factor.,Kiesraad/data.overheid.nl TK2025_uitslag.csv turnout fields,provenance/netherlands_tk_normalization_manifest.json
netherlands,tweede_kamer,2025,cbs-gemeentelijke-indeling-2025,municipality,0406,Huizen,Huizen,Noord-Holland,32209,25704,25543,90,71,79.803782,true,false,field_reconciled_not_promoted,Opkomst can exceed Kiesgerechtigden in island municipalities; denominator wording is not explicit enough for a live turnout factor.,Kiesraad/data.overheid.nl TK2025_uitslag.csv turnout fields,provenance/netherlands_tk_normalization_manifest.json
netherlands,tweede_kamer,2025,cbs-gemeentelijke-indeling-2025,municipality,0415,Landsmeer,Landsmeer,Noord-Holland,8873,7454,7397,28,29,84.007664,true,false,field_reconciled_not_promoted,Opkomst can exceed Kiesgerechtigden in island municipalities; denominator wording is not explicit enough for a live turnout factor.,Kiesraad/data.overheid.nl TK2025_uitslag.csv turnout fields,provenance/netherlands_tk_normalization_manifest.json
netherlands,tweede_kamer,2025,cbs-gemeentelijke-indeling-2025,municipality,0417,Laren (NH.),Laren,Noord-Holland,8990,7530,7497,14,19,83.759733,true,false,field_reconciled_not_promoted,Opkomst can exceed Kiesgerechtigden in island municipalities; denominator wording is not explicit enough for a live turnout factor.,Kiesraad/data.overheid.nl TK2025_uitslag.csv turnout fields,provenance/netherlands_tk_normalization_manifest.json
netherlands,tweede_kamer,2025,cbs-gemeentelijke-indeling-2025,municipality,0420,Medemblik,Medemblik,Noord-Holland,35088,28710,28533,125,52,81.822845,true,false,field_reconciled_not_promoted,Opkomst can exceed Kiesgerechtigden in island municipalities; denominator wording is not explicit enough for a live turnout factor.,Kiesraad/data.overheid.nl TK2025_uitslag.csv turnout fields,provenance/netherlands_tk_normalization_manifest.json
netherlands,tweede_kamer,2025,cbs-gemeentelijke-indeling-2025,municipality,0431,Oostzaan,Oostzaan,Noord-Holland,7555,6387,6342,33,12,84.54004,true,false,field_reconciled_not_promoted,Opkomst can exceed Kiesgerechtigden in island municipalities; denominator wording is not explicit enough for a live turnout factor.,Kiesraad/data.overheid.nl TK2025_uitslag.csv turnout fields,provenance/netherlands_tk_normalization_manifest.json
netherlands,tweede_kamer,2025,cbs-gemeentelijke-indeling-2025,municipality,0432,Opmeer,Opmeer,Noord-Holland,9740,8042,7997,29,16,82.566735,true,false,field_reconciled_not_promoted,Opkomst can exceed Kiesgerechtigden in island municipalities; denominator wording is not explicit enough for a live turnout factor.,Kiesraad/data.overheid.nl TK2025_uitslag.csv turnout fields,provenance/netherlands_tk_normalization_manifest.json
netherlands,tweede_kamer,2025,cbs-gemeentelijke-indeling-2025,municipality,0437,Ouder-Amstel,Ouder-Amstel,Noord-Holland,10212,8460,8401,31,28,82.843713,true,false,field_reconciled_not_promoted,Opkomst can exceed Kiesgerechtigden in island municipalities; denominator wording is not explicit enough for a live turnout factor.,Kiesraad/data.overheid.nl TK2025_uitslag.csv turnout fields,provenance/netherlands_tk_normalization_manifest.json
netherlands,tweede_kamer,2025,cbs-gemeentelijke-indeling-2025,municipality,0439,Purmerend,Purmerend,Noord-Holland,73318,55065,54649,251,165,75.10434,true,false,field_reconciled_not_promoted,Opkomst can exceed Kiesgerechtigden in island municipalities; denominator wording is not explicit enough for a live turnout factor.,Kiesraad/data.overheid.nl TK2025_uitslag.csv turnout fields,provenance/netherlands_tk_normalization_manifest.json
netherlands,tweede_kamer,2025,cbs-gemeentelijke-indeling-2025,municipality,0441,Schagen,Schagen,Noord-Holland,38518,31680,31483,125,72,82.247261,true,false,field_reconciled_not_promoted,Opkomst can exceed Kiesgerechtigden in island municipalities; denominator wording is not explicit enough for a live turnout factor.,Kiesraad/data.overheid.nl TK2025_uitslag.csv turnout fields,provenance/netherlands_tk_normalization_manifest.json
netherlands,tweede_kamer,2025,cbs-gemeentelijke-indeling-2025,municipality,0448,Texel,Texel,Noord-Holland,11071,10489,10416,50,23,94.743022,true,false,field_reconciled_not_promoted,Opkomst can exceed Kiesgerechtigden in island municipalities; denominator wording is not explicit enough for a live turnout factor.,Kiesraad/data.overheid.nl TK2025_uitslag.csv turnout fields,provenance/netherlands_tk_normalization_manifest.json
netherlands,tweede_kamer,2025,cbs-gemeentelijke-indeling-2025,municipality,0450,Uitgeest,Uitgeest,Noord-Holland,10543,9065,9019,29,17,85.98122,true,false,field_reconciled_not_promoted,Opkomst can exceed Kiesgerechtigden in island municipalities; denominator wording is not explicit enough for a live turnout factor.,Kiesraad/data.overheid.nl TK2025_uitslag.csv turnout fields,provenance/netherlands_tk_normalization_manifest.json
netherlands,tweede_kamer,2025,cbs-gemeentelijke-indeling-2025,municipality,0451,Uithoorn,Uithoorn,Noord-Holland,22447,17853,17734,61,58,79.534013,true,false,field_reconciled_not_promoted,Opkomst can exceed Kiesgerechtigden in island municipalities; denominator wording is not explicit enough for a live turnout factor.,Kiesraad/data.overheid.nl TK2025_uitslag.csv turnout fields,provenance/netherlands_tk_normalization_manifest.json
netherlands,tweede_kamer,2025,cbs-gemeentelijke-indeling-2025,municipality,0453,Velsen,Velsen,Noord-Holland,53380,41799,41504,183,112,78.304608,true,false,field_reconciled_not_promoted,Opkomst can exceed Kiesgerechtigden in island municipalities; denominator wording is not explicit enough for a live turnout factor.,Kiesraad/data.overheid.nl TK2025_uitslag.csv turnout fields,provenance/netherlands_tk_normalization_manifest.json
netherlands,tweede_kamer,2025,cbs-gemeentelijke-indeling-2025,municipality,0473,Zandvoort,Zandvoort,Noord-Holland,13481,10558,10482,42,34,78.317632,true,false,field_reconciled_not_promoted,Opkomst can exceed Kiesgerechtigden in island municipalities; denominator wording is not explicit enough for a live turnout factor.,Kiesraad/data.overheid.nl TK2025_uitslag.csv turnout fields,provenance/netherlands_tk_normalization_manifest.json
netherlands,tweede_kamer,2025,cbs-gemeentelijke-indeling-2025,municipality,0479,Zaanstad,Zaanstad,Noord-Holland,115954,83419,82748,390,281,71.94146,true,false,field_reconciled_not_promoted,Opkomst can exceed Kiesgerechtigden in island municipalities; denominator wording is not explicit enough for a live turnout factor.,Kiesraad/data.overheid.nl TK2025_uitslag.csv turnout fields,provenance/netherlands_tk_normalization_manifest.json
netherlands,tweede_kamer,2025,cbs-gemeentelijke-indeling-2025,municipality,0482,Alblasserdam,Alblasserdam,Zuid-Holland,15076,12103,12038,38,27,80.279915,true,false,field_reconciled_not_promoted,Opkomst can exceed Kiesgerechtigden in island municipalities; denominator wording is not explicit enough for a live turnout factor.,Kiesraad/data.overheid.nl TK2025_uitslag.csv turnout fields,provenance/netherlands_tk_normalization_manifest.json
netherlands,tweede_kamer,2025,cbs-gemeentelijke-indeling-2025,municipality,0484,Alphen aan den Rijn,Alphen aan den Rijn,Zuid-Holland,87934,71159,70533,268,358,80.923192,true,false,field_reconciled_not_promoted,Opkomst can exceed Kiesgerechtigden in island municipalities; denominator wording is not explicit enough for a live turnout factor.,Kiesraad/data.overheid.nl TK2025_uitslag.csv turnout fields,provenance/netherlands_tk_normalization_manifest.json
netherlands,tweede_kamer,2025,cbs-gemeentelijke-indeling-2025,municipality,0489,Barendrecht,Barendrecht,Zuid-Holland,37098,29589,29428,99,62,79.759017,true,false,field_reconciled_not_promoted,Opkomst can exceed Kiesgerechtigden in island municipalities; denominator wording is not explicit enough for a live turnout factor.,Kiesraad/data.overheid.nl TK2025_uitslag.csv turnout fields,provenance/netherlands_tk_normalization_manifest.json
netherlands,tweede_kamer,2025,cbs-gemeentelijke-indeling-2025,municipality,0498,Drechterland,Drechterland,Noord-Holland,15811,13146,13076,40,30,83.144646,true,false,field_reconciled_not_promoted,Opkomst can exceed Kiesgerechtigden in island municipalities; denominator wording is not explicit enough for a live turnout factor.,Kiesraad/data.overheid.nl TK2025_uitslag.csv turnout fields,provenance/netherlands_tk_normalization_manifest.json
netherlands,tweede_kamer,2025,cbs-gemeentelijke-indeling-2025,municipality,0502,Capelle aan den IJssel,Capelle aan den IJssel,Zuid-Holland,50921,35356,35101,140,115,69.433043,true,false,field_reconciled_not_promoted,Opkomst can exceed Kiesgerechtigden in island municipalities; denominator wording is not explicit enough for a live turnout factor.,Kiesraad/data.overheid.nl TK2025_uitslag.csv turnout fields,provenance/netherlands_tk_normalization_manifest.json
netherlands,tweede_kamer,2025,cbs-gemeentelijke-indeling-2025,municipality,0503,Delft,Delft,Zuid-Holland,75866,59477,59094,203,180,78.397438,true,false,field_reconciled_not_promoted,Opkomst can exceed Kiesgerechtigden in island municipalities; denominator wording is not explicit enough for a live turnout factor.,Kiesraad/data.overheid.nl TK2025_uitslag.csv turnout fields,provenance/netherlands_tk_normalization_manifest.json
netherlands,tweede_kamer,2025,cbs-gemeentelijke-indeling-2025,municipality,0505,Dordrecht,Dordrecht,Zuid-Holland,91738,67072,66607,288,177,73.11256,true,false,field_reconciled_not_promoted,Opkomst can exceed Kiesgerechtigden in island municipalities; denominator wording is not explicit enough for a live turnout factor.,Kiesraad/data.overheid.nl TK2025_uitslag.csv turnout fields,provenance/netherlands_tk_normalization_manifest.json
netherlands,tweede_kamer,2025,cbs-gemeentelijke-indeling-2025,municipality,0512,Gorinchem,Gorinchem,Zuid-Holland,29243,22634,22481,80,73,77.39972,true,false,field_reconciled_not_promoted,Opkomst can exceed Kiesgerechtigden in island municipalities; denominator wording is not explicit enough for a live turnout factor.,Kiesraad/data.overheid.nl TK2025_uitslag.csv turnout fields,provenance/netherlands_tk_normalization_manifest.json
netherlands,tweede_kamer,2025,cbs-gemeentelijke-indeling-2025,municipality,0513,Gouda,Gouda,Zuid-Holland,57787,45233,44898,182,153,78.275391,true,false,field_reconciled_not_promoted,Opkomst can exceed Kiesgerechtigden in island municipalities; denominator wording is not explicit enough for a live turnout factor.,Kiesraad/data.overheid.nl TK2025_uitslag.csv turnout fields,provenance/netherlands_tk_normalization_manifest.json
netherlands,tweede_kamer,2025,cbs-gemeentelijke-indeling-2025,municipality,0518,'s-Gravenhage,'s-Gravenhage,Zuid-Holland,357702,248100,246000,908,1192,69.359411,true,false,field_reconciled_not_promoted,Opkomst can exceed Kiesgerechtigden in island municipalities; denominator wording is not explicit enough for a live turnout factor.,Kiesraad/data.overheid.nl TK2025_uitslag.csv turnout fields,provenance/netherlands_tk_normalization_manifest.json
netherlands,tweede_kamer,2025,cbs-gemeentelijke-indeling-2025,municipality,0523,Hardinxveld-Giessendam,Hardinxveld-Giessendam,Zuid-Holland,14450,12253,12199,35,19,84.795848,true,false,field_reconciled_not_promoted,Opkomst can exceed Kiesgerechtigden in island municipalities; denominator wording is not explicit enough for a live turnout factor.,Kiesraad/data.overheid.nl TK2025_uitslag.csv turnout fields,provenance/netherlands_tk_normalization_manifest.json
netherlands,tweede_kamer,2025,cbs-gemeentelijke-indeling-2025,municipality,0531,Hendrik-Ido-Ambacht,Hendrik-Ido-Ambacht,Zuid-Holland,24201,20090,19967,76,47,83.013099,true,false,field_reconciled_not_promoted,Opkomst can exceed Kiesgerechtigden in island municipalities; denominator wording is not explicit enough for a live turnout factor.,Kiesraad/data.overheid.nl TK2025_uitslag.csv turnout fields,provenance/netherlands_tk_normalization_manifest.json
netherlands,tweede_kamer,2025,cbs-gemeentelijke-indeling-2025,municipality,0532,Stede Broec,Stede Broec,Noord-Holland,17045,13696,13610,56,30,80.352009,true,false,field_reconciled_not_promoted,Opkomst can exceed Kiesgerechtigden in island municipalities; denominator wording is not explicit enough for a live turnout factor.,Kiesraad/data.overheid.nl TK2025_uitslag.csv turnout fields,provenance/netherlands_tk_normalization_manifest.json
netherlands,tweede_kamer,2025,cbs-gemeentelijke-indeling-2025,municipality,0534,Hillegom,Hillegom,Zuid-Holland,17170,14037,13947,62,28,81.753058,true,false,field_reconciled_not_promoted,Opkomst can exceed Kiesgerechtigden in island municipalities; denominator wording is not explicit enough for a live turnout factor.,Kiesraad/data.overheid.nl TK2025_uitslag.csv turnout fields,provenance/netherlands_tk_normalization_manifest.json
netherlands,tweede_kamer,2025,cbs-gemeentelijke-indeling-2025,municipality,0537,Katwijk,Katwijk,Zuid-Holland,50327,42243,42050,111,82,83.937052,true,false,field_reconciled_not_promoted,Opkomst can exceed Kiesgerechtigden in island municipalities; denominator wording is not explicit enough for a live turnout factor.,Kiesraad/data.overheid.nl TK2025_uitslag.csv turnout fields,provenance/netherlands_tk_normalization_manifest.json
netherlands,tweede_kamer,2025,cbs-gemeentelijke-indeling-2025,municipality,0542,Krimpen aan den IJssel,Krimpen aan den IJssel,Zuid-Holland,22869,18425,18318,63,44,80.567581,true,false,field_reconciled_not_promoted,Opkomst can exceed Kiesgerechtigden in island municipalities; denominator wording is not explicit enough for a live turnout factor.,Kiesraad/data.overheid.nl TK2025_uitslag.csv turnout fields,provenance/netherlands_tk_normalization_manifest.json
netherlands,tweede_kamer,2025,cbs-gemeentelijke-indeling-2025,municipality,0546,Leiden,Leiden,Zuid-Holland,94843,77965,77514,247,204,82.204274,true,false,field_reconciled_not_promoted,Opkomst can exceed Kiesgerechtigden in island municipalities; denominator wording is not explicit enough for a live turnout factor.,Kiesraad/data.overheid.nl TK2025_uitslag.csv turnout fields,provenance/netherlands_tk_normalization_manifest.json
netherlands,tweede_kamer,2025,cbs-gemeentelijke-indeling-2025,municipality,0547,Leiderdorp,Leiderdorp,Zuid-Holland,21110,17523,17427,62,34,83.008053,true,false,field_reconciled_not_promoted,Opkomst can exceed Kiesgerechtigden in island municipalities; denominator wording is not explicit enough for a live turnout factor.,Kiesraad/data.overheid.nl TK2025_uitslag.csv turnout fields,provenance/netherlands_tk_normalization_manifest.json
netherlands,tweede_kamer,2025,cbs-gemeentelijke-indeling-2025,municipality,0553,Lisse,Lisse,Zuid-Holland,18268,15456,15374,55,27,84.606963,true,false,field_reconciled_not_promoted,Opkomst can exceed Kiesgerechtigden in island municipalities; denominator wording is not explicit enough for a live turnout factor.,Kiesraad/data.overheid.nl TK2025_uitslag.csv turnout fields,provenance/netherlands_tk_normalization_manifest.json
netherlands,tweede_kamer,2025,cbs-gemeentelijke-indeling-2025,municipality,0556,Maassluis,Maassluis,Zuid-Holland,27373,20546,20405,84,57,75.059365,true,false,field_reconciled_not_promoted,Opkomst can exceed Kiesgerechtigden in island municipalities; denominator wording is not explicit enough for a live turnout factor.,Kiesraad/data.overheid.nl TK2025_uitslag.csv turnout fields,provenance/netherlands_tk_normalization_manifest.json
netherlands,tweede_kamer,2025,cbs-gemeentelijke-indeling-2025,municipality,0569,Nieuwkoop,Nieuwkoop,Zuid-Holland,22926,19010,18924,55,31,82.918957,true,false,field_reconciled_not_promoted,Opkomst can exceed Kiesgerechtigden in island municipalities; denominator wording is not explicit enough for a live turnout factor.,Kiesraad/data.overheid.nl TK2025_uitslag.csv turnout fields,provenance/netherlands_tk_normalization_manifest.json
netherlands,tweede_kamer,2025,cbs-gemeentelijke-indeling-2025,municipality,0575,Noordwijk,Noordwijk,Zuid-Holland,34674,29007,28842,98,67,83.656342,true,false,field_reconciled_not_promoted,Opkomst can exceed Kiesgerechtigden in island municipalities; denominator wording is not explicit enough for a live turnout factor.,Kiesraad/data.overheid.nl TK2025_uitslag.csv turnout fields,provenance/netherlands_tk_normalization_manifest.json
netherlands,tweede_kamer,2025,cbs-gemeentelijke-indeling-2025,municipality,0579,Oegstgeest,Oegstgeest,Zuid-Holland,18253,15947,15885,42,20,87.36646,true,false,field_reconciled_not_promoted,Opkomst can exceed Kiesgerechtigden in island municipalities; denominator wording is not explicit enough for a live turnout factor.,Kiesraad/data.overheid.nl TK2025_uitslag.csv turnout fields,provenance/netherlands_tk_normalization_manifest.json
netherlands,tweede_kamer,2025,cbs-gemeentelijke-indeling-2025,municipality,0589,Oudewater,Oudewater,Utrecht,8159,7005,6962,30,13,85.85611,true,false,field_reconciled_not_promoted,Opkomst can exceed Kiesgerechtigden in island municipalities; denominator wording is not explicit enough for a live turnout factor.,Kiesraad/data.overheid.nl TK2025_uitslag.csv turnout fields,provenance/netherlands_tk_normalization_manifest.json
netherlands,tweede_kamer,2025,cbs-gemeentelijke-indeling-2025,municipality,0590,Papendrecht,Papendrecht,Zuid-Holland,25123,19856,19731,67,58,79.035147,true,false,field_reconciled_not_promoted,Opkomst can exceed Kiesgerechtigden in island municipalities; denominator wording is not explicit enough for a live turnout factor.,Kiesraad/data.overheid.nl TK2025_uitslag.csv turnout fields,provenance/netherlands_tk_normalization_manifest.json
netherlands,tweede_kamer,2025,cbs-gemeentelijke-indeling-2025,municipality,0597,Ridderkerk,Ridderkerk,Zuid-Holland,37095,28003,27819,112,72,75.489958,true,false,field_reconciled_not_promoted,Opkomst can exceed Kiesgerechtigden in island municipalities; denominator wording is not explicit enough for a live turnout factor.,Kiesraad/data.overheid.nl TK2025_uitslag.csv turnout fields,provenance/netherlands_tk_normalization_manifest.json
netherlands,tweede_kamer,2025,cbs-gemeentelijke-indeling-2025,municipality,0599,Rotterdam,Rotterdam,Zuid-Holland,460532,291356,288732,1174,1450,63.265093,true,false,field_reconciled_not_promoted,Opkomst can exceed Kiesgerechtigden in island municipalities; denominator wording is not explicit enough for a live turnout factor.,Kiesraad/data.overheid.nl TK2025_uitslag.csv turnout fields,provenance/netherlands_tk_normalization_manifest.json
netherlands,tweede_kamer,2025,cbs-gemeentelijke-indeling-2025,municipality,0603,Rijswijk (ZH.),Rijswijk,Zuid-Holland,42767,31464,31240,120,104,73.570744,true,false,field_reconciled_not_promoted,Opkomst can exceed Kiesgerechtigden in island municipalities; denominator wording is not explicit enough for a live turnout factor.,Kiesraad/data.overheid.nl TK2025_uitslag.csv turnout fields,provenance/netherlands_tk_normalization_manifest.json
netherlands,tweede_kamer,2025,cbs-gemeentelijke-indeling-2025,municipality,0606,Schiedam,Schiedam,Zuid-Holland,55976,37890,37581,179,130,67.689724,true,false,field_reconciled_not_promoted,Opkomst can exceed Kiesgerechtigden in island municipalities; denominator wording is not explicit enough for a live turnout factor.,Kiesraad/data.overheid.nl TK2025_uitslag.csv turnout fields,provenance/netherlands_tk_normalization_manifest.json
netherlands,tweede_kamer,2025,cbs-gemeentelijke-indeling-2025,municipality,0610,Sliedrecht,Sliedrecht,Zuid-Holland,20410,15638,15541,64,33,76.619304,true,false,field_reconciled_not_promoted,Opkomst can exceed Kiesgerechtigden in island municipalities; denominator wording is not explicit enough for a live turnout factor.,Kiesraad/data.overheid.nl TK2025_uitslag.csv turnout fields,provenance/netherlands_tk_normalization_manifest.json
netherlands,tweede_kamer,2025,cbs-gemeentelijke-indeling-2025,municipality,0613,Albrandswaard,Albrandswaard,Zuid-Holland,20447,16385,16285,57,43,80.134005,true,false,field_reconciled_not_promoted,Opkomst can exceed Kiesgerechtigden in island municipalities; denominator wording is not explicit enough for a live turnout factor.,Kiesraad/data.overheid.nl TK2025_uitslag.csv turnout fields,provenance/netherlands_tk_normalization_manifest.json
netherlands,tweede_kamer,2025,cbs-gemeentelijke-indeling-2025,municipality,0622,Vlaardingen,Vlaardingen,Zuid-Holland,54908,38106,37816,151,139,69.399723,true,false,field_reconciled_not_promoted,Opkomst can exceed Kiesgerechtigden in island municipalities; denominator wording is not explicit enough for a live turnout factor.,Kiesraad/data.overheid.nl TK2025_uitslag.csv turnout fields,provenance/netherlands_tk_normalization_manifest.json
netherlands,tweede_kamer,2025,cbs-gemeentelijke-indeling-2025,municipality,0626,Voorschoten,Voorschoten,Zuid-Holland,19165,16386,16286,66,34,85.499609,true,false,field_reconciled_not_promoted,Opkomst can exceed Kiesgerechtigden in island municipalities; denominator wording is not explicit enough for a live turnout factor.,Kiesraad/data.overheid.nl TK2025_uitslag.csv turnout fields,provenance/netherlands_tk_normalization_manifest.json
netherlands,tweede_kamer,2025,cbs-gemeentelijke-indeling-2025,municipality,0627,Waddinxveen,Waddinxveen,Zuid-Holland,25574,21083,20969,79,35,82.439196,true,false,field_reconciled_not_promoted,Opkomst can exceed Kiesgerechtigden in island municipalities; denominator wording is not explicit enough for a live turnout factor.,Kiesraad/data.overheid.nl TK2025_uitslag.csv turnout fields,provenance/netherlands_tk_normalization_manifest.json
netherlands,tweede_kamer,2025,cbs-gemeentelijke-indeling-2025,municipality,0629,Wassenaar,Wassenaar,Zuid-Holland,18471,15406,15309,44,53,83.406421,true,false,field_reconciled_not_promoted,Opkomst can exceed Kiesgerechtigden in island municipalities; denominator wording is not explicit enough for a live turnout factor.,Kiesraad/data.overheid.nl TK2025_uitslag.csv turnout fields,provenance/netherlands_tk_normalization_manifest.json
netherlands,tweede_kamer,2025,cbs-gemeentelijke-indeling-2025,municipality,0632,Woerden,Woerden,Utrecht,41118,34518,34352,103,63,83.948636,true,false,field_reconciled_not_promoted,Opkomst can exceed Kiesgerechtigden in island municipalities; denominator wording is not explicit enough for a live turnout factor.,Kiesraad/data.overheid.nl TK2025_uitslag.csv turnout fields,provenance/netherlands_tk_normalization_manifest.json
netherlands,tweede_kamer,2025,cbs-gemeentelijke-indeling-2025,municipality,0637,Zoetermeer,Zoetermeer,Zuid-Holland,97898,72762,72170,373,219,74.324297,true,false,field_reconciled_not_promoted,Opkomst can exceed Kiesgerechtigden in island municipalities; denominator wording is not explicit enough for a live turnout factor.,Kiesraad/data.overheid.nl TK2025_uitslag.csv turnout fields,provenance/netherlands_tk_normalization_manifest.json
netherlands,tweede_kamer,2025,cbs-gemeentelijke-indeling-2025,municipality,0638,Zoeterwoude,Zoeterwoude,Zuid-Holland,8194,6798,6759,29,10,82.963144,true,false,field_reconciled_not_promoted,Opkomst can exceed Kiesgerechtigden in island municipalities; denominator wording is not explicit enough for a live turnout factor.,Kiesraad/data.overheid.nl TK2025_uitslag.csv turnout fields,provenance/netherlands_tk_normalization_manifest.json
netherlands,tweede_kamer,2025,cbs-gemeentelijke-indeling-2025,municipality,0642,Zwijndrecht,Zwijndrecht,Zuid-Holland,34295,25426,25248,110,68,74.139087,true,false,field_reconciled_not_promoted,Opkomst can exceed Kiesgerechtigden in island municipalities; denominator wording is not explicit enough for a live turnout factor.,Kiesraad/data.overheid.nl TK2025_uitslag.csv turnout fields,provenance/netherlands_tk_normalization_manifest.json
netherlands,tweede_kamer,2025,cbs-gemeentelijke-indeling-2025,municipality,0654,Borsele,Borsele,Zeeland,17755,15044,14962,49,33,84.731062,true,false,field_reconciled_not_promoted,Opkomst can exceed Kiesgerechtigden in island municipalities; denominator wording is not explicit enough for a live turnout factor.,Kiesraad/data.overheid.nl TK2025_uitslag.csv turnout fields,provenance/netherlands_tk_normalization_manifest.json
netherlands,tweede_kamer,2025,cbs-gemeentelijke-indeling-2025,municipality,0664,Goes,Goes,Zeeland,31253,24665,24501,100,64,78.920424,true,false,field_reconciled_not_promoted,Opkomst can exceed Kiesgerechtigden in island municipalities; denominator wording is not explicit enough for a live turnout factor.,Kiesraad/data.overheid.nl TK2025_uitslag.csv turnout fields,provenance/netherlands_tk_normalization_manifest.json
netherlands,tweede_kamer,2025,cbs-gemeentelijke-indeling-2025,municipality,0668,West Maas en Waal,West Maas en Waal,Gelderland,16290,13697,13627,57,13,84.082259,true,false,field_reconciled_not_promoted,Opkomst can exceed Kiesgerechtigden in island municipalities; denominator wording is not explicit enough for a live turnout factor.,Kiesraad/data.overheid.nl TK2025_uitslag.csv turnout fields,provenance/netherlands_tk_normalization_manifest.json
netherlands,tweede_kamer,2025,cbs-gemeentelijke-indeling-2025,municipality,0677,Hulst,Hulst,Zeeland,19555,14965,14882,41,42,76.527742,true,false,field_reconciled_not_promoted,Opkomst can exceed Kiesgerechtigden in island municipalities; denominator wording is not explicit enough for a live turnout factor.,Kiesraad/data.overheid.nl TK2025_uitslag.csv turnout fields,provenance/netherlands_tk_normalization_manifest.json
netherlands,tweede_kamer,2025,cbs-gemeentelijke-indeling-2025,municipality,0678,Kapelle,Kapelle,Zeeland,10045,8610,8593,8,9,85.714286,true,false,field_reconciled_not_promoted,Opkomst can exceed Kiesgerechtigden in island municipalities; denominator wording is not explicit enough for a live turnout factor.,Kiesraad/data.overheid.nl TK2025_uitslag.csv turnout fields,provenance/netherlands_tk_normalization_manifest.json
netherlands,tweede_kamer,2025,cbs-gemeentelijke-indeling-2025,municipality,0687,Middelburg (Z.),Middelburg,Zeeland,37766,30025,29845,101,79,79.502727,true,false,field_reconciled_not_promoted,Opkomst can exceed Kiesgerechtigden in island municipalities; denominator wording is not explicit enough for a live turnout factor.,Kiesraad/data.overheid.nl TK2025_uitslag.csv turnout fields,provenance/netherlands_tk_normalization_manifest.json
netherlands,tweede_kamer,2025,cbs-gemeentelijke-indeling-2025,municipality,0703,Reimerswaal,Reimerswaal,Zeeland,16000,13479,13429,25,25,84.24375,true,false,field_reconciled_not_promoted,Opkomst can exceed Kiesgerechtigden in island municipalities; denominator wording is not explicit enough for a live turnout factor.,Kiesraad/data.overheid.nl TK2025_uitslag.csv turnout fields,provenance/netherlands_tk_normalization_manifest.json
netherlands,tweede_kamer,2025,cbs-gemeentelijke-indeling-2025,municipality,0715,Terneuzen,Terneuzen,Zeeland,39737,29218,29049,85,84,73.52845,true,false,field_reconciled_not_promoted,Opkomst can exceed Kiesgerechtigden in island municipalities; denominator wording is not explicit enough for a live turnout factor.,Kiesraad/data.overheid.nl TK2025_uitslag.csv turnout fields,provenance/netherlands_tk_normalization_manifest.json
netherlands,tweede_kamer,2025,cbs-gemeentelijke-indeling-2025,municipality,0716,Tholen,Tholen,Zeeland,20125,16846,16760,36,50,83.706832,true,false,field_reconciled_not_promoted,Opkomst can exceed Kiesgerechtigden in island municipalities; denominator wording is not explicit enough for a live turnout factor.,Kiesraad/data.overheid.nl TK2025_uitslag.csv turnout fields,provenance/netherlands_tk_normalization_manifest.json
netherlands,tweede_kamer,2025,cbs-gemeentelijke-indeling-2025,municipality,0717,Veere,Veere,Zeeland,17125,15228,15161,45,22,88.922628,true,false,field_reconciled_not_promoted,Opkomst can exceed Kiesgerechtigden in island municipalities; denominator wording is not explicit enough for a live turnout factor.,Kiesraad/data.overheid.nl TK2025_uitslag.csv turnout fields,provenance/netherlands_tk_normalization_manifest.json
netherlands,tweede_kamer,2025,cbs-gemeentelijke-indeling-2025,municipality,0718,Vlissingen,Vlissingen,Zeeland,34113,24209,24013,119,77,70.96708,true,false,field_reconciled_not_promoted,Opkomst can exceed Kiesgerechtigden in island municipalities; denominator wording is not explicit enough for a live turnout factor.,Kiesraad/data.overheid.nl TK2025_uitslag.csv turnout fields,provenance/netherlands_tk_normalization_manifest.json
netherlands,tweede_kamer,2025,cbs-gemeentelijke-indeling-2025,municipality,0736,De Ronde Venen,De Ronde Venen,Utrecht,35270,29667,29487,98,82,84.113978,true,false,field_reconciled_not_promoted,Opkomst can exceed Kiesgerechtigden in island municipalities; denominator wording is not explicit enough for a live turnout factor.,Kiesraad/data.overheid.nl TK2025_uitslag.csv turnout fields,provenance/netherlands_tk_normalization_manifest.json
netherlands,tweede_kamer,2025,cbs-gemeentelijke-indeling-2025,municipality,0737,Tytsjerksteradiel,Tytsjerksteradiel,Fryslân,25843,21668,21561,78,29,83.844755,true,false,field_reconciled_not_promoted,Opkomst can exceed Kiesgerechtigden in island municipalities; denominator wording is not explicit enough for a live turnout factor.,Kiesraad/data.overheid.nl TK2025_uitslag.csv turnout fields,provenance/netherlands_tk_normalization_manifest.json
netherlands,tweede_kamer,2025,cbs-gemeentelijke-indeling-2025,municipality,0743,Asten,Asten,Noord-Brabant,13468,11333,11257,53,23,84.147609,true,false,field_reconciled_not_promoted,Opkomst can exceed Kiesgerechtigden in island municipalities; denominator wording is not explicit enough for a live turnout factor.,Kiesraad/data.overheid.nl TK2025_uitslag.csv turnout fields,provenance/netherlands_tk_normalization_manifest.json
netherlands,tweede_kamer,2025,cbs-gemeentelijke-indeling-2025,municipality,0744,Baarle-Nassau,Baarle-Nassau,Noord-Brabant,5591,4530,4512,12,6,81.023073,true,false,field_reconciled_not_promoted,Opkomst can exceed Kiesgerechtigden in island municipalities; denominator wording is not explicit enough for a live turnout factor.,Kiesraad/data.overheid.nl TK2025_uitslag.csv turnout fields,provenance/netherlands_tk_normalization_manifest.json
netherlands,tweede_kamer,2025,cbs-gemeentelijke-indeling-2025,municipality,0748,Bergen op Zoom,Bergen op Zoom,Noord-Brabant,53140,39333,39073,139,121,74.017689,true,false,field_reconciled_not_promoted,Opkomst can exceed Kiesgerechtigden in island municipalities; denominator wording is not explicit enough for a live turnout factor.,Kiesraad/data.overheid.nl TK2025_uitslag.csv turnout fields,provenance/netherlands_tk_normalization_manifest.json
netherlands,tweede_kamer,2025,cbs-gemeentelijke-indeling-2025,municipality,0753,Best,Best,Noord-Brabant,23791,19395,19267,81,47,81.522424,true,false,field_reconciled_not_promoted,Opkomst can exceed Kiesgerechtigden in island municipalities; denominator wording is not explicit enough for a live turnout factor.,Kiesraad/data.overheid.nl TK2025_uitslag.csv turnout fields,provenance/netherlands_tk_normalization_manifest.json
netherlands,tweede_kamer,2025,cbs-gemeentelijke-indeling-2025,municipality,0755,Boekel,Boekel,Noord-Brabant,8931,7415,7334,34,47,83.025417,true,false,field_reconciled_not_promoted,Opkomst can exceed Kiesgerechtigden in island municipalities; denominator wording is not explicit enough for a live turnout factor.,Kiesraad/data.overheid.nl TK2025_uitslag.csv turnout fields,provenance/netherlands_tk_normalization_manifest.json
netherlands,tweede_kamer,2025,cbs-gemeentelijke-indeling-2025,municipality,0757,Boxtel,Boxtel,Noord-Brabant,26467,21236,21086,93,57,80.235765,true,false,field_reconciled_not_promoted,Opkomst can exceed Kiesgerechtigden in island municipalities; denominator wording is not explicit enough for a live turnout factor.,Kiesraad/data.overheid.nl TK2025_uitslag.csv turnout fields,provenance/netherlands_tk_normalization_manifest.json
netherlands,tweede_kamer,2025,cbs-gemeentelijke-indeling-2025,municipality,0758,Breda,Breda,Noord-Brabant,143601,111820,111155,404,261,77.868539,true,false,field_reconciled_not_promoted,Opkomst can exceed Kiesgerechtigden in island municipalities; denominator wording is not explicit enough for a live turnout factor.,Kiesraad/data.overheid.nl TK2025_uitslag.csv turnout fields,provenance/netherlands_tk_normalization_manifest.json
netherlands,tweede_kamer,2025,cbs-gemeentelijke-indeling-2025,municipality,0762,Deurne,Deurne,Noord-Brabant,26003,21128,20965,109,54,81.252163,true,false,field_reconciled_not_promoted,Opkomst can exceed Kiesgerechtigden in island municipalities; denominator wording is not explicit enough for a live turnout factor.,Kiesraad/data.overheid.nl TK2025_uitslag.csv turnout fields,provenance/netherlands_tk_normalization_manifest.json
netherlands,tweede_kamer,2025,cbs-gemeentelijke-indeling-2025,municipality,0765,Pekela,Pekela,Groningen,9709,7106,7045,41,20,73.189824,true,false,field_reconciled_not_promoted,Opkomst can exceed Kiesgerechtigden in island municipalities; denominator wording is not explicit enough for a live turnout factor.,Kiesraad/data.overheid.nl TK2025_uitslag.csv turnout fields,provenance/netherlands_tk_normalization_manifest.json
netherlands,tweede_kamer,2025,cbs-gemeentelijke-indeling-2025,municipality,0766,Dongen,Dongen,Noord-Brabant,21354,16878,16771,66,41,79.039056,true,false,field_reconciled_not_promoted,Opkomst can exceed Kiesgerechtigden in island municipalities; denominator wording is not explicit enough for a live turnout factor.,Kiesraad/data.overheid.nl TK2025_uitslag.csv turnout fields,provenance/netherlands_tk_normalization_manifest.json
netherlands,tweede_kamer,2025,cbs-gemeentelijke-indeling-2025,municipality,0770,Eersel,Eersel,Noord-Brabant,15979,13306,13226,51,29,83.271794,true,false,field_reconciled_not_promoted,Opkomst can exceed Kiesgerechtigden in island municipalities; denominator wording is not explicit enough for a live turnout factor.,Kiesraad/data.overheid.nl TK2025_uitslag.csv turnout fields,provenance/netherlands_tk_normalization_manifest.json
netherlands,tweede_kamer,2025,cbs-gemeentelijke-indeling-2025,municipality,0772,Eindhoven,Eindhoven,Noord-Brabant,164065,119068,118104,528,436,72.573675,true,false,field_reconciled_not_promoted,Opkomst can exceed Kiesgerechtigden in island municipalities; denominator wording is not explicit enough for a live turnout factor.,Kiesraad/data.overheid.nl TK2025_uitslag.csv turnout fields,provenance/netherlands_tk_normalization_manifest.json
netherlands,tweede_kamer,2025,cbs-gemeentelijke-indeling-2025,municipality,0777,Etten-Leur,Etten-Leur,Noord-Brabant,34882,27117,26949,111,57,77.739235,true,false,field_reconciled_not_promoted,Opkomst can exceed Kiesgerechtigden in island municipalities; denominator wording is not explicit enough for a live turnout factor.,Kiesraad/data.overheid.nl TK2025_uitslag.csv turnout fields,provenance/netherlands_tk_normalization_manifest.json
netherlands,tweede_kamer,2025,cbs-gemeentelijke-indeling-2025,municipality,0779,Geertruidenberg,Geertruidenberg,Noord-Brabant,17325,13609,13526,57,26,78.551227,true,false,field_reconciled_not_promoted,Opkomst can exceed Kiesgerechtigden in island municipalities; denominator wording is not explicit enough for a live turnout factor.,Kiesraad/data.overheid.nl TK2025_uitslag.csv turnout fields,provenance/netherlands_tk_normalization_manifest.json
netherlands,tweede_kamer,2025,cbs-gemeentelijke-indeling-2025,municipality,0784,Gilze en Rijen,Gilze en Rijen,Noord-Brabant,20730,16721,16588,90,43,80.660878,true,false,field_reconciled_not_promoted,Opkomst can exceed Kiesgerechtigden in island municipalities; denominator wording is not explicit enough for a live turnout factor.,Kiesraad/data.overheid.nl TK2025_uitslag.csv turnout fields,provenance/netherlands_tk_normalization_manifest.json
netherlands,tweede_kamer,2025,cbs-gemeentelijke-indeling-2025,municipality,0785,Goirle,Goirle,Noord-Brabant,19344,15954,15859,69,26,82.475186,true,false,field_reconciled_not_promoted,Opkomst can exceed Kiesgerechtigden in island municipalities; denominator wording is not explicit enough for a live turnout factor.,Kiesraad/data.overheid.nl TK2025_uitslag.csv turnout fields,provenance/netherlands_tk_normalization_manifest.json
netherlands,tweede_kamer,2025,cbs-gemeentelijke-indeling-2025,municipality,0794,Helmond,Helmond,Noord-Brabant,69269,50468,50131,216,121,72.857988,true,false,field_reconciled_not_promoted,Opkomst can exceed Kiesgerechtigden in island municipalities; denominator wording is not explicit enough for a live turnout factor.,Kiesraad/data.overheid.nl TK2025_uitslag.csv turnout fields,provenance/netherlands_tk_normalization_manifest.json
netherlands,tweede_kamer,2025,cbs-gemeentelijke-indeling-2025,municipality,0796,'s-Hertogenbosch,'s-Hertogenbosch,Noord-Brabant,124189,99252,98658,338,256,79.920122,true,false,field_reconciled_not_promoted,Opkomst can exceed Kiesgerechtigden in island municipalities; denominator wording is not explicit enough for a live turnout factor.,Kiesraad/data.overheid.nl TK2025_uitslag.csv turnout fields,provenance/netherlands_tk_normalization_manifest.json
netherlands,tweede_kamer,2025,cbs-gemeentelijke-indeling-2025,municipality,0797,Heusden,Heusden,Noord-Brabant,35642,29033,28857,110,66,81.45727,true,false,field_reconciled_not_promoted,Opkomst can exceed Kiesgerechtigden in island municipalities; denominator wording is not explicit enough for a live turnout factor.,Kiesraad/data.overheid.nl TK2025_uitslag.csv turnout fields,provenance/netherlands_tk_normalization_manifest.json
netherlands,tweede_kamer,2025,cbs-gemeentelijke-indeling-2025,municipality,0798,Hilvarenbeek,Hilvarenbeek,Noord-Brabant,13011,11264,11212,26,26,86.5729,true,false,field_reconciled_not_promoted,Opkomst can exceed Kiesgerechtigden in island municipalities; denominator wording is not explicit enough for a live turnout factor.,Kiesraad/data.overheid.nl TK2025_uitslag.csv turnout fields,provenance/netherlands_tk_normalization_manifest.json
netherlands,tweede_kamer,2025,cbs-gemeentelijke-indeling-2025,municipality,0809,Loon op Zand,Loon op Zand,Noord-Brabant,18875,15198,15105,66,27,80.519205,true,false,field_reconciled_not_promoted,Opkomst can exceed Kiesgerechtigden in island municipalities; denominator wording is not explicit enough for a live turnout factor.,Kiesraad/data.overheid.nl TK2025_uitslag.csv turnout fields,provenance/netherlands_tk_normalization_manifest.json
netherlands,tweede_kamer,2025,cbs-gemeentelijke-indeling-2025,municipality,0820,"Nuenen, Gerwen en Nederwetten","Nuenen, Gerwen en Nederwetten",Noord-Brabant,18847,16306,16223,56,27,86.517748,true,false,field_reconciled_not_promoted,Opkomst can exceed Kiesgerechtigden in island municipalities; denominator wording is not explicit enough for a live turnout factor.,Kiesraad/data.overheid.nl TK2025_uitslag.csv turnout fields,provenance/netherlands_tk_normalization_manifest.json
netherlands,tweede_kamer,2025,cbs-gemeentelijke-indeling-2025,municipality,0823,Oirschot,Oirschot,Noord-Brabant,15681,13268,13173,62,33,84.611951,true,false,field_reconciled_not_promoted,Opkomst can exceed Kiesgerechtigden in island municipalities; denominator wording is not explicit enough for a live turnout factor.,Kiesraad/data.overheid.nl TK2025_uitslag.csv turnout fields,provenance/netherlands_tk_normalization_manifest.json
netherlands,tweede_kamer,2025,cbs-gemeentelijke-indeling-2025,municipality,0824,Oisterwijk,Oisterwijk,Noord-Brabant,25906,21759,21656,79,24,83.992125,true,false,field_reconciled_not_promoted,Opkomst can exceed Kiesgerechtigden in island municipalities; denominator wording is not explicit enough for a live turnout factor.,Kiesraad/data.overheid.nl TK2025_uitslag.csv turnout fields,provenance/netherlands_tk_normalization_manifest.json
netherlands,tweede_kamer,2025,cbs-gemeentelijke-indeling-2025,municipality,0826,Oosterhout,Oosterhout,Noord-Brabant,45105,34567,34377,131,59,76.636737,true,false,field_reconciled_not_promoted,Opkomst can exceed Kiesgerechtigden in island municipalities; denominator wording is not explicit enough for a live turnout factor.,Kiesraad/data.overheid.nl TK2025_uitslag.csv turnout fields,provenance/netherlands_tk_normalization_manifest.json
netherlands,tweede_kamer,2025,cbs-gemeentelijke-indeling-2025,municipality,0828,Oss,Oss,Noord-Brabant,71971,56251,55857,253,141,78.157869,true,false,field_reconciled_not_promoted,Opkomst can exceed Kiesgerechtigden in island municipalities; denominator wording is not explicit enough for a live turnout factor.,Kiesraad/data.overheid.nl TK2025_uitslag.csv turnout fields,provenance/netherlands_tk_normalization_manifest.json
netherlands,tweede_kamer,2025,cbs-gemeentelijke-indeling-2025,municipality,0840,Rucphen,Rucphen,Noord-Brabant,19080,14730,14663,41,26,77.201258,true,false,field_reconciled_not_promoted,Opkomst can exceed Kiesgerechtigden in island municipalities; denominator wording is not explicit enough for a live turnout factor.,Kiesraad/data.overheid.nl TK2025_uitslag.csv turnout fields,provenance/netherlands_tk_normalization_manifest.json
netherlands,tweede_kamer,2025,cbs-gemeentelijke-indeling-2025,municipality,0845,Sint-Michielsgestel,Sint-Michielsgestel,Noord-Brabant,23599,20102,20016,48,38,85.181575,true,false,field_reconciled_not_promoted,Opkomst can exceed Kiesgerechtigden in island municipalities; denominator wording is not explicit enough for a live turnout factor.,Kiesraad/data.overheid.nl TK2025_uitslag.csv turnout fields,provenance/netherlands_tk_normalization_manifest.json
netherlands,tweede_kamer,2025,cbs-gemeentelijke-indeling-2025,municipality,0847,Someren,Someren,Noord-Brabant,15652,12925,12842,60,23,82.577306,true,false,field_reconciled_not_promoted,Opkomst can exceed Kiesgerechtigden in island municipalities; denominator wording is not explicit enough for a live turnout factor.,Kiesraad/data.overheid.nl TK2025_uitslag.csv turnout fields,provenance/netherlands_tk_normalization_manifest.json
netherlands,tweede_kamer,2025,cbs-gemeentelijke-indeling-2025,municipality,0848,Son en Breugel,Son en Breugel,Noord-Brabant,13711,11528,11466,44,18,84.078477,true,false,field_reconciled_not_promoted,Opkomst can exceed Kiesgerechtigden in island municipalities; denominator wording is not explicit enough for a live turnout factor.,Kiesraad/data.overheid.nl TK2025_uitslag.csv turnout fields,provenance/netherlands_tk_normalization_manifest.json
netherlands,tweede_kamer,2025,cbs-gemeentelijke-indeling-2025,municipality,0851,Steenbergen,Steenbergen,Noord-Brabant,18956,14736,14651,58,27,77.737919,true,false,field_reconciled_not_promoted,Opkomst can exceed Kiesgerechtigden in island municipalities; denominator wording is not explicit enough for a live turnout factor.,Kiesraad/data.overheid.nl TK2025_uitslag.csv turnout fields,provenance/netherlands_tk_normalization_manifest.json
netherlands,tweede_kamer,2025,cbs-gemeentelijke-indeling-2025,municipality,0852,Waterland,Waterland,Noord-Holland,13611,11876,11803,32,41,87.252957,true,false,field_reconciled_not_promoted,Opkomst can exceed Kiesgerechtigden in island municipalities; denominator wording is not explicit enough for a live turnout factor.,Kiesraad/data.overheid.nl TK2025_uitslag.csv turnout fields,provenance/netherlands_tk_normalization_manifest.json
netherlands,tweede_kamer,2025,cbs-gemeentelijke-indeling-2025,municipality,0855,Tilburg,Tilburg,Noord-Brabant,167078,121638,120702,585,351,72.803122,true,false,field_reconciled_not_promoted,Opkomst can exceed Kiesgerechtigden in island municipalities; denominator wording is not explicit enough for a live turnout factor.,Kiesraad/data.overheid.nl TK2025_uitslag.csv turnout fields,provenance/netherlands_tk_normalization_manifest.json
netherlands,tweede_kamer,2025,cbs-gemeentelijke-indeling-2025,municipality,0858,Valkenswaard,Valkenswaard,Noord-Brabant,25000,19902,19767,82,53,79.608,true,false,field_reconciled_not_promoted,Opkomst can exceed Kiesgerechtigden in island municipalities; denominator wording is not explicit enough for a live turnout factor.,Kiesraad/data.overheid.nl TK2025_uitslag.csv turnout fields,provenance/netherlands_tk_normalization_manifest.json
netherlands,tweede_kamer,2025,cbs-gemeentelijke-indeling-2025,municipality,0861,Veldhoven,Veldhoven,Noord-Brabant,34909,27976,27785,121,70,80.139792,true,false,field_reconciled_not_promoted,Opkomst can exceed Kiesgerechtigden in island municipalities; denominator wording is not explicit enough for a live turnout factor.,Kiesraad/data.overheid.nl TK2025_uitslag.csv turnout fields,provenance/netherlands_tk_normalization_manifest.json
netherlands,tweede_kamer,2025,cbs-gemeentelijke-indeling-2025,municipality,0865,Vught,Vught,Noord-Brabant,25290,20921,20814,68,39,82.724397,true,false,field_reconciled_not_promoted,Opkomst can exceed Kiesgerechtigden in island municipalities; denominator wording is not explicit enough for a live turnout factor.,Kiesraad/data.overheid.nl TK2025_uitslag.csv turnout fields,provenance/netherlands_tk_normalization_manifest.json
netherlands,tweede_kamer,2025,cbs-gemeentelijke-indeling-2025,municipality,0866,Waalre,Waalre,Noord-Brabant,13184,11207,11149,32,26,85.004551,true,false,field_reconciled_not_promoted,Opkomst can exceed Kiesgerechtigden in island municipalities; denominator wording is not explicit enough for a live turnout factor.,Kiesraad/data.overheid.nl TK2025_uitslag.csv turnout fields,provenance/netherlands_tk_normalization_manifest.json
netherlands,tweede_kamer,2025,cbs-gemeentelijke-indeling-2025,municipality,0867,Waalwijk,Waalwijk,Noord-Brabant,37788,29228,29041,123,64,77.347306,true,false,field_reconciled_not_promoted,Opkomst can exceed Kiesgerechtigden in island municipalities; denominator wording is not explicit enough for a live turnout factor.,Kiesraad/data.overheid.nl TK2025_uitslag.csv turnout fields,provenance/netherlands_tk_normalization_manifest.json
netherlands,tweede_kamer,2025,cbs-gemeentelijke-indeling-2025,municipality,0873,Woensdrecht,Woensdrecht,Noord-Brabant,16247,12570,12504,45,21,77.36813,true,false,field_reconciled_not_promoted,Opkomst can exceed Kiesgerechtigden in island municipalities; denominator wording is not explicit enough for a live turnout factor.,Kiesraad/data.overheid.nl TK2025_uitslag.csv turnout fields,provenance/netherlands_tk_normalization_manifest.json
netherlands,tweede_kamer,2025,cbs-gemeentelijke-indeling-2025,municipality,0879,Zundert,Zundert,Noord-Brabant,17537,14155,14072,51,32,80.71506,true,false,field_reconciled_not_promoted,Opkomst can exceed Kiesgerechtigden in island municipalities; denominator wording is not explicit enough for a live turnout factor.,Kiesraad/data.overheid.nl TK2025_uitslag.csv turnout fields,provenance/netherlands_tk_normalization_manifest.json
netherlands,tweede_kamer,2025,cbs-gemeentelijke-indeling-2025,municipality,0880,Wormerland,Wormerland,Noord-Holland,12963,10660,10600,38,22,82.234051,true,false,field_reconciled_not_promoted,Opkomst can exceed Kiesgerechtigden in island municipalities; denominator wording is not explicit enough for a live turnout factor.,Kiesraad/data.overheid.nl TK2025_uitslag.csv turnout fields,provenance/netherlands_tk_normalization_manifest.json
netherlands,tweede_kamer,2025,cbs-gemeentelijke-indeling-2025,municipality,0882,Landgraaf,Landgraaf,Limburg,29470,21563,21395,114,54,73.169325,true,false,field_reconciled_not_promoted,Opkomst can exceed Kiesgerechtigden in island municipalities; denominator wording is not explicit enough for a live turnout factor.,Kiesraad/data.overheid.nl TK2025_uitslag.csv turnout fields,provenance/netherlands_tk_normalization_manifest.json
netherlands,tweede_kamer,2025,cbs-gemeentelijke-indeling-2025,municipality,0888,Beek (L.),Beek,Limburg,12885,10175,10097,54,24,78.967792,true,false,field_reconciled_not_promoted,Opkomst can exceed Kiesgerechtigden in island municipalities; denominator wording is not explicit enough for a live turnout factor.,Kiesraad/data.overheid.nl TK2025_uitslag.csv turnout fields,provenance/netherlands_tk_normalization_manifest.json
netherlands,tweede_kamer,2025,cbs-gemeentelijke-indeling-2025,municipality,0889,Beesel,Beesel,Limburg,10707,8115,8058,41,16,75.791538,true,false,field_reconciled_not_promoted,Opkomst can exceed Kiesgerechtigden in island municipalities; denominator wording is not explicit enough for a live turnout factor.,Kiesraad/data.overheid.nl TK2025_uitslag.csv turnout fields,provenance/netherlands_tk_normalization_manifest.json
netherlands,tweede_kamer,2025,cbs-gemeentelijke-indeling-2025,municipality,0893,Bergen (L.),Bergen (L),Limburg,10625,8436,8371,39,26,79.397647,true,false,field_reconciled_not_promoted,Opkomst can exceed Kiesgerechtigden in island municipalities; denominator wording is not explicit enough for a live turnout factor.,Kiesraad/data.overheid.nl TK2025_uitslag.csv turnout fields,provenance/netherlands_tk_normalization_manifest.json
netherlands,tweede_kamer,2025,cbs-gemeentelijke-indeling-2025,municipality,0899,Brunssum,Brunssum,Limburg,22216,15512,15395,82,35,69.823551,true,false,field_reconciled_not_promoted,Opkomst can exceed Kiesgerechtigden in island municipalities; denominator wording is not explicit enough for a live turnout factor.,Kiesraad/data.overheid.nl TK2025_uitslag.csv turnout fields,provenance/netherlands_tk_normalization_manifest.json
netherlands,tweede_kamer,2025,cbs-gemeentelijke-indeling-2025,municipality,0907,Gennep,Gennep,Limburg,14093,10969,10897,46,26,77.832967,true,false,field_reconciled_not_promoted,Opkomst can exceed Kiesgerechtigden in island municipalities; denominator wording is not explicit enough for a live turnout factor.,Kiesraad/data.overheid.nl TK2025_uitslag.csv turnout fields,provenance/netherlands_tk_normalization_manifest.json
netherlands,tweede_kamer,2025,cbs-gemeentelijke-indeling-2025,municipality,0917,Heerlen,Heerlen,Limburg,67580,44491,44113,243,135,65.834566,true,false,field_reconciled_not_promoted,Opkomst can exceed Kiesgerechtigden in island municipalities; denominator wording is not explicit enough for a live turnout factor.,Kiesraad/data.overheid.nl TK2025_uitslag.csv turnout fields,provenance/netherlands_tk_normalization_manifest.json
netherlands,tweede_kamer,2025,cbs-gemeentelijke-indeling-2025,municipality,0928,Kerkrade,Kerkrade,Limburg,33803,23051,22883,105,63,68.192172,true,false,field_reconciled_not_promoted,Opkomst can exceed Kiesgerechtigden in island municipalities; denominator wording is not explicit enough for a live turnout factor.,Kiesraad/data.overheid.nl TK2025_uitslag.csv turnout fields,provenance/netherlands_tk_normalization_manifest.json
netherlands,tweede_kamer,2025,cbs-gemeentelijke-indeling-2025,municipality,0935,Maastricht,Maastricht,Limburg,85819,63854,63401,281,172,74.405435,true,false,field_reconciled_not_promoted,Opkomst can exceed Kiesgerechtigden in island municipalities; denominator wording is not explicit enough for a live turnout factor.,Kiesraad/data.overheid.nl TK2025_uitslag.csv turnout fields,provenance/netherlands_tk_normalization_manifest.json
netherlands,tweede_kamer,2025,cbs-gemeentelijke-indeling-2025,municipality,0938,Meerssen,Meerssen,Limburg,14918,12163,12072,55,36,81.532377,true,false,field_reconciled_not_promoted,Opkomst can exceed Kiesgerechtigden in island municipalities; denominator wording is not explicit enough for a live turnout factor.,Kiesraad/data.overheid.nl TK2025_uitslag.csv turnout fields,provenance/netherlands_tk_normalization_manifest.json
netherlands,tweede_kamer,2025,cbs-gemeentelijke-indeling-2025,municipality,0944,Mook en Middelaar,Mook en Middelaar,Limburg,6612,5743,5699,29,15,86.857229,true,false,field_reconciled_not_promoted,Opkomst can exceed Kiesgerechtigden in island municipalities; denominator wording is not explicit enough for a live turnout factor.,Kiesraad/data.overheid.nl TK2025_uitslag.csv turnout fields,provenance/netherlands_tk_normalization_manifest.json
netherlands,tweede_kamer,2025,cbs-gemeentelijke-indeling-2025,municipality,0946,Nederweert,Nederweert,Limburg,13768,11163,11088,62,13,81.079314,true,false,field_reconciled_not_promoted,Opkomst can exceed Kiesgerechtigden in island municipalities; denominator wording is not explicit enough for a live turnout factor.,Kiesraad/data.overheid.nl TK2025_uitslag.csv turnout fields,provenance/netherlands_tk_normalization_manifest.json
netherlands,tweede_kamer,2025,cbs-gemeentelijke-indeling-2025,municipality,0957,Roermond,Roermond,Limburg,45703,32549,32292,185,72,71.21852,true,false,field_reconciled_not_promoted,Opkomst can exceed Kiesgerechtigden in island municipalities; denominator wording is not explicit enough for a live turnout factor.,Kiesraad/data.overheid.nl TK2025_uitslag.csv turnout fields,provenance/netherlands_tk_normalization_manifest.json
netherlands,tweede_kamer,2025,cbs-gemeentelijke-indeling-2025,municipality,0965,Simpelveld,Simpelveld,Limburg,8117,6417,6374,36,7,79.056302,true,false,field_reconciled_not_promoted,Opkomst can exceed Kiesgerechtigden in island municipalities; denominator wording is not explicit enough for a live turnout factor.,Kiesraad/data.overheid.nl TK2025_uitslag.csv turnout fields,provenance/netherlands_tk_normalization_manifest.json
netherlands,tweede_kamer,2025,cbs-gemeentelijke-indeling-2025,municipality,0971,Stein (L.),Stein,Limburg,20334,15787,15526,90,171,77.638438,true,false,field_reconciled_not_promoted,Opkomst can exceed Kiesgerechtigden in island municipalities; denominator wording is not explicit enough for a live turnout factor.,Kiesraad/data.overheid.nl TK2025_uitslag.csv turnout fields,provenance/netherlands_tk_normalization_manifest.json
netherlands,tweede_kamer,2025,cbs-gemeentelijke-indeling-2025,municipality,0981,Vaals,Vaals,Limburg,5809,4230,4189,23,18,72.818041,true,false,field_reconciled_not_promoted,Opkomst can exceed Kiesgerechtigden in island municipalities; denominator wording is not explicit enough for a live turnout factor.,Kiesraad/data.overheid.nl TK2025_uitslag.csv turnout fields,provenance/netherlands_tk_normalization_manifest.json
netherlands,tweede_kamer,2025,cbs-gemeentelijke-indeling-2025,municipality,0983,Venlo,Venlo,Limburg,75521,55866,55457,262,147,73.974126,true,false,field_reconciled_not_promoted,Opkomst can exceed Kiesgerechtigden in island municipalities; denominator wording is not explicit enough for a live turnout factor.,Kiesraad/data.overheid.nl TK2025_uitslag.csv turnout fields,provenance/netherlands_tk_normalization_manifest.json
netherlands,tweede_kamer,2025,cbs-gemeentelijke-indeling-2025,municipality,0984,Venray,Venray,Limburg,34069,26420,26220,131,69,77.548505,true,false,field_reconciled_not_promoted,Opkomst can exceed Kiesgerechtigden in island municipalities; denominator wording is not explicit enough for a live turnout factor.,Kiesraad/data.overheid.nl TK2025_uitslag.csv turnout fields,provenance/netherlands_tk_normalization_manifest.json
netherlands,tweede_kamer,2025,cbs-gemeentelijke-indeling-2025,municipality,0986,Voerendaal,Voerendaal,Limburg,9979,8198,8145,41,12,82.15252,true,false,field_reconciled_not_promoted,Opkomst can exceed Kiesgerechtigden in island municipalities; denominator wording is not explicit enough for a live turnout factor.,Kiesraad/data.overheid.nl TK2025_uitslag.csv turnout fields,provenance/netherlands_tk_normalization_manifest.json
netherlands,tweede_kamer,2025,cbs-gemeentelijke-indeling-2025,municipality,0988,Weert,Weert,Limburg,39682,30122,29910,147,65,75.908472,true,false,field_reconciled_not_promoted,Opkomst can exceed Kiesgerechtigden in island municipalities; denominator wording is not explicit enough for a live turnout factor.,Kiesraad/data.overheid.nl TK2025_uitslag.csv turnout fields,provenance/netherlands_tk_normalization_manifest.json
netherlands,tweede_kamer,2025,cbs-gemeentelijke-indeling-2025,municipality,0994,Valkenburg aan de Geul,Valkenburg aan de Geul,Limburg,13259,10789,10706,59,24,81.371144,true,false,field_reconciled_not_promoted,Opkomst can exceed Kiesgerechtigden in island municipalities; denominator wording is not explicit enough for a live turnout factor.,Kiesraad/data.overheid.nl TK2025_uitslag.csv turnout fields,provenance/netherlands_tk_normalization_manifest.json
netherlands,tweede_kamer,2025,cbs-gemeentelijke-indeling-2025,municipality,0995,Lelystad,Lelystad,Flevoland,59965,41493,41079,259,155,69.195364,true,false,field_reconciled_not_promoted,Opkomst can exceed Kiesgerechtigden in island municipalities; denominator wording is not explicit enough for a live turnout factor.,Kiesraad/data.overheid.nl TK2025_uitslag.csv turnout fields,provenance/netherlands_tk_normalization_manifest.json
netherlands,tweede_kamer,2025,cbs-gemeentelijke-indeling-2025,municipality,1507,Horst aan de Maas,Horst aan de Maas,Limburg,33985,27910,27726,119,65,82.124467,true,false,field_reconciled_not_promoted,Opkomst can exceed Kiesgerechtigden in island municipalities; denominator wording is not explicit enough for a live turnout factor.,Kiesraad/data.overheid.nl TK2025_uitslag.csv turnout fields,provenance/netherlands_tk_normalization_manifest.json
netherlands,tweede_kamer,2025,cbs-gemeentelijke-indeling-2025,municipality,1509,Oude IJsselstreek,Oude IJsselstreek,Gelderland,32132,25930,25795,88,47,80.698369,true,false,field_reconciled_not_promoted,Opkomst can exceed Kiesgerechtigden in island municipalities; denominator wording is not explicit enough for a live turnout factor.,Kiesraad/data.overheid.nl TK2025_uitslag.csv turnout fields,provenance/netherlands_tk_normalization_manifest.json
netherlands,tweede_kamer,2025,cbs-gemeentelijke-indeling-2025,municipality,1525,Teylingen,Teylingen,Zuid-Holland,29462,25155,25054,63,38,85.381169,true,false,field_reconciled_not_promoted,Opkomst can exceed Kiesgerechtigden in island municipalities; denominator wording is not explicit enough for a live turnout factor.,Kiesraad/data.overheid.nl TK2025_uitslag.csv turnout fields,provenance/netherlands_tk_normalization_manifest.json
netherlands,tweede_kamer,2025,cbs-gemeentelijke-indeling-2025,municipality,1581,Utrechtse Heuvelrug,Utrechtse Heuvelrug,Utrecht,39652,33962,33776,108,78,85.650156,true,false,field_reconciled_not_promoted,Opkomst can exceed Kiesgerechtigden in island municipalities; denominator wording is not explicit enough for a live turnout factor.,Kiesraad/data.overheid.nl TK2025_uitslag.csv turnout fields,provenance/netherlands_tk_normalization_manifest.json
netherlands,tweede_kamer,2025,cbs-gemeentelijke-indeling-2025,municipality,1586,Oost Gelre,Oost Gelre,Gelderland,24127,20608,20488,81,39,85.414681,true,false,field_reconciled_not_promoted,Opkomst can exceed Kiesgerechtigden in island municipalities; denominator wording is not explicit enough for a live turnout factor.,Kiesraad/data.overheid.nl TK2025_uitslag.csv turnout fields,provenance/netherlands_tk_normalization_manifest.json
netherlands,tweede_kamer,2025,cbs-gemeentelijke-indeling-2025,municipality,1598,Koggenland,Koggenland,Noord-Holland,18686,15635,15554,52,29,83.672268,true,false,field_reconciled_not_promoted,Opkomst can exceed Kiesgerechtigden in island municipalities; denominator wording is not explicit enough for a live turnout factor.,Kiesraad/data.overheid.nl TK2025_uitslag.csv turnout fields,provenance/netherlands_tk_normalization_manifest.json
netherlands,tweede_kamer,2025,cbs-gemeentelijke-indeling-2025,municipality,1621,Lansingerland,Lansingerland,Zuid-Holland,48166,40397,40188,130,79,83.870365,true,false,field_reconciled_not_promoted,Opkomst can exceed Kiesgerechtigden in island municipalities; denominator wording is not explicit enough for a live turnout factor.,Kiesraad/data.overheid.nl TK2025_uitslag.csv turnout fields,provenance/netherlands_tk_normalization_manifest.json
netherlands,tweede_kamer,2025,cbs-gemeentelijke-indeling-2025,municipality,1640,Leudal,Leudal,Limburg,28557,22706,22557,107,42,79.511153,true,false,field_reconciled_not_promoted,Opkomst can exceed Kiesgerechtigden in island municipalities; denominator wording is not explicit enough for a live turnout factor.,Kiesraad/data.overheid.nl TK2025_uitslag.csv turnout fields,provenance/netherlands_tk_normalization_manifest.json
netherlands,tweede_kamer,2025,cbs-gemeentelijke-indeling-2025,municipality,1641,Maasgouw,Maasgouw,Limburg,19771,14996,14899,69,28,75.848465,true,false,field_reconciled_not_promoted,Opkomst can exceed Kiesgerechtigden in island municipalities; denominator wording is not explicit enough for a live turnout factor.,Kiesraad/data.overheid.nl TK2025_uitslag.csv turnout fields,provenance/netherlands_tk_normalization_manifest.json
netherlands,tweede_kamer,2025,cbs-gemeentelijke-indeling-2025,municipality,1652,Gemert-Bakel,Gemert-Bakel,Noord-Brabant,24109,19623,19492,91,40,81.392841,true,false,field_reconciled_not_promoted,Opkomst can exceed Kiesgerechtigden in island municipalities; denominator wording is not explicit enough for a live turnout factor.,Kiesraad/data.overheid.nl TK2025_uitslag.csv turnout fields,provenance/netherlands_tk_normalization_manifest.json
netherlands,tweede_kamer,2025,cbs-gemeentelijke-indeling-2025,municipality,1655,Halderberge,Halderberge,Noord-Brabant,24289,18758,18651,71,36,77.228375,true,false,field_reconciled_not_promoted,Opkomst can exceed Kiesgerechtigden in island municipalities; denominator wording is not explicit enough for a live turnout factor.,Kiesraad/data.overheid.nl TK2025_uitslag.csv turnout fields,provenance/netherlands_tk_normalization_manifest.json
netherlands,tweede_kamer,2025,cbs-gemeentelijke-indeling-2025,municipality,1658,Heeze-Leende,Heeze-Leende,Noord-Brabant,13450,11446,11365,56,25,85.100372,true,false,field_reconciled_not_promoted,Opkomst can exceed Kiesgerechtigden in island municipalities; denominator wording is not explicit enough for a live turnout factor.,Kiesraad/data.overheid.nl TK2025_uitslag.csv turnout fields,provenance/netherlands_tk_normalization_manifest.json
netherlands,tweede_kamer,2025,cbs-gemeentelijke-indeling-2025,municipality,1659,Laarbeek,Laarbeek,Noord-Brabant,18336,14942,14821,80,41,81.489965,true,false,field_reconciled_not_promoted,Opkomst can exceed Kiesgerechtigden in island municipalities; denominator wording is not explicit enough for a live turnout factor.,Kiesraad/data.overheid.nl TK2025_uitslag.csv turnout fields,provenance/netherlands_tk_normalization_manifest.json
netherlands,tweede_kamer,2025,cbs-gemeentelijke-indeling-2025,municipality,1667,Reusel-De Mierden,Reusel-De Mierden,Noord-Brabant,10568,8752,8706,31,15,82.816048,true,false,field_reconciled_not_promoted,Opkomst can exceed Kiesgerechtigden in island municipalities; denominator wording is not explicit enough for a live turnout factor.,Kiesraad/data.overheid.nl TK2025_uitslag.csv turnout fields,provenance/netherlands_tk_normalization_manifest.json
netherlands,tweede_kamer,2025,cbs-gemeentelijke-indeling-2025,municipality,1669,Roerdalen,Roerdalen,Limburg,16505,12946,12847,66,33,78.436837,true,false,field_reconciled_not_promoted,Opkomst can exceed Kiesgerechtigden in island municipalities; denominator wording is not explicit enough for a live turnout factor.,Kiesraad/data.overheid.nl TK2025_uitslag.csv turnout fields,provenance/netherlands_tk_normalization_manifest.json
netherlands,tweede_kamer,2025,cbs-gemeentelijke-indeling-2025,municipality,1674,Roosendaal,Roosendaal,Noord-Brabant,57916,42159,41928,112,119,72.793356,true,false,field_reconciled_not_promoted,Opkomst can exceed Kiesgerechtigden in island municipalities; denominator wording is not explicit enough for a live turnout factor.,Kiesraad/data.overheid.nl TK2025_uitslag.csv turnout fields,provenance/netherlands_tk_normalization_manifest.json
netherlands,tweede_kamer,2025,cbs-gemeentelijke-indeling-2025,municipality,1676,Schouwen-Duiveland,Schouwen-Duiveland,Zeeland,27514,23352,23222,77,53,84.873155,true,false,field_reconciled_not_promoted,Opkomst can exceed Kiesgerechtigden in island municipalities; denominator wording is not explicit enough for a live turnout factor.,Kiesraad/data.overheid.nl TK2025_uitslag.csv turnout fields,provenance/netherlands_tk_normalization_manifest.json
netherlands,tweede_kamer,2025,cbs-gemeentelijke-indeling-2025,municipality,1680,Aa en Hunze,Aa en Hunze,Drenthe,21226,18121,18007,83,31,85.371714,true,false,field_reconciled_not_promoted,Opkomst can exceed Kiesgerechtigden in island municipalities; denominator wording is not explicit enough for a live turnout factor.,Kiesraad/data.overheid.nl TK2025_uitslag.csv turnout fields,provenance/netherlands_tk_normalization_manifest.json
netherlands,tweede_kamer,2025,cbs-gemeentelijke-indeling-2025,municipality,1681,Borger-Odoorn,Borger-Odoorn,Drenthe,21275,17563,17469,66,28,82.552291,true,false,field_reconciled_not_promoted,Opkomst can exceed Kiesgerechtigden in island municipalities; denominator wording is not explicit enough for a live turnout factor.,Kiesraad/data.overheid.nl TK2025_uitslag.csv turnout fields,provenance/netherlands_tk_normalization_manifest.json
netherlands,tweede_kamer,2025,cbs-gemeentelijke-indeling-2025,municipality,1690,De Wolden,De Wolden,Drenthe,19960,17466,17379,53,34,87.50501,true,false,field_reconciled_not_promoted,Opkomst can exceed Kiesgerechtigden in island municipalities; denominator wording is not explicit enough for a live turnout factor.,Kiesraad/data.overheid.nl TK2025_uitslag.csv turnout fields,provenance/netherlands_tk_normalization_manifest.json
netherlands,tweede_kamer,2025,cbs-gemeentelijke-indeling-2025,municipality,1695,Noord-Beveland,Noord-Beveland,Zeeland,6413,5254,5218,17,19,81.927335,true,false,field_reconciled_not_promoted,Opkomst can exceed Kiesgerechtigden in island municipalities; denominator wording is not explicit enough for a live turnout factor.,Kiesraad/data.overheid.nl TK2025_uitslag.csv turnout fields,provenance/netherlands_tk_normalization_manifest.json
netherlands,tweede_kamer,2025,cbs-gemeentelijke-indeling-2025,municipality,1696,Wijdemeren,Wijdemeren,Noord-Holland,19458,16632,16560,43,29,85.476411,true,false,field_reconciled_not_promoted,Opkomst can exceed Kiesgerechtigden in island municipalities; denominator wording is not explicit enough for a live turnout factor.,Kiesraad/data.overheid.nl TK2025_uitslag.csv turnout fields,provenance/netherlands_tk_normalization_manifest.json
netherlands,tweede_kamer,2025,cbs-gemeentelijke-indeling-2025,municipality,1699,Noordenveld,Noordenveld,Drenthe,25717,21775,21671,74,30,84.671618,true,false,field_reconciled_not_promoted,Opkomst can exceed Kiesgerechtigden in island municipalities; denominator wording is not explicit enough for a live turnout factor.,Kiesraad/data.overheid.nl TK2025_uitslag.csv turnout fields,provenance/netherlands_tk_normalization_manifest.json
netherlands,tweede_kamer,2025,cbs-gemeentelijke-indeling-2025,municipality,1700,Twenterand,Twenterand,Overijssel,26610,22198,22078,79,41,83.419767,true,false,field_reconciled_not_promoted,Opkomst can exceed Kiesgerechtigden in island municipalities; denominator wording is not explicit enough for a live turnout factor.,Kiesraad/data.overheid.nl TK2025_uitslag.csv turnout fields,provenance/netherlands_tk_normalization_manifest.json
netherlands,tweede_kamer,2025,cbs-gemeentelijke-indeling-2025,municipality,1701,Westerveld,Westerveld,Drenthe,16583,14419,14339,53,27,86.950491,true,false,field_reconciled_not_promoted,Opkomst can exceed Kiesgerechtigden in island municipalities; denominator wording is not explicit enough for a live turnout factor.,Kiesraad/data.overheid.nl TK2025_uitslag.csv turnout fields,provenance/netherlands_tk_normalization_manifest.json
netherlands,tweede_kamer,2025,cbs-gemeentelijke-indeling-2025,municipality,1705,Lingewaard,Lingewaard,Gelderland,37895,31725,31561,106,58,83.718169,true,false,field_reconciled_not_promoted,Opkomst can exceed Kiesgerechtigden in island municipalities; denominator wording is not explicit enough for a live turnout factor.,Kiesraad/data.overheid.nl TK2025_uitslag.csv turnout fields,provenance/netherlands_tk_normalization_manifest.json
netherlands,tweede_kamer,2025,cbs-gemeentelijke-indeling-2025,municipality,1706,Cranendonck,Cranendonck,Noord-Brabant,16235,13139,13064,51,24,80.930089,true,false,field_reconciled_not_promoted,Opkomst can exceed Kiesgerechtigden in island municipalities; denominator wording is not explicit enough for a live turnout factor.,Kiesraad/data.overheid.nl TK2025_uitslag.csv turnout fields,provenance/netherlands_tk_normalization_manifest.json
netherlands,tweede_kamer,2025,cbs-gemeentelijke-indeling-2025,municipality,1708,Steenwijkerland,Steenwijkerland,Overijssel,35980,29934,29773,110,51,83.19622,true,false,field_reconciled_not_promoted,Opkomst can exceed Kiesgerechtigden in island municipalities; denominator wording is not explicit enough for a live turnout factor.,Kiesraad/data.overheid.nl TK2025_uitslag.csv turnout fields,provenance/netherlands_tk_normalization_manifest.json
netherlands,tweede_kamer,2025,cbs-gemeentelijke-indeling-2025,municipality,1709,Moerdijk,Moerdijk,Noord-Brabant,30020,23626,23479,100,47,78.700866,true,false,field_reconciled_not_promoted,Opkomst can exceed Kiesgerechtigden in island municipalities; denominator wording is not explicit enough for a live turnout factor.,Kiesraad/data.overheid.nl TK2025_uitslag.csv turnout fields,provenance/netherlands_tk_normalization_manifest.json
netherlands,tweede_kamer,2025,cbs-gemeentelijke-indeling-2025,municipality,1711,Echt-Susteren,Echt-Susteren,Limburg,25753,19802,19670,107,25,76.892013,true,false,field_reconciled_not_promoted,Opkomst can exceed Kiesgerechtigden in island municipalities; denominator wording is not explicit enough for a live turnout factor.,Kiesraad/data.overheid.nl TK2025_uitslag.csv turnout fields,provenance/netherlands_tk_normalization_manifest.json
netherlands,tweede_kamer,2025,cbs-gemeentelijke-indeling-2025,municipality,1714,Sluis,Sluis,Zeeland,16824,13057,12993,30,34,77.609368,true,false,field_reconciled_not_promoted,Opkomst can exceed Kiesgerechtigden in island municipalities; denominator wording is not explicit enough for a live turnout factor.,Kiesraad/data.overheid.nl TK2025_uitslag.csv turnout fields,provenance/netherlands_tk_normalization_manifest.json
netherlands,tweede_kamer,2025,cbs-gemeentelijke-indeling-2025,municipality,1719,Drimmelen,Drimmelen,Noord-Brabant,22242,18325,18229,58,38,82.389174,true,false,field_reconciled_not_promoted,Opkomst can exceed Kiesgerechtigden in island municipalities; denominator wording is not explicit enough for a live turnout factor.,Kiesraad/data.overheid.nl TK2025_uitslag.csv turnout fields,provenance/netherlands_tk_normalization_manifest.json
netherlands,tweede_kamer,2025,cbs-gemeentelijke-indeling-2025,municipality,1721,Bernheze,Bernheze,Noord-Brabant,25394,21186,21075,73,38,83.429156,true,false,field_reconciled_not_promoted,Opkomst can exceed Kiesgerechtigden in island municipalities; denominator wording is not explicit enough for a live turnout factor.,Kiesraad/data.overheid.nl TK2025_uitslag.csv turnout fields,provenance/netherlands_tk_normalization_manifest.json
netherlands,tweede_kamer,2025,cbs-gemeentelijke-indeling-2025,municipality,1723,Alphen-Chaam,Alphen-Chaam,Noord-Brabant,8316,7066,7023,24,19,84.968735,true,false,field_reconciled_not_promoted,Opkomst can exceed Kiesgerechtigden in island municipalities; denominator wording is not explicit enough for a live turnout factor.,Kiesraad/data.overheid.nl TK2025_uitslag.csv turnout fields,provenance/netherlands_tk_normalization_manifest.json
netherlands,tweede_kamer,2025,cbs-gemeentelijke-indeling-2025,municipality,1724,Bergeijk,Bergeijk,Noord-Brabant,15173,12765,12688,57,20,84.129704,true,false,field_reconciled_not_promoted,Opkomst can exceed Kiesgerechtigden in island municipalities; denominator wording is not explicit enough for a live turnout factor.,Kiesraad/data.overheid.nl TK2025_uitslag.csv turnout fields,provenance/netherlands_tk_normalization_manifest.json
netherlands,tweede_kamer,2025,cbs-gemeentelijke-indeling-2025,municipality,1728,Bladel,Bladel,Noord-Brabant,16511,13611,13532,58,21,82.435952,true,false,field_reconciled_not_promoted,Opkomst can exceed Kiesgerechtigden in island municipalities; denominator wording is not explicit enough for a live turnout factor.,Kiesraad/data.overheid.nl TK2025_uitslag.csv turnout fields,provenance/netherlands_tk_normalization_manifest.json
netherlands,tweede_kamer,2025,cbs-gemeentelijke-indeling-2025,municipality,1729,Gulpen-Wittem,Gulpen-Wittem,Limburg,11557,9739,9677,41,21,84.269274,true,false,field_reconciled_not_promoted,Opkomst can exceed Kiesgerechtigden in island municipalities; denominator wording is not explicit enough for a live turnout factor.,Kiesraad/data.overheid.nl TK2025_uitslag.csv turnout fields,provenance/netherlands_tk_normalization_manifest.json
netherlands,tweede_kamer,2025,cbs-gemeentelijke-indeling-2025,municipality,1730,Tynaarlo,Tynaarlo,Drenthe,27337,23461,23310,60,91,85.821414,true,false,field_reconciled_not_promoted,Opkomst can exceed Kiesgerechtigden in island municipalities; denominator wording is not explicit enough for a live turnout factor.,Kiesraad/data.overheid.nl TK2025_uitslag.csv turnout fields,provenance/netherlands_tk_normalization_manifest.json
netherlands,tweede_kamer,2025,cbs-gemeentelijke-indeling-2025,municipality,1731,Midden-Drenthe,Midden-Drenthe,Drenthe,27815,23693,23573,89,31,85.180658,true,false,field_reconciled_not_promoted,Opkomst can exceed Kiesgerechtigden in island municipalities; denominator wording is not explicit enough for a live turnout factor.,Kiesraad/data.overheid.nl TK2025_uitslag.csv turnout fields,provenance/netherlands_tk_normalization_manifest.json
netherlands,tweede_kamer,2025,cbs-gemeentelijke-indeling-2025,municipality,1734,Overbetuwe,Overbetuwe,Gelderland,38300,31964,31765,121,78,83.456919,true,false,field_reconciled_not_promoted,Opkomst can exceed Kiesgerechtigden in island municipalities; denominator wording is not explicit enough for a live turnout factor.,Kiesraad/data.overheid.nl TK2025_uitslag.csv turnout fields,provenance/netherlands_tk_normalization_manifest.json
netherlands,tweede_kamer,2025,cbs-gemeentelijke-indeling-2025,municipality,1735,Hof van Twente,Hof van Twente,Overijssel,28590,24524,24402,79,43,85.778244,true,false,field_reconciled_not_promoted,Opkomst can exceed Kiesgerechtigden in island municipalities; denominator wording is not explicit enough for a live turnout factor.,Kiesraad/data.overheid.nl TK2025_uitslag.csv turnout fields,provenance/netherlands_tk_normalization_manifest.json
netherlands,tweede_kamer,2025,cbs-gemeentelijke-indeling-2025,municipality,1740,Neder-Betuwe,Neder-Betuwe,Gelderland,18423,15864,15826,20,18,86.109754,true,false,field_reconciled_not_promoted,Opkomst can exceed Kiesgerechtigden in island municipalities; denominator wording is not explicit enough for a live turnout factor.,Kiesraad/data.overheid.nl TK2025_uitslag.csv turnout fields,provenance/netherlands_tk_normalization_manifest.json
netherlands,tweede_kamer,2025,cbs-gemeentelijke-indeling-2025,municipality,1742,Rijssen-Holten,Rijssen-Holten,Overijssel,29550,26281,26162,67,52,88.937394,true,false,field_reconciled_not_promoted,Opkomst can exceed Kiesgerechtigden in island municipalities; denominator wording is not explicit enough for a live turnout factor.,Kiesraad/data.overheid.nl TK2025_uitslag.csv turnout fields,provenance/netherlands_tk_normalization_manifest.json
netherlands,tweede_kamer,2025,cbs-gemeentelijke-indeling-2025,municipality,1771,Geldrop-Mierlo,Geldrop-Mierlo,Noord-Brabant,30877,24887,24704,127,56,80.600447,true,false,field_reconciled_not_promoted,Opkomst can exceed Kiesgerechtigden in island municipalities; denominator wording is not explicit enough for a live turnout factor.,Kiesraad/data.overheid.nl TK2025_uitslag.csv turnout fields,provenance/netherlands_tk_normalization_manifest.json
netherlands,tweede_kamer,2025,cbs-gemeentelijke-indeling-2025,municipality,1773,Olst-Wijhe,Olst-Wijhe,Overijssel,15186,12965,12887,50,28,85.374687,true,false,field_reconciled_not_promoted,Opkomst can exceed Kiesgerechtigden in island municipalities; denominator wording is not explicit enough for a live turnout factor.,Kiesraad/data.overheid.nl TK2025_uitslag.csv turnout fields,provenance/netherlands_tk_normalization_manifest.json
netherlands,tweede_kamer,2025,cbs-gemeentelijke-indeling-2025,municipality,1774,Dinkelland,Dinkelland,Overijssel,21512,18960,18887,50,23,88.136854,true,false,field_reconciled_not_promoted,Opkomst can exceed Kiesgerechtigden in island municipalities; denominator wording is not explicit enough for a live turnout factor.,Kiesraad/data.overheid.nl TK2025_uitslag.csv turnout fields,provenance/netherlands_tk_normalization_manifest.json
netherlands,tweede_kamer,2025,cbs-gemeentelijke-indeling-2025,municipality,1783,Westland,Westland,Zuid-Holland,86056,71174,70839,199,136,82.70661,true,false,field_reconciled_not_promoted,Opkomst can exceed Kiesgerechtigden in island municipalities; denominator wording is not explicit enough for a live turnout factor.,Kiesraad/data.overheid.nl TK2025_uitslag.csv turnout fields,provenance/netherlands_tk_normalization_manifest.json
netherlands,tweede_kamer,2025,cbs-gemeentelijke-indeling-2025,municipality,1842,Midden-Delfland,Midden-Delfland,Zuid-Holland,14866,13072,12977,34,61,87.932194,true,false,field_reconciled_not_promoted,Opkomst can exceed Kiesgerechtigden in island municipalities; denominator wording is not explicit enough for a live turnout factor.,Kiesraad/data.overheid.nl TK2025_uitslag.csv turnout fields,provenance/netherlands_tk_normalization_manifest.json
netherlands,tweede_kamer,2025,cbs-gemeentelijke-indeling-2025,municipality,1859,Berkelland,Berkelland,Gelderland,35875,30666,30483,119,64,85.480139,true,false,field_reconciled_not_promoted,Opkomst can exceed Kiesgerechtigden in island municipalities; denominator wording is not explicit enough for a live turnout factor.,Kiesraad/data.overheid.nl TK2025_uitslag.csv turnout fields,provenance/netherlands_tk_normalization_manifest.json
netherlands,tweede_kamer,2025,cbs-gemeentelijke-indeling-2025,municipality,1876,Bronckhorst,Bronckhorst,Gelderland,30010,25779,25621,116,42,85.901366,true,false,field_reconciled_not_promoted,Opkomst can exceed Kiesgerechtigden in island municipalities; denominator wording is not explicit enough for a live turnout factor.,Kiesraad/data.overheid.nl TK2025_uitslag.csv turnout fields,provenance/netherlands_tk_normalization_manifest.json
netherlands,tweede_kamer,2025,cbs-gemeentelijke-indeling-2025,municipality,1883,Sittard-Geleen,Sittard-Geleen,Limburg,73501,52662,52262,280,120,71.648005,true,false,field_reconciled_not_promoted,Opkomst can exceed Kiesgerechtigden in island municipalities; denominator wording is not explicit enough for a live turnout factor.,Kiesraad/data.overheid.nl TK2025_uitslag.csv turnout fields,provenance/netherlands_tk_normalization_manifest.json
netherlands,tweede_kamer,2025,cbs-gemeentelijke-indeling-2025,municipality,1884,Kaag en Braassem,Kaag en Braassem,Zuid-Holland,22567,19186,19078,67,41,85.017947,true,false,field_reconciled_not_promoted,Opkomst can exceed Kiesgerechtigden in island municipalities; denominator wording is not explicit enough for a live turnout factor.,Kiesraad/data.overheid.nl TK2025_uitslag.csv turnout fields,provenance/netherlands_tk_normalization_manifest.json
netherlands,tweede_kamer,2025,cbs-gemeentelijke-indeling-2025,municipality,1891,Dantumadiel,Dantumadiel,Fryslân,15118,12449,12392,35,22,82.345548,true,false,field_reconciled_not_promoted,Opkomst can exceed Kiesgerechtigden in island municipalities; denominator wording is not explicit enough for a live turnout factor.,Kiesraad/data.overheid.nl TK2025_uitslag.csv turnout fields,provenance/netherlands_tk_normalization_manifest.json
netherlands,tweede_kamer,2025,cbs-gemeentelijke-indeling-2025,municipality,1892,Zuidplas,Zuidplas,Zuid-Holland,36326,29586,29443,72,71,81.445796,true,false,field_reconciled_not_promoted,Opkomst can exceed Kiesgerechtigden in island municipalities; denominator wording is not explicit enough for a live turnout factor.,Kiesraad/data.overheid.nl TK2025_uitslag.csv turnout fields,provenance/netherlands_tk_normalization_manifest.json
netherlands,tweede_kamer,2025,cbs-gemeentelijke-indeling-2025,municipality,1894,Peel en Maas,Peel en Maas,Limburg,35333,28654,28459,139,56,81.096991,true,false,field_reconciled_not_promoted,Opkomst can exceed Kiesgerechtigden in island municipalities; denominator wording is not explicit enough for a live turnout factor.,Kiesraad/data.overheid.nl TK2025_uitslag.csv turnout fields,provenance/netherlands_tk_normalization_manifest.json
netherlands,tweede_kamer,2025,cbs-gemeentelijke-indeling-2025,municipality,1895,Oldambt,Oldambt,Groningen,32032,23887,23708,115,64,74.572303,true,false,field_reconciled_not_promoted,Opkomst can exceed Kiesgerechtigden in island municipalities; denominator wording is not explicit enough for a live turnout factor.,Kiesraad/data.overheid.nl TK2025_uitslag.csv turnout fields,provenance/netherlands_tk_normalization_manifest.json
netherlands,tweede_kamer,2025,cbs-gemeentelijke-indeling-2025,municipality,1896,Zwartewaterland,Zwartewaterland,Overijssel,17276,15332,15271,30,31,88.747395,true,false,field_reconciled_not_promoted,Opkomst can exceed Kiesgerechtigden in island municipalities; denominator wording is not explicit enough for a live turnout factor.,Kiesraad/data.overheid.nl TK2025_uitslag.csv turnout fields,provenance/netherlands_tk_normalization_manifest.json
netherlands,tweede_kamer,2025,cbs-gemeentelijke-indeling-2025,municipality,1900,Súdwest-Fryslân,Súdwest-Fryslân,Fryslân,71480,58677,58351,234,92,82.088696,true,false,field_reconciled_not_promoted,Opkomst can exceed Kiesgerechtigden in island municipalities; denominator wording is not explicit enough for a live turnout factor.,Kiesraad/data.overheid.nl TK2025_uitslag.csv turnout fields,provenance/netherlands_tk_normalization_manifest.json
netherlands,tweede_kamer,2025,cbs-gemeentelijke-indeling-2025,municipality,1901,Bodegraven-Reeuwijk,Bodegraven-Reeuwijk,Zuid-Holland,27707,23550,23429,64,57,84.996571,true,false,field_reconciled_not_promoted,Opkomst can exceed Kiesgerechtigden in island municipalities; denominator wording is not explicit enough for a live turnout factor.,Kiesraad/data.overheid.nl TK2025_uitslag.csv turnout fields,provenance/netherlands_tk_normalization_manifest.json
netherlands,tweede_kamer,2025,cbs-gemeentelijke-indeling-2025,municipality,1903,Eijsden-Margraten,Eijsden-Margraten,Limburg,20548,17073,16991,59,23,83.088378,true,false,field_reconciled_not_promoted,Opkomst can exceed Kiesgerechtigden in island municipalities; denominator wording is not explicit enough for a live turnout factor.,Kiesraad/data.overheid.nl TK2025_uitslag.csv turnout fields,provenance/netherlands_tk_normalization_manifest.json
netherlands,tweede_kamer,2025,cbs-gemeentelijke-indeling-2025,municipality,1904,Stichtse Vecht,Stichtse Vecht,Utrecht,49861,40984,40748,145,91,82.196506,true,false,field_reconciled_not_promoted,Opkomst can exceed Kiesgerechtigden in island municipalities; denominator wording is not explicit enough for a live turnout factor.,Kiesraad/data.overheid.nl TK2025_uitslag.csv turnout fields,provenance/netherlands_tk_normalization_manifest.json
netherlands,tweede_kamer,2025,cbs-gemeentelijke-indeling-2025,municipality,1911,Hollands Kroon,Hollands Kroon,Noord-Holland,37718,30681,30531,96,54,81.343125,true,false,field_reconciled_not_promoted,Opkomst can exceed Kiesgerechtigden in island municipalities; denominator wording is not explicit enough for a live turnout factor.,Kiesraad/data.overheid.nl TK2025_uitslag.csv turnout fields,provenance/netherlands_tk_normalization_manifest.json
netherlands,tweede_kamer,2025,cbs-gemeentelijke-indeling-2025,municipality,1916,Leidschendam-Voorburg,Leidschendam-Voorburg,Zuid-Holland,56395,44531,44253,134,144,78.962674,true,false,field_reconciled_not_promoted,Opkomst can exceed Kiesgerechtigden in island municipalities; denominator wording is not explicit enough for a live turnout factor.,Kiesraad/data.overheid.nl TK2025_uitslag.csv turnout fields,provenance/netherlands_tk_normalization_manifest.json
netherlands,tweede_kamer,2025,cbs-gemeentelijke-indeling-2025,municipality,1924,Goeree-Overflakkee,Goeree-Overflakkee,Zuid-Holland,41286,34659,34500,112,47,83.948554,true,false,field_reconciled_not_promoted,Opkomst can exceed Kiesgerechtigden in island municipalities; denominator wording is not explicit enough for a live turnout factor.,Kiesraad/data.overheid.nl TK2025_uitslag.csv turnout fields,provenance/netherlands_tk_normalization_manifest.json
netherlands,tweede_kamer,2025,cbs-gemeentelijke-indeling-2025,municipality,1926,Pijnacker-Nootdorp,Pijnacker-Nootdorp,Zuid-Holland,42967,35773,35575,113,85,83.256918,true,false,field_reconciled_not_promoted,Opkomst can exceed Kiesgerechtigden in island municipalities; denominator wording is not explicit enough for a live turnout factor.,Kiesraad/data.overheid.nl TK2025_uitslag.csv turnout fields,provenance/netherlands_tk_normalization_manifest.json
netherlands,tweede_kamer,2025,cbs-gemeentelijke-indeling-2025,municipality,1930,Nissewaard,Nissewaard,Zuid-Holland,66952,47279,46953,219,107,70.616262,true,false,field_reconciled_not_promoted,Opkomst can exceed Kiesgerechtigden in island municipalities; denominator wording is not explicit enough for a live turnout factor.,Kiesraad/data.overheid.nl TK2025_uitslag.csv turnout fields,provenance/netherlands_tk_normalization_manifest.json
netherlands,tweede_kamer,2025,cbs-gemeentelijke-indeling-2025,municipality,1931,Krimpenerwaard,Krimpenerwaard,Zuid-Holland,44850,37854,37681,114,59,84.401338,true,false,field_reconciled_not_promoted,Opkomst can exceed Kiesgerechtigden in island municipalities; denominator wording is not explicit enough for a live turnout factor.,Kiesraad/data.overheid.nl TK2025_uitslag.csv turnout fields,provenance/netherlands_tk_normalization_manifest.json
netherlands,tweede_kamer,2025,cbs-gemeentelijke-indeling-2025,municipality,1940,De Fryske Marren,De Fryske Marren,Fryslân,41399,34681,34543,76,62,83.772555,true,false,field_reconciled_not_promoted,Opkomst can exceed Kiesgerechtigden in island municipalities; denominator wording is not explicit enough for a live turnout factor.,Kiesraad/data.overheid.nl TK2025_uitslag.csv turnout fields,provenance/netherlands_tk_normalization_manifest.json
netherlands,tweede_kamer,2025,cbs-gemeentelijke-indeling-2025,municipality,1942,Gooise Meren,Gooise Meren,Noord-Holland,44025,37196,36997,99,100,84.488359,true,false,field_reconciled_not_promoted,Opkomst can exceed Kiesgerechtigden in island municipalities; denominator wording is not explicit enough for a live turnout factor.,Kiesraad/data.overheid.nl TK2025_uitslag.csv turnout fields,provenance/netherlands_tk_normalization_manifest.json
netherlands,tweede_kamer,2025,cbs-gemeentelijke-indeling-2025,municipality,1945,Berg en Dal,Berg en Dal,Gelderland,28614,23870,23725,103,42,83.420703,true,false,field_reconciled_not_promoted,Opkomst can exceed Kiesgerechtigden in island municipalities; denominator wording is not explicit enough for a live turnout factor.,Kiesraad/data.overheid.nl TK2025_uitslag.csv turnout fields,provenance/netherlands_tk_normalization_manifest.json
netherlands,tweede_kamer,2025,cbs-gemeentelijke-indeling-2025,municipality,1948,Meierijstad,Meierijstad,Noord-Brabant,64773,52307,52014,211,82,80.754327,true,false,field_reconciled_not_promoted,Opkomst can exceed Kiesgerechtigden in island municipalities; denominator wording is not explicit enough for a live turnout factor.,Kiesraad/data.overheid.nl TK2025_uitslag.csv turnout fields,provenance/netherlands_tk_normalization_manifest.json
netherlands,tweede_kamer,2025,cbs-gemeentelijke-indeling-2025,municipality,1949,Waadhoeke,Waadhoeke,Fryslân,36849,29669,29527,96,46,80.515075,true,false,field_reconciled_not_promoted,Opkomst can exceed Kiesgerechtigden in island municipalities; denominator wording is not explicit enough for a live turnout factor.,Kiesraad/data.overheid.nl TK2025_uitslag.csv turnout fields,provenance/netherlands_tk_normalization_manifest.json
netherlands,tweede_kamer,2025,cbs-gemeentelijke-indeling-2025,municipality,1950,Westerwolde,Westerwolde,Groningen,20396,15858,15604,82,172,77.750539,true,false,field_reconciled_not_promoted,Opkomst can exceed Kiesgerechtigden in island municipalities; denominator wording is not explicit enough for a live turnout factor.,Kiesraad/data.overheid.nl TK2025_uitslag.csv turnout fields,provenance/netherlands_tk_normalization_manifest.json
netherlands,tweede_kamer,2025,cbs-gemeentelijke-indeling-2025,municipality,1952,Midden-Groningen,Midden-Groningen,Groningen,48716,36518,36260,177,81,74.960998,true,false,field_reconciled_not_promoted,Opkomst can exceed Kiesgerechtigden in island municipalities; denominator wording is not explicit enough for a live turnout factor.,Kiesraad/data.overheid.nl TK2025_uitslag.csv turnout fields,provenance/netherlands_tk_normalization_manifest.json
netherlands,tweede_kamer,2025,cbs-gemeentelijke-indeling-2025,municipality,1954,Beekdaelen,Beekdaelen,Limburg,28971,22773,22569,158,46,78.606192,true,false,field_reconciled_not_promoted,Opkomst can exceed Kiesgerechtigden in island municipalities; denominator wording is not explicit enough for a live turnout factor.,Kiesraad/data.overheid.nl TK2025_uitslag.csv turnout fields,provenance/netherlands_tk_normalization_manifest.json
netherlands,tweede_kamer,2025,cbs-gemeentelijke-indeling-2025,municipality,1955,Montferland,Montferland,Gelderland,29776,24524,24378,94,52,82.361634,true,false,field_reconciled_not_promoted,Opkomst can exceed Kiesgerechtigden in island municipalities; denominator wording is not explicit enough for a live turnout factor.,Kiesraad/data.overheid.nl TK2025_uitslag.csv turnout fields,provenance/netherlands_tk_normalization_manifest.json
netherlands,tweede_kamer,2025,cbs-gemeentelijke-indeling-2025,municipality,1959,Altena,Altena,Noord-Brabant,44644,37618,37472,83,63,84.262163,true,false,field_reconciled_not_promoted,Opkomst can exceed Kiesgerechtigden in island municipalities; denominator wording is not explicit enough for a live turnout factor.,Kiesraad/data.overheid.nl TK2025_uitslag.csv turnout fields,provenance/netherlands_tk_normalization_manifest.json
netherlands,tweede_kamer,2025,cbs-gemeentelijke-indeling-2025,municipality,1960,West Betuwe,West Betuwe,Gelderland,40974,35262,35090,116,56,86.059452,true,false,field_reconciled_not_promoted,Opkomst can exceed Kiesgerechtigden in island municipalities; denominator wording is not explicit enough for a live turnout factor.,Kiesraad/data.overheid.nl TK2025_uitslag.csv turnout fields,provenance/netherlands_tk_normalization_manifest.json
netherlands,tweede_kamer,2025,cbs-gemeentelijke-indeling-2025,municipality,1961,Vijfheerenlanden,Vijfheerenlanden,Utrecht,47482,38313,38090,132,91,80.689524,true,false,field_reconciled_not_promoted,Opkomst can exceed Kiesgerechtigden in island municipalities; denominator wording is not explicit enough for a live turnout factor.,Kiesraad/data.overheid.nl TK2025_uitslag.csv turnout fields,provenance/netherlands_tk_normalization_manifest.json
netherlands,tweede_kamer,2025,cbs-gemeentelijke-indeling-2025,municipality,1963,Hoeksche Waard,Hoeksche Waard,Zuid-Holland,72021,59920,59633,172,115,83.197956,true,false,field_reconciled_not_promoted,Opkomst can exceed Kiesgerechtigden in island municipalities; denominator wording is not explicit enough for a live turnout factor.,Kiesraad/data.overheid.nl TK2025_uitslag.csv turnout fields,provenance/netherlands_tk_normalization_manifest.json
netherlands,tweede_kamer,2025,cbs-gemeentelijke-indeling-2025,municipality,1966,Het Hogeland,Het Hogeland,Groningen,38237,31555,31370,125,60,82.52478,true,false,field_reconciled_not_promoted,Opkomst can exceed Kiesgerechtigden in island municipalities; denominator wording is not explicit enough for a live turnout factor.,Kiesraad/data.overheid.nl TK2025_uitslag.csv turnout fields,provenance/netherlands_tk_normalization_manifest.json
netherlands,tweede_kamer,2025,cbs-gemeentelijke-indeling-2025,municipality,1969,Westerkwartier,Westerkwartier,Groningen,50815,42676,42409,186,81,83.983076,true,false,field_reconciled_not_promoted,Opkomst can exceed Kiesgerechtigden in island municipalities; denominator wording is not explicit enough for a live turnout factor.,Kiesraad/data.overheid.nl TK2025_uitslag.csv turnout fields,provenance/netherlands_tk_normalization_manifest.json
netherlands,tweede_kamer,2025,cbs-gemeentelijke-indeling-2025,municipality,1970,Noardeast-Fryslân,Noardeast-Fryslân,Fryslân,36224,29623,29457,112,54,81.777275,true,false,field_reconciled_not_promoted,Opkomst can exceed Kiesgerechtigden in island municipalities; denominator wording is not explicit enough for a live turnout factor.,Kiesraad/data.overheid.nl TK2025_uitslag.csv turnout fields,provenance/netherlands_tk_normalization_manifest.json
netherlands,tweede_kamer,2025,cbs-gemeentelijke-indeling-2025,municipality,1978,Molenlanden,Molenlanden,Zuid-Holland,34509,30358,30272,58,28,87.971254,true,false,field_reconciled_not_promoted,Opkomst can exceed Kiesgerechtigden in island municipalities; denominator wording is not explicit enough for a live turnout factor.,Kiesraad/data.overheid.nl TK2025_uitslag.csv turnout fields,provenance/netherlands_tk_normalization_manifest.json
netherlands,tweede_kamer,2025,cbs-gemeentelijke-indeling-2025,municipality,1979,Eemsdelta,Eemsdelta,Groningen,35704,26331,26131,147,53,73.748039,true,false,field_reconciled_not_promoted,Opkomst can exceed Kiesgerechtigden in island municipalities; denominator wording is not explicit enough for a live turnout factor.,Kiesraad/data.overheid.nl TK2025_uitslag.csv turnout fields,provenance/netherlands_tk_normalization_manifest.json
netherlands,tweede_kamer,2025,cbs-gemeentelijke-indeling-2025,municipality,1980,Dijk en Waard,Dijk en Waard,Noord-Holland,68739,54435,54063,231,141,79.190852,true,false,field_reconciled_not_promoted,Opkomst can exceed Kiesgerechtigden in island municipalities; denominator wording is not explicit enough for a live turnout factor.,Kiesraad/data.overheid.nl TK2025_uitslag.csv turnout fields,provenance/netherlands_tk_normalization_manifest.json
netherlands,tweede_kamer,2025,cbs-gemeentelijke-indeling-2025,municipality,1982,Land van Cuijk,Land van Cuijk,Noord-Brabant,74046,61117,60724,277,116,82.539232,true,false,field_reconciled_not_promoted,Opkomst can exceed Kiesgerechtigden in island municipalities; denominator wording is not explicit enough for a live turnout factor.,Kiesraad/data.overheid.nl TK2025_uitslag.csv turnout fields,provenance/netherlands_tk_normalization_manifest.json
netherlands,tweede_kamer,2025,cbs-gemeentelijke-indeling-2025,municipality,1991,Maashorst,Maashorst,Noord-Brabant,46336,37075,36818,188,69,80.013381,true,false,field_reconciled_not_promoted,Opkomst can exceed Kiesgerechtigden in island municipalities; denominator wording is not explicit enough for a live turnout factor.,Kiesraad/data.overheid.nl TK2025_uitslag.csv turnout fields,provenance/netherlands_tk_normalization_manifest.json
netherlands,tweede_kamer,2025,cbs-gemeentelijke-indeling-2025,municipality,1992,Voorne aan Zee,Voorne aan Zee,Zuid-Holland,58699,45891,45636,164,91,78.180207,true,false,field_reconciled_not_promoted,Opkomst can exceed Kiesgerechtigden in island municipalities; denominator wording is not explicit enough for a live turnout factor.,Kiesraad/data.overheid.nl TK2025_uitslag.csv turnout fields,provenance/netherlands_tk_normalization_manifest.json
