country_id,factor_id,year,reference_period,geography_version,public_geography_type,public_geography_id,cbs_gm_code,municipality,value,unit,source_name,provenance_ref,comparability_status
netherlands,age65,2023,2023-01-01,cbs-gemeentelijke-indeling-2023,municipality,0014,GM0014,Groningen,15.377057,percent,CBS StatLine 03759NED Bevolking op 1 januari by age,provenance/netherlands_age65_manifest.json,family_mapped
netherlands,age65,2023,2023-01-01,cbs-gemeentelijke-indeling-2023,municipality,0034,GM0034,Almere,13.202738,percent,CBS StatLine 03759NED Bevolking op 1 januari by age,provenance/netherlands_age65_manifest.json,family_mapped
netherlands,age65,2023,2023-01-01,cbs-gemeentelijke-indeling-2023,municipality,0037,GM0037,Stadskanaal,25.903221,percent,CBS StatLine 03759NED Bevolking op 1 januari by age,provenance/netherlands_age65_manifest.json,family_mapped
netherlands,age65,2023,2023-01-01,cbs-gemeentelijke-indeling-2023,municipality,0047,GM0047,Veendam,23.895568,percent,CBS StatLine 03759NED Bevolking op 1 januari by age,provenance/netherlands_age65_manifest.json,family_mapped
netherlands,age65,2023,2023-01-01,cbs-gemeentelijke-indeling-2023,municipality,0050,GM0050,Zeewolde,15.169678,percent,CBS StatLine 03759NED Bevolking op 1 januari by age,provenance/netherlands_age65_manifest.json,family_mapped
netherlands,age65,2023,2023-01-01,cbs-gemeentelijke-indeling-2023,municipality,0059,GM0059,Achtkarspelen,21.261857,percent,CBS StatLine 03759NED Bevolking op 1 januari by age,provenance/netherlands_age65_manifest.json,family_mapped
netherlands,age65,2023,2023-01-01,cbs-gemeentelijke-indeling-2023,municipality,0060,GM0060,Ameland,24.479167,percent,CBS StatLine 03759NED Bevolking op 1 januari by age,provenance/netherlands_age65_manifest.json,family_mapped
netherlands,age65,2023,2023-01-01,cbs-gemeentelijke-indeling-2023,municipality,0072,GM0072,Harlingen,26.507289,percent,CBS StatLine 03759NED Bevolking op 1 januari by age,provenance/netherlands_age65_manifest.json,family_mapped
netherlands,age65,2023,2023-01-01,cbs-gemeentelijke-indeling-2023,municipality,0074,GM0074,Heerenveen,22.830528,percent,CBS StatLine 03759NED Bevolking op 1 januari by age,provenance/netherlands_age65_manifest.json,family_mapped
netherlands,age65,2023,2023-01-01,cbs-gemeentelijke-indeling-2023,municipality,0080,GM0080,Leeuwarden,19.43135,percent,CBS StatLine 03759NED Bevolking op 1 januari by age,provenance/netherlands_age65_manifest.json,family_mapped
netherlands,age65,2023,2023-01-01,cbs-gemeentelijke-indeling-2023,municipality,0085,GM0085,Ooststellingwerf,25.606688,percent,CBS StatLine 03759NED Bevolking op 1 januari by age,provenance/netherlands_age65_manifest.json,family_mapped
netherlands,age65,2023,2023-01-01,cbs-gemeentelijke-indeling-2023,municipality,0086,GM0086,Opsterland,23.11506,percent,CBS StatLine 03759NED Bevolking op 1 januari by age,provenance/netherlands_age65_manifest.json,family_mapped
netherlands,age65,2023,2023-01-01,cbs-gemeentelijke-indeling-2023,municipality,0088,GM0088,Schiermonnikoog,29.633401,percent,CBS StatLine 03759NED Bevolking op 1 januari by age,provenance/netherlands_age65_manifest.json,family_mapped
netherlands,age65,2023,2023-01-01,cbs-gemeentelijke-indeling-2023,municipality,0090,GM0090,Smallingerland,22.286,percent,CBS StatLine 03759NED Bevolking op 1 januari by age,provenance/netherlands_age65_manifest.json,family_mapped
netherlands,age65,2023,2023-01-01,cbs-gemeentelijke-indeling-2023,municipality,0093,GM0093,Terschelling,24.269481,percent,CBS StatLine 03759NED Bevolking op 1 januari by age,provenance/netherlands_age65_manifest.json,family_mapped
netherlands,age65,2023,2023-01-01,cbs-gemeentelijke-indeling-2023,municipality,0096,GM0096,Vlieland,19.984508,percent,CBS StatLine 03759NED Bevolking op 1 januari by age,provenance/netherlands_age65_manifest.json,family_mapped
netherlands,age65,2023,2023-01-01,cbs-gemeentelijke-indeling-2023,municipality,0098,GM0098,Weststellingwerf,24.898931,percent,CBS StatLine 03759NED Bevolking op 1 januari by age,provenance/netherlands_age65_manifest.json,family_mapped
netherlands,age65,2023,2023-01-01,cbs-gemeentelijke-indeling-2023,municipality,0106,GM0106,Assen,21.39626,percent,CBS StatLine 03759NED Bevolking op 1 januari by age,provenance/netherlands_age65_manifest.json,family_mapped
netherlands,age65,2023,2023-01-01,cbs-gemeentelijke-indeling-2023,municipality,0109,GM0109,Coevorden,25.781513,percent,CBS StatLine 03759NED Bevolking op 1 januari by age,provenance/netherlands_age65_manifest.json,family_mapped
netherlands,age65,2023,2023-01-01,cbs-gemeentelijke-indeling-2023,municipality,0114,GM0114,Emmen,24.084954,percent,CBS StatLine 03759NED Bevolking op 1 januari by age,provenance/netherlands_age65_manifest.json,family_mapped
netherlands,age65,2023,2023-01-01,cbs-gemeentelijke-indeling-2023,municipality,0118,GM0118,Hoogeveen,22.587848,percent,CBS StatLine 03759NED Bevolking op 1 januari by age,provenance/netherlands_age65_manifest.json,family_mapped
netherlands,age65,2023,2023-01-01,cbs-gemeentelijke-indeling-2023,municipality,0119,GM0119,Meppel,20.685766,percent,CBS StatLine 03759NED Bevolking op 1 januari by age,provenance/netherlands_age65_manifest.json,family_mapped
netherlands,age65,2023,2023-01-01,cbs-gemeentelijke-indeling-2023,municipality,0141,GM0141,Almelo,20.46816,percent,CBS StatLine 03759NED Bevolking op 1 januari by age,provenance/netherlands_age65_manifest.json,family_mapped
netherlands,age65,2023,2023-01-01,cbs-gemeentelijke-indeling-2023,municipality,0147,GM0147,Borne,22.259827,percent,CBS StatLine 03759NED Bevolking op 1 januari by age,provenance/netherlands_age65_manifest.json,family_mapped
netherlands,age65,2023,2023-01-01,cbs-gemeentelijke-indeling-2023,municipality,0148,GM0148,Dalfsen,22.126165,percent,CBS StatLine 03759NED Bevolking op 1 januari by age,provenance/netherlands_age65_manifest.json,family_mapped
netherlands,age65,2023,2023-01-01,cbs-gemeentelijke-indeling-2023,municipality,0150,GM0150,Deventer,18.923731,percent,CBS StatLine 03759NED Bevolking op 1 januari by age,provenance/netherlands_age65_manifest.json,family_mapped
netherlands,age65,2023,2023-01-01,cbs-gemeentelijke-indeling-2023,municipality,0153,GM0153,Enschede,18.19332,percent,CBS StatLine 03759NED Bevolking op 1 januari by age,provenance/netherlands_age65_manifest.json,family_mapped
netherlands,age65,2023,2023-01-01,cbs-gemeentelijke-indeling-2023,municipality,0158,GM0158,Haaksbergen,25.385683,percent,CBS StatLine 03759NED Bevolking op 1 januari by age,provenance/netherlands_age65_manifest.json,family_mapped
netherlands,age65,2023,2023-01-01,cbs-gemeentelijke-indeling-2023,municipality,0160,GM0160,Hardenberg,19.761954,percent,CBS StatLine 03759NED Bevolking op 1 januari by age,provenance/netherlands_age65_manifest.json,family_mapped
netherlands,age65,2023,2023-01-01,cbs-gemeentelijke-indeling-2023,municipality,0163,GM0163,Hellendoorn,23.300516,percent,CBS StatLine 03759NED Bevolking op 1 januari by age,provenance/netherlands_age65_manifest.json,family_mapped
netherlands,age65,2023,2023-01-01,cbs-gemeentelijke-indeling-2023,municipality,0164,GM0164,Hengelo,20.738419,percent,CBS StatLine 03759NED Bevolking op 1 januari by age,provenance/netherlands_age65_manifest.json,family_mapped
netherlands,age65,2023,2023-01-01,cbs-gemeentelijke-indeling-2023,municipality,0166,GM0166,Kampen,17.81386,percent,CBS StatLine 03759NED Bevolking op 1 januari by age,provenance/netherlands_age65_manifest.json,family_mapped
netherlands,age65,2023,2023-01-01,cbs-gemeentelijke-indeling-2023,municipality,0168,GM0168,Losser,24.873727,percent,CBS StatLine 03759NED Bevolking op 1 januari by age,provenance/netherlands_age65_manifest.json,family_mapped
netherlands,age65,2023,2023-01-01,cbs-gemeentelijke-indeling-2023,municipality,0171,GM0171,Noordoostpolder,18.478152,percent,CBS StatLine 03759NED Bevolking op 1 januari by age,provenance/netherlands_age65_manifest.json,family_mapped
netherlands,age65,2023,2023-01-01,cbs-gemeentelijke-indeling-2023,municipality,0173,GM0173,Oldenzaal,24.557557,percent,CBS StatLine 03759NED Bevolking op 1 januari by age,provenance/netherlands_age65_manifest.json,family_mapped
netherlands,age65,2023,2023-01-01,cbs-gemeentelijke-indeling-2023,municipality,0175,GM0175,Ommen,23.418623,percent,CBS StatLine 03759NED Bevolking op 1 januari by age,provenance/netherlands_age65_manifest.json,family_mapped
netherlands,age65,2023,2023-01-01,cbs-gemeentelijke-indeling-2023,municipality,0177,GM0177,Raalte,23.607792,percent,CBS StatLine 03759NED Bevolking op 1 januari by age,provenance/netherlands_age65_manifest.json,family_mapped
netherlands,age65,2023,2023-01-01,cbs-gemeentelijke-indeling-2023,municipality,0180,GM0180,Staphorst,16.048332,percent,CBS StatLine 03759NED Bevolking op 1 januari by age,provenance/netherlands_age65_manifest.json,family_mapped
netherlands,age65,2023,2023-01-01,cbs-gemeentelijke-indeling-2023,municipality,0183,GM0183,Tubbergen,20.908072,percent,CBS StatLine 03759NED Bevolking op 1 januari by age,provenance/netherlands_age65_manifest.json,family_mapped
netherlands,age65,2023,2023-01-01,cbs-gemeentelijke-indeling-2023,municipality,0184,GM0184,Urk,10.09666,percent,CBS StatLine 03759NED Bevolking op 1 januari by age,provenance/netherlands_age65_manifest.json,family_mapped
netherlands,age65,2023,2023-01-01,cbs-gemeentelijke-indeling-2023,municipality,0189,GM0189,Wierden,22.178425,percent,CBS StatLine 03759NED Bevolking op 1 januari by age,provenance/netherlands_age65_manifest.json,family_mapped
netherlands,age65,2023,2023-01-01,cbs-gemeentelijke-indeling-2023,municipality,0193,GM0193,Zwolle,16.700274,percent,CBS StatLine 03759NED Bevolking op 1 januari by age,provenance/netherlands_age65_manifest.json,family_mapped
netherlands,age65,2023,2023-01-01,cbs-gemeentelijke-indeling-2023,municipality,0197,GM0197,Aalten,23.836441,percent,CBS StatLine 03759NED Bevolking op 1 januari by age,provenance/netherlands_age65_manifest.json,family_mapped
netherlands,age65,2023,2023-01-01,cbs-gemeentelijke-indeling-2023,municipality,0200,GM0200,Apeldoorn,21.901897,percent,CBS StatLine 03759NED Bevolking op 1 januari by age,provenance/netherlands_age65_manifest.json,family_mapped
netherlands,age65,2023,2023-01-01,cbs-gemeentelijke-indeling-2023,municipality,0202,GM0202,Arnhem,16.004102,percent,CBS StatLine 03759NED Bevolking op 1 januari by age,provenance/netherlands_age65_manifest.json,family_mapped
netherlands,age65,2023,2023-01-01,cbs-gemeentelijke-indeling-2023,municipality,0203,GM0203,Barneveld,17.134052,percent,CBS StatLine 03759NED Bevolking op 1 januari by age,provenance/netherlands_age65_manifest.json,family_mapped
netherlands,age65,2023,2023-01-01,cbs-gemeentelijke-indeling-2023,municipality,0209,GM0209,Beuningen,21.322395,percent,CBS StatLine 03759NED Bevolking op 1 januari by age,provenance/netherlands_age65_manifest.json,family_mapped
netherlands,age65,2023,2023-01-01,cbs-gemeentelijke-indeling-2023,municipality,0213,GM0213,Brummen,26.590855,percent,CBS StatLine 03759NED Bevolking op 1 januari by age,provenance/netherlands_age65_manifest.json,family_mapped
netherlands,age65,2023,2023-01-01,cbs-gemeentelijke-indeling-2023,municipality,0214,GM0214,Buren,21.071235,percent,CBS StatLine 03759NED Bevolking op 1 januari by age,provenance/netherlands_age65_manifest.json,family_mapped
netherlands,age65,2023,2023-01-01,cbs-gemeentelijke-indeling-2023,municipality,0216,GM0216,Culemborg,19.795486,percent,CBS StatLine 03759NED Bevolking op 1 januari by age,provenance/netherlands_age65_manifest.json,family_mapped
netherlands,age65,2023,2023-01-01,cbs-gemeentelijke-indeling-2023,municipality,0221,GM0221,Doesburg,27.930692,percent,CBS StatLine 03759NED Bevolking op 1 januari by age,provenance/netherlands_age65_manifest.json,family_mapped
netherlands,age65,2023,2023-01-01,cbs-gemeentelijke-indeling-2023,municipality,0222,GM0222,Doetinchem,22.076189,percent,CBS StatLine 03759NED Bevolking op 1 januari by age,provenance/netherlands_age65_manifest.json,family_mapped
netherlands,age65,2023,2023-01-01,cbs-gemeentelijke-indeling-2023,municipality,0225,GM0225,Druten,20.98949,percent,CBS StatLine 03759NED Bevolking op 1 januari by age,provenance/netherlands_age65_manifest.json,family_mapped
netherlands,age65,2023,2023-01-01,cbs-gemeentelijke-indeling-2023,municipality,0226,GM0226,Duiven,21.205438,percent,CBS StatLine 03759NED Bevolking op 1 januari by age,provenance/netherlands_age65_manifest.json,family_mapped
netherlands,age65,2023,2023-01-01,cbs-gemeentelijke-indeling-2023,municipality,0228,GM0228,Ede,19.019441,percent,CBS StatLine 03759NED Bevolking op 1 januari by age,provenance/netherlands_age65_manifest.json,family_mapped
netherlands,age65,2023,2023-01-01,cbs-gemeentelijke-indeling-2023,municipality,0230,GM0230,Elburg,20.06906,percent,CBS StatLine 03759NED Bevolking op 1 januari by age,provenance/netherlands_age65_manifest.json,family_mapped
netherlands,age65,2023,2023-01-01,cbs-gemeentelijke-indeling-2023,municipality,0232,GM0232,Epe,26.097407,percent,CBS StatLine 03759NED Bevolking op 1 januari by age,provenance/netherlands_age65_manifest.json,family_mapped
netherlands,age65,2023,2023-01-01,cbs-gemeentelijke-indeling-2023,municipality,0233,GM0233,Ermelo,24.032587,percent,CBS StatLine 03759NED Bevolking op 1 januari by age,provenance/netherlands_age65_manifest.json,family_mapped
netherlands,age65,2023,2023-01-01,cbs-gemeentelijke-indeling-2023,municipality,0243,GM0243,Harderwijk,19.506809,percent,CBS StatLine 03759NED Bevolking op 1 januari by age,provenance/netherlands_age65_manifest.json,family_mapped
netherlands,age65,2023,2023-01-01,cbs-gemeentelijke-indeling-2023,municipality,0244,GM0244,Hattem,23.035899,percent,CBS StatLine 03759NED Bevolking op 1 januari by age,provenance/netherlands_age65_manifest.json,family_mapped
netherlands,age65,2023,2023-01-01,cbs-gemeentelijke-indeling-2023,municipality,0246,GM0246,Heerde,24.378058,percent,CBS StatLine 03759NED Bevolking op 1 januari by age,provenance/netherlands_age65_manifest.json,family_mapped
netherlands,age65,2023,2023-01-01,cbs-gemeentelijke-indeling-2023,municipality,0252,GM0252,Heumen,25.338802,percent,CBS StatLine 03759NED Bevolking op 1 januari by age,provenance/netherlands_age65_manifest.json,family_mapped
netherlands,age65,2023,2023-01-01,cbs-gemeentelijke-indeling-2023,municipality,0262,GM0262,Lochem,29.288337,percent,CBS StatLine 03759NED Bevolking op 1 januari by age,provenance/netherlands_age65_manifest.json,family_mapped
netherlands,age65,2023,2023-01-01,cbs-gemeentelijke-indeling-2023,municipality,0263,GM0263,Maasdriel,20.003843,percent,CBS StatLine 03759NED Bevolking op 1 januari by age,provenance/netherlands_age65_manifest.json,family_mapped
netherlands,age65,2023,2023-01-01,cbs-gemeentelijke-indeling-2023,municipality,0267,GM0267,Nijkerk,19.441912,percent,CBS StatLine 03759NED Bevolking op 1 januari by age,provenance/netherlands_age65_manifest.json,family_mapped
netherlands,age65,2023,2023-01-01,cbs-gemeentelijke-indeling-2023,municipality,0268,GM0268,Nijmegen,16.715256,percent,CBS StatLine 03759NED Bevolking op 1 januari by age,provenance/netherlands_age65_manifest.json,family_mapped
netherlands,age65,2023,2023-01-01,cbs-gemeentelijke-indeling-2023,municipality,0269,GM0269,Oldebroek,19.856578,percent,CBS StatLine 03759NED Bevolking op 1 januari by age,provenance/netherlands_age65_manifest.json,family_mapped
netherlands,age65,2023,2023-01-01,cbs-gemeentelijke-indeling-2023,municipality,0273,GM0273,Putten,21.237552,percent,CBS StatLine 03759NED Bevolking op 1 januari by age,provenance/netherlands_age65_manifest.json,family_mapped
netherlands,age65,2023,2023-01-01,cbs-gemeentelijke-indeling-2023,municipality,0274,GM0274,Renkum,28.892915,percent,CBS StatLine 03759NED Bevolking op 1 januari by age,provenance/netherlands_age65_manifest.json,family_mapped
netherlands,age65,2023,2023-01-01,cbs-gemeentelijke-indeling-2023,municipality,0275,GM0275,Rheden,26.876291,percent,CBS StatLine 03759NED Bevolking op 1 januari by age,provenance/netherlands_age65_manifest.json,family_mapped
netherlands,age65,2023,2023-01-01,cbs-gemeentelijke-indeling-2023,municipality,0277,GM0277,Rozendaal,24.116306,percent,CBS StatLine 03759NED Bevolking op 1 januari by age,provenance/netherlands_age65_manifest.json,family_mapped
netherlands,age65,2023,2023-01-01,cbs-gemeentelijke-indeling-2023,municipality,0279,GM0279,Scherpenzeel,19.699596,percent,CBS StatLine 03759NED Bevolking op 1 januari by age,provenance/netherlands_age65_manifest.json,family_mapped
netherlands,age65,2023,2023-01-01,cbs-gemeentelijke-indeling-2023,municipality,0281,GM0281,Tiel,19.04516,percent,CBS StatLine 03759NED Bevolking op 1 januari by age,provenance/netherlands_age65_manifest.json,family_mapped
netherlands,age65,2023,2023-01-01,cbs-gemeentelijke-indeling-2023,municipality,0285,GM0285,Voorst,25.143764,percent,CBS StatLine 03759NED Bevolking op 1 januari by age,provenance/netherlands_age65_manifest.json,family_mapped
netherlands,age65,2023,2023-01-01,cbs-gemeentelijke-indeling-2023,municipality,0289,GM0289,Wageningen,16.884766,percent,CBS StatLine 03759NED Bevolking op 1 januari by age,provenance/netherlands_age65_manifest.json,family_mapped
netherlands,age65,2023,2023-01-01,cbs-gemeentelijke-indeling-2023,municipality,0293,GM0293,Westervoort,22.33029,percent,CBS StatLine 03759NED Bevolking op 1 januari by age,provenance/netherlands_age65_manifest.json,family_mapped
netherlands,age65,2023,2023-01-01,cbs-gemeentelijke-indeling-2023,municipality,0294,GM0294,Winterswijk,24.694903,percent,CBS StatLine 03759NED Bevolking op 1 januari by age,provenance/netherlands_age65_manifest.json,family_mapped
netherlands,age65,2023,2023-01-01,cbs-gemeentelijke-indeling-2023,municipality,0296,GM0296,Wijchen,22.565424,percent,CBS StatLine 03759NED Bevolking op 1 januari by age,provenance/netherlands_age65_manifest.json,family_mapped
netherlands,age65,2023,2023-01-01,cbs-gemeentelijke-indeling-2023,municipality,0297,GM0297,Zaltbommel,18.596988,percent,CBS StatLine 03759NED Bevolking op 1 januari by age,provenance/netherlands_age65_manifest.json,family_mapped
netherlands,age65,2023,2023-01-01,cbs-gemeentelijke-indeling-2023,municipality,0299,GM0299,Zevenaar,24.925625,percent,CBS StatLine 03759NED Bevolking op 1 januari by age,provenance/netherlands_age65_manifest.json,family_mapped
netherlands,age65,2023,2023-01-01,cbs-gemeentelijke-indeling-2023,municipality,0301,GM0301,Zutphen,24.017728,percent,CBS StatLine 03759NED Bevolking op 1 januari by age,provenance/netherlands_age65_manifest.json,family_mapped
netherlands,age65,2023,2023-01-01,cbs-gemeentelijke-indeling-2023,municipality,0302,GM0302,Nunspeet,21.287111,percent,CBS StatLine 03759NED Bevolking op 1 januari by age,provenance/netherlands_age65_manifest.json,family_mapped
netherlands,age65,2023,2023-01-01,cbs-gemeentelijke-indeling-2023,municipality,0303,GM0303,Dronten,18.617668,percent,CBS StatLine 03759NED Bevolking op 1 januari by age,provenance/netherlands_age65_manifest.json,family_mapped
netherlands,age65,2023,2023-01-01,cbs-gemeentelijke-indeling-2023,municipality,0307,GM0307,Amersfoort,15.898954,percent,CBS StatLine 03759NED Bevolking op 1 januari by age,provenance/netherlands_age65_manifest.json,family_mapped
netherlands,age65,2023,2023-01-01,cbs-gemeentelijke-indeling-2023,municipality,0308,GM0308,Baarn,25.003999,percent,CBS StatLine 03759NED Bevolking op 1 januari by age,provenance/netherlands_age65_manifest.json,family_mapped
netherlands,age65,2023,2023-01-01,cbs-gemeentelijke-indeling-2023,municipality,0310,GM0310,De Bilt,24.234345,percent,CBS StatLine 03759NED Bevolking op 1 januari by age,provenance/netherlands_age65_manifest.json,family_mapped
netherlands,age65,2023,2023-01-01,cbs-gemeentelijke-indeling-2023,municipality,0312,GM0312,Bunnik,22.401098,percent,CBS StatLine 03759NED Bevolking op 1 januari by age,provenance/netherlands_age65_manifest.json,family_mapped
netherlands,age65,2023,2023-01-01,cbs-gemeentelijke-indeling-2023,municipality,0313,GM0313,Bunschoten,16.884444,percent,CBS StatLine 03759NED Bevolking op 1 januari by age,provenance/netherlands_age65_manifest.json,family_mapped
netherlands,age65,2023,2023-01-01,cbs-gemeentelijke-indeling-2023,municipality,0317,GM0317,Eemnes,21.660763,percent,CBS StatLine 03759NED Bevolking op 1 januari by age,provenance/netherlands_age65_manifest.json,family_mapped
netherlands,age65,2023,2023-01-01,cbs-gemeentelijke-indeling-2023,municipality,0321,GM0321,Houten,17.880232,percent,CBS StatLine 03759NED Bevolking op 1 januari by age,provenance/netherlands_age65_manifest.json,family_mapped
netherlands,age65,2023,2023-01-01,cbs-gemeentelijke-indeling-2023,municipality,0327,GM0327,Leusden,23.195729,percent,CBS StatLine 03759NED Bevolking op 1 januari by age,provenance/netherlands_age65_manifest.json,family_mapped
netherlands,age65,2023,2023-01-01,cbs-gemeentelijke-indeling-2023,municipality,0331,GM0331,Lopik,18.464363,percent,CBS StatLine 03759NED Bevolking op 1 januari by age,provenance/netherlands_age65_manifest.json,family_mapped
netherlands,age65,2023,2023-01-01,cbs-gemeentelijke-indeling-2023,municipality,0335,GM0335,Montfoort,20.654749,percent,CBS StatLine 03759NED Bevolking op 1 januari by age,provenance/netherlands_age65_manifest.json,family_mapped
netherlands,age65,2023,2023-01-01,cbs-gemeentelijke-indeling-2023,municipality,0339,GM0339,Renswoude,15.729946,percent,CBS StatLine 03759NED Bevolking op 1 januari by age,provenance/netherlands_age65_manifest.json,family_mapped
netherlands,age65,2023,2023-01-01,cbs-gemeentelijke-indeling-2023,municipality,0340,GM0340,Rhenen,22.367062,percent,CBS StatLine 03759NED Bevolking op 1 januari by age,provenance/netherlands_age65_manifest.json,family_mapped
netherlands,age65,2023,2023-01-01,cbs-gemeentelijke-indeling-2023,municipality,0342,GM0342,Soest,23.177133,percent,CBS StatLine 03759NED Bevolking op 1 januari by age,provenance/netherlands_age65_manifest.json,family_mapped
netherlands,age65,2023,2023-01-01,cbs-gemeentelijke-indeling-2023,municipality,0344,GM0344,Utrecht,10.700726,percent,CBS StatLine 03759NED Bevolking op 1 januari by age,provenance/netherlands_age65_manifest.json,family_mapped
netherlands,age65,2023,2023-01-01,cbs-gemeentelijke-indeling-2023,municipality,0345,GM0345,Veenendaal,18.70996,percent,CBS StatLine 03759NED Bevolking op 1 januari by age,provenance/netherlands_age65_manifest.json,family_mapped
netherlands,age65,2023,2023-01-01,cbs-gemeentelijke-indeling-2023,municipality,0351,GM0351,Woudenberg,18.853601,percent,CBS StatLine 03759NED Bevolking op 1 januari by age,provenance/netherlands_age65_manifest.json,family_mapped
netherlands,age65,2023,2023-01-01,cbs-gemeentelijke-indeling-2023,municipality,0352,GM0352,Wijk bij Duurstede,22.683892,percent,CBS StatLine 03759NED Bevolking op 1 januari by age,provenance/netherlands_age65_manifest.json,family_mapped
netherlands,age65,2023,2023-01-01,cbs-gemeentelijke-indeling-2023,municipality,0353,GM0353,IJsselstein,19.380748,percent,CBS StatLine 03759NED Bevolking op 1 januari by age,provenance/netherlands_age65_manifest.json,family_mapped
netherlands,age65,2023,2023-01-01,cbs-gemeentelijke-indeling-2023,municipality,0355,GM0355,Zeist,21.364571,percent,CBS StatLine 03759NED Bevolking op 1 januari by age,provenance/netherlands_age65_manifest.json,family_mapped
netherlands,age65,2023,2023-01-01,cbs-gemeentelijke-indeling-2023,municipality,0356,GM0356,Nieuwegein,21.338612,percent,CBS StatLine 03759NED Bevolking op 1 januari by age,provenance/netherlands_age65_manifest.json,family_mapped
netherlands,age65,2023,2023-01-01,cbs-gemeentelijke-indeling-2023,municipality,0358,GM0358,Aalsmeer,18.921453,percent,CBS StatLine 03759NED Bevolking op 1 januari by age,provenance/netherlands_age65_manifest.json,family_mapped
netherlands,age65,2023,2023-01-01,cbs-gemeentelijke-indeling-2023,municipality,0361,GM0361,Alkmaar,20.68244,percent,CBS StatLine 03759NED Bevolking op 1 januari by age,provenance/netherlands_age65_manifest.json,family_mapped
netherlands,age65,2023,2023-01-01,cbs-gemeentelijke-indeling-2023,municipality,0362,GM0362,Amstelveen,19.211379,percent,CBS StatLine 03759NED Bevolking op 1 januari by age,provenance/netherlands_age65_manifest.json,family_mapped
netherlands,age65,2023,2023-01-01,cbs-gemeentelijke-indeling-2023,municipality,0363,GM0363,Amsterdam,13.415937,percent,CBS StatLine 03759NED Bevolking op 1 januari by age,provenance/netherlands_age65_manifest.json,family_mapped
netherlands,age65,2023,2023-01-01,cbs-gemeentelijke-indeling-2023,municipality,0373,GM0373,Bergen (NH.),33.403013,percent,CBS StatLine 03759NED Bevolking op 1 januari by age,provenance/netherlands_age65_manifest.json,family_mapped
netherlands,age65,2023,2023-01-01,cbs-gemeentelijke-indeling-2023,municipality,0375,GM0375,Beverwijk,18.796095,percent,CBS StatLine 03759NED Bevolking op 1 januari by age,provenance/netherlands_age65_manifest.json,family_mapped
netherlands,age65,2023,2023-01-01,cbs-gemeentelijke-indeling-2023,municipality,0376,GM0376,Blaricum,24.211369,percent,CBS StatLine 03759NED Bevolking op 1 januari by age,provenance/netherlands_age65_manifest.json,family_mapped
netherlands,age65,2023,2023-01-01,cbs-gemeentelijke-indeling-2023,municipality,0377,GM0377,Bloemendaal,27.263607,percent,CBS StatLine 03759NED Bevolking op 1 januari by age,provenance/netherlands_age65_manifest.json,family_mapped
netherlands,age65,2023,2023-01-01,cbs-gemeentelijke-indeling-2023,municipality,0383,GM0383,Castricum,25.956803,percent,CBS StatLine 03759NED Bevolking op 1 januari by age,provenance/netherlands_age65_manifest.json,family_mapped
netherlands,age65,2023,2023-01-01,cbs-gemeentelijke-indeling-2023,municipality,0384,GM0384,Diemen,15.589446,percent,CBS StatLine 03759NED Bevolking op 1 januari by age,provenance/netherlands_age65_manifest.json,family_mapped
netherlands,age65,2023,2023-01-01,cbs-gemeentelijke-indeling-2023,municipality,0385,GM0385,Edam-Volendam,22.208923,percent,CBS StatLine 03759NED Bevolking op 1 januari by age,provenance/netherlands_age65_manifest.json,family_mapped
netherlands,age65,2023,2023-01-01,cbs-gemeentelijke-indeling-2023,municipality,0388,GM0388,Enkhuizen,22.716442,percent,CBS StatLine 03759NED Bevolking op 1 januari by age,provenance/netherlands_age65_manifest.json,family_mapped
netherlands,age65,2023,2023-01-01,cbs-gemeentelijke-indeling-2023,municipality,0392,GM0392,Haarlem,17.40429,percent,CBS StatLine 03759NED Bevolking op 1 januari by age,provenance/netherlands_age65_manifest.json,family_mapped
netherlands,age65,2023,2023-01-01,cbs-gemeentelijke-indeling-2023,municipality,0394,GM0394,Haarlemmermeer,17.491066,percent,CBS StatLine 03759NED Bevolking op 1 januari by age,provenance/netherlands_age65_manifest.json,family_mapped
netherlands,age65,2023,2023-01-01,cbs-gemeentelijke-indeling-2023,municipality,0396,GM0396,Heemskerk,23.342041,percent,CBS StatLine 03759NED Bevolking op 1 januari by age,provenance/netherlands_age65_manifest.json,family_mapped
netherlands,age65,2023,2023-01-01,cbs-gemeentelijke-indeling-2023,municipality,0397,GM0397,Heemstede,27.366981,percent,CBS StatLine 03759NED Bevolking op 1 januari by age,provenance/netherlands_age65_manifest.json,family_mapped
netherlands,age65,2023,2023-01-01,cbs-gemeentelijke-indeling-2023,municipality,0399,GM0399,Heiloo,27.143386,percent,CBS StatLine 03759NED Bevolking op 1 januari by age,provenance/netherlands_age65_manifest.json,family_mapped
netherlands,age65,2023,2023-01-01,cbs-gemeentelijke-indeling-2023,municipality,0400,GM0400,Den Helder,24.16562,percent,CBS StatLine 03759NED Bevolking op 1 januari by age,provenance/netherlands_age65_manifest.json,family_mapped
netherlands,age65,2023,2023-01-01,cbs-gemeentelijke-indeling-2023,municipality,0402,GM0402,Hilversum,18.732658,percent,CBS StatLine 03759NED Bevolking op 1 januari by age,provenance/netherlands_age65_manifest.json,family_mapped
netherlands,age65,2023,2023-01-01,cbs-gemeentelijke-indeling-2023,municipality,0405,GM0405,Hoorn,20.427835,percent,CBS StatLine 03759NED Bevolking op 1 januari by age,provenance/netherlands_age65_manifest.json,family_mapped
netherlands,age65,2023,2023-01-01,cbs-gemeentelijke-indeling-2023,municipality,0406,GM0406,Huizen,25.35877,percent,CBS StatLine 03759NED Bevolking op 1 januari by age,provenance/netherlands_age65_manifest.json,family_mapped
netherlands,age65,2023,2023-01-01,cbs-gemeentelijke-indeling-2023,municipality,0415,GM0415,Landsmeer,22.580094,percent,CBS StatLine 03759NED Bevolking op 1 januari by age,provenance/netherlands_age65_manifest.json,family_mapped
netherlands,age65,2023,2023-01-01,cbs-gemeentelijke-indeling-2023,municipality,0417,GM0417,Laren,31.582992,percent,CBS StatLine 03759NED Bevolking op 1 januari by age,provenance/netherlands_age65_manifest.json,family_mapped
netherlands,age65,2023,2023-01-01,cbs-gemeentelijke-indeling-2023,municipality,0420,GM0420,Medemblik,22.434881,percent,CBS StatLine 03759NED Bevolking op 1 januari by age,provenance/netherlands_age65_manifest.json,family_mapped
netherlands,age65,2023,2023-01-01,cbs-gemeentelijke-indeling-2023,municipality,0431,GM0431,Oostzaan,21.718107,percent,CBS StatLine 03759NED Bevolking op 1 januari by age,provenance/netherlands_age65_manifest.json,family_mapped
netherlands,age65,2023,2023-01-01,cbs-gemeentelijke-indeling-2023,municipality,0432,GM0432,Opmeer,22.701149,percent,CBS StatLine 03759NED Bevolking op 1 januari by age,provenance/netherlands_age65_manifest.json,family_mapped
netherlands,age65,2023,2023-01-01,cbs-gemeentelijke-indeling-2023,municipality,0437,GM0437,Ouder-Amstel,21.973942,percent,CBS StatLine 03759NED Bevolking op 1 januari by age,provenance/netherlands_age65_manifest.json,family_mapped
netherlands,age65,2023,2023-01-01,cbs-gemeentelijke-indeling-2023,municipality,0439,GM0439,Purmerend,20.983701,percent,CBS StatLine 03759NED Bevolking op 1 januari by age,provenance/netherlands_age65_manifest.json,family_mapped
netherlands,age65,2023,2023-01-01,cbs-gemeentelijke-indeling-2023,municipality,0441,GM0441,Schagen,25.591149,percent,CBS StatLine 03759NED Bevolking op 1 januari by age,provenance/netherlands_age65_manifest.json,family_mapped
netherlands,age65,2023,2023-01-01,cbs-gemeentelijke-indeling-2023,municipality,0448,GM0448,Texel,27.054868,percent,CBS StatLine 03759NED Bevolking op 1 januari by age,provenance/netherlands_age65_manifest.json,family_mapped
netherlands,age65,2023,2023-01-01,cbs-gemeentelijke-indeling-2023,municipality,0450,GM0450,Uitgeest,19.395784,percent,CBS StatLine 03759NED Bevolking op 1 januari by age,provenance/netherlands_age65_manifest.json,family_mapped
netherlands,age65,2023,2023-01-01,cbs-gemeentelijke-indeling-2023,municipality,0451,GM0451,Uithoorn,18.173144,percent,CBS StatLine 03759NED Bevolking op 1 januari by age,provenance/netherlands_age65_manifest.json,family_mapped
netherlands,age65,2023,2023-01-01,cbs-gemeentelijke-indeling-2023,municipality,0453,GM0453,Velsen,21.337404,percent,CBS StatLine 03759NED Bevolking op 1 januari by age,provenance/netherlands_age65_manifest.json,family_mapped
netherlands,age65,2023,2023-01-01,cbs-gemeentelijke-indeling-2023,municipality,0473,GM0473,Zandvoort,26.758636,percent,CBS StatLine 03759NED Bevolking op 1 januari by age,provenance/netherlands_age65_manifest.json,family_mapped
netherlands,age65,2023,2023-01-01,cbs-gemeentelijke-indeling-2023,municipality,0479,GM0479,Zaanstad,18.589382,percent,CBS StatLine 03759NED Bevolking op 1 januari by age,provenance/netherlands_age65_manifest.json,family_mapped
netherlands,age65,2023,2023-01-01,cbs-gemeentelijke-indeling-2023,municipality,0482,GM0482,Alblasserdam,20.038318,percent,CBS StatLine 03759NED Bevolking op 1 januari by age,provenance/netherlands_age65_manifest.json,family_mapped
netherlands,age65,2023,2023-01-01,cbs-gemeentelijke-indeling-2023,municipality,0484,GM0484,Alphen aan den Rijn,20.12664,percent,CBS StatLine 03759NED Bevolking op 1 januari by age,provenance/netherlands_age65_manifest.json,family_mapped
netherlands,age65,2023,2023-01-01,cbs-gemeentelijke-indeling-2023,municipality,0489,GM0489,Barendrecht,19.032205,percent,CBS StatLine 03759NED Bevolking op 1 januari by age,provenance/netherlands_age65_manifest.json,family_mapped
netherlands,age65,2023,2023-01-01,cbs-gemeentelijke-indeling-2023,municipality,0498,GM0498,Drechterland,22.472406,percent,CBS StatLine 03759NED Bevolking op 1 januari by age,provenance/netherlands_age65_manifest.json,family_mapped
netherlands,age65,2023,2023-01-01,cbs-gemeentelijke-indeling-2023,municipality,0502,GM0502,Capelle aan den IJssel,21.681075,percent,CBS StatLine 03759NED Bevolking op 1 januari by age,provenance/netherlands_age65_manifest.json,family_mapped
netherlands,age65,2023,2023-01-01,cbs-gemeentelijke-indeling-2023,municipality,0503,GM0503,Delft,16.421582,percent,CBS StatLine 03759NED Bevolking op 1 januari by age,provenance/netherlands_age65_manifest.json,family_mapped
netherlands,age65,2023,2023-01-01,cbs-gemeentelijke-indeling-2023,municipality,0505,GM0505,Dordrecht,19.693002,percent,CBS StatLine 03759NED Bevolking op 1 januari by age,provenance/netherlands_age65_manifest.json,family_mapped
netherlands,age65,2023,2023-01-01,cbs-gemeentelijke-indeling-2023,municipality,0512,GM0512,Gorinchem,19.092067,percent,CBS StatLine 03759NED Bevolking op 1 januari by age,provenance/netherlands_age65_manifest.json,family_mapped
netherlands,age65,2023,2023-01-01,cbs-gemeentelijke-indeling-2023,municipality,0513,GM0513,Gouda,20.068777,percent,CBS StatLine 03759NED Bevolking op 1 januari by age,provenance/netherlands_age65_manifest.json,family_mapped
netherlands,age65,2023,2023-01-01,cbs-gemeentelijke-indeling-2023,municipality,0518,GM0518,'s-Gravenhage,15.00127,percent,CBS StatLine 03759NED Bevolking op 1 januari by age,provenance/netherlands_age65_manifest.json,family_mapped
netherlands,age65,2023,2023-01-01,cbs-gemeentelijke-indeling-2023,municipality,0523,GM0523,Hardinxveld-Giessendam,18.917617,percent,CBS StatLine 03759NED Bevolking op 1 januari by age,provenance/netherlands_age65_manifest.json,family_mapped
netherlands,age65,2023,2023-01-01,cbs-gemeentelijke-indeling-2023,municipality,0531,GM0531,Hendrik-Ido-Ambacht,17.279309,percent,CBS StatLine 03759NED Bevolking op 1 januari by age,provenance/netherlands_age65_manifest.json,family_mapped
netherlands,age65,2023,2023-01-01,cbs-gemeentelijke-indeling-2023,municipality,0532,GM0532,Stede Broec,23.132171,percent,CBS StatLine 03759NED Bevolking op 1 januari by age,provenance/netherlands_age65_manifest.json,family_mapped
netherlands,age65,2023,2023-01-01,cbs-gemeentelijke-indeling-2023,municipality,0534,GM0534,Hillegom,21.190932,percent,CBS StatLine 03759NED Bevolking op 1 januari by age,provenance/netherlands_age65_manifest.json,family_mapped
netherlands,age65,2023,2023-01-01,cbs-gemeentelijke-indeling-2023,municipality,0537,GM0537,Katwijk,19.001006,percent,CBS StatLine 03759NED Bevolking op 1 januari by age,provenance/netherlands_age65_manifest.json,family_mapped
netherlands,age65,2023,2023-01-01,cbs-gemeentelijke-indeling-2023,municipality,0542,GM0542,Krimpen aan den IJssel,24.600054,percent,CBS StatLine 03759NED Bevolking op 1 januari by age,provenance/netherlands_age65_manifest.json,family_mapped
netherlands,age65,2023,2023-01-01,cbs-gemeentelijke-indeling-2023,municipality,0546,GM0546,Leiden,16.15246,percent,CBS StatLine 03759NED Bevolking op 1 januari by age,provenance/netherlands_age65_manifest.json,family_mapped
netherlands,age65,2023,2023-01-01,cbs-gemeentelijke-indeling-2023,municipality,0547,GM0547,Leiderdorp,23.274397,percent,CBS StatLine 03759NED Bevolking op 1 januari by age,provenance/netherlands_age65_manifest.json,family_mapped
netherlands,age65,2023,2023-01-01,cbs-gemeentelijke-indeling-2023,municipality,0553,GM0553,Lisse,23.663959,percent,CBS StatLine 03759NED Bevolking op 1 januari by age,provenance/netherlands_age65_manifest.json,family_mapped
netherlands,age65,2023,2023-01-01,cbs-gemeentelijke-indeling-2023,municipality,0556,GM0556,Maassluis,22.745942,percent,CBS StatLine 03759NED Bevolking op 1 januari by age,provenance/netherlands_age65_manifest.json,family_mapped
netherlands,age65,2023,2023-01-01,cbs-gemeentelijke-indeling-2023,municipality,0569,GM0569,Nieuwkoop,21.671249,percent,CBS StatLine 03759NED Bevolking op 1 januari by age,provenance/netherlands_age65_manifest.json,family_mapped
netherlands,age65,2023,2023-01-01,cbs-gemeentelijke-indeling-2023,municipality,0575,GM0575,Noordwijk,22.948715,percent,CBS StatLine 03759NED Bevolking op 1 januari by age,provenance/netherlands_age65_manifest.json,family_mapped
netherlands,age65,2023,2023-01-01,cbs-gemeentelijke-indeling-2023,municipality,0579,GM0579,Oegstgeest,21.110075,percent,CBS StatLine 03759NED Bevolking op 1 januari by age,provenance/netherlands_age65_manifest.json,family_mapped
netherlands,age65,2023,2023-01-01,cbs-gemeentelijke-indeling-2023,municipality,0589,GM0589,Oudewater,22.419859,percent,CBS StatLine 03759NED Bevolking op 1 januari by age,provenance/netherlands_age65_manifest.json,family_mapped
netherlands,age65,2023,2023-01-01,cbs-gemeentelijke-indeling-2023,municipality,0590,GM0590,Papendrecht,22.805713,percent,CBS StatLine 03759NED Bevolking op 1 januari by age,provenance/netherlands_age65_manifest.json,family_mapped
netherlands,age65,2023,2023-01-01,cbs-gemeentelijke-indeling-2023,municipality,0597,GM0597,Ridderkerk,24.241212,percent,CBS StatLine 03759NED Bevolking op 1 januari by age,provenance/netherlands_age65_manifest.json,family_mapped
netherlands,age65,2023,2023-01-01,cbs-gemeentelijke-indeling-2023,municipality,0599,GM0599,Rotterdam,15.62645,percent,CBS StatLine 03759NED Bevolking op 1 januari by age,provenance/netherlands_age65_manifest.json,family_mapped
netherlands,age65,2023,2023-01-01,cbs-gemeentelijke-indeling-2023,municipality,0603,GM0603,Rijswijk,20.933841,percent,CBS StatLine 03759NED Bevolking op 1 januari by age,provenance/netherlands_age65_manifest.json,family_mapped
netherlands,age65,2023,2023-01-01,cbs-gemeentelijke-indeling-2023,municipality,0606,GM0606,Schiedam,17.484001,percent,CBS StatLine 03759NED Bevolking op 1 januari by age,provenance/netherlands_age65_manifest.json,family_mapped
netherlands,age65,2023,2023-01-01,cbs-gemeentelijke-indeling-2023,municipality,0610,GM0610,Sliedrecht,20.206997,percent,CBS StatLine 03759NED Bevolking op 1 januari by age,provenance/netherlands_age65_manifest.json,family_mapped
netherlands,age65,2023,2023-01-01,cbs-gemeentelijke-indeling-2023,municipality,0613,GM0613,Albrandswaard,18.420154,percent,CBS StatLine 03759NED Bevolking op 1 januari by age,provenance/netherlands_age65_manifest.json,family_mapped
netherlands,age65,2023,2023-01-01,cbs-gemeentelijke-indeling-2023,municipality,0622,GM0622,Vlaardingen,21.100441,percent,CBS StatLine 03759NED Bevolking op 1 januari by age,provenance/netherlands_age65_manifest.json,family_mapped
netherlands,age65,2023,2023-01-01,cbs-gemeentelijke-indeling-2023,municipality,0626,GM0626,Voorschoten,24.028833,percent,CBS StatLine 03759NED Bevolking op 1 januari by age,provenance/netherlands_age65_manifest.json,family_mapped
netherlands,age65,2023,2023-01-01,cbs-gemeentelijke-indeling-2023,municipality,0627,GM0627,Waddinxveen,18.520904,percent,CBS StatLine 03759NED Bevolking op 1 januari by age,provenance/netherlands_age65_manifest.json,family_mapped
netherlands,age65,2023,2023-01-01,cbs-gemeentelijke-indeling-2023,municipality,0629,GM0629,Wassenaar,25.357103,percent,CBS StatLine 03759NED Bevolking op 1 januari by age,provenance/netherlands_age65_manifest.json,family_mapped
netherlands,age65,2023,2023-01-01,cbs-gemeentelijke-indeling-2023,municipality,0632,GM0632,Woerden,19.805048,percent,CBS StatLine 03759NED Bevolking op 1 januari by age,provenance/netherlands_age65_manifest.json,family_mapped
netherlands,age65,2023,2023-01-01,cbs-gemeentelijke-indeling-2023,municipality,0637,GM0637,Zoetermeer,20.64127,percent,CBS StatLine 03759NED Bevolking op 1 januari by age,provenance/netherlands_age65_manifest.json,family_mapped
netherlands,age65,2023,2023-01-01,cbs-gemeentelijke-indeling-2023,municipality,0638,GM0638,Zoeterwoude,21.529175,percent,CBS StatLine 03759NED Bevolking op 1 januari by age,provenance/netherlands_age65_manifest.json,family_mapped
netherlands,age65,2023,2023-01-01,cbs-gemeentelijke-indeling-2023,municipality,0642,GM0642,Zwijndrecht,22.93527,percent,CBS StatLine 03759NED Bevolking op 1 januari by age,provenance/netherlands_age65_manifest.json,family_mapped
netherlands,age65,2023,2023-01-01,cbs-gemeentelijke-indeling-2023,municipality,0654,GM0654,Borsele,21.853275,percent,CBS StatLine 03759NED Bevolking op 1 januari by age,provenance/netherlands_age65_manifest.json,family_mapped
netherlands,age65,2023,2023-01-01,cbs-gemeentelijke-indeling-2023,municipality,0664,GM0664,Goes,24.296909,percent,CBS StatLine 03759NED Bevolking op 1 januari by age,provenance/netherlands_age65_manifest.json,family_mapped
netherlands,age65,2023,2023-01-01,cbs-gemeentelijke-indeling-2023,municipality,0668,GM0668,West Maas en Waal,22.526788,percent,CBS StatLine 03759NED Bevolking op 1 januari by age,provenance/netherlands_age65_manifest.json,family_mapped
netherlands,age65,2023,2023-01-01,cbs-gemeentelijke-indeling-2023,municipality,0677,GM0677,Hulst,26.416872,percent,CBS StatLine 03759NED Bevolking op 1 januari by age,provenance/netherlands_age65_manifest.json,family_mapped
netherlands,age65,2023,2023-01-01,cbs-gemeentelijke-indeling-2023,municipality,0678,GM0678,Kapelle,22.082599,percent,CBS StatLine 03759NED Bevolking op 1 januari by age,provenance/netherlands_age65_manifest.json,family_mapped
netherlands,age65,2023,2023-01-01,cbs-gemeentelijke-indeling-2023,municipality,0687,GM0687,Middelburg,22.892145,percent,CBS StatLine 03759NED Bevolking op 1 januari by age,provenance/netherlands_age65_manifest.json,family_mapped
netherlands,age65,2023,2023-01-01,cbs-gemeentelijke-indeling-2023,municipality,0703,GM0703,Reimerswaal,17.682219,percent,CBS StatLine 03759NED Bevolking op 1 januari by age,provenance/netherlands_age65_manifest.json,family_mapped
netherlands,age65,2023,2023-01-01,cbs-gemeentelijke-indeling-2023,municipality,0715,GM0715,Terneuzen,25.515975,percent,CBS StatLine 03759NED Bevolking op 1 januari by age,provenance/netherlands_age65_manifest.json,family_mapped
netherlands,age65,2023,2023-01-01,cbs-gemeentelijke-indeling-2023,municipality,0716,GM0716,Tholen,19.746505,percent,CBS StatLine 03759NED Bevolking op 1 januari by age,provenance/netherlands_age65_manifest.json,family_mapped
netherlands,age65,2023,2023-01-01,cbs-gemeentelijke-indeling-2023,municipality,0717,GM0717,Veere,28.423679,percent,CBS StatLine 03759NED Bevolking op 1 januari by age,provenance/netherlands_age65_manifest.json,family_mapped
netherlands,age65,2023,2023-01-01,cbs-gemeentelijke-indeling-2023,municipality,0718,GM0718,Vlissingen,24.704319,percent,CBS StatLine 03759NED Bevolking op 1 januari by age,provenance/netherlands_age65_manifest.json,family_mapped
netherlands,age65,2023,2023-01-01,cbs-gemeentelijke-indeling-2023,municipality,0736,GM0736,De Ronde Venen,21.967436,percent,CBS StatLine 03759NED Bevolking op 1 januari by age,provenance/netherlands_age65_manifest.json,family_mapped
netherlands,age65,2023,2023-01-01,cbs-gemeentelijke-indeling-2023,municipality,0737,GM0737,Tytsjerksteradiel,24.558751,percent,CBS StatLine 03759NED Bevolking op 1 januari by age,provenance/netherlands_age65_manifest.json,family_mapped
netherlands,age65,2023,2023-01-01,cbs-gemeentelijke-indeling-2023,municipality,0743,GM0743,Asten,23.431156,percent,CBS StatLine 03759NED Bevolking op 1 januari by age,provenance/netherlands_age65_manifest.json,family_mapped
netherlands,age65,2023,2023-01-01,cbs-gemeentelijke-indeling-2023,municipality,0744,GM0744,Baarle-Nassau,27.605713,percent,CBS StatLine 03759NED Bevolking op 1 januari by age,provenance/netherlands_age65_manifest.json,family_mapped
netherlands,age65,2023,2023-01-01,cbs-gemeentelijke-indeling-2023,municipality,0748,GM0748,Bergen op Zoom,22.678032,percent,CBS StatLine 03759NED Bevolking op 1 januari by age,provenance/netherlands_age65_manifest.json,family_mapped
netherlands,age65,2023,2023-01-01,cbs-gemeentelijke-indeling-2023,municipality,0753,GM0753,Best,19.972813,percent,CBS StatLine 03759NED Bevolking op 1 januari by age,provenance/netherlands_age65_manifest.json,family_mapped
netherlands,age65,2023,2023-01-01,cbs-gemeentelijke-indeling-2023,municipality,0755,GM0755,Boekel,19.896085,percent,CBS StatLine 03759NED Bevolking op 1 januari by age,provenance/netherlands_age65_manifest.json,family_mapped
netherlands,age65,2023,2023-01-01,cbs-gemeentelijke-indeling-2023,municipality,0757,GM0757,Boxtel,23.316937,percent,CBS StatLine 03759NED Bevolking op 1 januari by age,provenance/netherlands_age65_manifest.json,family_mapped
netherlands,age65,2023,2023-01-01,cbs-gemeentelijke-indeling-2023,municipality,0758,GM0758,Breda,19.184394,percent,CBS StatLine 03759NED Bevolking op 1 januari by age,provenance/netherlands_age65_manifest.json,family_mapped
netherlands,age65,2023,2023-01-01,cbs-gemeentelijke-indeling-2023,municipality,0762,GM0762,Deurne,23.113079,percent,CBS StatLine 03759NED Bevolking op 1 januari by age,provenance/netherlands_age65_manifest.json,family_mapped
netherlands,age65,2023,2023-01-01,cbs-gemeentelijke-indeling-2023,municipality,0765,GM0765,Pekela,23.363431,percent,CBS StatLine 03759NED Bevolking op 1 januari by age,provenance/netherlands_age65_manifest.json,family_mapped
netherlands,age65,2023,2023-01-01,cbs-gemeentelijke-indeling-2023,municipality,0766,GM0766,Dongen,22.113971,percent,CBS StatLine 03759NED Bevolking op 1 januari by age,provenance/netherlands_age65_manifest.json,family_mapped
netherlands,age65,2023,2023-01-01,cbs-gemeentelijke-indeling-2023,municipality,0770,GM0770,Eersel,23.445311,percent,CBS StatLine 03759NED Bevolking op 1 januari by age,provenance/netherlands_age65_manifest.json,family_mapped
netherlands,age65,2023,2023-01-01,cbs-gemeentelijke-indeling-2023,municipality,0772,GM0772,Eindhoven,16.494071,percent,CBS StatLine 03759NED Bevolking op 1 januari by age,provenance/netherlands_age65_manifest.json,family_mapped
netherlands,age65,2023,2023-01-01,cbs-gemeentelijke-indeling-2023,municipality,0777,GM0777,Etten-Leur,21.822424,percent,CBS StatLine 03759NED Bevolking op 1 januari by age,provenance/netherlands_age65_manifest.json,family_mapped
netherlands,age65,2023,2023-01-01,cbs-gemeentelijke-indeling-2023,municipality,0779,GM0779,Geertruidenberg,22.240825,percent,CBS StatLine 03759NED Bevolking op 1 januari by age,provenance/netherlands_age65_manifest.json,family_mapped
netherlands,age65,2023,2023-01-01,cbs-gemeentelijke-indeling-2023,municipality,0784,GM0784,Gilze en Rijen,21.998881,percent,CBS StatLine 03759NED Bevolking op 1 januari by age,provenance/netherlands_age65_manifest.json,family_mapped
netherlands,age65,2023,2023-01-01,cbs-gemeentelijke-indeling-2023,municipality,0785,GM0785,Goirle,24.341316,percent,CBS StatLine 03759NED Bevolking op 1 januari by age,provenance/netherlands_age65_manifest.json,family_mapped
netherlands,age65,2023,2023-01-01,cbs-gemeentelijke-indeling-2023,municipality,0794,GM0794,Helmond,17.933992,percent,CBS StatLine 03759NED Bevolking op 1 januari by age,provenance/netherlands_age65_manifest.json,family_mapped
netherlands,age65,2023,2023-01-01,cbs-gemeentelijke-indeling-2023,municipality,0796,GM0796,'s-Hertogenbosch,19.04216,percent,CBS StatLine 03759NED Bevolking op 1 januari by age,provenance/netherlands_age65_manifest.json,family_mapped
netherlands,age65,2023,2023-01-01,cbs-gemeentelijke-indeling-2023,municipality,0797,GM0797,Heusden,21.85468,percent,CBS StatLine 03759NED Bevolking op 1 januari by age,provenance/netherlands_age65_manifest.json,family_mapped
netherlands,age65,2023,2023-01-01,cbs-gemeentelijke-indeling-2023,municipality,0798,GM0798,Hilvarenbeek,23.844755,percent,CBS StatLine 03759NED Bevolking op 1 januari by age,provenance/netherlands_age65_manifest.json,family_mapped
netherlands,age65,2023,2023-01-01,cbs-gemeentelijke-indeling-2023,municipality,0809,GM0809,Loon op Zand,23.599613,percent,CBS StatLine 03759NED Bevolking op 1 januari by age,provenance/netherlands_age65_manifest.json,family_mapped
netherlands,age65,2023,2023-01-01,cbs-gemeentelijke-indeling-2023,municipality,0820,GM0820,"Nuenen, Gerwen en Nederwetten",26.36269,percent,CBS StatLine 03759NED Bevolking op 1 januari by age,provenance/netherlands_age65_manifest.json,family_mapped
netherlands,age65,2023,2023-01-01,cbs-gemeentelijke-indeling-2023,municipality,0823,GM0823,Oirschot,23.604101,percent,CBS StatLine 03759NED Bevolking op 1 januari by age,provenance/netherlands_age65_manifest.json,family_mapped
netherlands,age65,2023,2023-01-01,cbs-gemeentelijke-indeling-2023,municipality,0824,GM0824,Oisterwijk,25.07817,percent,CBS StatLine 03759NED Bevolking op 1 januari by age,provenance/netherlands_age65_manifest.json,family_mapped
netherlands,age65,2023,2023-01-01,cbs-gemeentelijke-indeling-2023,municipality,0826,GM0826,Oosterhout,23.127558,percent,CBS StatLine 03759NED Bevolking op 1 januari by age,provenance/netherlands_age65_manifest.json,family_mapped
netherlands,age65,2023,2023-01-01,cbs-gemeentelijke-indeling-2023,municipality,0828,GM0828,Oss,20.53856,percent,CBS StatLine 03759NED Bevolking op 1 januari by age,provenance/netherlands_age65_manifest.json,family_mapped
netherlands,age65,2023,2023-01-01,cbs-gemeentelijke-indeling-2023,municipality,0840,GM0840,Rucphen,23.049585,percent,CBS StatLine 03759NED Bevolking op 1 januari by age,provenance/netherlands_age65_manifest.json,family_mapped
netherlands,age65,2023,2023-01-01,cbs-gemeentelijke-indeling-2023,municipality,0845,GM0845,Sint-Michielsgestel,22.429069,percent,CBS StatLine 03759NED Bevolking op 1 januari by age,provenance/netherlands_age65_manifest.json,family_mapped
netherlands,age65,2023,2023-01-01,cbs-gemeentelijke-indeling-2023,municipality,0847,GM0847,Someren,21.1804,percent,CBS StatLine 03759NED Bevolking op 1 januari by age,provenance/netherlands_age65_manifest.json,family_mapped
netherlands,age65,2023,2023-01-01,cbs-gemeentelijke-indeling-2023,municipality,0848,GM0848,Son en Breugel,22.037757,percent,CBS StatLine 03759NED Bevolking op 1 januari by age,provenance/netherlands_age65_manifest.json,family_mapped
netherlands,age65,2023,2023-01-01,cbs-gemeentelijke-indeling-2023,municipality,0851,GM0851,Steenbergen,23.364486,percent,CBS StatLine 03759NED Bevolking op 1 januari by age,provenance/netherlands_age65_manifest.json,family_mapped
netherlands,age65,2023,2023-01-01,cbs-gemeentelijke-indeling-2023,municipality,0852,GM0852,Waterland,25.89017,percent,CBS StatLine 03759NED Bevolking op 1 januari by age,provenance/netherlands_age65_manifest.json,family_mapped
netherlands,age65,2023,2023-01-01,cbs-gemeentelijke-indeling-2023,municipality,0855,GM0855,Tilburg,17.27571,percent,CBS StatLine 03759NED Bevolking op 1 januari by age,provenance/netherlands_age65_manifest.json,family_mapped
netherlands,age65,2023,2023-01-01,cbs-gemeentelijke-indeling-2023,municipality,0858,GM0858,Valkenswaard,26.107781,percent,CBS StatLine 03759NED Bevolking op 1 januari by age,provenance/netherlands_age65_manifest.json,family_mapped
netherlands,age65,2023,2023-01-01,cbs-gemeentelijke-indeling-2023,municipality,0861,GM0861,Veldhoven,22.356033,percent,CBS StatLine 03759NED Bevolking op 1 januari by age,provenance/netherlands_age65_manifest.json,family_mapped
netherlands,age65,2023,2023-01-01,cbs-gemeentelijke-indeling-2023,municipality,0865,GM0865,Vught,22.582755,percent,CBS StatLine 03759NED Bevolking op 1 januari by age,provenance/netherlands_age65_manifest.json,family_mapped
netherlands,age65,2023,2023-01-01,cbs-gemeentelijke-indeling-2023,municipality,0866,GM0866,Waalre,24.238042,percent,CBS StatLine 03759NED Bevolking op 1 januari by age,provenance/netherlands_age65_manifest.json,family_mapped
netherlands,age65,2023,2023-01-01,cbs-gemeentelijke-indeling-2023,municipality,0867,GM0867,Waalwijk,21.748879,percent,CBS StatLine 03759NED Bevolking op 1 januari by age,provenance/netherlands_age65_manifest.json,family_mapped
netherlands,age65,2023,2023-01-01,cbs-gemeentelijke-indeling-2023,municipality,0873,GM0873,Woensdrecht,24.762291,percent,CBS StatLine 03759NED Bevolking op 1 januari by age,provenance/netherlands_age65_manifest.json,family_mapped
netherlands,age65,2023,2023-01-01,cbs-gemeentelijke-indeling-2023,municipality,0879,GM0879,Zundert,23.439027,percent,CBS StatLine 03759NED Bevolking op 1 januari by age,provenance/netherlands_age65_manifest.json,family_mapped
netherlands,age65,2023,2023-01-01,cbs-gemeentelijke-indeling-2023,municipality,0880,GM0880,Wormerland,23.609439,percent,CBS StatLine 03759NED Bevolking op 1 januari by age,provenance/netherlands_age65_manifest.json,family_mapped
netherlands,age65,2023,2023-01-01,cbs-gemeentelijke-indeling-2023,municipality,0882,GM0882,Landgraaf,26.872898,percent,CBS StatLine 03759NED Bevolking op 1 januari by age,provenance/netherlands_age65_manifest.json,family_mapped
netherlands,age65,2023,2023-01-01,cbs-gemeentelijke-indeling-2023,municipality,0888,GM0888,Beek,26.965038,percent,CBS StatLine 03759NED Bevolking op 1 januari by age,provenance/netherlands_age65_manifest.json,family_mapped
netherlands,age65,2023,2023-01-01,cbs-gemeentelijke-indeling-2023,municipality,0889,GM0889,Beesel,25.302997,percent,CBS StatLine 03759NED Bevolking op 1 januari by age,provenance/netherlands_age65_manifest.json,family_mapped
netherlands,age65,2023,2023-01-01,cbs-gemeentelijke-indeling-2023,municipality,0893,GM0893,Bergen (L.),25.520238,percent,CBS StatLine 03759NED Bevolking op 1 januari by age,provenance/netherlands_age65_manifest.json,family_mapped
netherlands,age65,2023,2023-01-01,cbs-gemeentelijke-indeling-2023,municipality,0899,GM0899,Brunssum,26.515425,percent,CBS StatLine 03759NED Bevolking op 1 januari by age,provenance/netherlands_age65_manifest.json,family_mapped
netherlands,age65,2023,2023-01-01,cbs-gemeentelijke-indeling-2023,municipality,0907,GM0907,Gennep,25.394055,percent,CBS StatLine 03759NED Bevolking op 1 januari by age,provenance/netherlands_age65_manifest.json,family_mapped
netherlands,age65,2023,2023-01-01,cbs-gemeentelijke-indeling-2023,municipality,0917,GM0917,Heerlen,24.117904,percent,CBS StatLine 03759NED Bevolking op 1 januari by age,provenance/netherlands_age65_manifest.json,family_mapped
netherlands,age65,2023,2023-01-01,cbs-gemeentelijke-indeling-2023,municipality,0928,GM0928,Kerkrade,26.562911,percent,CBS StatLine 03759NED Bevolking op 1 januari by age,provenance/netherlands_age65_manifest.json,family_mapped
netherlands,age65,2023,2023-01-01,cbs-gemeentelijke-indeling-2023,municipality,0935,GM0935,Maastricht,22.288038,percent,CBS StatLine 03759NED Bevolking op 1 januari by age,provenance/netherlands_age65_manifest.json,family_mapped
netherlands,age65,2023,2023-01-01,cbs-gemeentelijke-indeling-2023,municipality,0938,GM0938,Meerssen,27.822581,percent,CBS StatLine 03759NED Bevolking op 1 januari by age,provenance/netherlands_age65_manifest.json,family_mapped
netherlands,age65,2023,2023-01-01,cbs-gemeentelijke-indeling-2023,municipality,0944,GM0944,Mook en Middelaar,28.061669,percent,CBS StatLine 03759NED Bevolking op 1 januari by age,provenance/netherlands_age65_manifest.json,family_mapped
netherlands,age65,2023,2023-01-01,cbs-gemeentelijke-indeling-2023,municipality,0946,GM0946,Nederweert,24.567118,percent,CBS StatLine 03759NED Bevolking op 1 januari by age,provenance/netherlands_age65_manifest.json,family_mapped
netherlands,age65,2023,2023-01-01,cbs-gemeentelijke-indeling-2023,municipality,0957,GM0957,Roermond,22.117004,percent,CBS StatLine 03759NED Bevolking op 1 januari by age,provenance/netherlands_age65_manifest.json,family_mapped
netherlands,age65,2023,2023-01-01,cbs-gemeentelijke-indeling-2023,municipality,0965,GM0965,Simpelveld,28.020392,percent,CBS StatLine 03759NED Bevolking op 1 januari by age,provenance/netherlands_age65_manifest.json,family_mapped
netherlands,age65,2023,2023-01-01,cbs-gemeentelijke-indeling-2023,municipality,0971,GM0971,Stein,28.455514,percent,CBS StatLine 03759NED Bevolking op 1 januari by age,provenance/netherlands_age65_manifest.json,family_mapped
netherlands,age65,2023,2023-01-01,cbs-gemeentelijke-indeling-2023,municipality,0981,GM0981,Vaals,28.684985,percent,CBS StatLine 03759NED Bevolking op 1 januari by age,provenance/netherlands_age65_manifest.json,family_mapped
netherlands,age65,2023,2023-01-01,cbs-gemeentelijke-indeling-2023,municipality,0983,GM0983,Venlo,22.722786,percent,CBS StatLine 03759NED Bevolking op 1 januari by age,provenance/netherlands_age65_manifest.json,family_mapped
netherlands,age65,2023,2023-01-01,cbs-gemeentelijke-indeling-2023,municipality,0984,GM0984,Venray,22.839921,percent,CBS StatLine 03759NED Bevolking op 1 januari by age,provenance/netherlands_age65_manifest.json,family_mapped
netherlands,age65,2023,2023-01-01,cbs-gemeentelijke-indeling-2023,municipality,0986,GM0986,Voerendaal,28.665861,percent,CBS StatLine 03759NED Bevolking op 1 januari by age,provenance/netherlands_age65_manifest.json,family_mapped
netherlands,age65,2023,2023-01-01,cbs-gemeentelijke-indeling-2023,municipality,0988,GM0988,Weert,23.99945,percent,CBS StatLine 03759NED Bevolking op 1 januari by age,provenance/netherlands_age65_manifest.json,family_mapped
netherlands,age65,2023,2023-01-01,cbs-gemeentelijke-indeling-2023,municipality,0994,GM0994,Valkenburg aan de Geul,30.670401,percent,CBS StatLine 03759NED Bevolking op 1 januari by age,provenance/netherlands_age65_manifest.json,family_mapped
netherlands,age65,2023,2023-01-01,cbs-gemeentelijke-indeling-2023,municipality,0995,GM0995,Lelystad,18.096419,percent,CBS StatLine 03759NED Bevolking op 1 januari by age,provenance/netherlands_age65_manifest.json,family_mapped
netherlands,age65,2023,2023-01-01,cbs-gemeentelijke-indeling-2023,municipality,1507,GM1507,Horst aan de Maas,23.070049,percent,CBS StatLine 03759NED Bevolking op 1 januari by age,provenance/netherlands_age65_manifest.json,family_mapped
netherlands,age65,2023,2023-01-01,cbs-gemeentelijke-indeling-2023,municipality,1509,GM1509,Oude IJsselstreek,25.3023,percent,CBS StatLine 03759NED Bevolking op 1 januari by age,provenance/netherlands_age65_manifest.json,family_mapped
netherlands,age65,2023,2023-01-01,cbs-gemeentelijke-indeling-2023,municipality,1525,GM1525,Teylingen,20.618021,percent,CBS StatLine 03759NED Bevolking op 1 januari by age,provenance/netherlands_age65_manifest.json,family_mapped
netherlands,age65,2023,2023-01-01,cbs-gemeentelijke-indeling-2023,municipality,1581,GM1581,Utrechtse Heuvelrug,24.928117,percent,CBS StatLine 03759NED Bevolking op 1 januari by age,provenance/netherlands_age65_manifest.json,family_mapped
netherlands,age65,2023,2023-01-01,cbs-gemeentelijke-indeling-2023,municipality,1586,GM1586,Oost Gelre,23.765329,percent,CBS StatLine 03759NED Bevolking op 1 januari by age,provenance/netherlands_age65_manifest.json,family_mapped
netherlands,age65,2023,2023-01-01,cbs-gemeentelijke-indeling-2023,municipality,1598,GM1598,Koggenland,21.345017,percent,CBS StatLine 03759NED Bevolking op 1 januari by age,provenance/netherlands_age65_manifest.json,family_mapped
netherlands,age65,2023,2023-01-01,cbs-gemeentelijke-indeling-2023,municipality,1621,GM1621,Lansingerland,16.179695,percent,CBS StatLine 03759NED Bevolking op 1 januari by age,provenance/netherlands_age65_manifest.json,family_mapped
netherlands,age65,2023,2023-01-01,cbs-gemeentelijke-indeling-2023,municipality,1640,GM1640,Leudal,26.02861,percent,CBS StatLine 03759NED Bevolking op 1 januari by age,provenance/netherlands_age65_manifest.json,family_mapped
netherlands,age65,2023,2023-01-01,cbs-gemeentelijke-indeling-2023,municipality,1641,GM1641,Maasgouw,28.327505,percent,CBS StatLine 03759NED Bevolking op 1 januari by age,provenance/netherlands_age65_manifest.json,family_mapped
netherlands,age65,2023,2023-01-01,cbs-gemeentelijke-indeling-2023,municipality,1652,GM1652,Gemert-Bakel,21.23124,percent,CBS StatLine 03759NED Bevolking op 1 januari by age,provenance/netherlands_age65_manifest.json,family_mapped
netherlands,age65,2023,2023-01-01,cbs-gemeentelijke-indeling-2023,municipality,1655,GM1655,Halderberge,24.126156,percent,CBS StatLine 03759NED Bevolking op 1 januari by age,provenance/netherlands_age65_manifest.json,family_mapped
netherlands,age65,2023,2023-01-01,cbs-gemeentelijke-indeling-2023,municipality,1658,GM1658,Heeze-Leende,25.789379,percent,CBS StatLine 03759NED Bevolking op 1 januari by age,provenance/netherlands_age65_manifest.json,family_mapped
netherlands,age65,2023,2023-01-01,cbs-gemeentelijke-indeling-2023,municipality,1659,GM1659,Laarbeek,23.662941,percent,CBS StatLine 03759NED Bevolking op 1 januari by age,provenance/netherlands_age65_manifest.json,family_mapped
netherlands,age65,2023,2023-01-01,cbs-gemeentelijke-indeling-2023,municipality,1667,GM1667,Reusel-De Mierden,22.182839,percent,CBS StatLine 03759NED Bevolking op 1 januari by age,provenance/netherlands_age65_manifest.json,family_mapped
netherlands,age65,2023,2023-01-01,cbs-gemeentelijke-indeling-2023,municipality,1669,GM1669,Roerdalen,28.620423,percent,CBS StatLine 03759NED Bevolking op 1 januari by age,provenance/netherlands_age65_manifest.json,family_mapped
netherlands,age65,2023,2023-01-01,cbs-gemeentelijke-indeling-2023,municipality,1674,GM1674,Roosendaal,22.407329,percent,CBS StatLine 03759NED Bevolking op 1 januari by age,provenance/netherlands_age65_manifest.json,family_mapped
netherlands,age65,2023,2023-01-01,cbs-gemeentelijke-indeling-2023,municipality,1676,GM1676,Schouwen-Duiveland,28.381702,percent,CBS StatLine 03759NED Bevolking op 1 januari by age,provenance/netherlands_age65_manifest.json,family_mapped
netherlands,age65,2023,2023-01-01,cbs-gemeentelijke-indeling-2023,municipality,1680,GM1680,Aa en Hunze,27.826155,percent,CBS StatLine 03759NED Bevolking op 1 januari by age,provenance/netherlands_age65_manifest.json,family_mapped
netherlands,age65,2023,2023-01-01,cbs-gemeentelijke-indeling-2023,municipality,1681,GM1681,Borger-Odoorn,25.872912,percent,CBS StatLine 03759NED Bevolking op 1 januari by age,provenance/netherlands_age65_manifest.json,family_mapped
netherlands,age65,2023,2023-01-01,cbs-gemeentelijke-indeling-2023,municipality,1690,GM1690,De Wolden,25.445086,percent,CBS StatLine 03759NED Bevolking op 1 januari by age,provenance/netherlands_age65_manifest.json,family_mapped
netherlands,age65,2023,2023-01-01,cbs-gemeentelijke-indeling-2023,municipality,1695,GM1695,Noord-Beveland,29.896907,percent,CBS StatLine 03759NED Bevolking op 1 januari by age,provenance/netherlands_age65_manifest.json,family_mapped
netherlands,age65,2023,2023-01-01,cbs-gemeentelijke-indeling-2023,municipality,1696,GM1696,Wijdemeren,24.640091,percent,CBS StatLine 03759NED Bevolking op 1 januari by age,provenance/netherlands_age65_manifest.json,family_mapped
netherlands,age65,2023,2023-01-01,cbs-gemeentelijke-indeling-2023,municipality,1699,GM1699,Noordenveld,28.476465,percent,CBS StatLine 03759NED Bevolking op 1 januari by age,provenance/netherlands_age65_manifest.json,family_mapped
netherlands,age65,2023,2023-01-01,cbs-gemeentelijke-indeling-2023,municipality,1700,GM1700,Twenterand,20.518499,percent,CBS StatLine 03759NED Bevolking op 1 januari by age,provenance/netherlands_age65_manifest.json,family_mapped
netherlands,age65,2023,2023-01-01,cbs-gemeentelijke-indeling-2023,municipality,1701,GM1701,Westerveld,30.553877,percent,CBS StatLine 03759NED Bevolking op 1 januari by age,provenance/netherlands_age65_manifest.json,family_mapped
netherlands,age65,2023,2023-01-01,cbs-gemeentelijke-indeling-2023,municipality,1705,GM1705,Lingewaard,23.329098,percent,CBS StatLine 03759NED Bevolking op 1 januari by age,provenance/netherlands_age65_manifest.json,family_mapped
netherlands,age65,2023,2023-01-01,cbs-gemeentelijke-indeling-2023,municipality,1706,GM1706,Cranendonck,25.34171,percent,CBS StatLine 03759NED Bevolking op 1 januari by age,provenance/netherlands_age65_manifest.json,family_mapped
netherlands,age65,2023,2023-01-01,cbs-gemeentelijke-indeling-2023,municipality,1708,GM1708,Steenwijkerland,23.336125,percent,CBS StatLine 03759NED Bevolking op 1 januari by age,provenance/netherlands_age65_manifest.json,family_mapped
netherlands,age65,2023,2023-01-01,cbs-gemeentelijke-indeling-2023,municipality,1709,GM1709,Moerdijk,22.693644,percent,CBS StatLine 03759NED Bevolking op 1 januari by age,provenance/netherlands_age65_manifest.json,family_mapped
netherlands,age65,2023,2023-01-01,cbs-gemeentelijke-indeling-2023,municipality,1711,GM1711,Echt-Susteren,27.093565,percent,CBS StatLine 03759NED Bevolking op 1 januari by age,provenance/netherlands_age65_manifest.json,family_mapped
netherlands,age65,2023,2023-01-01,cbs-gemeentelijke-indeling-2023,municipality,1714,GM1714,Sluis,29.548681,percent,CBS StatLine 03759NED Bevolking op 1 januari by age,provenance/netherlands_age65_manifest.json,family_mapped
netherlands,age65,2023,2023-01-01,cbs-gemeentelijke-indeling-2023,municipality,1719,GM1719,Drimmelen,23.812245,percent,CBS StatLine 03759NED Bevolking op 1 januari by age,provenance/netherlands_age65_manifest.json,family_mapped
netherlands,age65,2023,2023-01-01,cbs-gemeentelijke-indeling-2023,municipality,1721,GM1721,Bernheze,22.081022,percent,CBS StatLine 03759NED Bevolking op 1 januari by age,provenance/netherlands_age65_manifest.json,family_mapped
netherlands,age65,2023,2023-01-01,cbs-gemeentelijke-indeling-2023,municipality,1723,GM1723,Alphen-Chaam,24.553187,percent,CBS StatLine 03759NED Bevolking op 1 januari by age,provenance/netherlands_age65_manifest.json,family_mapped
netherlands,age65,2023,2023-01-01,cbs-gemeentelijke-indeling-2023,municipality,1724,GM1724,Bergeijk,23.580557,percent,CBS StatLine 03759NED Bevolking op 1 januari by age,provenance/netherlands_age65_manifest.json,family_mapped
netherlands,age65,2023,2023-01-01,cbs-gemeentelijke-indeling-2023,municipality,1728,GM1728,Bladel,22.747394,percent,CBS StatLine 03759NED Bevolking op 1 januari by age,provenance/netherlands_age65_manifest.json,family_mapped
netherlands,age65,2023,2023-01-01,cbs-gemeentelijke-indeling-2023,municipality,1729,GM1729,Gulpen-Wittem,30.380014,percent,CBS StatLine 03759NED Bevolking op 1 januari by age,provenance/netherlands_age65_manifest.json,family_mapped
netherlands,age65,2023,2023-01-01,cbs-gemeentelijke-indeling-2023,municipality,1730,GM1730,Tynaarlo,25.078053,percent,CBS StatLine 03759NED Bevolking op 1 januari by age,provenance/netherlands_age65_manifest.json,family_mapped
netherlands,age65,2023,2023-01-01,cbs-gemeentelijke-indeling-2023,municipality,1731,GM1731,Midden-Drenthe,25.003678,percent,CBS StatLine 03759NED Bevolking op 1 januari by age,provenance/netherlands_age65_manifest.json,family_mapped
netherlands,age65,2023,2023-01-01,cbs-gemeentelijke-indeling-2023,municipality,1734,GM1734,Overbetuwe,20.565832,percent,CBS StatLine 03759NED Bevolking op 1 januari by age,provenance/netherlands_age65_manifest.json,family_mapped
netherlands,age65,2023,2023-01-01,cbs-gemeentelijke-indeling-2023,municipality,1735,GM1735,Hof van Twente,25.945565,percent,CBS StatLine 03759NED Bevolking op 1 januari by age,provenance/netherlands_age65_manifest.json,family_mapped
netherlands,age65,2023,2023-01-01,cbs-gemeentelijke-indeling-2023,municipality,1740,GM1740,Neder-Betuwe,17.38447,percent,CBS StatLine 03759NED Bevolking op 1 januari by age,provenance/netherlands_age65_manifest.json,family_mapped
netherlands,age65,2023,2023-01-01,cbs-gemeentelijke-indeling-2023,municipality,1742,GM1742,Rijssen-Holten,19.382745,percent,CBS StatLine 03759NED Bevolking op 1 januari by age,provenance/netherlands_age65_manifest.json,family_mapped
netherlands,age65,2023,2023-01-01,cbs-gemeentelijke-indeling-2023,municipality,1771,GM1771,Geldrop-Mierlo,22.937118,percent,CBS StatLine 03759NED Bevolking op 1 januari by age,provenance/netherlands_age65_manifest.json,family_mapped
netherlands,age65,2023,2023-01-01,cbs-gemeentelijke-indeling-2023,municipality,1773,GM1773,Olst-Wijhe,22.96328,percent,CBS StatLine 03759NED Bevolking op 1 januari by age,provenance/netherlands_age65_manifest.json,family_mapped
netherlands,age65,2023,2023-01-01,cbs-gemeentelijke-indeling-2023,municipality,1774,GM1774,Dinkelland,23.516434,percent,CBS StatLine 03759NED Bevolking op 1 januari by age,provenance/netherlands_age65_manifest.json,family_mapped
netherlands,age65,2023,2023-01-01,cbs-gemeentelijke-indeling-2023,municipality,1783,GM1783,Westland,19.950038,percent,CBS StatLine 03759NED Bevolking op 1 januari by age,provenance/netherlands_age65_manifest.json,family_mapped
netherlands,age65,2023,2023-01-01,cbs-gemeentelijke-indeling-2023,municipality,1842,GM1842,Midden-Delfland,20.763147,percent,CBS StatLine 03759NED Bevolking op 1 januari by age,provenance/netherlands_age65_manifest.json,family_mapped
netherlands,age65,2023,2023-01-01,cbs-gemeentelijke-indeling-2023,municipality,1859,GM1859,Berkelland,26.157376,percent,CBS StatLine 03759NED Bevolking op 1 januari by age,provenance/netherlands_age65_manifest.json,family_mapped
netherlands,age65,2023,2023-01-01,cbs-gemeentelijke-indeling-2023,municipality,1876,GM1876,Bronckhorst,27.645616,percent,CBS StatLine 03759NED Bevolking op 1 januari by age,provenance/netherlands_age65_manifest.json,family_mapped
netherlands,age65,2023,2023-01-01,cbs-gemeentelijke-indeling-2023,municipality,1883,GM1883,Sittard-Geleen,25.180519,percent,CBS StatLine 03759NED Bevolking op 1 januari by age,provenance/netherlands_age65_manifest.json,family_mapped
netherlands,age65,2023,2023-01-01,cbs-gemeentelijke-indeling-2023,municipality,1884,GM1884,Kaag en Braassem,21.551815,percent,CBS StatLine 03759NED Bevolking op 1 januari by age,provenance/netherlands_age65_manifest.json,family_mapped
netherlands,age65,2023,2023-01-01,cbs-gemeentelijke-indeling-2023,municipality,1891,GM1891,Dantumadiel,23.262478,percent,CBS StatLine 03759NED Bevolking op 1 januari by age,provenance/netherlands_age65_manifest.json,family_mapped
netherlands,age65,2023,2023-01-01,cbs-gemeentelijke-indeling-2023,municipality,1892,GM1892,Zuidplas,18.737362,percent,CBS StatLine 03759NED Bevolking op 1 januari by age,provenance/netherlands_age65_manifest.json,family_mapped
netherlands,age65,2023,2023-01-01,cbs-gemeentelijke-indeling-2023,municipality,1894,GM1894,Peel en Maas,23.628412,percent,CBS StatLine 03759NED Bevolking op 1 januari by age,provenance/netherlands_age65_manifest.json,family_mapped
netherlands,age65,2023,2023-01-01,cbs-gemeentelijke-indeling-2023,municipality,1895,GM1895,Oldambt,25.614691,percent,CBS StatLine 03759NED Bevolking op 1 januari by age,provenance/netherlands_age65_manifest.json,family_mapped
netherlands,age65,2023,2023-01-01,cbs-gemeentelijke-indeling-2023,municipality,1896,GM1896,Zwartewaterland,17.703697,percent,CBS StatLine 03759NED Bevolking op 1 januari by age,provenance/netherlands_age65_manifest.json,family_mapped
netherlands,age65,2023,2023-01-01,cbs-gemeentelijke-indeling-2023,municipality,1900,GM1900,Súdwest-Fryslân,23.720608,percent,CBS StatLine 03759NED Bevolking op 1 januari by age,provenance/netherlands_age65_manifest.json,family_mapped
netherlands,age65,2023,2023-01-01,cbs-gemeentelijke-indeling-2023,municipality,1901,GM1901,Bodegraven-Reeuwijk,20.816349,percent,CBS StatLine 03759NED Bevolking op 1 januari by age,provenance/netherlands_age65_manifest.json,family_mapped
netherlands,age65,2023,2023-01-01,cbs-gemeentelijke-indeling-2023,municipality,1903,GM1903,Eijsden-Margraten,26.605363,percent,CBS StatLine 03759NED Bevolking op 1 januari by age,provenance/netherlands_age65_manifest.json,family_mapped
netherlands,age65,2023,2023-01-01,cbs-gemeentelijke-indeling-2023,municipality,1904,GM1904,Stichtse Vecht,21.770993,percent,CBS StatLine 03759NED Bevolking op 1 januari by age,provenance/netherlands_age65_manifest.json,family_mapped
netherlands,age65,2023,2023-01-01,cbs-gemeentelijke-indeling-2023,municipality,1911,GM1911,Hollands Kroon,21.885052,percent,CBS StatLine 03759NED Bevolking op 1 januari by age,provenance/netherlands_age65_manifest.json,family_mapped
netherlands,age65,2023,2023-01-01,cbs-gemeentelijke-indeling-2023,municipality,1916,GM1916,Leidschendam-Voorburg,23.229972,percent,CBS StatLine 03759NED Bevolking op 1 januari by age,provenance/netherlands_age65_manifest.json,family_mapped
netherlands,age65,2023,2023-01-01,cbs-gemeentelijke-indeling-2023,municipality,1924,GM1924,Goeree-Overflakkee,22.626478,percent,CBS StatLine 03759NED Bevolking op 1 januari by age,provenance/netherlands_age65_manifest.json,family_mapped
netherlands,age65,2023,2023-01-01,cbs-gemeentelijke-indeling-2023,municipality,1926,GM1926,Pijnacker-Nootdorp,15.64364,percent,CBS StatLine 03759NED Bevolking op 1 januari by age,provenance/netherlands_age65_manifest.json,family_mapped
netherlands,age65,2023,2023-01-01,cbs-gemeentelijke-indeling-2023,municipality,1930,GM1930,Nissewaard,21.200465,percent,CBS StatLine 03759NED Bevolking op 1 januari by age,provenance/netherlands_age65_manifest.json,family_mapped
netherlands,age65,2023,2023-01-01,cbs-gemeentelijke-indeling-2023,municipality,1931,GM1931,Krimpenerwaard,21.781629,percent,CBS StatLine 03759NED Bevolking op 1 januari by age,provenance/netherlands_age65_manifest.json,family_mapped
netherlands,age65,2023,2023-01-01,cbs-gemeentelijke-indeling-2023,municipality,1940,GM1940,De Fryske Marren,24.603785,percent,CBS StatLine 03759NED Bevolking op 1 januari by age,provenance/netherlands_age65_manifest.json,family_mapped
netherlands,age65,2023,2023-01-01,cbs-gemeentelijke-indeling-2023,municipality,1942,GM1942,Gooise Meren,20.826635,percent,CBS StatLine 03759NED Bevolking op 1 januari by age,provenance/netherlands_age65_manifest.json,family_mapped
netherlands,age65,2023,2023-01-01,cbs-gemeentelijke-indeling-2023,municipality,1945,GM1945,Berg en Dal,25.974026,percent,CBS StatLine 03759NED Bevolking op 1 januari by age,provenance/netherlands_age65_manifest.json,family_mapped
netherlands,age65,2023,2023-01-01,cbs-gemeentelijke-indeling-2023,municipality,1948,GM1948,Meierijstad,21.804933,percent,CBS StatLine 03759NED Bevolking op 1 januari by age,provenance/netherlands_age65_manifest.json,family_mapped
netherlands,age65,2023,2023-01-01,cbs-gemeentelijke-indeling-2023,municipality,1949,GM1949,Waadhoeke,23.387131,percent,CBS StatLine 03759NED Bevolking op 1 januari by age,provenance/netherlands_age65_manifest.json,family_mapped
netherlands,age65,2023,2023-01-01,cbs-gemeentelijke-indeling-2023,municipality,1950,GM1950,Westerwolde,26.898293,percent,CBS StatLine 03759NED Bevolking op 1 januari by age,provenance/netherlands_age65_manifest.json,family_mapped
netherlands,age65,2023,2023-01-01,cbs-gemeentelijke-indeling-2023,municipality,1952,GM1952,Midden-Groningen,23.171524,percent,CBS StatLine 03759NED Bevolking op 1 januari by age,provenance/netherlands_age65_manifest.json,family_mapped
netherlands,age65,2023,2023-01-01,cbs-gemeentelijke-indeling-2023,municipality,1954,GM1954,Beekdaelen,27.13674,percent,CBS StatLine 03759NED Bevolking op 1 januari by age,provenance/netherlands_age65_manifest.json,family_mapped
netherlands,age65,2023,2023-01-01,cbs-gemeentelijke-indeling-2023,municipality,1955,GM1955,Montferland,24.478065,percent,CBS StatLine 03759NED Bevolking op 1 januari by age,provenance/netherlands_age65_manifest.json,family_mapped
netherlands,age65,2023,2023-01-01,cbs-gemeentelijke-indeling-2023,municipality,1959,GM1959,Altena,20.462183,percent,CBS StatLine 03759NED Bevolking op 1 januari by age,provenance/netherlands_age65_manifest.json,family_mapped
netherlands,age65,2023,2023-01-01,cbs-gemeentelijke-indeling-2023,municipality,1960,GM1960,West Betuwe,20.009484,percent,CBS StatLine 03759NED Bevolking op 1 januari by age,provenance/netherlands_age65_manifest.json,family_mapped
netherlands,age65,2023,2023-01-01,cbs-gemeentelijke-indeling-2023,municipality,1961,GM1961,Vijfheerenlanden,20.339039,percent,CBS StatLine 03759NED Bevolking op 1 januari by age,provenance/netherlands_age65_manifest.json,family_mapped
netherlands,age65,2023,2023-01-01,cbs-gemeentelijke-indeling-2023,municipality,1963,GM1963,Hoeksche Waard,23.245321,percent,CBS StatLine 03759NED Bevolking op 1 januari by age,provenance/netherlands_age65_manifest.json,family_mapped
netherlands,age65,2023,2023-01-01,cbs-gemeentelijke-indeling-2023,municipality,1966,GM1966,Het Hogeland,25.112841,percent,CBS StatLine 03759NED Bevolking op 1 januari by age,provenance/netherlands_age65_manifest.json,family_mapped
netherlands,age65,2023,2023-01-01,cbs-gemeentelijke-indeling-2023,municipality,1969,GM1969,Westerkwartier,21.601022,percent,CBS StatLine 03759NED Bevolking op 1 januari by age,provenance/netherlands_age65_manifest.json,family_mapped
netherlands,age65,2023,2023-01-01,cbs-gemeentelijke-indeling-2023,municipality,1970,GM1970,Noardeast-Fryslân,22.28892,percent,CBS StatLine 03759NED Bevolking op 1 januari by age,provenance/netherlands_age65_manifest.json,family_mapped
netherlands,age65,2023,2023-01-01,cbs-gemeentelijke-indeling-2023,municipality,1978,GM1978,Molenlanden,19.571283,percent,CBS StatLine 03759NED Bevolking op 1 januari by age,provenance/netherlands_age65_manifest.json,family_mapped
netherlands,age65,2023,2023-01-01,cbs-gemeentelijke-indeling-2023,municipality,1979,GM1979,Eemsdelta,25.789752,percent,CBS StatLine 03759NED Bevolking op 1 januari by age,provenance/netherlands_age65_manifest.json,family_mapped
netherlands,age65,2023,2023-01-01,cbs-gemeentelijke-indeling-2023,municipality,1980,GM1980,Dijk en Waard,19.695454,percent,CBS StatLine 03759NED Bevolking op 1 januari by age,provenance/netherlands_age65_manifest.json,family_mapped
netherlands,age65,2023,2023-01-01,cbs-gemeentelijke-indeling-2023,municipality,1982,GM1982,Land van Cuijk,23.453617,percent,CBS StatLine 03759NED Bevolking op 1 januari by age,provenance/netherlands_age65_manifest.json,family_mapped
netherlands,age65,2023,2023-01-01,cbs-gemeentelijke-indeling-2023,municipality,1991,GM1991,Maashorst,22.611735,percent,CBS StatLine 03759NED Bevolking op 1 januari by age,provenance/netherlands_age65_manifest.json,family_mapped
netherlands,age65,2023,2023-01-01,cbs-gemeentelijke-indeling-2023,municipality,1992,GM1992,Voorne aan Zee,24.023261,percent,CBS StatLine 03759NED Bevolking op 1 januari by age,provenance/netherlands_age65_manifest.json,family_mapped
netherlands,age65,2025,2025-01-01,cbs-gemeentelijke-indeling-2025,municipality,0014,GM0014,Groningen,15.57881,percent,CBS StatLine 03759NED Bevolking op 1 januari by age,provenance/netherlands_age65_manifest.json,family_mapped
netherlands,age65,2025,2025-01-01,cbs-gemeentelijke-indeling-2025,municipality,0034,GM0034,Almere,14.161011,percent,CBS StatLine 03759NED Bevolking op 1 januari by age,provenance/netherlands_age65_manifest.json,family_mapped
netherlands,age65,2025,2025-01-01,cbs-gemeentelijke-indeling-2025,municipality,0037,GM0037,Stadskanaal,26.609027,percent,CBS StatLine 03759NED Bevolking op 1 januari by age,provenance/netherlands_age65_manifest.json,family_mapped
netherlands,age65,2025,2025-01-01,cbs-gemeentelijke-indeling-2025,municipality,0047,GM0047,Veendam,24.339943,percent,CBS StatLine 03759NED Bevolking op 1 januari by age,provenance/netherlands_age65_manifest.json,family_mapped
netherlands,age65,2025,2025-01-01,cbs-gemeentelijke-indeling-2025,municipality,0050,GM0050,Zeewolde,16.438187,percent,CBS StatLine 03759NED Bevolking op 1 januari by age,provenance/netherlands_age65_manifest.json,family_mapped
netherlands,age65,2025,2025-01-01,cbs-gemeentelijke-indeling-2025,municipality,0059,GM0059,Achtkarspelen,22.329787,percent,CBS StatLine 03759NED Bevolking op 1 januari by age,provenance/netherlands_age65_manifest.json,family_mapped
netherlands,age65,2025,2025-01-01,cbs-gemeentelijke-indeling-2025,municipality,0060,GM0060,Ameland,25.605263,percent,CBS StatLine 03759NED Bevolking op 1 januari by age,provenance/netherlands_age65_manifest.json,family_mapped
netherlands,age65,2025,2025-01-01,cbs-gemeentelijke-indeling-2025,municipality,0072,GM0072,Harlingen,27.45219,percent,CBS StatLine 03759NED Bevolking op 1 januari by age,provenance/netherlands_age65_manifest.json,family_mapped
netherlands,age65,2025,2025-01-01,cbs-gemeentelijke-indeling-2025,municipality,0074,GM0074,Heerenveen,23.662341,percent,CBS StatLine 03759NED Bevolking op 1 januari by age,provenance/netherlands_age65_manifest.json,family_mapped
netherlands,age65,2025,2025-01-01,cbs-gemeentelijke-indeling-2025,municipality,0080,GM0080,Leeuwarden,19.764874,percent,CBS StatLine 03759NED Bevolking op 1 januari by age,provenance/netherlands_age65_manifest.json,family_mapped
netherlands,age65,2025,2025-01-01,cbs-gemeentelijke-indeling-2025,municipality,0085,GM0085,Ooststellingwerf,26.460945,percent,CBS StatLine 03759NED Bevolking op 1 januari by age,provenance/netherlands_age65_manifest.json,family_mapped
netherlands,age65,2025,2025-01-01,cbs-gemeentelijke-indeling-2025,municipality,0086,GM0086,Opsterland,24.320272,percent,CBS StatLine 03759NED Bevolking op 1 januari by age,provenance/netherlands_age65_manifest.json,family_mapped
netherlands,age65,2025,2025-01-01,cbs-gemeentelijke-indeling-2025,municipality,0088,GM0088,Schiermonnikoog,31.410917,percent,CBS StatLine 03759NED Bevolking op 1 januari by age,provenance/netherlands_age65_manifest.json,family_mapped
netherlands,age65,2025,2025-01-01,cbs-gemeentelijke-indeling-2025,municipality,0090,GM0090,Smallingerland,22.556233,percent,CBS StatLine 03759NED Bevolking op 1 januari by age,provenance/netherlands_age65_manifest.json,family_mapped
netherlands,age65,2025,2025-01-01,cbs-gemeentelijke-indeling-2025,municipality,0093,GM0093,Terschelling,25.005078,percent,CBS StatLine 03759NED Bevolking op 1 januari by age,provenance/netherlands_age65_manifest.json,family_mapped
netherlands,age65,2025,2025-01-01,cbs-gemeentelijke-indeling-2025,municipality,0096,GM0096,Vlieland,22.185703,percent,CBS StatLine 03759NED Bevolking op 1 januari by age,provenance/netherlands_age65_manifest.json,family_mapped
netherlands,age65,2025,2025-01-01,cbs-gemeentelijke-indeling-2025,municipality,0098,GM0098,Weststellingwerf,25.958791,percent,CBS StatLine 03759NED Bevolking op 1 januari by age,provenance/netherlands_age65_manifest.json,family_mapped
netherlands,age65,2025,2025-01-01,cbs-gemeentelijke-indeling-2025,municipality,0106,GM0106,Assen,22.038016,percent,CBS StatLine 03759NED Bevolking op 1 januari by age,provenance/netherlands_age65_manifest.json,family_mapped
netherlands,age65,2025,2025-01-01,cbs-gemeentelijke-indeling-2025,municipality,0109,GM0109,Coevorden,26.854434,percent,CBS StatLine 03759NED Bevolking op 1 januari by age,provenance/netherlands_age65_manifest.json,family_mapped
netherlands,age65,2025,2025-01-01,cbs-gemeentelijke-indeling-2025,municipality,0114,GM0114,Emmen,24.647605,percent,CBS StatLine 03759NED Bevolking op 1 januari by age,provenance/netherlands_age65_manifest.json,family_mapped
netherlands,age65,2025,2025-01-01,cbs-gemeentelijke-indeling-2025,municipality,0118,GM0118,Hoogeveen,23.104769,percent,CBS StatLine 03759NED Bevolking op 1 januari by age,provenance/netherlands_age65_manifest.json,family_mapped
netherlands,age65,2025,2025-01-01,cbs-gemeentelijke-indeling-2025,municipality,0119,GM0119,Meppel,21.226324,percent,CBS StatLine 03759NED Bevolking op 1 januari by age,provenance/netherlands_age65_manifest.json,family_mapped
netherlands,age65,2025,2025-01-01,cbs-gemeentelijke-indeling-2025,municipality,0141,GM0141,Almelo,20.907778,percent,CBS StatLine 03759NED Bevolking op 1 januari by age,provenance/netherlands_age65_manifest.json,family_mapped
netherlands,age65,2025,2025-01-01,cbs-gemeentelijke-indeling-2025,municipality,0147,GM0147,Borne,23.091225,percent,CBS StatLine 03759NED Bevolking op 1 januari by age,provenance/netherlands_age65_manifest.json,family_mapped
netherlands,age65,2025,2025-01-01,cbs-gemeentelijke-indeling-2025,municipality,0148,GM0148,Dalfsen,23.080507,percent,CBS StatLine 03759NED Bevolking op 1 januari by age,provenance/netherlands_age65_manifest.json,family_mapped
netherlands,age65,2025,2025-01-01,cbs-gemeentelijke-indeling-2025,municipality,0150,GM0150,Deventer,19.547272,percent,CBS StatLine 03759NED Bevolking op 1 januari by age,provenance/netherlands_age65_manifest.json,family_mapped
netherlands,age65,2025,2025-01-01,cbs-gemeentelijke-indeling-2025,municipality,0153,GM0153,Enschede,18.631443,percent,CBS StatLine 03759NED Bevolking op 1 januari by age,provenance/netherlands_age65_manifest.json,family_mapped
netherlands,age65,2025,2025-01-01,cbs-gemeentelijke-indeling-2025,municipality,0158,GM0158,Haaksbergen,26.063983,percent,CBS StatLine 03759NED Bevolking op 1 januari by age,provenance/netherlands_age65_manifest.json,family_mapped
netherlands,age65,2025,2025-01-01,cbs-gemeentelijke-indeling-2025,municipality,0160,GM0160,Hardenberg,20.621304,percent,CBS StatLine 03759NED Bevolking op 1 januari by age,provenance/netherlands_age65_manifest.json,family_mapped
netherlands,age65,2025,2025-01-01,cbs-gemeentelijke-indeling-2025,municipality,0163,GM0163,Hellendoorn,24.253721,percent,CBS StatLine 03759NED Bevolking op 1 januari by age,provenance/netherlands_age65_manifest.json,family_mapped
netherlands,age65,2025,2025-01-01,cbs-gemeentelijke-indeling-2025,municipality,0164,GM0164,Hengelo (O.),21.16311,percent,CBS StatLine 03759NED Bevolking op 1 januari by age,provenance/netherlands_age65_manifest.json,family_mapped
netherlands,age65,2025,2025-01-01,cbs-gemeentelijke-indeling-2025,municipality,0166,GM0166,Kampen,18.32458,percent,CBS StatLine 03759NED Bevolking op 1 januari by age,provenance/netherlands_age65_manifest.json,family_mapped
netherlands,age65,2025,2025-01-01,cbs-gemeentelijke-indeling-2025,municipality,0168,GM0168,Losser,25.719034,percent,CBS StatLine 03759NED Bevolking op 1 januari by age,provenance/netherlands_age65_manifest.json,family_mapped
netherlands,age65,2025,2025-01-01,cbs-gemeentelijke-indeling-2025,municipality,0171,GM0171,Noordoostpolder,19.053713,percent,CBS StatLine 03759NED Bevolking op 1 januari by age,provenance/netherlands_age65_manifest.json,family_mapped
netherlands,age65,2025,2025-01-01,cbs-gemeentelijke-indeling-2025,municipality,0173,GM0173,Oldenzaal,25.342744,percent,CBS StatLine 03759NED Bevolking op 1 januari by age,provenance/netherlands_age65_manifest.json,family_mapped
netherlands,age65,2025,2025-01-01,cbs-gemeentelijke-indeling-2025,municipality,0175,GM0175,Ommen,24.411658,percent,CBS StatLine 03759NED Bevolking op 1 januari by age,provenance/netherlands_age65_manifest.json,family_mapped
netherlands,age65,2025,2025-01-01,cbs-gemeentelijke-indeling-2025,municipality,0177,GM0177,Raalte,25.124926,percent,CBS StatLine 03759NED Bevolking op 1 januari by age,provenance/netherlands_age65_manifest.json,family_mapped
netherlands,age65,2025,2025-01-01,cbs-gemeentelijke-indeling-2025,municipality,0180,GM0180,Staphorst,16.40138,percent,CBS StatLine 03759NED Bevolking op 1 januari by age,provenance/netherlands_age65_manifest.json,family_mapped
netherlands,age65,2025,2025-01-01,cbs-gemeentelijke-indeling-2025,municipality,0183,GM0183,Tubbergen,22.271818,percent,CBS StatLine 03759NED Bevolking op 1 januari by age,provenance/netherlands_age65_manifest.json,family_mapped
netherlands,age65,2025,2025-01-01,cbs-gemeentelijke-indeling-2025,municipality,0184,GM0184,Urk,10.652595,percent,CBS StatLine 03759NED Bevolking op 1 januari by age,provenance/netherlands_age65_manifest.json,family_mapped
netherlands,age65,2025,2025-01-01,cbs-gemeentelijke-indeling-2025,municipality,0189,GM0189,Wierden,22.922421,percent,CBS StatLine 03759NED Bevolking op 1 januari by age,provenance/netherlands_age65_manifest.json,family_mapped
netherlands,age65,2025,2025-01-01,cbs-gemeentelijke-indeling-2025,municipality,0193,GM0193,Zwolle,17.31186,percent,CBS StatLine 03759NED Bevolking op 1 januari by age,provenance/netherlands_age65_manifest.json,family_mapped
netherlands,age65,2025,2025-01-01,cbs-gemeentelijke-indeling-2025,municipality,0197,GM0197,Aalten,24.725115,percent,CBS StatLine 03759NED Bevolking op 1 januari by age,provenance/netherlands_age65_manifest.json,family_mapped
netherlands,age65,2025,2025-01-01,cbs-gemeentelijke-indeling-2025,municipality,0200,GM0200,Apeldoorn,22.534426,percent,CBS StatLine 03759NED Bevolking op 1 januari by age,provenance/netherlands_age65_manifest.json,family_mapped
netherlands,age65,2025,2025-01-01,cbs-gemeentelijke-indeling-2025,municipality,0202,GM0202,Arnhem,16.453319,percent,CBS StatLine 03759NED Bevolking op 1 januari by age,provenance/netherlands_age65_manifest.json,family_mapped
netherlands,age65,2025,2025-01-01,cbs-gemeentelijke-indeling-2025,municipality,0203,GM0203,Barneveld,17.796744,percent,CBS StatLine 03759NED Bevolking op 1 januari by age,provenance/netherlands_age65_manifest.json,family_mapped
netherlands,age65,2025,2025-01-01,cbs-gemeentelijke-indeling-2025,municipality,0209,GM0209,Beuningen,22.572806,percent,CBS StatLine 03759NED Bevolking op 1 januari by age,provenance/netherlands_age65_manifest.json,family_mapped
netherlands,age65,2025,2025-01-01,cbs-gemeentelijke-indeling-2025,municipality,0213,GM0213,Brummen,27.414228,percent,CBS StatLine 03759NED Bevolking op 1 januari by age,provenance/netherlands_age65_manifest.json,family_mapped
netherlands,age65,2025,2025-01-01,cbs-gemeentelijke-indeling-2025,municipality,0214,GM0214,Buren,22.117378,percent,CBS StatLine 03759NED Bevolking op 1 januari by age,provenance/netherlands_age65_manifest.json,family_mapped
netherlands,age65,2025,2025-01-01,cbs-gemeentelijke-indeling-2025,municipality,0216,GM0216,Culemborg,20.815033,percent,CBS StatLine 03759NED Bevolking op 1 januari by age,provenance/netherlands_age65_manifest.json,family_mapped
netherlands,age65,2025,2025-01-01,cbs-gemeentelijke-indeling-2025,municipality,0221,GM0221,Doesburg,29.204494,percent,CBS StatLine 03759NED Bevolking op 1 januari by age,provenance/netherlands_age65_manifest.json,family_mapped
netherlands,age65,2025,2025-01-01,cbs-gemeentelijke-indeling-2025,municipality,0222,GM0222,Doetinchem,22.794718,percent,CBS StatLine 03759NED Bevolking op 1 januari by age,provenance/netherlands_age65_manifest.json,family_mapped
netherlands,age65,2025,2025-01-01,cbs-gemeentelijke-indeling-2025,municipality,0225,GM0225,Druten,22.047802,percent,CBS StatLine 03759NED Bevolking op 1 januari by age,provenance/netherlands_age65_manifest.json,family_mapped
netherlands,age65,2025,2025-01-01,cbs-gemeentelijke-indeling-2025,municipality,0226,GM0226,Duiven,22.708684,percent,CBS StatLine 03759NED Bevolking op 1 januari by age,provenance/netherlands_age65_manifest.json,family_mapped
netherlands,age65,2025,2025-01-01,cbs-gemeentelijke-indeling-2025,municipality,0228,GM0228,Ede,19.618562,percent,CBS StatLine 03759NED Bevolking op 1 januari by age,provenance/netherlands_age65_manifest.json,family_mapped
netherlands,age65,2025,2025-01-01,cbs-gemeentelijke-indeling-2025,municipality,0230,GM0230,Elburg,21.223277,percent,CBS StatLine 03759NED Bevolking op 1 januari by age,provenance/netherlands_age65_manifest.json,family_mapped
netherlands,age65,2025,2025-01-01,cbs-gemeentelijke-indeling-2025,municipality,0232,GM0232,Epe,27.027996,percent,CBS StatLine 03759NED Bevolking op 1 januari by age,provenance/netherlands_age65_manifest.json,family_mapped
netherlands,age65,2025,2025-01-01,cbs-gemeentelijke-indeling-2025,municipality,0233,GM0233,Ermelo,24.872916,percent,CBS StatLine 03759NED Bevolking op 1 januari by age,provenance/netherlands_age65_manifest.json,family_mapped
netherlands,age65,2025,2025-01-01,cbs-gemeentelijke-indeling-2025,municipality,0243,GM0243,Harderwijk,20.005196,percent,CBS StatLine 03759NED Bevolking op 1 januari by age,provenance/netherlands_age65_manifest.json,family_mapped
netherlands,age65,2025,2025-01-01,cbs-gemeentelijke-indeling-2025,municipality,0244,GM0244,Hattem,23.020792,percent,CBS StatLine 03759NED Bevolking op 1 januari by age,provenance/netherlands_age65_manifest.json,family_mapped
netherlands,age65,2025,2025-01-01,cbs-gemeentelijke-indeling-2025,municipality,0246,GM0246,Heerde,25.516706,percent,CBS StatLine 03759NED Bevolking op 1 januari by age,provenance/netherlands_age65_manifest.json,family_mapped
netherlands,age65,2025,2025-01-01,cbs-gemeentelijke-indeling-2025,municipality,0252,GM0252,Heumen,26.48716,percent,CBS StatLine 03759NED Bevolking op 1 januari by age,provenance/netherlands_age65_manifest.json,family_mapped
netherlands,age65,2025,2025-01-01,cbs-gemeentelijke-indeling-2025,municipality,0262,GM0262,Lochem,30.341532,percent,CBS StatLine 03759NED Bevolking op 1 januari by age,provenance/netherlands_age65_manifest.json,family_mapped
netherlands,age65,2025,2025-01-01,cbs-gemeentelijke-indeling-2025,municipality,0263,GM0263,Maasdriel,21.145726,percent,CBS StatLine 03759NED Bevolking op 1 januari by age,provenance/netherlands_age65_manifest.json,family_mapped
netherlands,age65,2025,2025-01-01,cbs-gemeentelijke-indeling-2025,municipality,0267,GM0267,Nijkerk,20.028434,percent,CBS StatLine 03759NED Bevolking op 1 januari by age,provenance/netherlands_age65_manifest.json,family_mapped
netherlands,age65,2025,2025-01-01,cbs-gemeentelijke-indeling-2025,municipality,0268,GM0268,Nijmegen,16.937997,percent,CBS StatLine 03759NED Bevolking op 1 januari by age,provenance/netherlands_age65_manifest.json,family_mapped
netherlands,age65,2025,2025-01-01,cbs-gemeentelijke-indeling-2025,municipality,0269,GM0269,Oldebroek,21.009952,percent,CBS StatLine 03759NED Bevolking op 1 januari by age,provenance/netherlands_age65_manifest.json,family_mapped
netherlands,age65,2025,2025-01-01,cbs-gemeentelijke-indeling-2025,municipality,0273,GM0273,Putten,22.133611,percent,CBS StatLine 03759NED Bevolking op 1 januari by age,provenance/netherlands_age65_manifest.json,family_mapped
netherlands,age65,2025,2025-01-01,cbs-gemeentelijke-indeling-2025,municipality,0274,GM0274,Renkum,29.730073,percent,CBS StatLine 03759NED Bevolking op 1 januari by age,provenance/netherlands_age65_manifest.json,family_mapped
netherlands,age65,2025,2025-01-01,cbs-gemeentelijke-indeling-2025,municipality,0275,GM0275,Rheden,27.209812,percent,CBS StatLine 03759NED Bevolking op 1 januari by age,provenance/netherlands_age65_manifest.json,family_mapped
netherlands,age65,2025,2025-01-01,cbs-gemeentelijke-indeling-2025,municipality,0277,GM0277,Rozendaal,23.311547,percent,CBS StatLine 03759NED Bevolking op 1 januari by age,provenance/netherlands_age65_manifest.json,family_mapped
netherlands,age65,2025,2025-01-01,cbs-gemeentelijke-indeling-2025,municipality,0279,GM0279,Scherpenzeel,19.982921,percent,CBS StatLine 03759NED Bevolking op 1 januari by age,provenance/netherlands_age65_manifest.json,family_mapped
netherlands,age65,2025,2025-01-01,cbs-gemeentelijke-indeling-2025,municipality,0281,GM0281,Tiel,20.023488,percent,CBS StatLine 03759NED Bevolking op 1 januari by age,provenance/netherlands_age65_manifest.json,family_mapped
netherlands,age65,2025,2025-01-01,cbs-gemeentelijke-indeling-2025,municipality,0285,GM0285,Voorst,26.131341,percent,CBS StatLine 03759NED Bevolking op 1 januari by age,provenance/netherlands_age65_manifest.json,family_mapped
netherlands,age65,2025,2025-01-01,cbs-gemeentelijke-indeling-2025,municipality,0289,GM0289,Wageningen,16.891797,percent,CBS StatLine 03759NED Bevolking op 1 januari by age,provenance/netherlands_age65_manifest.json,family_mapped
netherlands,age65,2025,2025-01-01,cbs-gemeentelijke-indeling-2025,municipality,0293,GM0293,Westervoort,23.617231,percent,CBS StatLine 03759NED Bevolking op 1 januari by age,provenance/netherlands_age65_manifest.json,family_mapped
netherlands,age65,2025,2025-01-01,cbs-gemeentelijke-indeling-2025,municipality,0294,GM0294,Winterswijk,25.834702,percent,CBS StatLine 03759NED Bevolking op 1 januari by age,provenance/netherlands_age65_manifest.json,family_mapped
netherlands,age65,2025,2025-01-01,cbs-gemeentelijke-indeling-2025,municipality,0296,GM0296,Wijchen,23.632756,percent,CBS StatLine 03759NED Bevolking op 1 januari by age,provenance/netherlands_age65_manifest.json,family_mapped
netherlands,age65,2025,2025-01-01,cbs-gemeentelijke-indeling-2025,municipality,0297,GM0297,Zaltbommel,19.400237,percent,CBS StatLine 03759NED Bevolking op 1 januari by age,provenance/netherlands_age65_manifest.json,family_mapped
netherlands,age65,2025,2025-01-01,cbs-gemeentelijke-indeling-2025,municipality,0299,GM0299,Zevenaar,25.425191,percent,CBS StatLine 03759NED Bevolking op 1 januari by age,provenance/netherlands_age65_manifest.json,family_mapped
netherlands,age65,2025,2025-01-01,cbs-gemeentelijke-indeling-2025,municipality,0301,GM0301,Zutphen,25.301868,percent,CBS StatLine 03759NED Bevolking op 1 januari by age,provenance/netherlands_age65_manifest.json,family_mapped
netherlands,age65,2025,2025-01-01,cbs-gemeentelijke-indeling-2025,municipality,0302,GM0302,Nunspeet,21.913381,percent,CBS StatLine 03759NED Bevolking op 1 januari by age,provenance/netherlands_age65_manifest.json,family_mapped
netherlands,age65,2025,2025-01-01,cbs-gemeentelijke-indeling-2025,municipality,0303,GM0303,Dronten,19.219279,percent,CBS StatLine 03759NED Bevolking op 1 januari by age,provenance/netherlands_age65_manifest.json,family_mapped
netherlands,age65,2025,2025-01-01,cbs-gemeentelijke-indeling-2025,municipality,0307,GM0307,Amersfoort,16.690345,percent,CBS StatLine 03759NED Bevolking op 1 januari by age,provenance/netherlands_age65_manifest.json,family_mapped
netherlands,age65,2025,2025-01-01,cbs-gemeentelijke-indeling-2025,municipality,0308,GM0308,Baarn,25.528113,percent,CBS StatLine 03759NED Bevolking op 1 januari by age,provenance/netherlands_age65_manifest.json,family_mapped
netherlands,age65,2025,2025-01-01,cbs-gemeentelijke-indeling-2025,municipality,0310,GM0310,De Bilt,24.821885,percent,CBS StatLine 03759NED Bevolking op 1 januari by age,provenance/netherlands_age65_manifest.json,family_mapped
netherlands,age65,2025,2025-01-01,cbs-gemeentelijke-indeling-2025,municipality,0312,GM0312,Bunnik,22.704097,percent,CBS StatLine 03759NED Bevolking op 1 januari by age,provenance/netherlands_age65_manifest.json,family_mapped
netherlands,age65,2025,2025-01-01,cbs-gemeentelijke-indeling-2025,municipality,0313,GM0313,Bunschoten,17.611532,percent,CBS StatLine 03759NED Bevolking op 1 januari by age,provenance/netherlands_age65_manifest.json,family_mapped
netherlands,age65,2025,2025-01-01,cbs-gemeentelijke-indeling-2025,municipality,0317,GM0317,Eemnes,22.806487,percent,CBS StatLine 03759NED Bevolking op 1 januari by age,provenance/netherlands_age65_manifest.json,family_mapped
netherlands,age65,2025,2025-01-01,cbs-gemeentelijke-indeling-2025,municipality,0321,GM0321,Houten,19.615271,percent,CBS StatLine 03759NED Bevolking op 1 januari by age,provenance/netherlands_age65_manifest.json,family_mapped
netherlands,age65,2025,2025-01-01,cbs-gemeentelijke-indeling-2025,municipality,0327,GM0327,Leusden,24.283163,percent,CBS StatLine 03759NED Bevolking op 1 januari by age,provenance/netherlands_age65_manifest.json,family_mapped
netherlands,age65,2025,2025-01-01,cbs-gemeentelijke-indeling-2025,municipality,0331,GM0331,Lopik,19.405405,percent,CBS StatLine 03759NED Bevolking op 1 januari by age,provenance/netherlands_age65_manifest.json,family_mapped
netherlands,age65,2025,2025-01-01,cbs-gemeentelijke-indeling-2025,municipality,0335,GM0335,Montfoort,21.834156,percent,CBS StatLine 03759NED Bevolking op 1 januari by age,provenance/netherlands_age65_manifest.json,family_mapped
netherlands,age65,2025,2025-01-01,cbs-gemeentelijke-indeling-2025,municipality,0339,GM0339,Renswoude,16.949153,percent,CBS StatLine 03759NED Bevolking op 1 januari by age,provenance/netherlands_age65_manifest.json,family_mapped
netherlands,age65,2025,2025-01-01,cbs-gemeentelijke-indeling-2025,municipality,0340,GM0340,Rhenen,22.915849,percent,CBS StatLine 03759NED Bevolking op 1 januari by age,provenance/netherlands_age65_manifest.json,family_mapped
netherlands,age65,2025,2025-01-01,cbs-gemeentelijke-indeling-2025,municipality,0342,GM0342,Soest,23.767162,percent,CBS StatLine 03759NED Bevolking op 1 januari by age,provenance/netherlands_age65_manifest.json,family_mapped
netherlands,age65,2025,2025-01-01,cbs-gemeentelijke-indeling-2025,municipality,0344,GM0344,Utrecht,11.006298,percent,CBS StatLine 03759NED Bevolking op 1 januari by age,provenance/netherlands_age65_manifest.json,family_mapped
netherlands,age65,2025,2025-01-01,cbs-gemeentelijke-indeling-2025,municipality,0345,GM0345,Veenendaal,19.165056,percent,CBS StatLine 03759NED Bevolking op 1 januari by age,provenance/netherlands_age65_manifest.json,family_mapped
netherlands,age65,2025,2025-01-01,cbs-gemeentelijke-indeling-2025,municipality,0351,GM0351,Woudenberg,19.214092,percent,CBS StatLine 03759NED Bevolking op 1 januari by age,provenance/netherlands_age65_manifest.json,family_mapped
netherlands,age65,2025,2025-01-01,cbs-gemeentelijke-indeling-2025,municipality,0352,GM0352,Wijk bij Duurstede,24.384205,percent,CBS StatLine 03759NED Bevolking op 1 januari by age,provenance/netherlands_age65_manifest.json,family_mapped
netherlands,age65,2025,2025-01-01,cbs-gemeentelijke-indeling-2025,municipality,0353,GM0353,IJsselstein,20.378536,percent,CBS StatLine 03759NED Bevolking op 1 januari by age,provenance/netherlands_age65_manifest.json,family_mapped
netherlands,age65,2025,2025-01-01,cbs-gemeentelijke-indeling-2025,municipality,0355,GM0355,Zeist,22.023069,percent,CBS StatLine 03759NED Bevolking op 1 januari by age,provenance/netherlands_age65_manifest.json,family_mapped
netherlands,age65,2025,2025-01-01,cbs-gemeentelijke-indeling-2025,municipality,0356,GM0356,Nieuwegein,21.632629,percent,CBS StatLine 03759NED Bevolking op 1 januari by age,provenance/netherlands_age65_manifest.json,family_mapped
netherlands,age65,2025,2025-01-01,cbs-gemeentelijke-indeling-2025,municipality,0358,GM0358,Aalsmeer,19.359398,percent,CBS StatLine 03759NED Bevolking op 1 januari by age,provenance/netherlands_age65_manifest.json,family_mapped
netherlands,age65,2025,2025-01-01,cbs-gemeentelijke-indeling-2025,municipality,0361,GM0361,Alkmaar,21.401998,percent,CBS StatLine 03759NED Bevolking op 1 januari by age,provenance/netherlands_age65_manifest.json,family_mapped
netherlands,age65,2025,2025-01-01,cbs-gemeentelijke-indeling-2025,municipality,0362,GM0362,Amstelveen,19.462128,percent,CBS StatLine 03759NED Bevolking op 1 januari by age,provenance/netherlands_age65_manifest.json,family_mapped
netherlands,age65,2025,2025-01-01,cbs-gemeentelijke-indeling-2025,municipality,0363,GM0363,Amsterdam,13.902663,percent,CBS StatLine 03759NED Bevolking op 1 januari by age,provenance/netherlands_age65_manifest.json,family_mapped
netherlands,age65,2025,2025-01-01,cbs-gemeentelijke-indeling-2025,municipality,0373,GM0373,Bergen (NH.),34.597268,percent,CBS StatLine 03759NED Bevolking op 1 januari by age,provenance/netherlands_age65_manifest.json,family_mapped
netherlands,age65,2025,2025-01-01,cbs-gemeentelijke-indeling-2025,municipality,0375,GM0375,Beverwijk,19.395911,percent,CBS StatLine 03759NED Bevolking op 1 januari by age,provenance/netherlands_age65_manifest.json,family_mapped
netherlands,age65,2025,2025-01-01,cbs-gemeentelijke-indeling-2025,municipality,0376,GM0376,Blaricum,24.075075,percent,CBS StatLine 03759NED Bevolking op 1 januari by age,provenance/netherlands_age65_manifest.json,family_mapped
netherlands,age65,2025,2025-01-01,cbs-gemeentelijke-indeling-2025,municipality,0377,GM0377,Bloemendaal,27.856901,percent,CBS StatLine 03759NED Bevolking op 1 januari by age,provenance/netherlands_age65_manifest.json,family_mapped
netherlands,age65,2025,2025-01-01,cbs-gemeentelijke-indeling-2025,municipality,0383,GM0383,Castricum,26.768256,percent,CBS StatLine 03759NED Bevolking op 1 januari by age,provenance/netherlands_age65_manifest.json,family_mapped
netherlands,age65,2025,2025-01-01,cbs-gemeentelijke-indeling-2025,municipality,0384,GM0384,Diemen,16.088841,percent,CBS StatLine 03759NED Bevolking op 1 januari by age,provenance/netherlands_age65_manifest.json,family_mapped
netherlands,age65,2025,2025-01-01,cbs-gemeentelijke-indeling-2025,municipality,0385,GM0385,Edam-Volendam,22.824448,percent,CBS StatLine 03759NED Bevolking op 1 januari by age,provenance/netherlands_age65_manifest.json,family_mapped
netherlands,age65,2025,2025-01-01,cbs-gemeentelijke-indeling-2025,municipality,0388,GM0388,Enkhuizen,23.245079,percent,CBS StatLine 03759NED Bevolking op 1 januari by age,provenance/netherlands_age65_manifest.json,family_mapped
netherlands,age65,2025,2025-01-01,cbs-gemeentelijke-indeling-2025,municipality,0392,GM0392,Haarlem,17.594804,percent,CBS StatLine 03759NED Bevolking op 1 januari by age,provenance/netherlands_age65_manifest.json,family_mapped
netherlands,age65,2025,2025-01-01,cbs-gemeentelijke-indeling-2025,municipality,0394,GM0394,Haarlemmermeer,18.065414,percent,CBS StatLine 03759NED Bevolking op 1 januari by age,provenance/netherlands_age65_manifest.json,family_mapped
netherlands,age65,2025,2025-01-01,cbs-gemeentelijke-indeling-2025,municipality,0396,GM0396,Heemskerk,24.400711,percent,CBS StatLine 03759NED Bevolking op 1 januari by age,provenance/netherlands_age65_manifest.json,family_mapped
netherlands,age65,2025,2025-01-01,cbs-gemeentelijke-indeling-2025,municipality,0397,GM0397,Heemstede,28.135176,percent,CBS StatLine 03759NED Bevolking op 1 januari by age,provenance/netherlands_age65_manifest.json,family_mapped
netherlands,age65,2025,2025-01-01,cbs-gemeentelijke-indeling-2025,municipality,0399,GM0399,Heiloo,27.710447,percent,CBS StatLine 03759NED Bevolking op 1 januari by age,provenance/netherlands_age65_manifest.json,family_mapped
netherlands,age65,2025,2025-01-01,cbs-gemeentelijke-indeling-2025,municipality,0400,GM0400,Den Helder,25.053828,percent,CBS StatLine 03759NED Bevolking op 1 januari by age,provenance/netherlands_age65_manifest.json,family_mapped
netherlands,age65,2025,2025-01-01,cbs-gemeentelijke-indeling-2025,municipality,0402,GM0402,Hilversum,18.942083,percent,CBS StatLine 03759NED Bevolking op 1 januari by age,provenance/netherlands_age65_manifest.json,family_mapped
netherlands,age65,2025,2025-01-01,cbs-gemeentelijke-indeling-2025,municipality,0405,GM0405,Hoorn,20.867747,percent,CBS StatLine 03759NED Bevolking op 1 januari by age,provenance/netherlands_age65_manifest.json,family_mapped
netherlands,age65,2025,2025-01-01,cbs-gemeentelijke-indeling-2025,municipality,0406,GM0406,Huizen,26.517138,percent,CBS StatLine 03759NED Bevolking op 1 januari by age,provenance/netherlands_age65_manifest.json,family_mapped
netherlands,age65,2025,2025-01-01,cbs-gemeentelijke-indeling-2025,municipality,0415,GM0415,Landsmeer,23.51639,percent,CBS StatLine 03759NED Bevolking op 1 januari by age,provenance/netherlands_age65_manifest.json,family_mapped
netherlands,age65,2025,2025-01-01,cbs-gemeentelijke-indeling-2025,municipality,0417,GM0417,Laren (NH.),32.543141,percent,CBS StatLine 03759NED Bevolking op 1 januari by age,provenance/netherlands_age65_manifest.json,family_mapped
netherlands,age65,2025,2025-01-01,cbs-gemeentelijke-indeling-2025,municipality,0420,GM0420,Medemblik,23.405321,percent,CBS StatLine 03759NED Bevolking op 1 januari by age,provenance/netherlands_age65_manifest.json,family_mapped
netherlands,age65,2025,2025-01-01,cbs-gemeentelijke-indeling-2025,municipality,0431,GM0431,Oostzaan,22.541868,percent,CBS StatLine 03759NED Bevolking op 1 januari by age,provenance/netherlands_age65_manifest.json,family_mapped
netherlands,age65,2025,2025-01-01,cbs-gemeentelijke-indeling-2025,municipality,0432,GM0432,Opmeer,23.352814,percent,CBS StatLine 03759NED Bevolking op 1 januari by age,provenance/netherlands_age65_manifest.json,family_mapped
netherlands,age65,2025,2025-01-01,cbs-gemeentelijke-indeling-2025,municipality,0437,GM0437,Ouder-Amstel,22.254335,percent,CBS StatLine 03759NED Bevolking op 1 januari by age,provenance/netherlands_age65_manifest.json,family_mapped
netherlands,age65,2025,2025-01-01,cbs-gemeentelijke-indeling-2025,municipality,0439,GM0439,Purmerend,21.644841,percent,CBS StatLine 03759NED Bevolking op 1 januari by age,provenance/netherlands_age65_manifest.json,family_mapped
netherlands,age65,2025,2025-01-01,cbs-gemeentelijke-indeling-2025,municipality,0441,GM0441,Schagen,25.980818,percent,CBS StatLine 03759NED Bevolking op 1 januari by age,provenance/netherlands_age65_manifest.json,family_mapped
netherlands,age65,2025,2025-01-01,cbs-gemeentelijke-indeling-2025,municipality,0448,GM0448,Texel,28.224758,percent,CBS StatLine 03759NED Bevolking op 1 januari by age,provenance/netherlands_age65_manifest.json,family_mapped
netherlands,age65,2025,2025-01-01,cbs-gemeentelijke-indeling-2025,municipality,0450,GM0450,Uitgeest,20.682207,percent,CBS StatLine 03759NED Bevolking op 1 januari by age,provenance/netherlands_age65_manifest.json,family_mapped
netherlands,age65,2025,2025-01-01,cbs-gemeentelijke-indeling-2025,municipality,0451,GM0451,Uithoorn,18.869687,percent,CBS StatLine 03759NED Bevolking op 1 januari by age,provenance/netherlands_age65_manifest.json,family_mapped
netherlands,age65,2025,2025-01-01,cbs-gemeentelijke-indeling-2025,municipality,0453,GM0453,Velsen,21.767629,percent,CBS StatLine 03759NED Bevolking op 1 januari by age,provenance/netherlands_age65_manifest.json,family_mapped
netherlands,age65,2025,2025-01-01,cbs-gemeentelijke-indeling-2025,municipality,0473,GM0473,Zandvoort,27.535398,percent,CBS StatLine 03759NED Bevolking op 1 januari by age,provenance/netherlands_age65_manifest.json,family_mapped
netherlands,age65,2025,2025-01-01,cbs-gemeentelijke-indeling-2025,municipality,0479,GM0479,Zaanstad,18.778097,percent,CBS StatLine 03759NED Bevolking op 1 januari by age,provenance/netherlands_age65_manifest.json,family_mapped
netherlands,age65,2025,2025-01-01,cbs-gemeentelijke-indeling-2025,municipality,0482,GM0482,Alblasserdam,20.630372,percent,CBS StatLine 03759NED Bevolking op 1 januari by age,provenance/netherlands_age65_manifest.json,family_mapped
netherlands,age65,2025,2025-01-01,cbs-gemeentelijke-indeling-2025,municipality,0484,GM0484,Alphen aan den Rijn,20.661121,percent,CBS StatLine 03759NED Bevolking op 1 januari by age,provenance/netherlands_age65_manifest.json,family_mapped
netherlands,age65,2025,2025-01-01,cbs-gemeentelijke-indeling-2025,municipality,0489,GM0489,Barendrecht,20.057673,percent,CBS StatLine 03759NED Bevolking op 1 januari by age,provenance/netherlands_age65_manifest.json,family_mapped
netherlands,age65,2025,2025-01-01,cbs-gemeentelijke-indeling-2025,municipality,0498,GM0498,Drechterland,23.412776,percent,CBS StatLine 03759NED Bevolking op 1 januari by age,provenance/netherlands_age65_manifest.json,family_mapped
netherlands,age65,2025,2025-01-01,cbs-gemeentelijke-indeling-2025,municipality,0502,GM0502,Capelle aan den IJssel,22.258976,percent,CBS StatLine 03759NED Bevolking op 1 januari by age,provenance/netherlands_age65_manifest.json,family_mapped
netherlands,age65,2025,2025-01-01,cbs-gemeentelijke-indeling-2025,municipality,0503,GM0503,Delft,16.467737,percent,CBS StatLine 03759NED Bevolking op 1 januari by age,provenance/netherlands_age65_manifest.json,family_mapped
netherlands,age65,2025,2025-01-01,cbs-gemeentelijke-indeling-2025,municipality,0505,GM0505,Dordrecht,20.199355,percent,CBS StatLine 03759NED Bevolking op 1 januari by age,provenance/netherlands_age65_manifest.json,family_mapped
netherlands,age65,2025,2025-01-01,cbs-gemeentelijke-indeling-2025,municipality,0512,GM0512,Gorinchem,19.841924,percent,CBS StatLine 03759NED Bevolking op 1 januari by age,provenance/netherlands_age65_manifest.json,family_mapped
netherlands,age65,2025,2025-01-01,cbs-gemeentelijke-indeling-2025,municipality,0513,GM0513,Gouda,20.72954,percent,CBS StatLine 03759NED Bevolking op 1 januari by age,provenance/netherlands_age65_manifest.json,family_mapped
netherlands,age65,2025,2025-01-01,cbs-gemeentelijke-indeling-2025,municipality,0518,GM0518,'s-Gravenhage,15.444551,percent,CBS StatLine 03759NED Bevolking op 1 januari by age,provenance/netherlands_age65_manifest.json,family_mapped
netherlands,age65,2025,2025-01-01,cbs-gemeentelijke-indeling-2025,municipality,0523,GM0523,Hardinxveld-Giessendam,18.841186,percent,CBS StatLine 03759NED Bevolking op 1 januari by age,provenance/netherlands_age65_manifest.json,family_mapped
netherlands,age65,2025,2025-01-01,cbs-gemeentelijke-indeling-2025,municipality,0531,GM0531,Hendrik-Ido-Ambacht,17.58118,percent,CBS StatLine 03759NED Bevolking op 1 januari by age,provenance/netherlands_age65_manifest.json,family_mapped
netherlands,age65,2025,2025-01-01,cbs-gemeentelijke-indeling-2025,municipality,0532,GM0532,Stede Broec,23.826001,percent,CBS StatLine 03759NED Bevolking op 1 januari by age,provenance/netherlands_age65_manifest.json,family_mapped
netherlands,age65,2025,2025-01-01,cbs-gemeentelijke-indeling-2025,municipality,0534,GM0534,Hillegom,22.044238,percent,CBS StatLine 03759NED Bevolking op 1 januari by age,provenance/netherlands_age65_manifest.json,family_mapped
netherlands,age65,2025,2025-01-01,cbs-gemeentelijke-indeling-2025,municipality,0537,GM0537,Katwijk,19.652998,percent,CBS StatLine 03759NED Bevolking op 1 januari by age,provenance/netherlands_age65_manifest.json,family_mapped
netherlands,age65,2025,2025-01-01,cbs-gemeentelijke-indeling-2025,municipality,0542,GM0542,Krimpen aan den IJssel,24.633303,percent,CBS StatLine 03759NED Bevolking op 1 januari by age,provenance/netherlands_age65_manifest.json,family_mapped
netherlands,age65,2025,2025-01-01,cbs-gemeentelijke-indeling-2025,municipality,0546,GM0546,Leiden,16.408702,percent,CBS StatLine 03759NED Bevolking op 1 januari by age,provenance/netherlands_age65_manifest.json,family_mapped
netherlands,age65,2025,2025-01-01,cbs-gemeentelijke-indeling-2025,municipality,0547,GM0547,Leiderdorp,23.905445,percent,CBS StatLine 03759NED Bevolking op 1 januari by age,provenance/netherlands_age65_manifest.json,family_mapped
netherlands,age65,2025,2025-01-01,cbs-gemeentelijke-indeling-2025,municipality,0553,GM0553,Lisse,24.628954,percent,CBS StatLine 03759NED Bevolking op 1 januari by age,provenance/netherlands_age65_manifest.json,family_mapped
netherlands,age65,2025,2025-01-01,cbs-gemeentelijke-indeling-2025,municipality,0556,GM0556,Maassluis,22.793391,percent,CBS StatLine 03759NED Bevolking op 1 januari by age,provenance/netherlands_age65_manifest.json,family_mapped
netherlands,age65,2025,2025-01-01,cbs-gemeentelijke-indeling-2025,municipality,0569,GM0569,Nieuwkoop,23.064937,percent,CBS StatLine 03759NED Bevolking op 1 januari by age,provenance/netherlands_age65_manifest.json,family_mapped
netherlands,age65,2025,2025-01-01,cbs-gemeentelijke-indeling-2025,municipality,0575,GM0575,Noordwijk,23.653901,percent,CBS StatLine 03759NED Bevolking op 1 januari by age,provenance/netherlands_age65_manifest.json,family_mapped
netherlands,age65,2025,2025-01-01,cbs-gemeentelijke-indeling-2025,municipality,0579,GM0579,Oegstgeest,21.628674,percent,CBS StatLine 03759NED Bevolking op 1 januari by age,provenance/netherlands_age65_manifest.json,family_mapped
netherlands,age65,2025,2025-01-01,cbs-gemeentelijke-indeling-2025,municipality,0589,GM0589,Oudewater,23.07098,percent,CBS StatLine 03759NED Bevolking op 1 januari by age,provenance/netherlands_age65_manifest.json,family_mapped
netherlands,age65,2025,2025-01-01,cbs-gemeentelijke-indeling-2025,municipality,0590,GM0590,Papendrecht,23.208149,percent,CBS StatLine 03759NED Bevolking op 1 januari by age,provenance/netherlands_age65_manifest.json,family_mapped
netherlands,age65,2025,2025-01-01,cbs-gemeentelijke-indeling-2025,municipality,0597,GM0597,Ridderkerk,24.479677,percent,CBS StatLine 03759NED Bevolking op 1 januari by age,provenance/netherlands_age65_manifest.json,family_mapped
netherlands,age65,2025,2025-01-01,cbs-gemeentelijke-indeling-2025,municipality,0599,GM0599,Rotterdam,15.958452,percent,CBS StatLine 03759NED Bevolking op 1 januari by age,provenance/netherlands_age65_manifest.json,family_mapped
netherlands,age65,2025,2025-01-01,cbs-gemeentelijke-indeling-2025,municipality,0603,GM0603,Rijswijk (ZH.),20.557669,percent,CBS StatLine 03759NED Bevolking op 1 januari by age,provenance/netherlands_age65_manifest.json,family_mapped
netherlands,age65,2025,2025-01-01,cbs-gemeentelijke-indeling-2025,municipality,0606,GM0606,Schiedam,17.781399,percent,CBS StatLine 03759NED Bevolking op 1 januari by age,provenance/netherlands_age65_manifest.json,family_mapped
netherlands,age65,2025,2025-01-01,cbs-gemeentelijke-indeling-2025,municipality,0610,GM0610,Sliedrecht,20.627044,percent,CBS StatLine 03759NED Bevolking op 1 januari by age,provenance/netherlands_age65_manifest.json,family_mapped
netherlands,age65,2025,2025-01-01,cbs-gemeentelijke-indeling-2025,municipality,0613,GM0613,Albrandswaard,19.414386,percent,CBS StatLine 03759NED Bevolking op 1 januari by age,provenance/netherlands_age65_manifest.json,family_mapped
netherlands,age65,2025,2025-01-01,cbs-gemeentelijke-indeling-2025,municipality,0622,GM0622,Vlaardingen,20.717059,percent,CBS StatLine 03759NED Bevolking op 1 januari by age,provenance/netherlands_age65_manifest.json,family_mapped
netherlands,age65,2025,2025-01-01,cbs-gemeentelijke-indeling-2025,municipality,0626,GM0626,Voorschoten,24.88417,percent,CBS StatLine 03759NED Bevolking op 1 januari by age,provenance/netherlands_age65_manifest.json,family_mapped
netherlands,age65,2025,2025-01-01,cbs-gemeentelijke-indeling-2025,municipality,0627,GM0627,Waddinxveen,17.992635,percent,CBS StatLine 03759NED Bevolking op 1 januari by age,provenance/netherlands_age65_manifest.json,family_mapped
netherlands,age65,2025,2025-01-01,cbs-gemeentelijke-indeling-2025,municipality,0629,GM0629,Wassenaar,25.787466,percent,CBS StatLine 03759NED Bevolking op 1 januari by age,provenance/netherlands_age65_manifest.json,family_mapped
netherlands,age65,2025,2025-01-01,cbs-gemeentelijke-indeling-2025,municipality,0632,GM0632,Woerden,20.523937,percent,CBS StatLine 03759NED Bevolking op 1 januari by age,provenance/netherlands_age65_manifest.json,family_mapped
netherlands,age65,2025,2025-01-01,cbs-gemeentelijke-indeling-2025,municipality,0637,GM0637,Zoetermeer,21.291833,percent,CBS StatLine 03759NED Bevolking op 1 januari by age,provenance/netherlands_age65_manifest.json,family_mapped
netherlands,age65,2025,2025-01-01,cbs-gemeentelijke-indeling-2025,municipality,0638,GM0638,Zoeterwoude,22.552017,percent,CBS StatLine 03759NED Bevolking op 1 januari by age,provenance/netherlands_age65_manifest.json,family_mapped
netherlands,age65,2025,2025-01-01,cbs-gemeentelijke-indeling-2025,municipality,0642,GM0642,Zwijndrecht,23.51519,percent,CBS StatLine 03759NED Bevolking op 1 januari by age,provenance/netherlands_age65_manifest.json,family_mapped
netherlands,age65,2025,2025-01-01,cbs-gemeentelijke-indeling-2025,municipality,0654,GM0654,Borsele,22.810811,percent,CBS StatLine 03759NED Bevolking op 1 januari by age,provenance/netherlands_age65_manifest.json,family_mapped
netherlands,age65,2025,2025-01-01,cbs-gemeentelijke-indeling-2025,municipality,0664,GM0664,Goes,24.685942,percent,CBS StatLine 03759NED Bevolking op 1 januari by age,provenance/netherlands_age65_manifest.json,family_mapped
netherlands,age65,2025,2025-01-01,cbs-gemeentelijke-indeling-2025,municipality,0668,GM0668,West Maas en Waal,23.361173,percent,CBS StatLine 03759NED Bevolking op 1 januari by age,provenance/netherlands_age65_manifest.json,family_mapped
netherlands,age65,2025,2025-01-01,cbs-gemeentelijke-indeling-2025,municipality,0677,GM0677,Hulst,27.460004,percent,CBS StatLine 03759NED Bevolking op 1 januari by age,provenance/netherlands_age65_manifest.json,family_mapped
netherlands,age65,2025,2025-01-01,cbs-gemeentelijke-indeling-2025,municipality,0678,GM0678,Kapelle,23.155549,percent,CBS StatLine 03759NED Bevolking op 1 januari by age,provenance/netherlands_age65_manifest.json,family_mapped
netherlands,age65,2025,2025-01-01,cbs-gemeentelijke-indeling-2025,municipality,0687,GM0687,Middelburg (Z.),23.295183,percent,CBS StatLine 03759NED Bevolking op 1 januari by age,provenance/netherlands_age65_manifest.json,family_mapped
netherlands,age65,2025,2025-01-01,cbs-gemeentelijke-indeling-2025,municipality,0703,GM0703,Reimerswaal,18.062996,percent,CBS StatLine 03759NED Bevolking op 1 januari by age,provenance/netherlands_age65_manifest.json,family_mapped
netherlands,age65,2025,2025-01-01,cbs-gemeentelijke-indeling-2025,municipality,0715,GM0715,Terneuzen,26.030942,percent,CBS StatLine 03759NED Bevolking op 1 januari by age,provenance/netherlands_age65_manifest.json,family_mapped
netherlands,age65,2025,2025-01-01,cbs-gemeentelijke-indeling-2025,municipality,0716,GM0716,Tholen,20.6295,percent,CBS StatLine 03759NED Bevolking op 1 januari by age,provenance/netherlands_age65_manifest.json,family_mapped
netherlands,age65,2025,2025-01-01,cbs-gemeentelijke-indeling-2025,municipality,0717,GM0717,Veere,29.254956,percent,CBS StatLine 03759NED Bevolking op 1 januari by age,provenance/netherlands_age65_manifest.json,family_mapped
netherlands,age65,2025,2025-01-01,cbs-gemeentelijke-indeling-2025,municipality,0718,GM0718,Vlissingen,25.243143,percent,CBS StatLine 03759NED Bevolking op 1 januari by age,provenance/netherlands_age65_manifest.json,family_mapped
netherlands,age65,2025,2025-01-01,cbs-gemeentelijke-indeling-2025,municipality,0736,GM0736,De Ronde Venen,22.874066,percent,CBS StatLine 03759NED Bevolking op 1 januari by age,provenance/netherlands_age65_manifest.json,family_mapped
netherlands,age65,2025,2025-01-01,cbs-gemeentelijke-indeling-2025,municipality,0737,GM0737,Tytsjerksteradiel,24.859084,percent,CBS StatLine 03759NED Bevolking op 1 januari by age,provenance/netherlands_age65_manifest.json,family_mapped
netherlands,age65,2025,2025-01-01,cbs-gemeentelijke-indeling-2025,municipality,0743,GM0743,Asten,24.158758,percent,CBS StatLine 03759NED Bevolking op 1 januari by age,provenance/netherlands_age65_manifest.json,family_mapped
netherlands,age65,2025,2025-01-01,cbs-gemeentelijke-indeling-2025,municipality,0744,GM0744,Baarle-Nassau,27.814018,percent,CBS StatLine 03759NED Bevolking op 1 januari by age,provenance/netherlands_age65_manifest.json,family_mapped
netherlands,age65,2025,2025-01-01,cbs-gemeentelijke-indeling-2025,municipality,0748,GM0748,Bergen op Zoom,23.073197,percent,CBS StatLine 03759NED Bevolking op 1 januari by age,provenance/netherlands_age65_manifest.json,family_mapped
netherlands,age65,2025,2025-01-01,cbs-gemeentelijke-indeling-2025,municipality,0753,GM0753,Best,20.728548,percent,CBS StatLine 03759NED Bevolking op 1 januari by age,provenance/netherlands_age65_manifest.json,family_mapped
netherlands,age65,2025,2025-01-01,cbs-gemeentelijke-indeling-2025,municipality,0755,GM0755,Boekel,20.662887,percent,CBS StatLine 03759NED Bevolking op 1 januari by age,provenance/netherlands_age65_manifest.json,family_mapped
netherlands,age65,2025,2025-01-01,cbs-gemeentelijke-indeling-2025,municipality,0757,GM0757,Boxtel,23.89533,percent,CBS StatLine 03759NED Bevolking op 1 januari by age,provenance/netherlands_age65_manifest.json,family_mapped
netherlands,age65,2025,2025-01-01,cbs-gemeentelijke-indeling-2025,municipality,0758,GM0758,Breda,19.55726,percent,CBS StatLine 03759NED Bevolking op 1 januari by age,provenance/netherlands_age65_manifest.json,family_mapped
netherlands,age65,2025,2025-01-01,cbs-gemeentelijke-indeling-2025,municipality,0762,GM0762,Deurne,24.051277,percent,CBS StatLine 03759NED Bevolking op 1 januari by age,provenance/netherlands_age65_manifest.json,family_mapped
netherlands,age65,2025,2025-01-01,cbs-gemeentelijke-indeling-2025,municipality,0765,GM0765,Pekela,24.062926,percent,CBS StatLine 03759NED Bevolking op 1 januari by age,provenance/netherlands_age65_manifest.json,family_mapped
netherlands,age65,2025,2025-01-01,cbs-gemeentelijke-indeling-2025,municipality,0766,GM0766,Dongen,22.956901,percent,CBS StatLine 03759NED Bevolking op 1 januari by age,provenance/netherlands_age65_manifest.json,family_mapped
netherlands,age65,2025,2025-01-01,cbs-gemeentelijke-indeling-2025,municipality,0770,GM0770,Eersel,24.684879,percent,CBS StatLine 03759NED Bevolking op 1 januari by age,provenance/netherlands_age65_manifest.json,family_mapped
netherlands,age65,2025,2025-01-01,cbs-gemeentelijke-indeling-2025,municipality,0772,GM0772,Eindhoven,16.371594,percent,CBS StatLine 03759NED Bevolking op 1 januari by age,provenance/netherlands_age65_manifest.json,family_mapped
netherlands,age65,2025,2025-01-01,cbs-gemeentelijke-indeling-2025,municipality,0777,GM0777,Etten-Leur,22.368392,percent,CBS StatLine 03759NED Bevolking op 1 januari by age,provenance/netherlands_age65_manifest.json,family_mapped
netherlands,age65,2025,2025-01-01,cbs-gemeentelijke-indeling-2025,municipality,0779,GM0779,Geertruidenberg,23.076923,percent,CBS StatLine 03759NED Bevolking op 1 januari by age,provenance/netherlands_age65_manifest.json,family_mapped
netherlands,age65,2025,2025-01-01,cbs-gemeentelijke-indeling-2025,municipality,0784,GM0784,Gilze en Rijen,21.800848,percent,CBS StatLine 03759NED Bevolking op 1 januari by age,provenance/netherlands_age65_manifest.json,family_mapped
netherlands,age65,2025,2025-01-01,cbs-gemeentelijke-indeling-2025,municipality,0785,GM0785,Goirle,25.073565,percent,CBS StatLine 03759NED Bevolking op 1 januari by age,provenance/netherlands_age65_manifest.json,family_mapped
netherlands,age65,2025,2025-01-01,cbs-gemeentelijke-indeling-2025,municipality,0794,GM0794,Helmond,18.480389,percent,CBS StatLine 03759NED Bevolking op 1 januari by age,provenance/netherlands_age65_manifest.json,family_mapped
netherlands,age65,2025,2025-01-01,cbs-gemeentelijke-indeling-2025,municipality,0796,GM0796,'s-Hertogenbosch,19.746796,percent,CBS StatLine 03759NED Bevolking op 1 januari by age,provenance/netherlands_age65_manifest.json,family_mapped
netherlands,age65,2025,2025-01-01,cbs-gemeentelijke-indeling-2025,municipality,0797,GM0797,Heusden,22.426399,percent,CBS StatLine 03759NED Bevolking op 1 januari by age,provenance/netherlands_age65_manifest.json,family_mapped
netherlands,age65,2025,2025-01-01,cbs-gemeentelijke-indeling-2025,municipality,0798,GM0798,Hilvarenbeek,24.917952,percent,CBS StatLine 03759NED Bevolking op 1 januari by age,provenance/netherlands_age65_manifest.json,family_mapped
netherlands,age65,2025,2025-01-01,cbs-gemeentelijke-indeling-2025,municipality,0809,GM0809,Loon op Zand,24.36338,percent,CBS StatLine 03759NED Bevolking op 1 januari by age,provenance/netherlands_age65_manifest.json,family_mapped
netherlands,age65,2025,2025-01-01,cbs-gemeentelijke-indeling-2025,municipality,0820,GM0820,"Nuenen, Gerwen en Nederwetten",27.286949,percent,CBS StatLine 03759NED Bevolking op 1 januari by age,provenance/netherlands_age65_manifest.json,family_mapped
netherlands,age65,2025,2025-01-01,cbs-gemeentelijke-indeling-2025,municipality,0823,GM0823,Oirschot,24.979525,percent,CBS StatLine 03759NED Bevolking op 1 januari by age,provenance/netherlands_age65_manifest.json,family_mapped
netherlands,age65,2025,2025-01-01,cbs-gemeentelijke-indeling-2025,municipality,0824,GM0824,Oisterwijk,26.005799,percent,CBS StatLine 03759NED Bevolking op 1 januari by age,provenance/netherlands_age65_manifest.json,family_mapped
netherlands,age65,2025,2025-01-01,cbs-gemeentelijke-indeling-2025,municipality,0826,GM0826,Oosterhout,23.831792,percent,CBS StatLine 03759NED Bevolking op 1 januari by age,provenance/netherlands_age65_manifest.json,family_mapped
netherlands,age65,2025,2025-01-01,cbs-gemeentelijke-indeling-2025,municipality,0828,GM0828,Oss,21.281198,percent,CBS StatLine 03759NED Bevolking op 1 januari by age,provenance/netherlands_age65_manifest.json,family_mapped
netherlands,age65,2025,2025-01-01,cbs-gemeentelijke-indeling-2025,municipality,0840,GM0840,Rucphen,23.884143,percent,CBS StatLine 03759NED Bevolking op 1 januari by age,provenance/netherlands_age65_manifest.json,family_mapped
netherlands,age65,2025,2025-01-01,cbs-gemeentelijke-indeling-2025,municipality,0845,GM0845,Sint-Michielsgestel,23.376193,percent,CBS StatLine 03759NED Bevolking op 1 januari by age,provenance/netherlands_age65_manifest.json,family_mapped
netherlands,age65,2025,2025-01-01,cbs-gemeentelijke-indeling-2025,municipality,0847,GM0847,Someren,22.663366,percent,CBS StatLine 03759NED Bevolking op 1 januari by age,provenance/netherlands_age65_manifest.json,family_mapped
netherlands,age65,2025,2025-01-01,cbs-gemeentelijke-indeling-2025,municipality,0848,GM0848,Son en Breugel,22.370526,percent,CBS StatLine 03759NED Bevolking op 1 januari by age,provenance/netherlands_age65_manifest.json,family_mapped
netherlands,age65,2025,2025-01-01,cbs-gemeentelijke-indeling-2025,municipality,0851,GM0851,Steenbergen,24.329385,percent,CBS StatLine 03759NED Bevolking op 1 januari by age,provenance/netherlands_age65_manifest.json,family_mapped
netherlands,age65,2025,2025-01-01,cbs-gemeentelijke-indeling-2025,municipality,0852,GM0852,Waterland,26.549328,percent,CBS StatLine 03759NED Bevolking op 1 januari by age,provenance/netherlands_age65_manifest.json,family_mapped
netherlands,age65,2025,2025-01-01,cbs-gemeentelijke-indeling-2025,municipality,0855,GM0855,Tilburg,17.63567,percent,CBS StatLine 03759NED Bevolking op 1 januari by age,provenance/netherlands_age65_manifest.json,family_mapped
netherlands,age65,2025,2025-01-01,cbs-gemeentelijke-indeling-2025,municipality,0858,GM0858,Valkenswaard,26.606165,percent,CBS StatLine 03759NED Bevolking op 1 januari by age,provenance/netherlands_age65_manifest.json,family_mapped
netherlands,age65,2025,2025-01-01,cbs-gemeentelijke-indeling-2025,municipality,0861,GM0861,Veldhoven,22.783135,percent,CBS StatLine 03759NED Bevolking op 1 januari by age,provenance/netherlands_age65_manifest.json,family_mapped
netherlands,age65,2025,2025-01-01,cbs-gemeentelijke-indeling-2025,municipality,0865,GM0865,Vught,23.374735,percent,CBS StatLine 03759NED Bevolking op 1 januari by age,provenance/netherlands_age65_manifest.json,family_mapped
netherlands,age65,2025,2025-01-01,cbs-gemeentelijke-indeling-2025,municipality,0866,GM0866,Waalre,24.818415,percent,CBS StatLine 03759NED Bevolking op 1 januari by age,provenance/netherlands_age65_manifest.json,family_mapped
netherlands,age65,2025,2025-01-01,cbs-gemeentelijke-indeling-2025,municipality,0867,GM0867,Waalwijk,22.068266,percent,CBS StatLine 03759NED Bevolking op 1 januari by age,provenance/netherlands_age65_manifest.json,family_mapped
netherlands,age65,2025,2025-01-01,cbs-gemeentelijke-indeling-2025,municipality,0873,GM0873,Woensdrecht,25.533928,percent,CBS StatLine 03759NED Bevolking op 1 januari by age,provenance/netherlands_age65_manifest.json,family_mapped
netherlands,age65,2025,2025-01-01,cbs-gemeentelijke-indeling-2025,municipality,0879,GM0879,Zundert,24.613091,percent,CBS StatLine 03759NED Bevolking op 1 januari by age,provenance/netherlands_age65_manifest.json,family_mapped
netherlands,age65,2025,2025-01-01,cbs-gemeentelijke-indeling-2025,municipality,0880,GM0880,Wormerland,24.237257,percent,CBS StatLine 03759NED Bevolking op 1 januari by age,provenance/netherlands_age65_manifest.json,family_mapped
netherlands,age65,2025,2025-01-01,cbs-gemeentelijke-indeling-2025,municipality,0882,GM0882,Landgraaf,28.214664,percent,CBS StatLine 03759NED Bevolking op 1 januari by age,provenance/netherlands_age65_manifest.json,family_mapped
netherlands,age65,2025,2025-01-01,cbs-gemeentelijke-indeling-2025,municipality,0888,GM0888,Beek (L.),28.078272,percent,CBS StatLine 03759NED Bevolking op 1 januari by age,provenance/netherlands_age65_manifest.json,family_mapped
netherlands,age65,2025,2025-01-01,cbs-gemeentelijke-indeling-2025,municipality,0889,GM0889,Beesel,25.990831,percent,CBS StatLine 03759NED Bevolking op 1 januari by age,provenance/netherlands_age65_manifest.json,family_mapped
netherlands,age65,2025,2025-01-01,cbs-gemeentelijke-indeling-2025,municipality,0893,GM0893,Bergen (L.),26.994335,percent,CBS StatLine 03759NED Bevolking op 1 januari by age,provenance/netherlands_age65_manifest.json,family_mapped
netherlands,age65,2025,2025-01-01,cbs-gemeentelijke-indeling-2025,municipality,0899,GM0899,Brunssum,27.605869,percent,CBS StatLine 03759NED Bevolking op 1 januari by age,provenance/netherlands_age65_manifest.json,family_mapped
netherlands,age65,2025,2025-01-01,cbs-gemeentelijke-indeling-2025,municipality,0907,GM0907,Gennep,26.741636,percent,CBS StatLine 03759NED Bevolking op 1 januari by age,provenance/netherlands_age65_manifest.json,family_mapped
netherlands,age65,2025,2025-01-01,cbs-gemeentelijke-indeling-2025,municipality,0917,GM0917,Heerlen,24.804049,percent,CBS StatLine 03759NED Bevolking op 1 januari by age,provenance/netherlands_age65_manifest.json,family_mapped
netherlands,age65,2025,2025-01-01,cbs-gemeentelijke-indeling-2025,municipality,0928,GM0928,Kerkrade,27.24335,percent,CBS StatLine 03759NED Bevolking op 1 januari by age,provenance/netherlands_age65_manifest.json,family_mapped
netherlands,age65,2025,2025-01-01,cbs-gemeentelijke-indeling-2025,municipality,0935,GM0935,Maastricht,22.387965,percent,CBS StatLine 03759NED Bevolking op 1 januari by age,provenance/netherlands_age65_manifest.json,family_mapped
netherlands,age65,2025,2025-01-01,cbs-gemeentelijke-indeling-2025,municipality,0938,GM0938,Meerssen,28.889491,percent,CBS StatLine 03759NED Bevolking op 1 januari by age,provenance/netherlands_age65_manifest.json,family_mapped
netherlands,age65,2025,2025-01-01,cbs-gemeentelijke-indeling-2025,municipality,0944,GM0944,Mook en Middelaar,29.424833,percent,CBS StatLine 03759NED Bevolking op 1 januari by age,provenance/netherlands_age65_manifest.json,family_mapped
netherlands,age65,2025,2025-01-01,cbs-gemeentelijke-indeling-2025,municipality,0946,GM0946,Nederweert,25.753769,percent,CBS StatLine 03759NED Bevolking op 1 januari by age,provenance/netherlands_age65_manifest.json,family_mapped
netherlands,age65,2025,2025-01-01,cbs-gemeentelijke-indeling-2025,municipality,0957,GM0957,Roermond,22.734847,percent,CBS StatLine 03759NED Bevolking op 1 januari by age,provenance/netherlands_age65_manifest.json,family_mapped
netherlands,age65,2025,2025-01-01,cbs-gemeentelijke-indeling-2025,municipality,0965,GM0965,Simpelveld,29.444985,percent,CBS StatLine 03759NED Bevolking op 1 januari by age,provenance/netherlands_age65_manifest.json,family_mapped
netherlands,age65,2025,2025-01-01,cbs-gemeentelijke-indeling-2025,municipality,0971,GM0971,Stein (L.),29.684014,percent,CBS StatLine 03759NED Bevolking op 1 januari by age,provenance/netherlands_age65_manifest.json,family_mapped
netherlands,age65,2025,2025-01-01,cbs-gemeentelijke-indeling-2025,municipality,0981,GM0981,Vaals,30.208854,percent,CBS StatLine 03759NED Bevolking op 1 januari by age,provenance/netherlands_age65_manifest.json,family_mapped
netherlands,age65,2025,2025-01-01,cbs-gemeentelijke-indeling-2025,municipality,0983,GM0983,Venlo,23.491114,percent,CBS StatLine 03759NED Bevolking op 1 januari by age,provenance/netherlands_age65_manifest.json,family_mapped
netherlands,age65,2025,2025-01-01,cbs-gemeentelijke-indeling-2025,municipality,0984,GM0984,Venray,23.757449,percent,CBS StatLine 03759NED Bevolking op 1 januari by age,provenance/netherlands_age65_manifest.json,family_mapped
netherlands,age65,2025,2025-01-01,cbs-gemeentelijke-indeling-2025,municipality,0986,GM0986,Voerendaal,28.967655,percent,CBS StatLine 03759NED Bevolking op 1 januari by age,provenance/netherlands_age65_manifest.json,family_mapped
netherlands,age65,2025,2025-01-01,cbs-gemeentelijke-indeling-2025,municipality,0988,GM0988,Weert,24.788239,percent,CBS StatLine 03759NED Bevolking op 1 januari by age,provenance/netherlands_age65_manifest.json,family_mapped
netherlands,age65,2025,2025-01-01,cbs-gemeentelijke-indeling-2025,municipality,0994,GM0994,Valkenburg aan de Geul,31.899903,percent,CBS StatLine 03759NED Bevolking op 1 januari by age,provenance/netherlands_age65_manifest.json,family_mapped
netherlands,age65,2025,2025-01-01,cbs-gemeentelijke-indeling-2025,municipality,0995,GM0995,Lelystad,18.3136,percent,CBS StatLine 03759NED Bevolking op 1 januari by age,provenance/netherlands_age65_manifest.json,family_mapped
netherlands,age65,2025,2025-01-01,cbs-gemeentelijke-indeling-2025,municipality,1507,GM1507,Horst aan de Maas,24.178383,percent,CBS StatLine 03759NED Bevolking op 1 januari by age,provenance/netherlands_age65_manifest.json,family_mapped
netherlands,age65,2025,2025-01-01,cbs-gemeentelijke-indeling-2025,municipality,1509,GM1509,Oude IJsselstreek,26.362693,percent,CBS StatLine 03759NED Bevolking op 1 januari by age,provenance/netherlands_age65_manifest.json,family_mapped
netherlands,age65,2025,2025-01-01,cbs-gemeentelijke-indeling-2025,municipality,1525,GM1525,Teylingen,21.772409,percent,CBS StatLine 03759NED Bevolking op 1 januari by age,provenance/netherlands_age65_manifest.json,family_mapped
netherlands,age65,2025,2025-01-01,cbs-gemeentelijke-indeling-2025,municipality,1581,GM1581,Utrechtse Heuvelrug,25.757189,percent,CBS StatLine 03759NED Bevolking op 1 januari by age,provenance/netherlands_age65_manifest.json,family_mapped
netherlands,age65,2025,2025-01-01,cbs-gemeentelijke-indeling-2025,municipality,1586,GM1586,Oost Gelre,25.173056,percent,CBS StatLine 03759NED Bevolking op 1 januari by age,provenance/netherlands_age65_manifest.json,family_mapped
netherlands,age65,2025,2025-01-01,cbs-gemeentelijke-indeling-2025,municipality,1598,GM1598,Koggenland,22.429789,percent,CBS StatLine 03759NED Bevolking op 1 januari by age,provenance/netherlands_age65_manifest.json,family_mapped
netherlands,age65,2025,2025-01-01,cbs-gemeentelijke-indeling-2025,municipality,1621,GM1621,Lansingerland,16.839731,percent,CBS StatLine 03759NED Bevolking op 1 januari by age,provenance/netherlands_age65_manifest.json,family_mapped
netherlands,age65,2025,2025-01-01,cbs-gemeentelijke-indeling-2025,municipality,1640,GM1640,Leudal,27.287582,percent,CBS StatLine 03759NED Bevolking op 1 januari by age,provenance/netherlands_age65_manifest.json,family_mapped
netherlands,age65,2025,2025-01-01,cbs-gemeentelijke-indeling-2025,municipality,1641,GM1641,Maasgouw,29.413925,percent,CBS StatLine 03759NED Bevolking op 1 januari by age,provenance/netherlands_age65_manifest.json,family_mapped
netherlands,age65,2025,2025-01-01,cbs-gemeentelijke-indeling-2025,municipality,1652,GM1652,Gemert-Bakel,22.114074,percent,CBS StatLine 03759NED Bevolking op 1 januari by age,provenance/netherlands_age65_manifest.json,family_mapped
netherlands,age65,2025,2025-01-01,cbs-gemeentelijke-indeling-2025,municipality,1655,GM1655,Halderberge,24.649887,percent,CBS StatLine 03759NED Bevolking op 1 januari by age,provenance/netherlands_age65_manifest.json,family_mapped
netherlands,age65,2025,2025-01-01,cbs-gemeentelijke-indeling-2025,municipality,1658,GM1658,Heeze-Leende,26.289898,percent,CBS StatLine 03759NED Bevolking op 1 januari by age,provenance/netherlands_age65_manifest.json,family_mapped
netherlands,age65,2025,2025-01-01,cbs-gemeentelijke-indeling-2025,municipality,1659,GM1659,Laarbeek,24.622706,percent,CBS StatLine 03759NED Bevolking op 1 januari by age,provenance/netherlands_age65_manifest.json,family_mapped
netherlands,age65,2025,2025-01-01,cbs-gemeentelijke-indeling-2025,municipality,1667,GM1667,Reusel-De Mierden,23.525965,percent,CBS StatLine 03759NED Bevolking op 1 januari by age,provenance/netherlands_age65_manifest.json,family_mapped
netherlands,age65,2025,2025-01-01,cbs-gemeentelijke-indeling-2025,municipality,1669,GM1669,Roerdalen,29.703398,percent,CBS StatLine 03759NED Bevolking op 1 januari by age,provenance/netherlands_age65_manifest.json,family_mapped
netherlands,age65,2025,2025-01-01,cbs-gemeentelijke-indeling-2025,municipality,1674,GM1674,Roosendaal,23.197077,percent,CBS StatLine 03759NED Bevolking op 1 januari by age,provenance/netherlands_age65_manifest.json,family_mapped
netherlands,age65,2025,2025-01-01,cbs-gemeentelijke-indeling-2025,municipality,1676,GM1676,Schouwen-Duiveland,29.277578,percent,CBS StatLine 03759NED Bevolking op 1 januari by age,provenance/netherlands_age65_manifest.json,family_mapped
netherlands,age65,2025,2025-01-01,cbs-gemeentelijke-indeling-2025,municipality,1680,GM1680,Aa en Hunze,29.165221,percent,CBS StatLine 03759NED Bevolking op 1 januari by age,provenance/netherlands_age65_manifest.json,family_mapped
netherlands,age65,2025,2025-01-01,cbs-gemeentelijke-indeling-2025,municipality,1681,GM1681,Borger-Odoorn,26.787977,percent,CBS StatLine 03759NED Bevolking op 1 januari by age,provenance/netherlands_age65_manifest.json,family_mapped
netherlands,age65,2025,2025-01-01,cbs-gemeentelijke-indeling-2025,municipality,1690,GM1690,De Wolden,26.56858,percent,CBS StatLine 03759NED Bevolking op 1 januari by age,provenance/netherlands_age65_manifest.json,family_mapped
netherlands,age65,2025,2025-01-01,cbs-gemeentelijke-indeling-2025,municipality,1695,GM1695,Noord-Beveland,30.487199,percent,CBS StatLine 03759NED Bevolking op 1 januari by age,provenance/netherlands_age65_manifest.json,family_mapped
netherlands,age65,2025,2025-01-01,cbs-gemeentelijke-indeling-2025,municipality,1696,GM1696,Wijdemeren,25.678962,percent,CBS StatLine 03759NED Bevolking op 1 januari by age,provenance/netherlands_age65_manifest.json,family_mapped
netherlands,age65,2025,2025-01-01,cbs-gemeentelijke-indeling-2025,municipality,1699,GM1699,Noordenveld,29.145539,percent,CBS StatLine 03759NED Bevolking op 1 januari by age,provenance/netherlands_age65_manifest.json,family_mapped
netherlands,age65,2025,2025-01-01,cbs-gemeentelijke-indeling-2025,municipality,1700,GM1700,Twenterand,21.109255,percent,CBS StatLine 03759NED Bevolking op 1 januari by age,provenance/netherlands_age65_manifest.json,family_mapped
netherlands,age65,2025,2025-01-01,cbs-gemeentelijke-indeling-2025,municipality,1701,GM1701,Westerveld,31.676925,percent,CBS StatLine 03759NED Bevolking op 1 januari by age,provenance/netherlands_age65_manifest.json,family_mapped
netherlands,age65,2025,2025-01-01,cbs-gemeentelijke-indeling-2025,municipality,1705,GM1705,Lingewaard,24.205184,percent,CBS StatLine 03759NED Bevolking op 1 januari by age,provenance/netherlands_age65_manifest.json,family_mapped
netherlands,age65,2025,2025-01-01,cbs-gemeentelijke-indeling-2025,municipality,1706,GM1706,Cranendonck,25.455804,percent,CBS StatLine 03759NED Bevolking op 1 januari by age,provenance/netherlands_age65_manifest.json,family_mapped
netherlands,age65,2025,2025-01-01,cbs-gemeentelijke-indeling-2025,municipality,1708,GM1708,Steenwijkerland,24.181906,percent,CBS StatLine 03759NED Bevolking op 1 januari by age,provenance/netherlands_age65_manifest.json,family_mapped
netherlands,age65,2025,2025-01-01,cbs-gemeentelijke-indeling-2025,municipality,1709,GM1709,Moerdijk,23.478693,percent,CBS StatLine 03759NED Bevolking op 1 januari by age,provenance/netherlands_age65_manifest.json,family_mapped
netherlands,age65,2025,2025-01-01,cbs-gemeentelijke-indeling-2025,municipality,1711,GM1711,Echt-Susteren,27.893644,percent,CBS StatLine 03759NED Bevolking op 1 januari by age,provenance/netherlands_age65_manifest.json,family_mapped
netherlands,age65,2025,2025-01-01,cbs-gemeentelijke-indeling-2025,municipality,1714,GM1714,Sluis,30.094397,percent,CBS StatLine 03759NED Bevolking op 1 januari by age,provenance/netherlands_age65_manifest.json,family_mapped
netherlands,age65,2025,2025-01-01,cbs-gemeentelijke-indeling-2025,municipality,1719,GM1719,Drimmelen,24.290511,percent,CBS StatLine 03759NED Bevolking op 1 januari by age,provenance/netherlands_age65_manifest.json,family_mapped
netherlands,age65,2025,2025-01-01,cbs-gemeentelijke-indeling-2025,municipality,1721,GM1721,Bernheze,23.090842,percent,CBS StatLine 03759NED Bevolking op 1 januari by age,provenance/netherlands_age65_manifest.json,family_mapped
netherlands,age65,2025,2025-01-01,cbs-gemeentelijke-indeling-2025,municipality,1723,GM1723,Alphen-Chaam,25.571686,percent,CBS StatLine 03759NED Bevolking op 1 januari by age,provenance/netherlands_age65_manifest.json,family_mapped
netherlands,age65,2025,2025-01-01,cbs-gemeentelijke-indeling-2025,municipality,1724,GM1724,Bergeijk,24.622333,percent,CBS StatLine 03759NED Bevolking op 1 januari by age,provenance/netherlands_age65_manifest.json,family_mapped
netherlands,age65,2025,2025-01-01,cbs-gemeentelijke-indeling-2025,municipality,1728,GM1728,Bladel,24.093116,percent,CBS StatLine 03759NED Bevolking op 1 januari by age,provenance/netherlands_age65_manifest.json,family_mapped
netherlands,age65,2025,2025-01-01,cbs-gemeentelijke-indeling-2025,municipality,1729,GM1729,Gulpen-Wittem,31.96119,percent,CBS StatLine 03759NED Bevolking op 1 januari by age,provenance/netherlands_age65_manifest.json,family_mapped
netherlands,age65,2025,2025-01-01,cbs-gemeentelijke-indeling-2025,municipality,1730,GM1730,Tynaarlo,25.917569,percent,CBS StatLine 03759NED Bevolking op 1 januari by age,provenance/netherlands_age65_manifest.json,family_mapped
netherlands,age65,2025,2025-01-01,cbs-gemeentelijke-indeling-2025,municipality,1731,GM1731,Midden-Drenthe,26.316099,percent,CBS StatLine 03759NED Bevolking op 1 januari by age,provenance/netherlands_age65_manifest.json,family_mapped
netherlands,age65,2025,2025-01-01,cbs-gemeentelijke-indeling-2025,municipality,1734,GM1734,Overbetuwe,21.724385,percent,CBS StatLine 03759NED Bevolking op 1 januari by age,provenance/netherlands_age65_manifest.json,family_mapped
netherlands,age65,2025,2025-01-01,cbs-gemeentelijke-indeling-2025,municipality,1735,GM1735,Hof van Twente,26.390914,percent,CBS StatLine 03759NED Bevolking op 1 januari by age,provenance/netherlands_age65_manifest.json,family_mapped
netherlands,age65,2025,2025-01-01,cbs-gemeentelijke-indeling-2025,municipality,1740,GM1740,Neder-Betuwe,17.99775,percent,CBS StatLine 03759NED Bevolking op 1 januari by age,provenance/netherlands_age65_manifest.json,family_mapped
netherlands,age65,2025,2025-01-01,cbs-gemeentelijke-indeling-2025,municipality,1742,GM1742,Rijssen-Holten,19.950561,percent,CBS StatLine 03759NED Bevolking op 1 januari by age,provenance/netherlands_age65_manifest.json,family_mapped
netherlands,age65,2025,2025-01-01,cbs-gemeentelijke-indeling-2025,municipality,1771,GM1771,Geldrop-Mierlo,23.904402,percent,CBS StatLine 03759NED Bevolking op 1 januari by age,provenance/netherlands_age65_manifest.json,family_mapped
netherlands,age65,2025,2025-01-01,cbs-gemeentelijke-indeling-2025,municipality,1773,GM1773,Olst-Wijhe,23.785718,percent,CBS StatLine 03759NED Bevolking op 1 januari by age,provenance/netherlands_age65_manifest.json,family_mapped
netherlands,age65,2025,2025-01-01,cbs-gemeentelijke-indeling-2025,municipality,1774,GM1774,Dinkelland,24.745585,percent,CBS StatLine 03759NED Bevolking op 1 januari by age,provenance/netherlands_age65_manifest.json,family_mapped
netherlands,age65,2025,2025-01-01,cbs-gemeentelijke-indeling-2025,municipality,1783,GM1783,Westland,20.579732,percent,CBS StatLine 03759NED Bevolking op 1 januari by age,provenance/netherlands_age65_manifest.json,family_mapped
netherlands,age65,2025,2025-01-01,cbs-gemeentelijke-indeling-2025,municipality,1842,GM1842,Midden-Delfland,22.112959,percent,CBS StatLine 03759NED Bevolking op 1 januari by age,provenance/netherlands_age65_manifest.json,family_mapped
netherlands,age65,2025,2025-01-01,cbs-gemeentelijke-indeling-2025,municipality,1859,GM1859,Berkelland,27.164879,percent,CBS StatLine 03759NED Bevolking op 1 januari by age,provenance/netherlands_age65_manifest.json,family_mapped
netherlands,age65,2025,2025-01-01,cbs-gemeentelijke-indeling-2025,municipality,1876,GM1876,Bronckhorst,29.065312,percent,CBS StatLine 03759NED Bevolking op 1 januari by age,provenance/netherlands_age65_manifest.json,family_mapped
netherlands,age65,2025,2025-01-01,cbs-gemeentelijke-indeling-2025,municipality,1883,GM1883,Sittard-Geleen,26.10308,percent,CBS StatLine 03759NED Bevolking op 1 januari by age,provenance/netherlands_age65_manifest.json,family_mapped
netherlands,age65,2025,2025-01-01,cbs-gemeentelijke-indeling-2025,municipality,1884,GM1884,Kaag en Braassem,22.301815,percent,CBS StatLine 03759NED Bevolking op 1 januari by age,provenance/netherlands_age65_manifest.json,family_mapped
netherlands,age65,2025,2025-01-01,cbs-gemeentelijke-indeling-2025,municipality,1891,GM1891,Dantumadiel,24.115588,percent,CBS StatLine 03759NED Bevolking op 1 januari by age,provenance/netherlands_age65_manifest.json,family_mapped
netherlands,age65,2025,2025-01-01,cbs-gemeentelijke-indeling-2025,municipality,1892,GM1892,Zuidplas,19.225875,percent,CBS StatLine 03759NED Bevolking op 1 januari by age,provenance/netherlands_age65_manifest.json,family_mapped
netherlands,age65,2025,2025-01-01,cbs-gemeentelijke-indeling-2025,municipality,1894,GM1894,Peel en Maas,24.705216,percent,CBS StatLine 03759NED Bevolking op 1 januari by age,provenance/netherlands_age65_manifest.json,family_mapped
netherlands,age65,2025,2025-01-01,cbs-gemeentelijke-indeling-2025,municipality,1895,GM1895,Oldambt,26.362856,percent,CBS StatLine 03759NED Bevolking op 1 januari by age,provenance/netherlands_age65_manifest.json,family_mapped
netherlands,age65,2025,2025-01-01,cbs-gemeentelijke-indeling-2025,municipality,1896,GM1896,Zwartewaterland,18.475348,percent,CBS StatLine 03759NED Bevolking op 1 januari by age,provenance/netherlands_age65_manifest.json,family_mapped
netherlands,age65,2025,2025-01-01,cbs-gemeentelijke-indeling-2025,municipality,1900,GM1900,Súdwest-Fryslân,24.7697,percent,CBS StatLine 03759NED Bevolking op 1 januari by age,provenance/netherlands_age65_manifest.json,family_mapped
netherlands,age65,2025,2025-01-01,cbs-gemeentelijke-indeling-2025,municipality,1901,GM1901,Bodegraven-Reeuwijk,21.346986,percent,CBS StatLine 03759NED Bevolking op 1 januari by age,provenance/netherlands_age65_manifest.json,family_mapped
netherlands,age65,2025,2025-01-01,cbs-gemeentelijke-indeling-2025,municipality,1903,GM1903,Eijsden-Margraten,27.909553,percent,CBS StatLine 03759NED Bevolking op 1 januari by age,provenance/netherlands_age65_manifest.json,family_mapped
netherlands,age65,2025,2025-01-01,cbs-gemeentelijke-indeling-2025,municipality,1904,GM1904,Stichtse Vecht,22.587328,percent,CBS StatLine 03759NED Bevolking op 1 januari by age,provenance/netherlands_age65_manifest.json,family_mapped
netherlands,age65,2025,2025-01-01,cbs-gemeentelijke-indeling-2025,municipality,1911,GM1911,Hollands Kroon,22.598135,percent,CBS StatLine 03759NED Bevolking op 1 januari by age,provenance/netherlands_age65_manifest.json,family_mapped
netherlands,age65,2025,2025-01-01,cbs-gemeentelijke-indeling-2025,municipality,1916,GM1916,Leidschendam-Voorburg,23.537373,percent,CBS StatLine 03759NED Bevolking op 1 januari by age,provenance/netherlands_age65_manifest.json,family_mapped
netherlands,age65,2025,2025-01-01,cbs-gemeentelijke-indeling-2025,municipality,1924,GM1924,Goeree-Overflakkee,23.343873,percent,CBS StatLine 03759NED Bevolking op 1 januari by age,provenance/netherlands_age65_manifest.json,family_mapped
netherlands,age65,2025,2025-01-01,cbs-gemeentelijke-indeling-2025,municipality,1926,GM1926,Pijnacker-Nootdorp,16.517565,percent,CBS StatLine 03759NED Bevolking op 1 januari by age,provenance/netherlands_age65_manifest.json,family_mapped
netherlands,age65,2025,2025-01-01,cbs-gemeentelijke-indeling-2025,municipality,1930,GM1930,Nissewaard,21.84716,percent,CBS StatLine 03759NED Bevolking op 1 januari by age,provenance/netherlands_age65_manifest.json,family_mapped
netherlands,age65,2025,2025-01-01,cbs-gemeentelijke-indeling-2025,municipality,1931,GM1931,Krimpenerwaard,22.613239,percent,CBS StatLine 03759NED Bevolking op 1 januari by age,provenance/netherlands_age65_manifest.json,family_mapped
netherlands,age65,2025,2025-01-01,cbs-gemeentelijke-indeling-2025,municipality,1940,GM1940,De Fryske Marren,25.536518,percent,CBS StatLine 03759NED Bevolking op 1 januari by age,provenance/netherlands_age65_manifest.json,family_mapped
netherlands,age65,2025,2025-01-01,cbs-gemeentelijke-indeling-2025,municipality,1942,GM1942,Gooise Meren,21.012081,percent,CBS StatLine 03759NED Bevolking op 1 januari by age,provenance/netherlands_age65_manifest.json,family_mapped
netherlands,age65,2025,2025-01-01,cbs-gemeentelijke-indeling-2025,municipality,1945,GM1945,Berg en Dal,26.826593,percent,CBS StatLine 03759NED Bevolking op 1 januari by age,provenance/netherlands_age65_manifest.json,family_mapped
netherlands,age65,2025,2025-01-01,cbs-gemeentelijke-indeling-2025,municipality,1948,GM1948,Meierijstad,22.845911,percent,CBS StatLine 03759NED Bevolking op 1 januari by age,provenance/netherlands_age65_manifest.json,family_mapped
netherlands,age65,2025,2025-01-01,cbs-gemeentelijke-indeling-2025,municipality,1949,GM1949,Waadhoeke,24.27172,percent,CBS StatLine 03759NED Bevolking op 1 januari by age,provenance/netherlands_age65_manifest.json,family_mapped
netherlands,age65,2025,2025-01-01,cbs-gemeentelijke-indeling-2025,municipality,1950,GM1950,Westerwolde,26.811568,percent,CBS StatLine 03759NED Bevolking op 1 januari by age,provenance/netherlands_age65_manifest.json,family_mapped
netherlands,age65,2025,2025-01-01,cbs-gemeentelijke-indeling-2025,municipality,1952,GM1952,Midden-Groningen,24.176128,percent,CBS StatLine 03759NED Bevolking op 1 januari by age,provenance/netherlands_age65_manifest.json,family_mapped
netherlands,age65,2025,2025-01-01,cbs-gemeentelijke-indeling-2025,municipality,1954,GM1954,Beekdaelen,28.092899,percent,CBS StatLine 03759NED Bevolking op 1 januari by age,provenance/netherlands_age65_manifest.json,family_mapped
netherlands,age65,2025,2025-01-01,cbs-gemeentelijke-indeling-2025,municipality,1955,GM1955,Montferland,25.127041,percent,CBS StatLine 03759NED Bevolking op 1 januari by age,provenance/netherlands_age65_manifest.json,family_mapped
netherlands,age65,2025,2025-01-01,cbs-gemeentelijke-indeling-2025,municipality,1959,GM1959,Altena,21.011136,percent,CBS StatLine 03759NED Bevolking op 1 januari by age,provenance/netherlands_age65_manifest.json,family_mapped
netherlands,age65,2025,2025-01-01,cbs-gemeentelijke-indeling-2025,municipality,1960,GM1960,West Betuwe,20.719959,percent,CBS StatLine 03759NED Bevolking op 1 januari by age,provenance/netherlands_age65_manifest.json,family_mapped
netherlands,age65,2025,2025-01-01,cbs-gemeentelijke-indeling-2025,municipality,1961,GM1961,Vijfheerenlanden,20.571027,percent,CBS StatLine 03759NED Bevolking op 1 januari by age,provenance/netherlands_age65_manifest.json,family_mapped
netherlands,age65,2025,2025-01-01,cbs-gemeentelijke-indeling-2025,municipality,1963,GM1963,Hoeksche Waard,23.957817,percent,CBS StatLine 03759NED Bevolking op 1 januari by age,provenance/netherlands_age65_manifest.json,family_mapped
netherlands,age65,2025,2025-01-01,cbs-gemeentelijke-indeling-2025,municipality,1966,GM1966,Het Hogeland,26.200756,percent,CBS StatLine 03759NED Bevolking op 1 januari by age,provenance/netherlands_age65_manifest.json,family_mapped
netherlands,age65,2025,2025-01-01,cbs-gemeentelijke-indeling-2025,municipality,1969,GM1969,Westerkwartier,22.593729,percent,CBS StatLine 03759NED Bevolking op 1 januari by age,provenance/netherlands_age65_manifest.json,family_mapped
netherlands,age65,2025,2025-01-01,cbs-gemeentelijke-indeling-2025,municipality,1970,GM1970,Noardeast-Fryslân,23.092186,percent,CBS StatLine 03759NED Bevolking op 1 januari by age,provenance/netherlands_age65_manifest.json,family_mapped
netherlands,age65,2025,2025-01-01,cbs-gemeentelijke-indeling-2025,municipality,1978,GM1978,Molenlanden,20.364614,percent,CBS StatLine 03759NED Bevolking op 1 januari by age,provenance/netherlands_age65_manifest.json,family_mapped
netherlands,age65,2025,2025-01-01,cbs-gemeentelijke-indeling-2025,municipality,1979,GM1979,Eemsdelta,26.665923,percent,CBS StatLine 03759NED Bevolking op 1 januari by age,provenance/netherlands_age65_manifest.json,family_mapped
netherlands,age65,2025,2025-01-01,cbs-gemeentelijke-indeling-2025,municipality,1980,GM1980,Dijk en Waard,20.16816,percent,CBS StatLine 03759NED Bevolking op 1 januari by age,provenance/netherlands_age65_manifest.json,family_mapped
netherlands,age65,2025,2025-01-01,cbs-gemeentelijke-indeling-2025,municipality,1982,GM1982,Land van Cuijk,24.505209,percent,CBS StatLine 03759NED Bevolking op 1 januari by age,provenance/netherlands_age65_manifest.json,family_mapped
netherlands,age65,2025,2025-01-01,cbs-gemeentelijke-indeling-2025,municipality,1991,GM1991,Maashorst,23.227363,percent,CBS StatLine 03759NED Bevolking op 1 januari by age,provenance/netherlands_age65_manifest.json,family_mapped
netherlands,age65,2025,2025-01-01,cbs-gemeentelijke-indeling-2025,municipality,1992,GM1992,Voorne aan Zee,24.946664,percent,CBS StatLine 03759NED Bevolking op 1 januari by age,provenance/netherlands_age65_manifest.json,family_mapped
