country_id,factor_id,year,reference_period,geography_version,public_geography_type,public_geography_id,cbs_gm_code,municipality,value,unit,source_name,provenance_ref,comparability_status
netherlands,cars,2023,2023,cbs-gemeentelijke-indeling-2023,municipality,0014,GM0014,Groningen,327.0,cars-per-1000-residents,CBS StatLine 70072NED Personenauto's particulieren relatief,provenance/netherlands_cars_manifest.json,country_local
netherlands,cars,2023,2023,cbs-gemeentelijke-indeling-2023,municipality,0034,GM0034,Almere,403.0,cars-per-1000-residents,CBS StatLine 70072NED Personenauto's particulieren relatief,provenance/netherlands_cars_manifest.json,country_local
netherlands,cars,2023,2023,cbs-gemeentelijke-indeling-2023,municipality,0037,GM0037,Stadskanaal,526.0,cars-per-1000-residents,CBS StatLine 70072NED Personenauto's particulieren relatief,provenance/netherlands_cars_manifest.json,country_local
netherlands,cars,2023,2023,cbs-gemeentelijke-indeling-2023,municipality,0047,GM0047,Veendam,532.0,cars-per-1000-residents,CBS StatLine 70072NED Personenauto's particulieren relatief,provenance/netherlands_cars_manifest.json,country_local
netherlands,cars,2023,2023,cbs-gemeentelijke-indeling-2023,municipality,0050,GM0050,Zeewolde,500.0,cars-per-1000-residents,CBS StatLine 70072NED Personenauto's particulieren relatief,provenance/netherlands_cars_manifest.json,country_local
netherlands,cars,2023,2023,cbs-gemeentelijke-indeling-2023,municipality,0059,GM0059,Achtkarspelen,526.0,cars-per-1000-residents,CBS StatLine 70072NED Personenauto's particulieren relatief,provenance/netherlands_cars_manifest.json,country_local
netherlands,cars,2023,2023,cbs-gemeentelijke-indeling-2023,municipality,0060,GM0060,Ameland,496.0,cars-per-1000-residents,CBS StatLine 70072NED Personenauto's particulieren relatief,provenance/netherlands_cars_manifest.json,country_local
netherlands,cars,2023,2023,cbs-gemeentelijke-indeling-2023,municipality,0072,GM0072,Harlingen,455.0,cars-per-1000-residents,CBS StatLine 70072NED Personenauto's particulieren relatief,provenance/netherlands_cars_manifest.json,country_local
netherlands,cars,2023,2023,cbs-gemeentelijke-indeling-2023,municipality,0074,GM0074,Heerenveen,495.0,cars-per-1000-residents,CBS StatLine 70072NED Personenauto's particulieren relatief,provenance/netherlands_cars_manifest.json,country_local
netherlands,cars,2023,2023,cbs-gemeentelijke-indeling-2023,municipality,0080,GM0080,Leeuwarden,418.0,cars-per-1000-residents,CBS StatLine 70072NED Personenauto's particulieren relatief,provenance/netherlands_cars_manifest.json,country_local
netherlands,cars,2023,2023,cbs-gemeentelijke-indeling-2023,municipality,0085,GM0085,Ooststellingwerf,556.0,cars-per-1000-residents,CBS StatLine 70072NED Personenauto's particulieren relatief,provenance/netherlands_cars_manifest.json,country_local
netherlands,cars,2023,2023,cbs-gemeentelijke-indeling-2023,municipality,0086,GM0086,Opsterland,549.0,cars-per-1000-residents,CBS StatLine 70072NED Personenauto's particulieren relatief,provenance/netherlands_cars_manifest.json,country_local
netherlands,cars,2023,2023,cbs-gemeentelijke-indeling-2023,municipality,0088,GM0088,Schiermonnikoog,353.0,cars-per-1000-residents,CBS StatLine 70072NED Personenauto's particulieren relatief,provenance/netherlands_cars_manifest.json,country_local
netherlands,cars,2023,2023,cbs-gemeentelijke-indeling-2023,municipality,0090,GM0090,Smallingerland,484.0,cars-per-1000-residents,CBS StatLine 70072NED Personenauto's particulieren relatief,provenance/netherlands_cars_manifest.json,country_local
netherlands,cars,2023,2023,cbs-gemeentelijke-indeling-2023,municipality,0093,GM0093,Terschelling,487.0,cars-per-1000-residents,CBS StatLine 70072NED Personenauto's particulieren relatief,provenance/netherlands_cars_manifest.json,country_local
netherlands,cars,2023,2023,cbs-gemeentelijke-indeling-2023,municipality,0096,GM0096,Vlieland,343.0,cars-per-1000-residents,CBS StatLine 70072NED Personenauto's particulieren relatief,provenance/netherlands_cars_manifest.json,country_local
netherlands,cars,2023,2023,cbs-gemeentelijke-indeling-2023,municipality,0098,GM0098,Weststellingwerf,542.0,cars-per-1000-residents,CBS StatLine 70072NED Personenauto's particulieren relatief,provenance/netherlands_cars_manifest.json,country_local
netherlands,cars,2023,2023,cbs-gemeentelijke-indeling-2023,municipality,0106,GM0106,Assen,460.0,cars-per-1000-residents,CBS StatLine 70072NED Personenauto's particulieren relatief,provenance/netherlands_cars_manifest.json,country_local
netherlands,cars,2023,2023,cbs-gemeentelijke-indeling-2023,municipality,0109,GM0109,Coevorden,552.0,cars-per-1000-residents,CBS StatLine 70072NED Personenauto's particulieren relatief,provenance/netherlands_cars_manifest.json,country_local
netherlands,cars,2023,2023,cbs-gemeentelijke-indeling-2023,municipality,0114,GM0114,Emmen,519.0,cars-per-1000-residents,CBS StatLine 70072NED Personenauto's particulieren relatief,provenance/netherlands_cars_manifest.json,country_local
netherlands,cars,2023,2023,cbs-gemeentelijke-indeling-2023,municipality,0118,GM0118,Hoogeveen,490.0,cars-per-1000-residents,CBS StatLine 70072NED Personenauto's particulieren relatief,provenance/netherlands_cars_manifest.json,country_local
netherlands,cars,2023,2023,cbs-gemeentelijke-indeling-2023,municipality,0119,GM0119,Meppel,468.0,cars-per-1000-residents,CBS StatLine 70072NED Personenauto's particulieren relatief,provenance/netherlands_cars_manifest.json,country_local
netherlands,cars,2023,2023,cbs-gemeentelijke-indeling-2023,municipality,0141,GM0141,Almelo,449.0,cars-per-1000-residents,CBS StatLine 70072NED Personenauto's particulieren relatief,provenance/netherlands_cars_manifest.json,country_local
netherlands,cars,2023,2023,cbs-gemeentelijke-indeling-2023,municipality,0147,GM0147,Borne,487.0,cars-per-1000-residents,CBS StatLine 70072NED Personenauto's particulieren relatief,provenance/netherlands_cars_manifest.json,country_local
netherlands,cars,2023,2023,cbs-gemeentelijke-indeling-2023,municipality,0148,GM0148,Dalfsen,556.0,cars-per-1000-residents,CBS StatLine 70072NED Personenauto's particulieren relatief,provenance/netherlands_cars_manifest.json,country_local
netherlands,cars,2023,2023,cbs-gemeentelijke-indeling-2023,municipality,0150,GM0150,Deventer,426.0,cars-per-1000-residents,CBS StatLine 70072NED Personenauto's particulieren relatief,provenance/netherlands_cars_manifest.json,country_local
netherlands,cars,2023,2023,cbs-gemeentelijke-indeling-2023,municipality,0153,GM0153,Enschede,408.0,cars-per-1000-residents,CBS StatLine 70072NED Personenauto's particulieren relatief,provenance/netherlands_cars_manifest.json,country_local
netherlands,cars,2023,2023,cbs-gemeentelijke-indeling-2023,municipality,0158,GM0158,Haaksbergen,535.0,cars-per-1000-residents,CBS StatLine 70072NED Personenauto's particulieren relatief,provenance/netherlands_cars_manifest.json,country_local
netherlands,cars,2023,2023,cbs-gemeentelijke-indeling-2023,municipality,0160,GM0160,Hardenberg,524.0,cars-per-1000-residents,CBS StatLine 70072NED Personenauto's particulieren relatief,provenance/netherlands_cars_manifest.json,country_local
netherlands,cars,2023,2023,cbs-gemeentelijke-indeling-2023,municipality,0163,GM0163,Hellendoorn,512.0,cars-per-1000-residents,CBS StatLine 70072NED Personenauto's particulieren relatief,provenance/netherlands_cars_manifest.json,country_local
netherlands,cars,2023,2023,cbs-gemeentelijke-indeling-2023,municipality,0164,GM0164,Hengelo,466.0,cars-per-1000-residents,CBS StatLine 70072NED Personenauto's particulieren relatief,provenance/netherlands_cars_manifest.json,country_local
netherlands,cars,2023,2023,cbs-gemeentelijke-indeling-2023,municipality,0166,GM0166,Kampen,422.0,cars-per-1000-residents,CBS StatLine 70072NED Personenauto's particulieren relatief,provenance/netherlands_cars_manifest.json,country_local
netherlands,cars,2023,2023,cbs-gemeentelijke-indeling-2023,municipality,0168,GM0168,Losser,524.0,cars-per-1000-residents,CBS StatLine 70072NED Personenauto's particulieren relatief,provenance/netherlands_cars_manifest.json,country_local
netherlands,cars,2023,2023,cbs-gemeentelijke-indeling-2023,municipality,0171,GM0171,Noordoostpolder,485.0,cars-per-1000-residents,CBS StatLine 70072NED Personenauto's particulieren relatief,provenance/netherlands_cars_manifest.json,country_local
netherlands,cars,2023,2023,cbs-gemeentelijke-indeling-2023,municipality,0173,GM0173,Oldenzaal,479.0,cars-per-1000-residents,CBS StatLine 70072NED Personenauto's particulieren relatief,provenance/netherlands_cars_manifest.json,country_local
netherlands,cars,2023,2023,cbs-gemeentelijke-indeling-2023,municipality,0175,GM0175,Ommen,525.0,cars-per-1000-residents,CBS StatLine 70072NED Personenauto's particulieren relatief,provenance/netherlands_cars_manifest.json,country_local
netherlands,cars,2023,2023,cbs-gemeentelijke-indeling-2023,municipality,0177,GM0177,Raalte,520.0,cars-per-1000-residents,CBS StatLine 70072NED Personenauto's particulieren relatief,provenance/netherlands_cars_manifest.json,country_local
netherlands,cars,2023,2023,cbs-gemeentelijke-indeling-2023,municipality,0180,GM0180,Staphorst,510.0,cars-per-1000-residents,CBS StatLine 70072NED Personenauto's particulieren relatief,provenance/netherlands_cars_manifest.json,country_local
netherlands,cars,2023,2023,cbs-gemeentelijke-indeling-2023,municipality,0183,GM0183,Tubbergen,546.0,cars-per-1000-residents,CBS StatLine 70072NED Personenauto's particulieren relatief,provenance/netherlands_cars_manifest.json,country_local
netherlands,cars,2023,2023,cbs-gemeentelijke-indeling-2023,municipality,0184,GM0184,Urk,330.0,cars-per-1000-residents,CBS StatLine 70072NED Personenauto's particulieren relatief,provenance/netherlands_cars_manifest.json,country_local
netherlands,cars,2023,2023,cbs-gemeentelijke-indeling-2023,municipality,0189,GM0189,Wierden,518.0,cars-per-1000-residents,CBS StatLine 70072NED Personenauto's particulieren relatief,provenance/netherlands_cars_manifest.json,country_local
netherlands,cars,2023,2023,cbs-gemeentelijke-indeling-2023,municipality,0193,GM0193,Zwolle,391.0,cars-per-1000-residents,CBS StatLine 70072NED Personenauto's particulieren relatief,provenance/netherlands_cars_manifest.json,country_local
netherlands,cars,2023,2023,cbs-gemeentelijke-indeling-2023,municipality,0197,GM0197,Aalten,523.0,cars-per-1000-residents,CBS StatLine 70072NED Personenauto's particulieren relatief,provenance/netherlands_cars_manifest.json,country_local
netherlands,cars,2023,2023,cbs-gemeentelijke-indeling-2023,municipality,0200,GM0200,Apeldoorn,457.0,cars-per-1000-residents,CBS StatLine 70072NED Personenauto's particulieren relatief,provenance/netherlands_cars_manifest.json,country_local
netherlands,cars,2023,2023,cbs-gemeentelijke-indeling-2023,municipality,0202,GM0202,Arnhem,390.0,cars-per-1000-residents,CBS StatLine 70072NED Personenauto's particulieren relatief,provenance/netherlands_cars_manifest.json,country_local
netherlands,cars,2023,2023,cbs-gemeentelijke-indeling-2023,municipality,0203,GM0203,Barneveld,457.0,cars-per-1000-residents,CBS StatLine 70072NED Personenauto's particulieren relatief,provenance/netherlands_cars_manifest.json,country_local
netherlands,cars,2023,2023,cbs-gemeentelijke-indeling-2023,municipality,0209,GM0209,Beuningen,518.0,cars-per-1000-residents,CBS StatLine 70072NED Personenauto's particulieren relatief,provenance/netherlands_cars_manifest.json,country_local
netherlands,cars,2023,2023,cbs-gemeentelijke-indeling-2023,municipality,0213,GM0213,Brummen,543.0,cars-per-1000-residents,CBS StatLine 70072NED Personenauto's particulieren relatief,provenance/netherlands_cars_manifest.json,country_local
netherlands,cars,2023,2023,cbs-gemeentelijke-indeling-2023,municipality,0214,GM0214,Buren,566.0,cars-per-1000-residents,CBS StatLine 70072NED Personenauto's particulieren relatief,provenance/netherlands_cars_manifest.json,country_local
netherlands,cars,2023,2023,cbs-gemeentelijke-indeling-2023,municipality,0216,GM0216,Culemborg,444.0,cars-per-1000-residents,CBS StatLine 70072NED Personenauto's particulieren relatief,provenance/netherlands_cars_manifest.json,country_local
netherlands,cars,2023,2023,cbs-gemeentelijke-indeling-2023,municipality,0221,GM0221,Doesburg,529.0,cars-per-1000-residents,CBS StatLine 70072NED Personenauto's particulieren relatief,provenance/netherlands_cars_manifest.json,country_local
netherlands,cars,2023,2023,cbs-gemeentelijke-indeling-2023,municipality,0222,GM0222,Doetinchem,487.0,cars-per-1000-residents,CBS StatLine 70072NED Personenauto's particulieren relatief,provenance/netherlands_cars_manifest.json,country_local
netherlands,cars,2023,2023,cbs-gemeentelijke-indeling-2023,municipality,0225,GM0225,Druten,522.0,cars-per-1000-residents,CBS StatLine 70072NED Personenauto's particulieren relatief,provenance/netherlands_cars_manifest.json,country_local
netherlands,cars,2023,2023,cbs-gemeentelijke-indeling-2023,municipality,0226,GM0226,Duiven,511.0,cars-per-1000-residents,CBS StatLine 70072NED Personenauto's particulieren relatief,provenance/netherlands_cars_manifest.json,country_local
netherlands,cars,2023,2023,cbs-gemeentelijke-indeling-2023,municipality,0228,GM0228,Ede,447.0,cars-per-1000-residents,CBS StatLine 70072NED Personenauto's particulieren relatief,provenance/netherlands_cars_manifest.json,country_local
netherlands,cars,2023,2023,cbs-gemeentelijke-indeling-2023,municipality,0230,GM0230,Elburg,504.0,cars-per-1000-residents,CBS StatLine 70072NED Personenauto's particulieren relatief,provenance/netherlands_cars_manifest.json,country_local
netherlands,cars,2023,2023,cbs-gemeentelijke-indeling-2023,municipality,0232,GM0232,Epe,536.0,cars-per-1000-residents,CBS StatLine 70072NED Personenauto's particulieren relatief,provenance/netherlands_cars_manifest.json,country_local
netherlands,cars,2023,2023,cbs-gemeentelijke-indeling-2023,municipality,0233,GM0233,Ermelo,485.0,cars-per-1000-residents,CBS StatLine 70072NED Personenauto's particulieren relatief,provenance/netherlands_cars_manifest.json,country_local
netherlands,cars,2023,2023,cbs-gemeentelijke-indeling-2023,municipality,0243,GM0243,Harderwijk,447.0,cars-per-1000-residents,CBS StatLine 70072NED Personenauto's particulieren relatief,provenance/netherlands_cars_manifest.json,country_local
netherlands,cars,2023,2023,cbs-gemeentelijke-indeling-2023,municipality,0244,GM0244,Hattem,492.0,cars-per-1000-residents,CBS StatLine 70072NED Personenauto's particulieren relatief,provenance/netherlands_cars_manifest.json,country_local
netherlands,cars,2023,2023,cbs-gemeentelijke-indeling-2023,municipality,0246,GM0246,Heerde,533.0,cars-per-1000-residents,CBS StatLine 70072NED Personenauto's particulieren relatief,provenance/netherlands_cars_manifest.json,country_local
netherlands,cars,2023,2023,cbs-gemeentelijke-indeling-2023,municipality,0252,GM0252,Heumen,509.0,cars-per-1000-residents,CBS StatLine 70072NED Personenauto's particulieren relatief,provenance/netherlands_cars_manifest.json,country_local
netherlands,cars,2023,2023,cbs-gemeentelijke-indeling-2023,municipality,0262,GM0262,Lochem,556.0,cars-per-1000-residents,CBS StatLine 70072NED Personenauto's particulieren relatief,provenance/netherlands_cars_manifest.json,country_local
netherlands,cars,2023,2023,cbs-gemeentelijke-indeling-2023,municipality,0263,GM0263,Maasdriel,517.0,cars-per-1000-residents,CBS StatLine 70072NED Personenauto's particulieren relatief,provenance/netherlands_cars_manifest.json,country_local
netherlands,cars,2023,2023,cbs-gemeentelijke-indeling-2023,municipality,0267,GM0267,Nijkerk,474.0,cars-per-1000-residents,CBS StatLine 70072NED Personenauto's particulieren relatief,provenance/netherlands_cars_manifest.json,country_local
netherlands,cars,2023,2023,cbs-gemeentelijke-indeling-2023,municipality,0268,GM0268,Nijmegen,371.0,cars-per-1000-residents,CBS StatLine 70072NED Personenauto's particulieren relatief,provenance/netherlands_cars_manifest.json,country_local
netherlands,cars,2023,2023,cbs-gemeentelijke-indeling-2023,municipality,0269,GM0269,Oldebroek,484.0,cars-per-1000-residents,CBS StatLine 70072NED Personenauto's particulieren relatief,provenance/netherlands_cars_manifest.json,country_local
netherlands,cars,2023,2023,cbs-gemeentelijke-indeling-2023,municipality,0273,GM0273,Putten,492.0,cars-per-1000-residents,CBS StatLine 70072NED Personenauto's particulieren relatief,provenance/netherlands_cars_manifest.json,country_local
netherlands,cars,2023,2023,cbs-gemeentelijke-indeling-2023,municipality,0274,GM0274,Renkum,513.0,cars-per-1000-residents,CBS StatLine 70072NED Personenauto's particulieren relatief,provenance/netherlands_cars_manifest.json,country_local
netherlands,cars,2023,2023,cbs-gemeentelijke-indeling-2023,municipality,0275,GM0275,Rheden,487.0,cars-per-1000-residents,CBS StatLine 70072NED Personenauto's particulieren relatief,provenance/netherlands_cars_manifest.json,country_local
netherlands,cars,2023,2023,cbs-gemeentelijke-indeling-2023,municipality,0277,GM0277,Rozendaal,549.0,cars-per-1000-residents,CBS StatLine 70072NED Personenauto's particulieren relatief,provenance/netherlands_cars_manifest.json,country_local
netherlands,cars,2023,2023,cbs-gemeentelijke-indeling-2023,municipality,0279,GM0279,Scherpenzeel,485.0,cars-per-1000-residents,CBS StatLine 70072NED Personenauto's particulieren relatief,provenance/netherlands_cars_manifest.json,country_local
netherlands,cars,2023,2023,cbs-gemeentelijke-indeling-2023,municipality,0281,GM0281,Tiel,459.0,cars-per-1000-residents,CBS StatLine 70072NED Personenauto's particulieren relatief,provenance/netherlands_cars_manifest.json,country_local
netherlands,cars,2023,2023,cbs-gemeentelijke-indeling-2023,municipality,0285,GM0285,Voorst,512.0,cars-per-1000-residents,CBS StatLine 70072NED Personenauto's particulieren relatief,provenance/netherlands_cars_manifest.json,country_local
netherlands,cars,2023,2023,cbs-gemeentelijke-indeling-2023,municipality,0289,GM0289,Wageningen,327.0,cars-per-1000-residents,CBS StatLine 70072NED Personenauto's particulieren relatief,provenance/netherlands_cars_manifest.json,country_local
netherlands,cars,2023,2023,cbs-gemeentelijke-indeling-2023,municipality,0293,GM0293,Westervoort,489.0,cars-per-1000-residents,CBS StatLine 70072NED Personenauto's particulieren relatief,provenance/netherlands_cars_manifest.json,country_local
netherlands,cars,2023,2023,cbs-gemeentelijke-indeling-2023,municipality,0294,GM0294,Winterswijk,488.0,cars-per-1000-residents,CBS StatLine 70072NED Personenauto's particulieren relatief,provenance/netherlands_cars_manifest.json,country_local
netherlands,cars,2023,2023,cbs-gemeentelijke-indeling-2023,municipality,0296,GM0296,Wijchen,509.0,cars-per-1000-residents,CBS StatLine 70072NED Personenauto's particulieren relatief,provenance/netherlands_cars_manifest.json,country_local
netherlands,cars,2023,2023,cbs-gemeentelijke-indeling-2023,municipality,0297,GM0297,Zaltbommel,479.0,cars-per-1000-residents,CBS StatLine 70072NED Personenauto's particulieren relatief,provenance/netherlands_cars_manifest.json,country_local
netherlands,cars,2023,2023,cbs-gemeentelijke-indeling-2023,municipality,0299,GM0299,Zevenaar,522.0,cars-per-1000-residents,CBS StatLine 70072NED Personenauto's particulieren relatief,provenance/netherlands_cars_manifest.json,country_local
netherlands,cars,2023,2023,cbs-gemeentelijke-indeling-2023,municipality,0301,GM0301,Zutphen,454.0,cars-per-1000-residents,CBS StatLine 70072NED Personenauto's particulieren relatief,provenance/netherlands_cars_manifest.json,country_local
netherlands,cars,2023,2023,cbs-gemeentelijke-indeling-2023,municipality,0302,GM0302,Nunspeet,474.0,cars-per-1000-residents,CBS StatLine 70072NED Personenauto's particulieren relatief,provenance/netherlands_cars_manifest.json,country_local
netherlands,cars,2023,2023,cbs-gemeentelijke-indeling-2023,municipality,0303,GM0303,Dronten,505.0,cars-per-1000-residents,CBS StatLine 70072NED Personenauto's particulieren relatief,provenance/netherlands_cars_manifest.json,country_local
netherlands,cars,2023,2023,cbs-gemeentelijke-indeling-2023,municipality,0307,GM0307,Amersfoort,403.0,cars-per-1000-residents,CBS StatLine 70072NED Personenauto's particulieren relatief,provenance/netherlands_cars_manifest.json,country_local
netherlands,cars,2023,2023,cbs-gemeentelijke-indeling-2023,municipality,0308,GM0308,Baarn,466.0,cars-per-1000-residents,CBS StatLine 70072NED Personenauto's particulieren relatief,provenance/netherlands_cars_manifest.json,country_local
netherlands,cars,2023,2023,cbs-gemeentelijke-indeling-2023,municipality,0310,GM0310,De Bilt,458.0,cars-per-1000-residents,CBS StatLine 70072NED Personenauto's particulieren relatief,provenance/netherlands_cars_manifest.json,country_local
netherlands,cars,2023,2023,cbs-gemeentelijke-indeling-2023,municipality,0312,GM0312,Bunnik,442.0,cars-per-1000-residents,CBS StatLine 70072NED Personenauto's particulieren relatief,provenance/netherlands_cars_manifest.json,country_local
netherlands,cars,2023,2023,cbs-gemeentelijke-indeling-2023,municipality,0313,GM0313,Bunschoten,411.0,cars-per-1000-residents,CBS StatLine 70072NED Personenauto's particulieren relatief,provenance/netherlands_cars_manifest.json,country_local
netherlands,cars,2023,2023,cbs-gemeentelijke-indeling-2023,municipality,0317,GM0317,Eemnes,529.0,cars-per-1000-residents,CBS StatLine 70072NED Personenauto's particulieren relatief,provenance/netherlands_cars_manifest.json,country_local
netherlands,cars,2023,2023,cbs-gemeentelijke-indeling-2023,municipality,0321,GM0321,Houten,422.0,cars-per-1000-residents,CBS StatLine 70072NED Personenauto's particulieren relatief,provenance/netherlands_cars_manifest.json,country_local
netherlands,cars,2023,2023,cbs-gemeentelijke-indeling-2023,municipality,0327,GM0327,Leusden,484.0,cars-per-1000-residents,CBS StatLine 70072NED Personenauto's particulieren relatief,provenance/netherlands_cars_manifest.json,country_local
netherlands,cars,2023,2023,cbs-gemeentelijke-indeling-2023,municipality,0331,GM0331,Lopik,507.0,cars-per-1000-residents,CBS StatLine 70072NED Personenauto's particulieren relatief,provenance/netherlands_cars_manifest.json,country_local
netherlands,cars,2023,2023,cbs-gemeentelijke-indeling-2023,municipality,0335,GM0335,Montfoort,474.0,cars-per-1000-residents,CBS StatLine 70072NED Personenauto's particulieren relatief,provenance/netherlands_cars_manifest.json,country_local
netherlands,cars,2023,2023,cbs-gemeentelijke-indeling-2023,municipality,0339,GM0339,Renswoude,478.0,cars-per-1000-residents,CBS StatLine 70072NED Personenauto's particulieren relatief,provenance/netherlands_cars_manifest.json,country_local
netherlands,cars,2023,2023,cbs-gemeentelijke-indeling-2023,municipality,0340,GM0340,Rhenen,491.0,cars-per-1000-residents,CBS StatLine 70072NED Personenauto's particulieren relatief,provenance/netherlands_cars_manifest.json,country_local
netherlands,cars,2023,2023,cbs-gemeentelijke-indeling-2023,municipality,0342,GM0342,Soest,496.0,cars-per-1000-residents,CBS StatLine 70072NED Personenauto's particulieren relatief,provenance/netherlands_cars_manifest.json,country_local
netherlands,cars,2023,2023,cbs-gemeentelijke-indeling-2023,municipality,0344,GM0344,Utrecht,295.0,cars-per-1000-residents,CBS StatLine 70072NED Personenauto's particulieren relatief,provenance/netherlands_cars_manifest.json,country_local
netherlands,cars,2023,2023,cbs-gemeentelijke-indeling-2023,municipality,0345,GM0345,Veenendaal,432.0,cars-per-1000-residents,CBS StatLine 70072NED Personenauto's particulieren relatief,provenance/netherlands_cars_manifest.json,country_local
netherlands,cars,2023,2023,cbs-gemeentelijke-indeling-2023,municipality,0351,GM0351,Woudenberg,474.0,cars-per-1000-residents,CBS StatLine 70072NED Personenauto's particulieren relatief,provenance/netherlands_cars_manifest.json,country_local
netherlands,cars,2023,2023,cbs-gemeentelijke-indeling-2023,municipality,0352,GM0352,Wijk bij Duurstede,509.0,cars-per-1000-residents,CBS StatLine 70072NED Personenauto's particulieren relatief,provenance/netherlands_cars_manifest.json,country_local
netherlands,cars,2023,2023,cbs-gemeentelijke-indeling-2023,municipality,0353,GM0353,IJsselstein,435.0,cars-per-1000-residents,CBS StatLine 70072NED Personenauto's particulieren relatief,provenance/netherlands_cars_manifest.json,country_local
netherlands,cars,2023,2023,cbs-gemeentelijke-indeling-2023,municipality,0355,GM0355,Zeist,418.0,cars-per-1000-residents,CBS StatLine 70072NED Personenauto's particulieren relatief,provenance/netherlands_cars_manifest.json,country_local
netherlands,cars,2023,2023,cbs-gemeentelijke-indeling-2023,municipality,0356,GM0356,Nieuwegein,439.0,cars-per-1000-residents,CBS StatLine 70072NED Personenauto's particulieren relatief,provenance/netherlands_cars_manifest.json,country_local
netherlands,cars,2023,2023,cbs-gemeentelijke-indeling-2023,municipality,0358,GM0358,Aalsmeer,473.0,cars-per-1000-residents,CBS StatLine 70072NED Personenauto's particulieren relatief,provenance/netherlands_cars_manifest.json,country_local
netherlands,cars,2023,2023,cbs-gemeentelijke-indeling-2023,municipality,0361,GM0361,Alkmaar,427.0,cars-per-1000-residents,CBS StatLine 70072NED Personenauto's particulieren relatief,provenance/netherlands_cars_manifest.json,country_local
netherlands,cars,2023,2023,cbs-gemeentelijke-indeling-2023,municipality,0362,GM0362,Amstelveen,359.0,cars-per-1000-residents,CBS StatLine 70072NED Personenauto's particulieren relatief,provenance/netherlands_cars_manifest.json,country_local
netherlands,cars,2023,2023,cbs-gemeentelijke-indeling-2023,municipality,0363,GM0363,Amsterdam,239.0,cars-per-1000-residents,CBS StatLine 70072NED Personenauto's particulieren relatief,provenance/netherlands_cars_manifest.json,country_local
netherlands,cars,2023,2023,cbs-gemeentelijke-indeling-2023,municipality,0373,GM0373,Bergen (NH.),519.0,cars-per-1000-residents,CBS StatLine 70072NED Personenauto's particulieren relatief,provenance/netherlands_cars_manifest.json,country_local
netherlands,cars,2023,2023,cbs-gemeentelijke-indeling-2023,municipality,0375,GM0375,Beverwijk,447.0,cars-per-1000-residents,CBS StatLine 70072NED Personenauto's particulieren relatief,provenance/netherlands_cars_manifest.json,country_local
netherlands,cars,2023,2023,cbs-gemeentelijke-indeling-2023,municipality,0376,GM0376,Blaricum,540.0,cars-per-1000-residents,CBS StatLine 70072NED Personenauto's particulieren relatief,provenance/netherlands_cars_manifest.json,country_local
netherlands,cars,2023,2023,cbs-gemeentelijke-indeling-2023,municipality,0377,GM0377,Bloemendaal,492.0,cars-per-1000-residents,CBS StatLine 70072NED Personenauto's particulieren relatief,provenance/netherlands_cars_manifest.json,country_local
netherlands,cars,2023,2023,cbs-gemeentelijke-indeling-2023,municipality,0383,GM0383,Castricum,474.0,cars-per-1000-residents,CBS StatLine 70072NED Personenauto's particulieren relatief,provenance/netherlands_cars_manifest.json,country_local
netherlands,cars,2023,2023,cbs-gemeentelijke-indeling-2023,municipality,0384,GM0384,Diemen,307.0,cars-per-1000-residents,CBS StatLine 70072NED Personenauto's particulieren relatief,provenance/netherlands_cars_manifest.json,country_local
netherlands,cars,2023,2023,cbs-gemeentelijke-indeling-2023,municipality,0385,GM0385,Edam-Volendam,400.0,cars-per-1000-residents,CBS StatLine 70072NED Personenauto's particulieren relatief,provenance/netherlands_cars_manifest.json,country_local
netherlands,cars,2023,2023,cbs-gemeentelijke-indeling-2023,municipality,0388,GM0388,Enkhuizen,430.0,cars-per-1000-residents,CBS StatLine 70072NED Personenauto's particulieren relatief,provenance/netherlands_cars_manifest.json,country_local
netherlands,cars,2023,2023,cbs-gemeentelijke-indeling-2023,municipality,0392,GM0392,Haarlem,355.0,cars-per-1000-residents,CBS StatLine 70072NED Personenauto's particulieren relatief,provenance/netherlands_cars_manifest.json,country_local
netherlands,cars,2023,2023,cbs-gemeentelijke-indeling-2023,municipality,0394,GM0394,Haarlemmermeer,457.0,cars-per-1000-residents,CBS StatLine 70072NED Personenauto's particulieren relatief,provenance/netherlands_cars_manifest.json,country_local
netherlands,cars,2023,2023,cbs-gemeentelijke-indeling-2023,municipality,0396,GM0396,Heemskerk,470.0,cars-per-1000-residents,CBS StatLine 70072NED Personenauto's particulieren relatief,provenance/netherlands_cars_manifest.json,country_local
netherlands,cars,2023,2023,cbs-gemeentelijke-indeling-2023,municipality,0397,GM0397,Heemstede,458.0,cars-per-1000-residents,CBS StatLine 70072NED Personenauto's particulieren relatief,provenance/netherlands_cars_manifest.json,country_local
netherlands,cars,2023,2023,cbs-gemeentelijke-indeling-2023,municipality,0399,GM0399,Heiloo,473.0,cars-per-1000-residents,CBS StatLine 70072NED Personenauto's particulieren relatief,provenance/netherlands_cars_manifest.json,country_local
netherlands,cars,2023,2023,cbs-gemeentelijke-indeling-2023,municipality,0400,GM0400,Den Helder,454.0,cars-per-1000-residents,CBS StatLine 70072NED Personenauto's particulieren relatief,provenance/netherlands_cars_manifest.json,country_local
netherlands,cars,2023,2023,cbs-gemeentelijke-indeling-2023,municipality,0402,GM0402,Hilversum,396.0,cars-per-1000-residents,CBS StatLine 70072NED Personenauto's particulieren relatief,provenance/netherlands_cars_manifest.json,country_local
netherlands,cars,2023,2023,cbs-gemeentelijke-indeling-2023,municipality,0405,GM0405,Hoorn,430.0,cars-per-1000-residents,CBS StatLine 70072NED Personenauto's particulieren relatief,provenance/netherlands_cars_manifest.json,country_local
netherlands,cars,2023,2023,cbs-gemeentelijke-indeling-2023,municipality,0406,GM0406,Huizen,493.0,cars-per-1000-residents,CBS StatLine 70072NED Personenauto's particulieren relatief,provenance/netherlands_cars_manifest.json,country_local
netherlands,cars,2023,2023,cbs-gemeentelijke-indeling-2023,municipality,0415,GM0415,Landsmeer,460.0,cars-per-1000-residents,CBS StatLine 70072NED Personenauto's particulieren relatief,provenance/netherlands_cars_manifest.json,country_local
netherlands,cars,2023,2023,cbs-gemeentelijke-indeling-2023,municipality,0417,GM0417,Laren,543.0,cars-per-1000-residents,CBS StatLine 70072NED Personenauto's particulieren relatief,provenance/netherlands_cars_manifest.json,country_local
netherlands,cars,2023,2023,cbs-gemeentelijke-indeling-2023,municipality,0420,GM0420,Medemblik,508.0,cars-per-1000-residents,CBS StatLine 70072NED Personenauto's particulieren relatief,provenance/netherlands_cars_manifest.json,country_local
netherlands,cars,2023,2023,cbs-gemeentelijke-indeling-2023,municipality,0431,GM0431,Oostzaan,487.0,cars-per-1000-residents,CBS StatLine 70072NED Personenauto's particulieren relatief,provenance/netherlands_cars_manifest.json,country_local
netherlands,cars,2023,2023,cbs-gemeentelijke-indeling-2023,municipality,0432,GM0432,Opmeer,546.0,cars-per-1000-residents,CBS StatLine 70072NED Personenauto's particulieren relatief,provenance/netherlands_cars_manifest.json,country_local
netherlands,cars,2023,2023,cbs-gemeentelijke-indeling-2023,municipality,0437,GM0437,Ouder-Amstel,405.0,cars-per-1000-residents,CBS StatLine 70072NED Personenauto's particulieren relatief,provenance/netherlands_cars_manifest.json,country_local
netherlands,cars,2023,2023,cbs-gemeentelijke-indeling-2023,municipality,0439,GM0439,Purmerend,439.0,cars-per-1000-residents,CBS StatLine 70072NED Personenauto's particulieren relatief,provenance/netherlands_cars_manifest.json,country_local
netherlands,cars,2023,2023,cbs-gemeentelijke-indeling-2023,municipality,0441,GM0441,Schagen,515.0,cars-per-1000-residents,CBS StatLine 70072NED Personenauto's particulieren relatief,provenance/netherlands_cars_manifest.json,country_local
netherlands,cars,2023,2023,cbs-gemeentelijke-indeling-2023,municipality,0448,GM0448,Texel,496.0,cars-per-1000-residents,CBS StatLine 70072NED Personenauto's particulieren relatief,provenance/netherlands_cars_manifest.json,country_local
netherlands,cars,2023,2023,cbs-gemeentelijke-indeling-2023,municipality,0450,GM0450,Uitgeest,473.0,cars-per-1000-residents,CBS StatLine 70072NED Personenauto's particulieren relatief,provenance/netherlands_cars_manifest.json,country_local
netherlands,cars,2023,2023,cbs-gemeentelijke-indeling-2023,municipality,0451,GM0451,Uithoorn,465.0,cars-per-1000-residents,CBS StatLine 70072NED Personenauto's particulieren relatief,provenance/netherlands_cars_manifest.json,country_local
netherlands,cars,2023,2023,cbs-gemeentelijke-indeling-2023,municipality,0453,GM0453,Velsen,464.0,cars-per-1000-residents,CBS StatLine 70072NED Personenauto's particulieren relatief,provenance/netherlands_cars_manifest.json,country_local
netherlands,cars,2023,2023,cbs-gemeentelijke-indeling-2023,municipality,0473,GM0473,Zandvoort,440.0,cars-per-1000-residents,CBS StatLine 70072NED Personenauto's particulieren relatief,provenance/netherlands_cars_manifest.json,country_local
netherlands,cars,2023,2023,cbs-gemeentelijke-indeling-2023,municipality,0479,GM0479,Zaanstad,409.0,cars-per-1000-residents,CBS StatLine 70072NED Personenauto's particulieren relatief,provenance/netherlands_cars_manifest.json,country_local
netherlands,cars,2023,2023,cbs-gemeentelijke-indeling-2023,municipality,0482,GM0482,Alblasserdam,420.0,cars-per-1000-residents,CBS StatLine 70072NED Personenauto's particulieren relatief,provenance/netherlands_cars_manifest.json,country_local
netherlands,cars,2023,2023,cbs-gemeentelijke-indeling-2023,municipality,0484,GM0484,Alphen aan den Rijn,458.0,cars-per-1000-residents,CBS StatLine 70072NED Personenauto's particulieren relatief,provenance/netherlands_cars_manifest.json,country_local
netherlands,cars,2023,2023,cbs-gemeentelijke-indeling-2023,municipality,0489,GM0489,Barendrecht,448.0,cars-per-1000-residents,CBS StatLine 70072NED Personenauto's particulieren relatief,provenance/netherlands_cars_manifest.json,country_local
netherlands,cars,2023,2023,cbs-gemeentelijke-indeling-2023,municipality,0498,GM0498,Drechterland,499.0,cars-per-1000-residents,CBS StatLine 70072NED Personenauto's particulieren relatief,provenance/netherlands_cars_manifest.json,country_local
netherlands,cars,2023,2023,cbs-gemeentelijke-indeling-2023,municipality,0502,GM0502,Capelle aan den IJssel,416.0,cars-per-1000-residents,CBS StatLine 70072NED Personenauto's particulieren relatief,provenance/netherlands_cars_manifest.json,country_local
netherlands,cars,2023,2023,cbs-gemeentelijke-indeling-2023,municipality,0503,GM0503,Delft,299.0,cars-per-1000-residents,CBS StatLine 70072NED Personenauto's particulieren relatief,provenance/netherlands_cars_manifest.json,country_local
netherlands,cars,2023,2023,cbs-gemeentelijke-indeling-2023,municipality,0505,GM0505,Dordrecht,409.0,cars-per-1000-residents,CBS StatLine 70072NED Personenauto's particulieren relatief,provenance/netherlands_cars_manifest.json,country_local
netherlands,cars,2023,2023,cbs-gemeentelijke-indeling-2023,municipality,0512,GM0512,Gorinchem,424.0,cars-per-1000-residents,CBS StatLine 70072NED Personenauto's particulieren relatief,provenance/netherlands_cars_manifest.json,country_local
netherlands,cars,2023,2023,cbs-gemeentelijke-indeling-2023,municipality,0513,GM0513,Gouda,375.0,cars-per-1000-residents,CBS StatLine 70072NED Personenauto's particulieren relatief,provenance/netherlands_cars_manifest.json,country_local
netherlands,cars,2023,2023,cbs-gemeentelijke-indeling-2023,municipality,0518,GM0518,'s-Gravenhage,308.0,cars-per-1000-residents,CBS StatLine 70072NED Personenauto's particulieren relatief,provenance/netherlands_cars_manifest.json,country_local
netherlands,cars,2023,2023,cbs-gemeentelijke-indeling-2023,municipality,0523,GM0523,Hardinxveld-Giessendam,434.0,cars-per-1000-residents,CBS StatLine 70072NED Personenauto's particulieren relatief,provenance/netherlands_cars_manifest.json,country_local
netherlands,cars,2023,2023,cbs-gemeentelijke-indeling-2023,municipality,0531,GM0531,Hendrik-Ido-Ambacht,439.0,cars-per-1000-residents,CBS StatLine 70072NED Personenauto's particulieren relatief,provenance/netherlands_cars_manifest.json,country_local
netherlands,cars,2023,2023,cbs-gemeentelijke-indeling-2023,municipality,0532,GM0532,Stede Broec,447.0,cars-per-1000-residents,CBS StatLine 70072NED Personenauto's particulieren relatief,provenance/netherlands_cars_manifest.json,country_local
netherlands,cars,2023,2023,cbs-gemeentelijke-indeling-2023,municipality,0534,GM0534,Hillegom,492.0,cars-per-1000-residents,CBS StatLine 70072NED Personenauto's particulieren relatief,provenance/netherlands_cars_manifest.json,country_local
netherlands,cars,2023,2023,cbs-gemeentelijke-indeling-2023,municipality,0537,GM0537,Katwijk,386.0,cars-per-1000-residents,CBS StatLine 70072NED Personenauto's particulieren relatief,provenance/netherlands_cars_manifest.json,country_local
netherlands,cars,2023,2023,cbs-gemeentelijke-indeling-2023,municipality,0542,GM0542,Krimpen aan den IJssel,431.0,cars-per-1000-residents,CBS StatLine 70072NED Personenauto's particulieren relatief,provenance/netherlands_cars_manifest.json,country_local
netherlands,cars,2023,2023,cbs-gemeentelijke-indeling-2023,municipality,0546,GM0546,Leiden,303.0,cars-per-1000-residents,CBS StatLine 70072NED Personenauto's particulieren relatief,provenance/netherlands_cars_manifest.json,country_local
netherlands,cars,2023,2023,cbs-gemeentelijke-indeling-2023,municipality,0547,GM0547,Leiderdorp,429.0,cars-per-1000-residents,CBS StatLine 70072NED Personenauto's particulieren relatief,provenance/netherlands_cars_manifest.json,country_local
netherlands,cars,2023,2023,cbs-gemeentelijke-indeling-2023,municipality,0553,GM0553,Lisse,491.0,cars-per-1000-residents,CBS StatLine 70072NED Personenauto's particulieren relatief,provenance/netherlands_cars_manifest.json,country_local
netherlands,cars,2023,2023,cbs-gemeentelijke-indeling-2023,municipality,0556,GM0556,Maassluis,440.0,cars-per-1000-residents,CBS StatLine 70072NED Personenauto's particulieren relatief,provenance/netherlands_cars_manifest.json,country_local
netherlands,cars,2023,2023,cbs-gemeentelijke-indeling-2023,municipality,0569,GM0569,Nieuwkoop,513.0,cars-per-1000-residents,CBS StatLine 70072NED Personenauto's particulieren relatief,provenance/netherlands_cars_manifest.json,country_local
netherlands,cars,2023,2023,cbs-gemeentelijke-indeling-2023,municipality,0575,GM0575,Noordwijk,477.0,cars-per-1000-residents,CBS StatLine 70072NED Personenauto's particulieren relatief,provenance/netherlands_cars_manifest.json,country_local
netherlands,cars,2023,2023,cbs-gemeentelijke-indeling-2023,municipality,0579,GM0579,Oegstgeest,411.0,cars-per-1000-residents,CBS StatLine 70072NED Personenauto's particulieren relatief,provenance/netherlands_cars_manifest.json,country_local
netherlands,cars,2023,2023,cbs-gemeentelijke-indeling-2023,municipality,0589,GM0589,Oudewater,475.0,cars-per-1000-residents,CBS StatLine 70072NED Personenauto's particulieren relatief,provenance/netherlands_cars_manifest.json,country_local
netherlands,cars,2023,2023,cbs-gemeentelijke-indeling-2023,municipality,0590,GM0590,Papendrecht,467.0,cars-per-1000-residents,CBS StatLine 70072NED Personenauto's particulieren relatief,provenance/netherlands_cars_manifest.json,country_local
netherlands,cars,2023,2023,cbs-gemeentelijke-indeling-2023,municipality,0597,GM0597,Ridderkerk,456.0,cars-per-1000-residents,CBS StatLine 70072NED Personenauto's particulieren relatief,provenance/netherlands_cars_manifest.json,country_local
netherlands,cars,2023,2023,cbs-gemeentelijke-indeling-2023,municipality,0599,GM0599,Rotterdam,317.0,cars-per-1000-residents,CBS StatLine 70072NED Personenauto's particulieren relatief,provenance/netherlands_cars_manifest.json,country_local
netherlands,cars,2023,2023,cbs-gemeentelijke-indeling-2023,municipality,0603,GM0603,Rijswijk,390.0,cars-per-1000-residents,CBS StatLine 70072NED Personenauto's particulieren relatief,provenance/netherlands_cars_manifest.json,country_local
netherlands,cars,2023,2023,cbs-gemeentelijke-indeling-2023,municipality,0606,GM0606,Schiedam,371.0,cars-per-1000-residents,CBS StatLine 70072NED Personenauto's particulieren relatief,provenance/netherlands_cars_manifest.json,country_local
netherlands,cars,2023,2023,cbs-gemeentelijke-indeling-2023,municipality,0610,GM0610,Sliedrecht,414.0,cars-per-1000-residents,CBS StatLine 70072NED Personenauto's particulieren relatief,provenance/netherlands_cars_manifest.json,country_local
netherlands,cars,2023,2023,cbs-gemeentelijke-indeling-2023,municipality,0613,GM0613,Albrandswaard,460.0,cars-per-1000-residents,CBS StatLine 70072NED Personenauto's particulieren relatief,provenance/netherlands_cars_manifest.json,country_local
netherlands,cars,2023,2023,cbs-gemeentelijke-indeling-2023,municipality,0622,GM0622,Vlaardingen,410.0,cars-per-1000-residents,CBS StatLine 70072NED Personenauto's particulieren relatief,provenance/netherlands_cars_manifest.json,country_local
netherlands,cars,2023,2023,cbs-gemeentelijke-indeling-2023,municipality,0626,GM0626,Voorschoten,438.0,cars-per-1000-residents,CBS StatLine 70072NED Personenauto's particulieren relatief,provenance/netherlands_cars_manifest.json,country_local
netherlands,cars,2023,2023,cbs-gemeentelijke-indeling-2023,municipality,0627,GM0627,Waddinxveen,452.0,cars-per-1000-residents,CBS StatLine 70072NED Personenauto's particulieren relatief,provenance/netherlands_cars_manifest.json,country_local
netherlands,cars,2023,2023,cbs-gemeentelijke-indeling-2023,municipality,0629,GM0629,Wassenaar,482.0,cars-per-1000-residents,CBS StatLine 70072NED Personenauto's particulieren relatief,provenance/netherlands_cars_manifest.json,country_local
netherlands,cars,2023,2023,cbs-gemeentelijke-indeling-2023,municipality,0632,GM0632,Woerden,429.0,cars-per-1000-residents,CBS StatLine 70072NED Personenauto's particulieren relatief,provenance/netherlands_cars_manifest.json,country_local
netherlands,cars,2023,2023,cbs-gemeentelijke-indeling-2023,municipality,0637,GM0637,Zoetermeer,435.0,cars-per-1000-residents,CBS StatLine 70072NED Personenauto's particulieren relatief,provenance/netherlands_cars_manifest.json,country_local
netherlands,cars,2023,2023,cbs-gemeentelijke-indeling-2023,municipality,0638,GM0638,Zoeterwoude,446.0,cars-per-1000-residents,CBS StatLine 70072NED Personenauto's particulieren relatief,provenance/netherlands_cars_manifest.json,country_local
netherlands,cars,2023,2023,cbs-gemeentelijke-indeling-2023,municipality,0642,GM0642,Zwijndrecht,452.0,cars-per-1000-residents,CBS StatLine 70072NED Personenauto's particulieren relatief,provenance/netherlands_cars_manifest.json,country_local
netherlands,cars,2023,2023,cbs-gemeentelijke-indeling-2023,municipality,0654,GM0654,Borsele,557.0,cars-per-1000-residents,CBS StatLine 70072NED Personenauto's particulieren relatief,provenance/netherlands_cars_manifest.json,country_local
netherlands,cars,2023,2023,cbs-gemeentelijke-indeling-2023,municipality,0664,GM0664,Goes,486.0,cars-per-1000-residents,CBS StatLine 70072NED Personenauto's particulieren relatief,provenance/netherlands_cars_manifest.json,country_local
netherlands,cars,2023,2023,cbs-gemeentelijke-indeling-2023,municipality,0668,GM0668,West Maas en Waal,568.0,cars-per-1000-residents,CBS StatLine 70072NED Personenauto's particulieren relatief,provenance/netherlands_cars_manifest.json,country_local
netherlands,cars,2023,2023,cbs-gemeentelijke-indeling-2023,municipality,0677,GM0677,Hulst,575.0,cars-per-1000-residents,CBS StatLine 70072NED Personenauto's particulieren relatief,provenance/netherlands_cars_manifest.json,country_local
netherlands,cars,2023,2023,cbs-gemeentelijke-indeling-2023,municipality,0678,GM0678,Kapelle,524.0,cars-per-1000-residents,CBS StatLine 70072NED Personenauto's particulieren relatief,provenance/netherlands_cars_manifest.json,country_local
netherlands,cars,2023,2023,cbs-gemeentelijke-indeling-2023,municipality,0687,GM0687,Middelburg,441.0,cars-per-1000-residents,CBS StatLine 70072NED Personenauto's particulieren relatief,provenance/netherlands_cars_manifest.json,country_local
netherlands,cars,2023,2023,cbs-gemeentelijke-indeling-2023,municipality,0703,GM0703,Reimerswaal,476.0,cars-per-1000-residents,CBS StatLine 70072NED Personenauto's particulieren relatief,provenance/netherlands_cars_manifest.json,country_local
netherlands,cars,2023,2023,cbs-gemeentelijke-indeling-2023,municipality,0715,GM0715,Terneuzen,541.0,cars-per-1000-residents,CBS StatLine 70072NED Personenauto's particulieren relatief,provenance/netherlands_cars_manifest.json,country_local
netherlands,cars,2023,2023,cbs-gemeentelijke-indeling-2023,municipality,0716,GM0716,Tholen,505.0,cars-per-1000-residents,CBS StatLine 70072NED Personenauto's particulieren relatief,provenance/netherlands_cars_manifest.json,country_local
netherlands,cars,2023,2023,cbs-gemeentelijke-indeling-2023,municipality,0717,GM0717,Veere,536.0,cars-per-1000-residents,CBS StatLine 70072NED Personenauto's particulieren relatief,provenance/netherlands_cars_manifest.json,country_local
netherlands,cars,2023,2023,cbs-gemeentelijke-indeling-2023,municipality,0718,GM0718,Vlissingen,458.0,cars-per-1000-residents,CBS StatLine 70072NED Personenauto's particulieren relatief,provenance/netherlands_cars_manifest.json,country_local
netherlands,cars,2023,2023,cbs-gemeentelijke-indeling-2023,municipality,0736,GM0736,De Ronde Venen,506.0,cars-per-1000-residents,CBS StatLine 70072NED Personenauto's particulieren relatief,provenance/netherlands_cars_manifest.json,country_local
netherlands,cars,2023,2023,cbs-gemeentelijke-indeling-2023,municipality,0737,GM0737,Tytsjerksteradiel,531.0,cars-per-1000-residents,CBS StatLine 70072NED Personenauto's particulieren relatief,provenance/netherlands_cars_manifest.json,country_local
netherlands,cars,2023,2023,cbs-gemeentelijke-indeling-2023,municipality,0743,GM0743,Asten,529.0,cars-per-1000-residents,CBS StatLine 70072NED Personenauto's particulieren relatief,provenance/netherlands_cars_manifest.json,country_local
netherlands,cars,2023,2023,cbs-gemeentelijke-indeling-2023,municipality,0744,GM0744,Baarle-Nassau,581.0,cars-per-1000-residents,CBS StatLine 70072NED Personenauto's particulieren relatief,provenance/netherlands_cars_manifest.json,country_local
netherlands,cars,2023,2023,cbs-gemeentelijke-indeling-2023,municipality,0748,GM0748,Bergen op Zoom,470.0,cars-per-1000-residents,CBS StatLine 70072NED Personenauto's particulieren relatief,provenance/netherlands_cars_manifest.json,country_local
netherlands,cars,2023,2023,cbs-gemeentelijke-indeling-2023,municipality,0753,GM0753,Best,501.0,cars-per-1000-residents,CBS StatLine 70072NED Personenauto's particulieren relatief,provenance/netherlands_cars_manifest.json,country_local
netherlands,cars,2023,2023,cbs-gemeentelijke-indeling-2023,municipality,0755,GM0755,Boekel,529.0,cars-per-1000-residents,CBS StatLine 70072NED Personenauto's particulieren relatief,provenance/netherlands_cars_manifest.json,country_local
netherlands,cars,2023,2023,cbs-gemeentelijke-indeling-2023,municipality,0757,GM0757,Boxtel,477.0,cars-per-1000-residents,CBS StatLine 70072NED Personenauto's particulieren relatief,provenance/netherlands_cars_manifest.json,country_local
netherlands,cars,2023,2023,cbs-gemeentelijke-indeling-2023,municipality,0758,GM0758,Breda,438.0,cars-per-1000-residents,CBS StatLine 70072NED Personenauto's particulieren relatief,provenance/netherlands_cars_manifest.json,country_local
netherlands,cars,2023,2023,cbs-gemeentelijke-indeling-2023,municipality,0762,GM0762,Deurne,508.0,cars-per-1000-residents,CBS StatLine 70072NED Personenauto's particulieren relatief,provenance/netherlands_cars_manifest.json,country_local
netherlands,cars,2023,2023,cbs-gemeentelijke-indeling-2023,municipality,0765,GM0765,Pekela,559.0,cars-per-1000-residents,CBS StatLine 70072NED Personenauto's particulieren relatief,provenance/netherlands_cars_manifest.json,country_local
netherlands,cars,2023,2023,cbs-gemeentelijke-indeling-2023,municipality,0766,GM0766,Dongen,519.0,cars-per-1000-residents,CBS StatLine 70072NED Personenauto's particulieren relatief,provenance/netherlands_cars_manifest.json,country_local
netherlands,cars,2023,2023,cbs-gemeentelijke-indeling-2023,municipality,0770,GM0770,Eersel,555.0,cars-per-1000-residents,CBS StatLine 70072NED Personenauto's particulieren relatief,provenance/netherlands_cars_manifest.json,country_local
netherlands,cars,2023,2023,cbs-gemeentelijke-indeling-2023,municipality,0772,GM0772,Eindhoven,391.0,cars-per-1000-residents,CBS StatLine 70072NED Personenauto's particulieren relatief,provenance/netherlands_cars_manifest.json,country_local
netherlands,cars,2023,2023,cbs-gemeentelijke-indeling-2023,municipality,0777,GM0777,Etten-Leur,485.0,cars-per-1000-residents,CBS StatLine 70072NED Personenauto's particulieren relatief,provenance/netherlands_cars_manifest.json,country_local
netherlands,cars,2023,2023,cbs-gemeentelijke-indeling-2023,municipality,0779,GM0779,Geertruidenberg,508.0,cars-per-1000-residents,CBS StatLine 70072NED Personenauto's particulieren relatief,provenance/netherlands_cars_manifest.json,country_local
netherlands,cars,2023,2023,cbs-gemeentelijke-indeling-2023,municipality,0784,GM0784,Gilze en Rijen,504.0,cars-per-1000-residents,CBS StatLine 70072NED Personenauto's particulieren relatief,provenance/netherlands_cars_manifest.json,country_local
netherlands,cars,2023,2023,cbs-gemeentelijke-indeling-2023,municipality,0785,GM0785,Goirle,499.0,cars-per-1000-residents,CBS StatLine 70072NED Personenauto's particulieren relatief,provenance/netherlands_cars_manifest.json,country_local
netherlands,cars,2023,2023,cbs-gemeentelijke-indeling-2023,municipality,0794,GM0794,Helmond,462.0,cars-per-1000-residents,CBS StatLine 70072NED Personenauto's particulieren relatief,provenance/netherlands_cars_manifest.json,country_local
netherlands,cars,2023,2023,cbs-gemeentelijke-indeling-2023,municipality,0796,GM0796,'s-Hertogenbosch,444.0,cars-per-1000-residents,CBS StatLine 70072NED Personenauto's particulieren relatief,provenance/netherlands_cars_manifest.json,country_local
netherlands,cars,2023,2023,cbs-gemeentelijke-indeling-2023,municipality,0797,GM0797,Heusden,528.0,cars-per-1000-residents,CBS StatLine 70072NED Personenauto's particulieren relatief,provenance/netherlands_cars_manifest.json,country_local
netherlands,cars,2023,2023,cbs-gemeentelijke-indeling-2023,municipality,0798,GM0798,Hilvarenbeek,557.0,cars-per-1000-residents,CBS StatLine 70072NED Personenauto's particulieren relatief,provenance/netherlands_cars_manifest.json,country_local
netherlands,cars,2023,2023,cbs-gemeentelijke-indeling-2023,municipality,0809,GM0809,Loon op Zand,537.0,cars-per-1000-residents,CBS StatLine 70072NED Personenauto's particulieren relatief,provenance/netherlands_cars_manifest.json,country_local
netherlands,cars,2023,2023,cbs-gemeentelijke-indeling-2023,municipality,0820,GM0820,"Nuenen, Gerwen en Nederwetten",528.0,cars-per-1000-residents,CBS StatLine 70072NED Personenauto's particulieren relatief,provenance/netherlands_cars_manifest.json,country_local
netherlands,cars,2023,2023,cbs-gemeentelijke-indeling-2023,municipality,0823,GM0823,Oirschot,556.0,cars-per-1000-residents,CBS StatLine 70072NED Personenauto's particulieren relatief,provenance/netherlands_cars_manifest.json,country_local
netherlands,cars,2023,2023,cbs-gemeentelijke-indeling-2023,municipality,0824,GM0824,Oisterwijk,512.0,cars-per-1000-residents,CBS StatLine 70072NED Personenauto's particulieren relatief,provenance/netherlands_cars_manifest.json,country_local
netherlands,cars,2023,2023,cbs-gemeentelijke-indeling-2023,municipality,0826,GM0826,Oosterhout,504.0,cars-per-1000-residents,CBS StatLine 70072NED Personenauto's particulieren relatief,provenance/netherlands_cars_manifest.json,country_local
netherlands,cars,2023,2023,cbs-gemeentelijke-indeling-2023,municipality,0828,GM0828,Oss,492.0,cars-per-1000-residents,CBS StatLine 70072NED Personenauto's particulieren relatief,provenance/netherlands_cars_manifest.json,country_local
netherlands,cars,2023,2023,cbs-gemeentelijke-indeling-2023,municipality,0840,GM0840,Rucphen,561.0,cars-per-1000-residents,CBS StatLine 70072NED Personenauto's particulieren relatief,provenance/netherlands_cars_manifest.json,country_local
netherlands,cars,2023,2023,cbs-gemeentelijke-indeling-2023,municipality,0845,GM0845,Sint-Michielsgestel,518.0,cars-per-1000-residents,CBS StatLine 70072NED Personenauto's particulieren relatief,provenance/netherlands_cars_manifest.json,country_local
netherlands,cars,2023,2023,cbs-gemeentelijke-indeling-2023,municipality,0847,GM0847,Someren,531.0,cars-per-1000-residents,CBS StatLine 70072NED Personenauto's particulieren relatief,provenance/netherlands_cars_manifest.json,country_local
netherlands,cars,2023,2023,cbs-gemeentelijke-indeling-2023,municipality,0848,GM0848,Son en Breugel,531.0,cars-per-1000-residents,CBS StatLine 70072NED Personenauto's particulieren relatief,provenance/netherlands_cars_manifest.json,country_local
netherlands,cars,2023,2023,cbs-gemeentelijke-indeling-2023,municipality,0851,GM0851,Steenbergen,533.0,cars-per-1000-residents,CBS StatLine 70072NED Personenauto's particulieren relatief,provenance/netherlands_cars_manifest.json,country_local
netherlands,cars,2023,2023,cbs-gemeentelijke-indeling-2023,municipality,0852,GM0852,Waterland,450.0,cars-per-1000-residents,CBS StatLine 70072NED Personenauto's particulieren relatief,provenance/netherlands_cars_manifest.json,country_local
netherlands,cars,2023,2023,cbs-gemeentelijke-indeling-2023,municipality,0855,GM0855,Tilburg,419.0,cars-per-1000-residents,CBS StatLine 70072NED Personenauto's particulieren relatief,provenance/netherlands_cars_manifest.json,country_local
netherlands,cars,2023,2023,cbs-gemeentelijke-indeling-2023,municipality,0858,GM0858,Valkenswaard,524.0,cars-per-1000-residents,CBS StatLine 70072NED Personenauto's particulieren relatief,provenance/netherlands_cars_manifest.json,country_local
netherlands,cars,2023,2023,cbs-gemeentelijke-indeling-2023,municipality,0861,GM0861,Veldhoven,491.0,cars-per-1000-residents,CBS StatLine 70072NED Personenauto's particulieren relatief,provenance/netherlands_cars_manifest.json,country_local
netherlands,cars,2023,2023,cbs-gemeentelijke-indeling-2023,municipality,0865,GM0865,Vught,475.0,cars-per-1000-residents,CBS StatLine 70072NED Personenauto's particulieren relatief,provenance/netherlands_cars_manifest.json,country_local
netherlands,cars,2023,2023,cbs-gemeentelijke-indeling-2023,municipality,0866,GM0866,Waalre,518.0,cars-per-1000-residents,CBS StatLine 70072NED Personenauto's particulieren relatief,provenance/netherlands_cars_manifest.json,country_local
netherlands,cars,2023,2023,cbs-gemeentelijke-indeling-2023,municipality,0867,GM0867,Waalwijk,511.0,cars-per-1000-residents,CBS StatLine 70072NED Personenauto's particulieren relatief,provenance/netherlands_cars_manifest.json,country_local
netherlands,cars,2023,2023,cbs-gemeentelijke-indeling-2023,municipality,0873,GM0873,Woensdrecht,547.0,cars-per-1000-residents,CBS StatLine 70072NED Personenauto's particulieren relatief,provenance/netherlands_cars_manifest.json,country_local
netherlands,cars,2023,2023,cbs-gemeentelijke-indeling-2023,municipality,0879,GM0879,Zundert,556.0,cars-per-1000-residents,CBS StatLine 70072NED Personenauto's particulieren relatief,provenance/netherlands_cars_manifest.json,country_local
netherlands,cars,2023,2023,cbs-gemeentelijke-indeling-2023,municipality,0880,GM0880,Wormerland,477.0,cars-per-1000-residents,CBS StatLine 70072NED Personenauto's particulieren relatief,provenance/netherlands_cars_manifest.json,country_local
netherlands,cars,2023,2023,cbs-gemeentelijke-indeling-2023,municipality,0882,GM0882,Landgraaf,551.0,cars-per-1000-residents,CBS StatLine 70072NED Personenauto's particulieren relatief,provenance/netherlands_cars_manifest.json,country_local
netherlands,cars,2023,2023,cbs-gemeentelijke-indeling-2023,municipality,0888,GM0888,Beek,569.0,cars-per-1000-residents,CBS StatLine 70072NED Personenauto's particulieren relatief,provenance/netherlands_cars_manifest.json,country_local
netherlands,cars,2023,2023,cbs-gemeentelijke-indeling-2023,municipality,0889,GM0889,Beesel,528.0,cars-per-1000-residents,CBS StatLine 70072NED Personenauto's particulieren relatief,provenance/netherlands_cars_manifest.json,country_local
netherlands,cars,2023,2023,cbs-gemeentelijke-indeling-2023,municipality,0893,GM0893,Bergen (L.),593.0,cars-per-1000-residents,CBS StatLine 70072NED Personenauto's particulieren relatief,provenance/netherlands_cars_manifest.json,country_local
netherlands,cars,2023,2023,cbs-gemeentelijke-indeling-2023,municipality,0899,GM0899,Brunssum,553.0,cars-per-1000-residents,CBS StatLine 70072NED Personenauto's particulieren relatief,provenance/netherlands_cars_manifest.json,country_local
netherlands,cars,2023,2023,cbs-gemeentelijke-indeling-2023,municipality,0907,GM0907,Gennep,524.0,cars-per-1000-residents,CBS StatLine 70072NED Personenauto's particulieren relatief,provenance/netherlands_cars_manifest.json,country_local
netherlands,cars,2023,2023,cbs-gemeentelijke-indeling-2023,municipality,0917,GM0917,Heerlen,492.0,cars-per-1000-residents,CBS StatLine 70072NED Personenauto's particulieren relatief,provenance/netherlands_cars_manifest.json,country_local
netherlands,cars,2023,2023,cbs-gemeentelijke-indeling-2023,municipality,0928,GM0928,Kerkrade,517.0,cars-per-1000-residents,CBS StatLine 70072NED Personenauto's particulieren relatief,provenance/netherlands_cars_manifest.json,country_local
netherlands,cars,2023,2023,cbs-gemeentelijke-indeling-2023,municipality,0935,GM0935,Maastricht,360.0,cars-per-1000-residents,CBS StatLine 70072NED Personenauto's particulieren relatief,provenance/netherlands_cars_manifest.json,country_local
netherlands,cars,2023,2023,cbs-gemeentelijke-indeling-2023,municipality,0938,GM0938,Meerssen,550.0,cars-per-1000-residents,CBS StatLine 70072NED Personenauto's particulieren relatief,provenance/netherlands_cars_manifest.json,country_local
netherlands,cars,2023,2023,cbs-gemeentelijke-indeling-2023,municipality,0944,GM0944,Mook en Middelaar,569.0,cars-per-1000-residents,CBS StatLine 70072NED Personenauto's particulieren relatief,provenance/netherlands_cars_manifest.json,country_local
netherlands,cars,2023,2023,cbs-gemeentelijke-indeling-2023,municipality,0946,GM0946,Nederweert,569.0,cars-per-1000-residents,CBS StatLine 70072NED Personenauto's particulieren relatief,provenance/netherlands_cars_manifest.json,country_local
netherlands,cars,2023,2023,cbs-gemeentelijke-indeling-2023,municipality,0957,GM0957,Roermond,474.0,cars-per-1000-residents,CBS StatLine 70072NED Personenauto's particulieren relatief,provenance/netherlands_cars_manifest.json,country_local
netherlands,cars,2023,2023,cbs-gemeentelijke-indeling-2023,municipality,0965,GM0965,Simpelveld,580.0,cars-per-1000-residents,CBS StatLine 70072NED Personenauto's particulieren relatief,provenance/netherlands_cars_manifest.json,country_local
netherlands,cars,2023,2023,cbs-gemeentelijke-indeling-2023,municipality,0971,GM0971,Stein,585.0,cars-per-1000-residents,CBS StatLine 70072NED Personenauto's particulieren relatief,provenance/netherlands_cars_manifest.json,country_local
netherlands,cars,2023,2023,cbs-gemeentelijke-indeling-2023,municipality,0981,GM0981,Vaals,463.0,cars-per-1000-residents,CBS StatLine 70072NED Personenauto's particulieren relatief,provenance/netherlands_cars_manifest.json,country_local
netherlands,cars,2023,2023,cbs-gemeentelijke-indeling-2023,municipality,0983,GM0983,Venlo,467.0,cars-per-1000-residents,CBS StatLine 70072NED Personenauto's particulieren relatief,provenance/netherlands_cars_manifest.json,country_local
netherlands,cars,2023,2023,cbs-gemeentelijke-indeling-2023,municipality,0984,GM0984,Venray,507.0,cars-per-1000-residents,CBS StatLine 70072NED Personenauto's particulieren relatief,provenance/netherlands_cars_manifest.json,country_local
netherlands,cars,2023,2023,cbs-gemeentelijke-indeling-2023,municipality,0986,GM0986,Voerendaal,575.0,cars-per-1000-residents,CBS StatLine 70072NED Personenauto's particulieren relatief,provenance/netherlands_cars_manifest.json,country_local
netherlands,cars,2023,2023,cbs-gemeentelijke-indeling-2023,municipality,0988,GM0988,Weert,489.0,cars-per-1000-residents,CBS StatLine 70072NED Personenauto's particulieren relatief,provenance/netherlands_cars_manifest.json,country_local
netherlands,cars,2023,2023,cbs-gemeentelijke-indeling-2023,municipality,0994,GM0994,Valkenburg aan de Geul,539.0,cars-per-1000-residents,CBS StatLine 70072NED Personenauto's particulieren relatief,provenance/netherlands_cars_manifest.json,country_local
netherlands,cars,2023,2023,cbs-gemeentelijke-indeling-2023,municipality,0995,GM0995,Lelystad,430.0,cars-per-1000-residents,CBS StatLine 70072NED Personenauto's particulieren relatief,provenance/netherlands_cars_manifest.json,country_local
netherlands,cars,2023,2023,cbs-gemeentelijke-indeling-2023,municipality,1507,GM1507,Horst aan de Maas,539.0,cars-per-1000-residents,CBS StatLine 70072NED Personenauto's particulieren relatief,provenance/netherlands_cars_manifest.json,country_local
netherlands,cars,2023,2023,cbs-gemeentelijke-indeling-2023,municipality,1509,GM1509,Oude IJsselstreek,537.0,cars-per-1000-residents,CBS StatLine 70072NED Personenauto's particulieren relatief,provenance/netherlands_cars_manifest.json,country_local
netherlands,cars,2023,2023,cbs-gemeentelijke-indeling-2023,municipality,1525,GM1525,Teylingen,463.0,cars-per-1000-residents,CBS StatLine 70072NED Personenauto's particulieren relatief,provenance/netherlands_cars_manifest.json,country_local
netherlands,cars,2023,2023,cbs-gemeentelijke-indeling-2023,municipality,1581,GM1581,Utrechtse Heuvelrug,488.0,cars-per-1000-residents,CBS StatLine 70072NED Personenauto's particulieren relatief,provenance/netherlands_cars_manifest.json,country_local
netherlands,cars,2023,2023,cbs-gemeentelijke-indeling-2023,municipality,1586,GM1586,Oost Gelre,527.0,cars-per-1000-residents,CBS StatLine 70072NED Personenauto's particulieren relatief,provenance/netherlands_cars_manifest.json,country_local
netherlands,cars,2023,2023,cbs-gemeentelijke-indeling-2023,municipality,1598,GM1598,Koggenland,517.0,cars-per-1000-residents,CBS StatLine 70072NED Personenauto's particulieren relatief,provenance/netherlands_cars_manifest.json,country_local
netherlands,cars,2023,2023,cbs-gemeentelijke-indeling-2023,municipality,1621,GM1621,Lansingerland,459.0,cars-per-1000-residents,CBS StatLine 70072NED Personenauto's particulieren relatief,provenance/netherlands_cars_manifest.json,country_local
netherlands,cars,2023,2023,cbs-gemeentelijke-indeling-2023,municipality,1640,GM1640,Leudal,580.0,cars-per-1000-residents,CBS StatLine 70072NED Personenauto's particulieren relatief,provenance/netherlands_cars_manifest.json,country_local
netherlands,cars,2023,2023,cbs-gemeentelijke-indeling-2023,municipality,1641,GM1641,Maasgouw,577.0,cars-per-1000-residents,CBS StatLine 70072NED Personenauto's particulieren relatief,provenance/netherlands_cars_manifest.json,country_local
netherlands,cars,2023,2023,cbs-gemeentelijke-indeling-2023,municipality,1652,GM1652,Gemert-Bakel,525.0,cars-per-1000-residents,CBS StatLine 70072NED Personenauto's particulieren relatief,provenance/netherlands_cars_manifest.json,country_local
netherlands,cars,2023,2023,cbs-gemeentelijke-indeling-2023,municipality,1655,GM1655,Halderberge,533.0,cars-per-1000-residents,CBS StatLine 70072NED Personenauto's particulieren relatief,provenance/netherlands_cars_manifest.json,country_local
netherlands,cars,2023,2023,cbs-gemeentelijke-indeling-2023,municipality,1658,GM1658,Heeze-Leende,556.0,cars-per-1000-residents,CBS StatLine 70072NED Personenauto's particulieren relatief,provenance/netherlands_cars_manifest.json,country_local
netherlands,cars,2023,2023,cbs-gemeentelijke-indeling-2023,municipality,1659,GM1659,Laarbeek,534.0,cars-per-1000-residents,CBS StatLine 70072NED Personenauto's particulieren relatief,provenance/netherlands_cars_manifest.json,country_local
netherlands,cars,2023,2023,cbs-gemeentelijke-indeling-2023,municipality,1667,GM1667,Reusel-De Mierden,551.0,cars-per-1000-residents,CBS StatLine 70072NED Personenauto's particulieren relatief,provenance/netherlands_cars_manifest.json,country_local
netherlands,cars,2023,2023,cbs-gemeentelijke-indeling-2023,municipality,1669,GM1669,Roerdalen,589.0,cars-per-1000-residents,CBS StatLine 70072NED Personenauto's particulieren relatief,provenance/netherlands_cars_manifest.json,country_local
netherlands,cars,2023,2023,cbs-gemeentelijke-indeling-2023,municipality,1674,GM1674,Roosendaal,482.0,cars-per-1000-residents,CBS StatLine 70072NED Personenauto's particulieren relatief,provenance/netherlands_cars_manifest.json,country_local
netherlands,cars,2023,2023,cbs-gemeentelijke-indeling-2023,municipality,1676,GM1676,Schouwen-Duiveland,536.0,cars-per-1000-residents,CBS StatLine 70072NED Personenauto's particulieren relatief,provenance/netherlands_cars_manifest.json,country_local
netherlands,cars,2023,2023,cbs-gemeentelijke-indeling-2023,municipality,1680,GM1680,Aa en Hunze,576.0,cars-per-1000-residents,CBS StatLine 70072NED Personenauto's particulieren relatief,provenance/netherlands_cars_manifest.json,country_local
netherlands,cars,2023,2023,cbs-gemeentelijke-indeling-2023,municipality,1681,GM1681,Borger-Odoorn,585.0,cars-per-1000-residents,CBS StatLine 70072NED Personenauto's particulieren relatief,provenance/netherlands_cars_manifest.json,country_local
netherlands,cars,2023,2023,cbs-gemeentelijke-indeling-2023,municipality,1690,GM1690,De Wolden,581.0,cars-per-1000-residents,CBS StatLine 70072NED Personenauto's particulieren relatief,provenance/netherlands_cars_manifest.json,country_local
netherlands,cars,2023,2023,cbs-gemeentelijke-indeling-2023,municipality,1695,GM1695,Noord-Beveland,593.0,cars-per-1000-residents,CBS StatLine 70072NED Personenauto's particulieren relatief,provenance/netherlands_cars_manifest.json,country_local
netherlands,cars,2023,2023,cbs-gemeentelijke-indeling-2023,municipality,1696,GM1696,Wijdemeren,547.0,cars-per-1000-residents,CBS StatLine 70072NED Personenauto's particulieren relatief,provenance/netherlands_cars_manifest.json,country_local
netherlands,cars,2023,2023,cbs-gemeentelijke-indeling-2023,municipality,1699,GM1699,Noordenveld,547.0,cars-per-1000-residents,CBS StatLine 70072NED Personenauto's particulieren relatief,provenance/netherlands_cars_manifest.json,country_local
netherlands,cars,2023,2023,cbs-gemeentelijke-indeling-2023,municipality,1700,GM1700,Twenterand,527.0,cars-per-1000-residents,CBS StatLine 70072NED Personenauto's particulieren relatief,provenance/netherlands_cars_manifest.json,country_local
netherlands,cars,2023,2023,cbs-gemeentelijke-indeling-2023,municipality,1701,GM1701,Westerveld,584.0,cars-per-1000-residents,CBS StatLine 70072NED Personenauto's particulieren relatief,provenance/netherlands_cars_manifest.json,country_local
netherlands,cars,2023,2023,cbs-gemeentelijke-indeling-2023,municipality,1705,GM1705,Lingewaard,505.0,cars-per-1000-residents,CBS StatLine 70072NED Personenauto's particulieren relatief,provenance/netherlands_cars_manifest.json,country_local
netherlands,cars,2023,2023,cbs-gemeentelijke-indeling-2023,municipality,1706,GM1706,Cranendonck,564.0,cars-per-1000-residents,CBS StatLine 70072NED Personenauto's particulieren relatief,provenance/netherlands_cars_manifest.json,country_local
netherlands,cars,2023,2023,cbs-gemeentelijke-indeling-2023,municipality,1708,GM1708,Steenwijkerland,521.0,cars-per-1000-residents,CBS StatLine 70072NED Personenauto's particulieren relatief,provenance/netherlands_cars_manifest.json,country_local
netherlands,cars,2023,2023,cbs-gemeentelijke-indeling-2023,municipality,1709,GM1709,Moerdijk,536.0,cars-per-1000-residents,CBS StatLine 70072NED Personenauto's particulieren relatief,provenance/netherlands_cars_manifest.json,country_local
netherlands,cars,2023,2023,cbs-gemeentelijke-indeling-2023,municipality,1711,GM1711,Echt-Susteren,579.0,cars-per-1000-residents,CBS StatLine 70072NED Personenauto's particulieren relatief,provenance/netherlands_cars_manifest.json,country_local
netherlands,cars,2023,2023,cbs-gemeentelijke-indeling-2023,municipality,1714,GM1714,Sluis,561.0,cars-per-1000-residents,CBS StatLine 70072NED Personenauto's particulieren relatief,provenance/netherlands_cars_manifest.json,country_local
netherlands,cars,2023,2023,cbs-gemeentelijke-indeling-2023,municipality,1719,GM1719,Drimmelen,526.0,cars-per-1000-residents,CBS StatLine 70072NED Personenauto's particulieren relatief,provenance/netherlands_cars_manifest.json,country_local
netherlands,cars,2023,2023,cbs-gemeentelijke-indeling-2023,municipality,1721,GM1721,Bernheze,525.0,cars-per-1000-residents,CBS StatLine 70072NED Personenauto's particulieren relatief,provenance/netherlands_cars_manifest.json,country_local
netherlands,cars,2023,2023,cbs-gemeentelijke-indeling-2023,municipality,1723,GM1723,Alphen-Chaam,590.0,cars-per-1000-residents,CBS StatLine 70072NED Personenauto's particulieren relatief,provenance/netherlands_cars_manifest.json,country_local
netherlands,cars,2023,2023,cbs-gemeentelijke-indeling-2023,municipality,1724,GM1724,Bergeijk,560.0,cars-per-1000-residents,CBS StatLine 70072NED Personenauto's particulieren relatief,provenance/netherlands_cars_manifest.json,country_local
netherlands,cars,2023,2023,cbs-gemeentelijke-indeling-2023,municipality,1728,GM1728,Bladel,543.0,cars-per-1000-residents,CBS StatLine 70072NED Personenauto's particulieren relatief,provenance/netherlands_cars_manifest.json,country_local
netherlands,cars,2023,2023,cbs-gemeentelijke-indeling-2023,municipality,1729,GM1729,Gulpen-Wittem,574.0,cars-per-1000-residents,CBS StatLine 70072NED Personenauto's particulieren relatief,provenance/netherlands_cars_manifest.json,country_local
netherlands,cars,2023,2023,cbs-gemeentelijke-indeling-2023,municipality,1730,GM1730,Tynaarlo,528.0,cars-per-1000-residents,CBS StatLine 70072NED Personenauto's particulieren relatief,provenance/netherlands_cars_manifest.json,country_local
netherlands,cars,2023,2023,cbs-gemeentelijke-indeling-2023,municipality,1731,GM1731,Midden-Drenthe,553.0,cars-per-1000-residents,CBS StatLine 70072NED Personenauto's particulieren relatief,provenance/netherlands_cars_manifest.json,country_local
netherlands,cars,2023,2023,cbs-gemeentelijke-indeling-2023,municipality,1734,GM1734,Overbetuwe,507.0,cars-per-1000-residents,CBS StatLine 70072NED Personenauto's particulieren relatief,provenance/netherlands_cars_manifest.json,country_local
netherlands,cars,2023,2023,cbs-gemeentelijke-indeling-2023,municipality,1735,GM1735,Hof van Twente,547.0,cars-per-1000-residents,CBS StatLine 70072NED Personenauto's particulieren relatief,provenance/netherlands_cars_manifest.json,country_local
netherlands,cars,2023,2023,cbs-gemeentelijke-indeling-2023,municipality,1740,GM1740,Neder-Betuwe,464.0,cars-per-1000-residents,CBS StatLine 70072NED Personenauto's particulieren relatief,provenance/netherlands_cars_manifest.json,country_local
netherlands,cars,2023,2023,cbs-gemeentelijke-indeling-2023,municipality,1742,GM1742,Rijssen-Holten,468.0,cars-per-1000-residents,CBS StatLine 70072NED Personenauto's particulieren relatief,provenance/netherlands_cars_manifest.json,country_local
netherlands,cars,2023,2023,cbs-gemeentelijke-indeling-2023,municipality,1771,GM1771,Geldrop-Mierlo,496.0,cars-per-1000-residents,CBS StatLine 70072NED Personenauto's particulieren relatief,provenance/netherlands_cars_manifest.json,country_local
netherlands,cars,2023,2023,cbs-gemeentelijke-indeling-2023,municipality,1773,GM1773,Olst-Wijhe,527.0,cars-per-1000-residents,CBS StatLine 70072NED Personenauto's particulieren relatief,provenance/netherlands_cars_manifest.json,country_local
netherlands,cars,2023,2023,cbs-gemeentelijke-indeling-2023,municipality,1774,GM1774,Dinkelland,532.0,cars-per-1000-residents,CBS StatLine 70072NED Personenauto's particulieren relatief,provenance/netherlands_cars_manifest.json,country_local
netherlands,cars,2023,2023,cbs-gemeentelijke-indeling-2023,municipality,1783,GM1783,Westland,451.0,cars-per-1000-residents,CBS StatLine 70072NED Personenauto's particulieren relatief,provenance/netherlands_cars_manifest.json,country_local
netherlands,cars,2023,2023,cbs-gemeentelijke-indeling-2023,municipality,1842,GM1842,Midden-Delfland,450.0,cars-per-1000-residents,CBS StatLine 70072NED Personenauto's particulieren relatief,provenance/netherlands_cars_manifest.json,country_local
netherlands,cars,2023,2023,cbs-gemeentelijke-indeling-2023,municipality,1859,GM1859,Berkelland,557.0,cars-per-1000-residents,CBS StatLine 70072NED Personenauto's particulieren relatief,provenance/netherlands_cars_manifest.json,country_local
netherlands,cars,2023,2023,cbs-gemeentelijke-indeling-2023,municipality,1876,GM1876,Bronckhorst,581.0,cars-per-1000-residents,CBS StatLine 70072NED Personenauto's particulieren relatief,provenance/netherlands_cars_manifest.json,country_local
netherlands,cars,2023,2023,cbs-gemeentelijke-indeling-2023,municipality,1883,GM1883,Sittard-Geleen,520.0,cars-per-1000-residents,CBS StatLine 70072NED Personenauto's particulieren relatief,provenance/netherlands_cars_manifest.json,country_local
netherlands,cars,2023,2023,cbs-gemeentelijke-indeling-2023,municipality,1884,GM1884,Kaag en Braassem,500.0,cars-per-1000-residents,CBS StatLine 70072NED Personenauto's particulieren relatief,provenance/netherlands_cars_manifest.json,country_local
netherlands,cars,2023,2023,cbs-gemeentelijke-indeling-2023,municipality,1891,GM1891,Dantumadiel,519.0,cars-per-1000-residents,CBS StatLine 70072NED Personenauto's particulieren relatief,provenance/netherlands_cars_manifest.json,country_local
netherlands,cars,2023,2023,cbs-gemeentelijke-indeling-2023,municipality,1892,GM1892,Zuidplas,469.0,cars-per-1000-residents,CBS StatLine 70072NED Personenauto's particulieren relatief,provenance/netherlands_cars_manifest.json,country_local
netherlands,cars,2023,2023,cbs-gemeentelijke-indeling-2023,municipality,1894,GM1894,Peel en Maas,536.0,cars-per-1000-residents,CBS StatLine 70072NED Personenauto's particulieren relatief,provenance/netherlands_cars_manifest.json,country_local
netherlands,cars,2023,2023,cbs-gemeentelijke-indeling-2023,municipality,1895,GM1895,Oldambt,537.0,cars-per-1000-residents,CBS StatLine 70072NED Personenauto's particulieren relatief,provenance/netherlands_cars_manifest.json,country_local
netherlands,cars,2023,2023,cbs-gemeentelijke-indeling-2023,municipality,1896,GM1896,Zwartewaterland,452.0,cars-per-1000-residents,CBS StatLine 70072NED Personenauto's particulieren relatief,provenance/netherlands_cars_manifest.json,country_local
netherlands,cars,2023,2023,cbs-gemeentelijke-indeling-2023,municipality,1900,GM1900,Súdwest-Fryslân,487.0,cars-per-1000-residents,CBS StatLine 70072NED Personenauto's particulieren relatief,provenance/netherlands_cars_manifest.json,country_local
netherlands,cars,2023,2023,cbs-gemeentelijke-indeling-2023,municipality,1901,GM1901,Bodegraven-Reeuwijk,459.0,cars-per-1000-residents,CBS StatLine 70072NED Personenauto's particulieren relatief,provenance/netherlands_cars_manifest.json,country_local
netherlands,cars,2023,2023,cbs-gemeentelijke-indeling-2023,municipality,1903,GM1903,Eijsden-Margraten,551.0,cars-per-1000-residents,CBS StatLine 70072NED Personenauto's particulieren relatief,provenance/netherlands_cars_manifest.json,country_local
netherlands,cars,2023,2023,cbs-gemeentelijke-indeling-2023,municipality,1904,GM1904,Stichtse Vecht,477.0,cars-per-1000-residents,CBS StatLine 70072NED Personenauto's particulieren relatief,provenance/netherlands_cars_manifest.json,country_local
netherlands,cars,2023,2023,cbs-gemeentelijke-indeling-2023,municipality,1911,GM1911,Hollands Kroon,539.0,cars-per-1000-residents,CBS StatLine 70072NED Personenauto's particulieren relatief,provenance/netherlands_cars_manifest.json,country_local
netherlands,cars,2023,2023,cbs-gemeentelijke-indeling-2023,municipality,1916,GM1916,Leidschendam-Voorburg,408.0,cars-per-1000-residents,CBS StatLine 70072NED Personenauto's particulieren relatief,provenance/netherlands_cars_manifest.json,country_local
netherlands,cars,2023,2023,cbs-gemeentelijke-indeling-2023,municipality,1924,GM1924,Goeree-Overflakkee,514.0,cars-per-1000-residents,CBS StatLine 70072NED Personenauto's particulieren relatief,provenance/netherlands_cars_manifest.json,country_local
netherlands,cars,2023,2023,cbs-gemeentelijke-indeling-2023,municipality,1926,GM1926,Pijnacker-Nootdorp,427.0,cars-per-1000-residents,CBS StatLine 70072NED Personenauto's particulieren relatief,provenance/netherlands_cars_manifest.json,country_local
netherlands,cars,2023,2023,cbs-gemeentelijke-indeling-2023,municipality,1930,GM1930,Nissewaard,459.0,cars-per-1000-residents,CBS StatLine 70072NED Personenauto's particulieren relatief,provenance/netherlands_cars_manifest.json,country_local
netherlands,cars,2023,2023,cbs-gemeentelijke-indeling-2023,municipality,1931,GM1931,Krimpenerwaard,469.0,cars-per-1000-residents,CBS StatLine 70072NED Personenauto's particulieren relatief,provenance/netherlands_cars_manifest.json,country_local
netherlands,cars,2023,2023,cbs-gemeentelijke-indeling-2023,municipality,1940,GM1940,De Fryske Marren,525.0,cars-per-1000-residents,CBS StatLine 70072NED Personenauto's particulieren relatief,provenance/netherlands_cars_manifest.json,country_local
netherlands,cars,2023,2023,cbs-gemeentelijke-indeling-2023,municipality,1942,GM1942,Gooise Meren,453.0,cars-per-1000-residents,CBS StatLine 70072NED Personenauto's particulieren relatief,provenance/netherlands_cars_manifest.json,country_local
netherlands,cars,2023,2023,cbs-gemeentelijke-indeling-2023,municipality,1945,GM1945,Berg en Dal,516.0,cars-per-1000-residents,CBS StatLine 70072NED Personenauto's particulieren relatief,provenance/netherlands_cars_manifest.json,country_local
netherlands,cars,2023,2023,cbs-gemeentelijke-indeling-2023,municipality,1948,GM1948,Meierijstad,520.0,cars-per-1000-residents,CBS StatLine 70072NED Personenauto's particulieren relatief,provenance/netherlands_cars_manifest.json,country_local
netherlands,cars,2023,2023,cbs-gemeentelijke-indeling-2023,municipality,1949,GM1949,Waadhoeke,520.0,cars-per-1000-residents,CBS StatLine 70072NED Personenauto's particulieren relatief,provenance/netherlands_cars_manifest.json,country_local
netherlands,cars,2023,2023,cbs-gemeentelijke-indeling-2023,municipality,1950,GM1950,Westerwolde,555.0,cars-per-1000-residents,CBS StatLine 70072NED Personenauto's particulieren relatief,provenance/netherlands_cars_manifest.json,country_local
netherlands,cars,2023,2023,cbs-gemeentelijke-indeling-2023,municipality,1952,GM1952,Midden-Groningen,532.0,cars-per-1000-residents,CBS StatLine 70072NED Personenauto's particulieren relatief,provenance/netherlands_cars_manifest.json,country_local
netherlands,cars,2023,2023,cbs-gemeentelijke-indeling-2023,municipality,1954,GM1954,Beekdaelen,599.0,cars-per-1000-residents,CBS StatLine 70072NED Personenauto's particulieren relatief,provenance/netherlands_cars_manifest.json,country_local
netherlands,cars,2023,2023,cbs-gemeentelijke-indeling-2023,municipality,1955,GM1955,Montferland,536.0,cars-per-1000-residents,CBS StatLine 70072NED Personenauto's particulieren relatief,provenance/netherlands_cars_manifest.json,country_local
netherlands,cars,2023,2023,cbs-gemeentelijke-indeling-2023,municipality,1959,GM1959,Altena,499.0,cars-per-1000-residents,CBS StatLine 70072NED Personenauto's particulieren relatief,provenance/netherlands_cars_manifest.json,country_local
netherlands,cars,2023,2023,cbs-gemeentelijke-indeling-2023,municipality,1960,GM1960,West Betuwe,516.0,cars-per-1000-residents,CBS StatLine 70072NED Personenauto's particulieren relatief,provenance/netherlands_cars_manifest.json,country_local
netherlands,cars,2023,2023,cbs-gemeentelijke-indeling-2023,municipality,1961,GM1961,Vijfheerenlanden,473.0,cars-per-1000-residents,CBS StatLine 70072NED Personenauto's particulieren relatief,provenance/netherlands_cars_manifest.json,country_local
netherlands,cars,2023,2023,cbs-gemeentelijke-indeling-2023,municipality,1963,GM1963,Hoeksche Waard,506.0,cars-per-1000-residents,CBS StatLine 70072NED Personenauto's particulieren relatief,provenance/netherlands_cars_manifest.json,country_local
netherlands,cars,2023,2023,cbs-gemeentelijke-indeling-2023,municipality,1966,GM1966,Het Hogeland,508.0,cars-per-1000-residents,CBS StatLine 70072NED Personenauto's particulieren relatief,provenance/netherlands_cars_manifest.json,country_local
netherlands,cars,2023,2023,cbs-gemeentelijke-indeling-2023,municipality,1969,GM1969,Westerkwartier,527.0,cars-per-1000-residents,CBS StatLine 70072NED Personenauto's particulieren relatief,provenance/netherlands_cars_manifest.json,country_local
netherlands,cars,2023,2023,cbs-gemeentelijke-indeling-2023,municipality,1970,GM1970,Noardeast-Fryslân,522.0,cars-per-1000-residents,CBS StatLine 70072NED Personenauto's particulieren relatief,provenance/netherlands_cars_manifest.json,country_local
netherlands,cars,2023,2023,cbs-gemeentelijke-indeling-2023,municipality,1978,GM1978,Molenlanden,489.0,cars-per-1000-residents,CBS StatLine 70072NED Personenauto's particulieren relatief,provenance/netherlands_cars_manifest.json,country_local
netherlands,cars,2023,2023,cbs-gemeentelijke-indeling-2023,municipality,1979,GM1979,Eemsdelta,515.0,cars-per-1000-residents,CBS StatLine 70072NED Personenauto's particulieren relatief,provenance/netherlands_cars_manifest.json,country_local
netherlands,cars,2023,2023,cbs-gemeentelijke-indeling-2023,municipality,1980,GM1980,Dijk en Waard,478.0,cars-per-1000-residents,CBS StatLine 70072NED Personenauto's particulieren relatief,provenance/netherlands_cars_manifest.json,country_local
netherlands,cars,2023,2023,cbs-gemeentelijke-indeling-2023,municipality,1982,GM1982,Land van Cuijk,544.0,cars-per-1000-residents,CBS StatLine 70072NED Personenauto's particulieren relatief,provenance/netherlands_cars_manifest.json,country_local
netherlands,cars,2023,2023,cbs-gemeentelijke-indeling-2023,municipality,1991,GM1991,Maashorst,525.0,cars-per-1000-residents,CBS StatLine 70072NED Personenauto's particulieren relatief,provenance/netherlands_cars_manifest.json,country_local
netherlands,cars,2023,2023,cbs-gemeentelijke-indeling-2023,municipality,1992,GM1992,Voorne aan Zee,526.0,cars-per-1000-residents,CBS StatLine 70072NED Personenauto's particulieren relatief,provenance/netherlands_cars_manifest.json,country_local
netherlands,cars,2025,2025,cbs-gemeentelijke-indeling-2025,municipality,0014,GM0014,Groningen,329.0,cars-per-1000-residents,CBS StatLine 70072NED Personenauto's particulieren relatief,provenance/netherlands_cars_manifest.json,country_local
netherlands,cars,2025,2025,cbs-gemeentelijke-indeling-2025,municipality,0034,GM0034,Almere,412.0,cars-per-1000-residents,CBS StatLine 70072NED Personenauto's particulieren relatief,provenance/netherlands_cars_manifest.json,country_local
netherlands,cars,2025,2025,cbs-gemeentelijke-indeling-2025,municipality,0037,GM0037,Stadskanaal,547.0,cars-per-1000-residents,CBS StatLine 70072NED Personenauto's particulieren relatief,provenance/netherlands_cars_manifest.json,country_local
netherlands,cars,2025,2025,cbs-gemeentelijke-indeling-2025,municipality,0047,GM0047,Veendam,551.0,cars-per-1000-residents,CBS StatLine 70072NED Personenauto's particulieren relatief,provenance/netherlands_cars_manifest.json,country_local
netherlands,cars,2025,2025,cbs-gemeentelijke-indeling-2025,municipality,0050,GM0050,Zeewolde,518.0,cars-per-1000-residents,CBS StatLine 70072NED Personenauto's particulieren relatief,provenance/netherlands_cars_manifest.json,country_local
netherlands,cars,2025,2025,cbs-gemeentelijke-indeling-2025,municipality,0059,GM0059,Achtkarspelen,546.0,cars-per-1000-residents,CBS StatLine 70072NED Personenauto's particulieren relatief,provenance/netherlands_cars_manifest.json,country_local
netherlands,cars,2025,2025,cbs-gemeentelijke-indeling-2025,municipality,0060,GM0060,Ameland,531.0,cars-per-1000-residents,CBS StatLine 70072NED Personenauto's particulieren relatief,provenance/netherlands_cars_manifest.json,country_local
netherlands,cars,2025,2025,cbs-gemeentelijke-indeling-2025,municipality,0072,GM0072,Harlingen,474.0,cars-per-1000-residents,CBS StatLine 70072NED Personenauto's particulieren relatief,provenance/netherlands_cars_manifest.json,country_local
netherlands,cars,2025,2025,cbs-gemeentelijke-indeling-2025,municipality,0074,GM0074,Heerenveen,512.0,cars-per-1000-residents,CBS StatLine 70072NED Personenauto's particulieren relatief,provenance/netherlands_cars_manifest.json,country_local
netherlands,cars,2025,2025,cbs-gemeentelijke-indeling-2025,municipality,0080,GM0080,Leeuwarden,428.0,cars-per-1000-residents,CBS StatLine 70072NED Personenauto's particulieren relatief,provenance/netherlands_cars_manifest.json,country_local
netherlands,cars,2025,2025,cbs-gemeentelijke-indeling-2025,municipality,0085,GM0085,Ooststellingwerf,577.0,cars-per-1000-residents,CBS StatLine 70072NED Personenauto's particulieren relatief,provenance/netherlands_cars_manifest.json,country_local
netherlands,cars,2025,2025,cbs-gemeentelijke-indeling-2025,municipality,0086,GM0086,Opsterland,572.0,cars-per-1000-residents,CBS StatLine 70072NED Personenauto's particulieren relatief,provenance/netherlands_cars_manifest.json,country_local
netherlands,cars,2025,2025,cbs-gemeentelijke-indeling-2025,municipality,0088,GM0088,Schiermonnikoog,380.0,cars-per-1000-residents,CBS StatLine 70072NED Personenauto's particulieren relatief,provenance/netherlands_cars_manifest.json,country_local
netherlands,cars,2025,2025,cbs-gemeentelijke-indeling-2025,municipality,0090,GM0090,Smallingerland,497.0,cars-per-1000-residents,CBS StatLine 70072NED Personenauto's particulieren relatief,provenance/netherlands_cars_manifest.json,country_local
netherlands,cars,2025,2025,cbs-gemeentelijke-indeling-2025,municipality,0093,GM0093,Terschelling,499.0,cars-per-1000-residents,CBS StatLine 70072NED Personenauto's particulieren relatief,provenance/netherlands_cars_manifest.json,country_local
netherlands,cars,2025,2025,cbs-gemeentelijke-indeling-2025,municipality,0096,GM0096,Vlieland,371.0,cars-per-1000-residents,CBS StatLine 70072NED Personenauto's particulieren relatief,provenance/netherlands_cars_manifest.json,country_local
netherlands,cars,2025,2025,cbs-gemeentelijke-indeling-2025,municipality,0098,GM0098,Weststellingwerf,557.0,cars-per-1000-residents,CBS StatLine 70072NED Personenauto's particulieren relatief,provenance/netherlands_cars_manifest.json,country_local
netherlands,cars,2025,2025,cbs-gemeentelijke-indeling-2025,municipality,0106,GM0106,Assen,472.0,cars-per-1000-residents,CBS StatLine 70072NED Personenauto's particulieren relatief,provenance/netherlands_cars_manifest.json,country_local
netherlands,cars,2025,2025,cbs-gemeentelijke-indeling-2025,municipality,0109,GM0109,Coevorden,571.0,cars-per-1000-residents,CBS StatLine 70072NED Personenauto's particulieren relatief,provenance/netherlands_cars_manifest.json,country_local
netherlands,cars,2025,2025,cbs-gemeentelijke-indeling-2025,municipality,0114,GM0114,Emmen,536.0,cars-per-1000-residents,CBS StatLine 70072NED Personenauto's particulieren relatief,provenance/netherlands_cars_manifest.json,country_local
netherlands,cars,2025,2025,cbs-gemeentelijke-indeling-2025,municipality,0118,GM0118,Hoogeveen,505.0,cars-per-1000-residents,CBS StatLine 70072NED Personenauto's particulieren relatief,provenance/netherlands_cars_manifest.json,country_local
netherlands,cars,2025,2025,cbs-gemeentelijke-indeling-2025,municipality,0119,GM0119,Meppel,486.0,cars-per-1000-residents,CBS StatLine 70072NED Personenauto's particulieren relatief,provenance/netherlands_cars_manifest.json,country_local
netherlands,cars,2025,2025,cbs-gemeentelijke-indeling-2025,municipality,0141,GM0141,Almelo,470.0,cars-per-1000-residents,CBS StatLine 70072NED Personenauto's particulieren relatief,provenance/netherlands_cars_manifest.json,country_local
netherlands,cars,2025,2025,cbs-gemeentelijke-indeling-2025,municipality,0147,GM0147,Borne,503.0,cars-per-1000-residents,CBS StatLine 70072NED Personenauto's particulieren relatief,provenance/netherlands_cars_manifest.json,country_local
netherlands,cars,2025,2025,cbs-gemeentelijke-indeling-2025,municipality,0148,GM0148,Dalfsen,575.0,cars-per-1000-residents,CBS StatLine 70072NED Personenauto's particulieren relatief,provenance/netherlands_cars_manifest.json,country_local
netherlands,cars,2025,2025,cbs-gemeentelijke-indeling-2025,municipality,0150,GM0150,Deventer,440.0,cars-per-1000-residents,CBS StatLine 70072NED Personenauto's particulieren relatief,provenance/netherlands_cars_manifest.json,country_local
netherlands,cars,2025,2025,cbs-gemeentelijke-indeling-2025,municipality,0153,GM0153,Enschede,417.0,cars-per-1000-residents,CBS StatLine 70072NED Personenauto's particulieren relatief,provenance/netherlands_cars_manifest.json,country_local
netherlands,cars,2025,2025,cbs-gemeentelijke-indeling-2025,municipality,0158,GM0158,Haaksbergen,556.0,cars-per-1000-residents,CBS StatLine 70072NED Personenauto's particulieren relatief,provenance/netherlands_cars_manifest.json,country_local
netherlands,cars,2025,2025,cbs-gemeentelijke-indeling-2025,municipality,0160,GM0160,Hardenberg,538.0,cars-per-1000-residents,CBS StatLine 70072NED Personenauto's particulieren relatief,provenance/netherlands_cars_manifest.json,country_local
netherlands,cars,2025,2025,cbs-gemeentelijke-indeling-2025,municipality,0163,GM0163,Hellendoorn,530.0,cars-per-1000-residents,CBS StatLine 70072NED Personenauto's particulieren relatief,provenance/netherlands_cars_manifest.json,country_local
netherlands,cars,2025,2025,cbs-gemeentelijke-indeling-2025,municipality,0164,GM0164,Hengelo (O.),478.0,cars-per-1000-residents,CBS StatLine 70072NED Personenauto's particulieren relatief,provenance/netherlands_cars_manifest.json,country_local
netherlands,cars,2025,2025,cbs-gemeentelijke-indeling-2025,municipality,0166,GM0166,Kampen,437.0,cars-per-1000-residents,CBS StatLine 70072NED Personenauto's particulieren relatief,provenance/netherlands_cars_manifest.json,country_local
netherlands,cars,2025,2025,cbs-gemeentelijke-indeling-2025,municipality,0168,GM0168,Losser,537.0,cars-per-1000-residents,CBS StatLine 70072NED Personenauto's particulieren relatief,provenance/netherlands_cars_manifest.json,country_local
netherlands,cars,2025,2025,cbs-gemeentelijke-indeling-2025,municipality,0171,GM0171,Noordoostpolder,503.0,cars-per-1000-residents,CBS StatLine 70072NED Personenauto's particulieren relatief,provenance/netherlands_cars_manifest.json,country_local
netherlands,cars,2025,2025,cbs-gemeentelijke-indeling-2025,municipality,0173,GM0173,Oldenzaal,494.0,cars-per-1000-residents,CBS StatLine 70072NED Personenauto's particulieren relatief,provenance/netherlands_cars_manifest.json,country_local
netherlands,cars,2025,2025,cbs-gemeentelijke-indeling-2025,municipality,0175,GM0175,Ommen,541.0,cars-per-1000-residents,CBS StatLine 70072NED Personenauto's particulieren relatief,provenance/netherlands_cars_manifest.json,country_local
netherlands,cars,2025,2025,cbs-gemeentelijke-indeling-2025,municipality,0177,GM0177,Raalte,536.0,cars-per-1000-residents,CBS StatLine 70072NED Personenauto's particulieren relatief,provenance/netherlands_cars_manifest.json,country_local
netherlands,cars,2025,2025,cbs-gemeentelijke-indeling-2025,municipality,0180,GM0180,Staphorst,523.0,cars-per-1000-residents,CBS StatLine 70072NED Personenauto's particulieren relatief,provenance/netherlands_cars_manifest.json,country_local
netherlands,cars,2025,2025,cbs-gemeentelijke-indeling-2025,municipality,0183,GM0183,Tubbergen,562.0,cars-per-1000-residents,CBS StatLine 70072NED Personenauto's particulieren relatief,provenance/netherlands_cars_manifest.json,country_local
netherlands,cars,2025,2025,cbs-gemeentelijke-indeling-2025,municipality,0184,GM0184,Urk,344.0,cars-per-1000-residents,CBS StatLine 70072NED Personenauto's particulieren relatief,provenance/netherlands_cars_manifest.json,country_local
netherlands,cars,2025,2025,cbs-gemeentelijke-indeling-2025,municipality,0189,GM0189,Wierden,534.0,cars-per-1000-residents,CBS StatLine 70072NED Personenauto's particulieren relatief,provenance/netherlands_cars_manifest.json,country_local
netherlands,cars,2025,2025,cbs-gemeentelijke-indeling-2025,municipality,0193,GM0193,Zwolle,402.0,cars-per-1000-residents,CBS StatLine 70072NED Personenauto's particulieren relatief,provenance/netherlands_cars_manifest.json,country_local
netherlands,cars,2025,2025,cbs-gemeentelijke-indeling-2025,municipality,0197,GM0197,Aalten,538.0,cars-per-1000-residents,CBS StatLine 70072NED Personenauto's particulieren relatief,provenance/netherlands_cars_manifest.json,country_local
netherlands,cars,2025,2025,cbs-gemeentelijke-indeling-2025,municipality,0200,GM0200,Apeldoorn,471.0,cars-per-1000-residents,CBS StatLine 70072NED Personenauto's particulieren relatief,provenance/netherlands_cars_manifest.json,country_local
netherlands,cars,2025,2025,cbs-gemeentelijke-indeling-2025,municipality,0202,GM0202,Arnhem,395.0,cars-per-1000-residents,CBS StatLine 70072NED Personenauto's particulieren relatief,provenance/netherlands_cars_manifest.json,country_local
netherlands,cars,2025,2025,cbs-gemeentelijke-indeling-2025,municipality,0203,GM0203,Barneveld,466.0,cars-per-1000-residents,CBS StatLine 70072NED Personenauto's particulieren relatief,provenance/netherlands_cars_manifest.json,country_local
netherlands,cars,2025,2025,cbs-gemeentelijke-indeling-2025,municipality,0209,GM0209,Beuningen,533.0,cars-per-1000-residents,CBS StatLine 70072NED Personenauto's particulieren relatief,provenance/netherlands_cars_manifest.json,country_local
netherlands,cars,2025,2025,cbs-gemeentelijke-indeling-2025,municipality,0213,GM0213,Brummen,562.0,cars-per-1000-residents,CBS StatLine 70072NED Personenauto's particulieren relatief,provenance/netherlands_cars_manifest.json,country_local
netherlands,cars,2025,2025,cbs-gemeentelijke-indeling-2025,municipality,0214,GM0214,Buren,583.0,cars-per-1000-residents,CBS StatLine 70072NED Personenauto's particulieren relatief,provenance/netherlands_cars_manifest.json,country_local
netherlands,cars,2025,2025,cbs-gemeentelijke-indeling-2025,municipality,0216,GM0216,Culemborg,455.0,cars-per-1000-residents,CBS StatLine 70072NED Personenauto's particulieren relatief,provenance/netherlands_cars_manifest.json,country_local
netherlands,cars,2025,2025,cbs-gemeentelijke-indeling-2025,municipality,0221,GM0221,Doesburg,543.0,cars-per-1000-residents,CBS StatLine 70072NED Personenauto's particulieren relatief,provenance/netherlands_cars_manifest.json,country_local
netherlands,cars,2025,2025,cbs-gemeentelijke-indeling-2025,municipality,0222,GM0222,Doetinchem,502.0,cars-per-1000-residents,CBS StatLine 70072NED Personenauto's particulieren relatief,provenance/netherlands_cars_manifest.json,country_local
netherlands,cars,2025,2025,cbs-gemeentelijke-indeling-2025,municipality,0225,GM0225,Druten,538.0,cars-per-1000-residents,CBS StatLine 70072NED Personenauto's particulieren relatief,provenance/netherlands_cars_manifest.json,country_local
netherlands,cars,2025,2025,cbs-gemeentelijke-indeling-2025,municipality,0226,GM0226,Duiven,522.0,cars-per-1000-residents,CBS StatLine 70072NED Personenauto's particulieren relatief,provenance/netherlands_cars_manifest.json,country_local
netherlands,cars,2025,2025,cbs-gemeentelijke-indeling-2025,municipality,0228,GM0228,Ede,457.0,cars-per-1000-residents,CBS StatLine 70072NED Personenauto's particulieren relatief,provenance/netherlands_cars_manifest.json,country_local
netherlands,cars,2025,2025,cbs-gemeentelijke-indeling-2025,municipality,0230,GM0230,Elburg,523.0,cars-per-1000-residents,CBS StatLine 70072NED Personenauto's particulieren relatief,provenance/netherlands_cars_manifest.json,country_local
netherlands,cars,2025,2025,cbs-gemeentelijke-indeling-2025,municipality,0232,GM0232,Epe,548.0,cars-per-1000-residents,CBS StatLine 70072NED Personenauto's particulieren relatief,provenance/netherlands_cars_manifest.json,country_local
netherlands,cars,2025,2025,cbs-gemeentelijke-indeling-2025,municipality,0233,GM0233,Ermelo,499.0,cars-per-1000-residents,CBS StatLine 70072NED Personenauto's particulieren relatief,provenance/netherlands_cars_manifest.json,country_local
netherlands,cars,2025,2025,cbs-gemeentelijke-indeling-2025,municipality,0243,GM0243,Harderwijk,460.0,cars-per-1000-residents,CBS StatLine 70072NED Personenauto's particulieren relatief,provenance/netherlands_cars_manifest.json,country_local
netherlands,cars,2025,2025,cbs-gemeentelijke-indeling-2025,municipality,0244,GM0244,Hattem,503.0,cars-per-1000-residents,CBS StatLine 70072NED Personenauto's particulieren relatief,provenance/netherlands_cars_manifest.json,country_local
netherlands,cars,2025,2025,cbs-gemeentelijke-indeling-2025,municipality,0246,GM0246,Heerde,551.0,cars-per-1000-residents,CBS StatLine 70072NED Personenauto's particulieren relatief,provenance/netherlands_cars_manifest.json,country_local
netherlands,cars,2025,2025,cbs-gemeentelijke-indeling-2025,municipality,0252,GM0252,Heumen,524.0,cars-per-1000-residents,CBS StatLine 70072NED Personenauto's particulieren relatief,provenance/netherlands_cars_manifest.json,country_local
netherlands,cars,2025,2025,cbs-gemeentelijke-indeling-2025,municipality,0262,GM0262,Lochem,576.0,cars-per-1000-residents,CBS StatLine 70072NED Personenauto's particulieren relatief,provenance/netherlands_cars_manifest.json,country_local
netherlands,cars,2025,2025,cbs-gemeentelijke-indeling-2025,municipality,0263,GM0263,Maasdriel,532.0,cars-per-1000-residents,CBS StatLine 70072NED Personenauto's particulieren relatief,provenance/netherlands_cars_manifest.json,country_local
netherlands,cars,2025,2025,cbs-gemeentelijke-indeling-2025,municipality,0267,GM0267,Nijkerk,488.0,cars-per-1000-residents,CBS StatLine 70072NED Personenauto's particulieren relatief,provenance/netherlands_cars_manifest.json,country_local
netherlands,cars,2025,2025,cbs-gemeentelijke-indeling-2025,municipality,0268,GM0268,Nijmegen,373.0,cars-per-1000-residents,CBS StatLine 70072NED Personenauto's particulieren relatief,provenance/netherlands_cars_manifest.json,country_local
netherlands,cars,2025,2025,cbs-gemeentelijke-indeling-2025,municipality,0269,GM0269,Oldebroek,503.0,cars-per-1000-residents,CBS StatLine 70072NED Personenauto's particulieren relatief,provenance/netherlands_cars_manifest.json,country_local
netherlands,cars,2025,2025,cbs-gemeentelijke-indeling-2025,municipality,0273,GM0273,Putten,508.0,cars-per-1000-residents,CBS StatLine 70072NED Personenauto's particulieren relatief,provenance/netherlands_cars_manifest.json,country_local
netherlands,cars,2025,2025,cbs-gemeentelijke-indeling-2025,municipality,0274,GM0274,Renkum,525.0,cars-per-1000-residents,CBS StatLine 70072NED Personenauto's particulieren relatief,provenance/netherlands_cars_manifest.json,country_local
netherlands,cars,2025,2025,cbs-gemeentelijke-indeling-2025,municipality,0275,GM0275,Rheden,499.0,cars-per-1000-residents,CBS StatLine 70072NED Personenauto's particulieren relatief,provenance/netherlands_cars_manifest.json,country_local
netherlands,cars,2025,2025,cbs-gemeentelijke-indeling-2025,municipality,0277,GM0277,Rozendaal,550.0,cars-per-1000-residents,CBS StatLine 70072NED Personenauto's particulieren relatief,provenance/netherlands_cars_manifest.json,country_local
netherlands,cars,2025,2025,cbs-gemeentelijke-indeling-2025,municipality,0279,GM0279,Scherpenzeel,492.0,cars-per-1000-residents,CBS StatLine 70072NED Personenauto's particulieren relatief,provenance/netherlands_cars_manifest.json,country_local
netherlands,cars,2025,2025,cbs-gemeentelijke-indeling-2025,municipality,0281,GM0281,Tiel,480.0,cars-per-1000-residents,CBS StatLine 70072NED Personenauto's particulieren relatief,provenance/netherlands_cars_manifest.json,country_local
netherlands,cars,2025,2025,cbs-gemeentelijke-indeling-2025,municipality,0285,GM0285,Voorst,524.0,cars-per-1000-residents,CBS StatLine 70072NED Personenauto's particulieren relatief,provenance/netherlands_cars_manifest.json,country_local
netherlands,cars,2025,2025,cbs-gemeentelijke-indeling-2025,municipality,0289,GM0289,Wageningen,329.0,cars-per-1000-residents,CBS StatLine 70072NED Personenauto's particulieren relatief,provenance/netherlands_cars_manifest.json,country_local
netherlands,cars,2025,2025,cbs-gemeentelijke-indeling-2025,municipality,0293,GM0293,Westervoort,505.0,cars-per-1000-residents,CBS StatLine 70072NED Personenauto's particulieren relatief,provenance/netherlands_cars_manifest.json,country_local
netherlands,cars,2025,2025,cbs-gemeentelijke-indeling-2025,municipality,0294,GM0294,Winterswijk,504.0,cars-per-1000-residents,CBS StatLine 70072NED Personenauto's particulieren relatief,provenance/netherlands_cars_manifest.json,country_local
netherlands,cars,2025,2025,cbs-gemeentelijke-indeling-2025,municipality,0296,GM0296,Wijchen,524.0,cars-per-1000-residents,CBS StatLine 70072NED Personenauto's particulieren relatief,provenance/netherlands_cars_manifest.json,country_local
netherlands,cars,2025,2025,cbs-gemeentelijke-indeling-2025,municipality,0297,GM0297,Zaltbommel,497.0,cars-per-1000-residents,CBS StatLine 70072NED Personenauto's particulieren relatief,provenance/netherlands_cars_manifest.json,country_local
netherlands,cars,2025,2025,cbs-gemeentelijke-indeling-2025,municipality,0299,GM0299,Zevenaar,536.0,cars-per-1000-residents,CBS StatLine 70072NED Personenauto's particulieren relatief,provenance/netherlands_cars_manifest.json,country_local
netherlands,cars,2025,2025,cbs-gemeentelijke-indeling-2025,municipality,0301,GM0301,Zutphen,464.0,cars-per-1000-residents,CBS StatLine 70072NED Personenauto's particulieren relatief,provenance/netherlands_cars_manifest.json,country_local
netherlands,cars,2025,2025,cbs-gemeentelijke-indeling-2025,municipality,0302,GM0302,Nunspeet,487.0,cars-per-1000-residents,CBS StatLine 70072NED Personenauto's particulieren relatief,provenance/netherlands_cars_manifest.json,country_local
netherlands,cars,2025,2025,cbs-gemeentelijke-indeling-2025,municipality,0303,GM0303,Dronten,517.0,cars-per-1000-residents,CBS StatLine 70072NED Personenauto's particulieren relatief,provenance/netherlands_cars_manifest.json,country_local
netherlands,cars,2025,2025,cbs-gemeentelijke-indeling-2025,municipality,0307,GM0307,Amersfoort,412.0,cars-per-1000-residents,CBS StatLine 70072NED Personenauto's particulieren relatief,provenance/netherlands_cars_manifest.json,country_local
netherlands,cars,2025,2025,cbs-gemeentelijke-indeling-2025,municipality,0308,GM0308,Baarn,476.0,cars-per-1000-residents,CBS StatLine 70072NED Personenauto's particulieren relatief,provenance/netherlands_cars_manifest.json,country_local
netherlands,cars,2025,2025,cbs-gemeentelijke-indeling-2025,municipality,0310,GM0310,De Bilt,466.0,cars-per-1000-residents,CBS StatLine 70072NED Personenauto's particulieren relatief,provenance/netherlands_cars_manifest.json,country_local
netherlands,cars,2025,2025,cbs-gemeentelijke-indeling-2025,municipality,0312,GM0312,Bunnik,448.0,cars-per-1000-residents,CBS StatLine 70072NED Personenauto's particulieren relatief,provenance/netherlands_cars_manifest.json,country_local
netherlands,cars,2025,2025,cbs-gemeentelijke-indeling-2025,municipality,0313,GM0313,Bunschoten,420.0,cars-per-1000-residents,CBS StatLine 70072NED Personenauto's particulieren relatief,provenance/netherlands_cars_manifest.json,country_local
netherlands,cars,2025,2025,cbs-gemeentelijke-indeling-2025,municipality,0317,GM0317,Eemnes,543.0,cars-per-1000-residents,CBS StatLine 70072NED Personenauto's particulieren relatief,provenance/netherlands_cars_manifest.json,country_local
netherlands,cars,2025,2025,cbs-gemeentelijke-indeling-2025,municipality,0321,GM0321,Houten,431.0,cars-per-1000-residents,CBS StatLine 70072NED Personenauto's particulieren relatief,provenance/netherlands_cars_manifest.json,country_local
netherlands,cars,2025,2025,cbs-gemeentelijke-indeling-2025,municipality,0327,GM0327,Leusden,495.0,cars-per-1000-residents,CBS StatLine 70072NED Personenauto's particulieren relatief,provenance/netherlands_cars_manifest.json,country_local
netherlands,cars,2025,2025,cbs-gemeentelijke-indeling-2025,municipality,0331,GM0331,Lopik,525.0,cars-per-1000-residents,CBS StatLine 70072NED Personenauto's particulieren relatief,provenance/netherlands_cars_manifest.json,country_local
netherlands,cars,2025,2025,cbs-gemeentelijke-indeling-2025,municipality,0335,GM0335,Montfoort,493.0,cars-per-1000-residents,CBS StatLine 70072NED Personenauto's particulieren relatief,provenance/netherlands_cars_manifest.json,country_local
netherlands,cars,2025,2025,cbs-gemeentelijke-indeling-2025,municipality,0339,GM0339,Renswoude,504.0,cars-per-1000-residents,CBS StatLine 70072NED Personenauto's particulieren relatief,provenance/netherlands_cars_manifest.json,country_local
netherlands,cars,2025,2025,cbs-gemeentelijke-indeling-2025,municipality,0340,GM0340,Rhenen,502.0,cars-per-1000-residents,CBS StatLine 70072NED Personenauto's particulieren relatief,provenance/netherlands_cars_manifest.json,country_local
netherlands,cars,2025,2025,cbs-gemeentelijke-indeling-2025,municipality,0342,GM0342,Soest,509.0,cars-per-1000-residents,CBS StatLine 70072NED Personenauto's particulieren relatief,provenance/netherlands_cars_manifest.json,country_local
netherlands,cars,2025,2025,cbs-gemeentelijke-indeling-2025,municipality,0344,GM0344,Utrecht,297.0,cars-per-1000-residents,CBS StatLine 70072NED Personenauto's particulieren relatief,provenance/netherlands_cars_manifest.json,country_local
netherlands,cars,2025,2025,cbs-gemeentelijke-indeling-2025,municipality,0345,GM0345,Veenendaal,441.0,cars-per-1000-residents,CBS StatLine 70072NED Personenauto's particulieren relatief,provenance/netherlands_cars_manifest.json,country_local
netherlands,cars,2025,2025,cbs-gemeentelijke-indeling-2025,municipality,0351,GM0351,Woudenberg,486.0,cars-per-1000-residents,CBS StatLine 70072NED Personenauto's particulieren relatief,provenance/netherlands_cars_manifest.json,country_local
netherlands,cars,2025,2025,cbs-gemeentelijke-indeling-2025,municipality,0352,GM0352,Wijk bij Duurstede,520.0,cars-per-1000-residents,CBS StatLine 70072NED Personenauto's particulieren relatief,provenance/netherlands_cars_manifest.json,country_local
netherlands,cars,2025,2025,cbs-gemeentelijke-indeling-2025,municipality,0353,GM0353,IJsselstein,448.0,cars-per-1000-residents,CBS StatLine 70072NED Personenauto's particulieren relatief,provenance/netherlands_cars_manifest.json,country_local
netherlands,cars,2025,2025,cbs-gemeentelijke-indeling-2025,municipality,0355,GM0355,Zeist,430.0,cars-per-1000-residents,CBS StatLine 70072NED Personenauto's particulieren relatief,provenance/netherlands_cars_manifest.json,country_local
netherlands,cars,2025,2025,cbs-gemeentelijke-indeling-2025,municipality,0356,GM0356,Nieuwegein,440.0,cars-per-1000-residents,CBS StatLine 70072NED Personenauto's particulieren relatief,provenance/netherlands_cars_manifest.json,country_local
netherlands,cars,2025,2025,cbs-gemeentelijke-indeling-2025,municipality,0358,GM0358,Aalsmeer,484.0,cars-per-1000-residents,CBS StatLine 70072NED Personenauto's particulieren relatief,provenance/netherlands_cars_manifest.json,country_local
netherlands,cars,2025,2025,cbs-gemeentelijke-indeling-2025,municipality,0361,GM0361,Alkmaar,437.0,cars-per-1000-residents,CBS StatLine 70072NED Personenauto's particulieren relatief,provenance/netherlands_cars_manifest.json,country_local
netherlands,cars,2025,2025,cbs-gemeentelijke-indeling-2025,municipality,0362,GM0362,Amstelveen,362.0,cars-per-1000-residents,CBS StatLine 70072NED Personenauto's particulieren relatief,provenance/netherlands_cars_manifest.json,country_local
netherlands,cars,2025,2025,cbs-gemeentelijke-indeling-2025,municipality,0363,GM0363,Amsterdam,240.0,cars-per-1000-residents,CBS StatLine 70072NED Personenauto's particulieren relatief,provenance/netherlands_cars_manifest.json,country_local
netherlands,cars,2025,2025,cbs-gemeentelijke-indeling-2025,municipality,0373,GM0373,Bergen (NH.),536.0,cars-per-1000-residents,CBS StatLine 70072NED Personenauto's particulieren relatief,provenance/netherlands_cars_manifest.json,country_local
netherlands,cars,2025,2025,cbs-gemeentelijke-indeling-2025,municipality,0375,GM0375,Beverwijk,461.0,cars-per-1000-residents,CBS StatLine 70072NED Personenauto's particulieren relatief,provenance/netherlands_cars_manifest.json,country_local
netherlands,cars,2025,2025,cbs-gemeentelijke-indeling-2025,municipality,0376,GM0376,Blaricum,536.0,cars-per-1000-residents,CBS StatLine 70072NED Personenauto's particulieren relatief,provenance/netherlands_cars_manifest.json,country_local
netherlands,cars,2025,2025,cbs-gemeentelijke-indeling-2025,municipality,0377,GM0377,Bloemendaal,502.0,cars-per-1000-residents,CBS StatLine 70072NED Personenauto's particulieren relatief,provenance/netherlands_cars_manifest.json,country_local
netherlands,cars,2025,2025,cbs-gemeentelijke-indeling-2025,municipality,0383,GM0383,Castricum,481.0,cars-per-1000-residents,CBS StatLine 70072NED Personenauto's particulieren relatief,provenance/netherlands_cars_manifest.json,country_local
netherlands,cars,2025,2025,cbs-gemeentelijke-indeling-2025,municipality,0384,GM0384,Diemen,307.0,cars-per-1000-residents,CBS StatLine 70072NED Personenauto's particulieren relatief,provenance/netherlands_cars_manifest.json,country_local
netherlands,cars,2025,2025,cbs-gemeentelijke-indeling-2025,municipality,0385,GM0385,Edam-Volendam,412.0,cars-per-1000-residents,CBS StatLine 70072NED Personenauto's particulieren relatief,provenance/netherlands_cars_manifest.json,country_local
netherlands,cars,2025,2025,cbs-gemeentelijke-indeling-2025,municipality,0388,GM0388,Enkhuizen,443.0,cars-per-1000-residents,CBS StatLine 70072NED Personenauto's particulieren relatief,provenance/netherlands_cars_manifest.json,country_local
netherlands,cars,2025,2025,cbs-gemeentelijke-indeling-2025,municipality,0392,GM0392,Haarlem,358.0,cars-per-1000-residents,CBS StatLine 70072NED Personenauto's particulieren relatief,provenance/netherlands_cars_manifest.json,country_local
netherlands,cars,2025,2025,cbs-gemeentelijke-indeling-2025,municipality,0394,GM0394,Haarlemmermeer,464.0,cars-per-1000-residents,CBS StatLine 70072NED Personenauto's particulieren relatief,provenance/netherlands_cars_manifest.json,country_local
netherlands,cars,2025,2025,cbs-gemeentelijke-indeling-2025,municipality,0396,GM0396,Heemskerk,483.0,cars-per-1000-residents,CBS StatLine 70072NED Personenauto's particulieren relatief,provenance/netherlands_cars_manifest.json,country_local
netherlands,cars,2025,2025,cbs-gemeentelijke-indeling-2025,municipality,0397,GM0397,Heemstede,463.0,cars-per-1000-residents,CBS StatLine 70072NED Personenauto's particulieren relatief,provenance/netherlands_cars_manifest.json,country_local
netherlands,cars,2025,2025,cbs-gemeentelijke-indeling-2025,municipality,0399,GM0399,Heiloo,482.0,cars-per-1000-residents,CBS StatLine 70072NED Personenauto's particulieren relatief,provenance/netherlands_cars_manifest.json,country_local
netherlands,cars,2025,2025,cbs-gemeentelijke-indeling-2025,municipality,0400,GM0400,Den Helder,470.0,cars-per-1000-residents,CBS StatLine 70072NED Personenauto's particulieren relatief,provenance/netherlands_cars_manifest.json,country_local
netherlands,cars,2025,2025,cbs-gemeentelijke-indeling-2025,municipality,0402,GM0402,Hilversum,404.0,cars-per-1000-residents,CBS StatLine 70072NED Personenauto's particulieren relatief,provenance/netherlands_cars_manifest.json,country_local
netherlands,cars,2025,2025,cbs-gemeentelijke-indeling-2025,municipality,0405,GM0405,Hoorn,440.0,cars-per-1000-residents,CBS StatLine 70072NED Personenauto's particulieren relatief,provenance/netherlands_cars_manifest.json,country_local
netherlands,cars,2025,2025,cbs-gemeentelijke-indeling-2025,municipality,0406,GM0406,Huizen,504.0,cars-per-1000-residents,CBS StatLine 70072NED Personenauto's particulieren relatief,provenance/netherlands_cars_manifest.json,country_local
netherlands,cars,2025,2025,cbs-gemeentelijke-indeling-2025,municipality,0415,GM0415,Landsmeer,466.0,cars-per-1000-residents,CBS StatLine 70072NED Personenauto's particulieren relatief,provenance/netherlands_cars_manifest.json,country_local
netherlands,cars,2025,2025,cbs-gemeentelijke-indeling-2025,municipality,0417,GM0417,Laren (NH.),556.0,cars-per-1000-residents,CBS StatLine 70072NED Personenauto's particulieren relatief,provenance/netherlands_cars_manifest.json,country_local
netherlands,cars,2025,2025,cbs-gemeentelijke-indeling-2025,municipality,0420,GM0420,Medemblik,526.0,cars-per-1000-residents,CBS StatLine 70072NED Personenauto's particulieren relatief,provenance/netherlands_cars_manifest.json,country_local
netherlands,cars,2025,2025,cbs-gemeentelijke-indeling-2025,municipality,0431,GM0431,Oostzaan,498.0,cars-per-1000-residents,CBS StatLine 70072NED Personenauto's particulieren relatief,provenance/netherlands_cars_manifest.json,country_local
netherlands,cars,2025,2025,cbs-gemeentelijke-indeling-2025,municipality,0432,GM0432,Opmeer,564.0,cars-per-1000-residents,CBS StatLine 70072NED Personenauto's particulieren relatief,provenance/netherlands_cars_manifest.json,country_local
netherlands,cars,2025,2025,cbs-gemeentelijke-indeling-2025,municipality,0437,GM0437,Ouder-Amstel,404.0,cars-per-1000-residents,CBS StatLine 70072NED Personenauto's particulieren relatief,provenance/netherlands_cars_manifest.json,country_local
netherlands,cars,2025,2025,cbs-gemeentelijke-indeling-2025,municipality,0439,GM0439,Purmerend,444.0,cars-per-1000-residents,CBS StatLine 70072NED Personenauto's particulieren relatief,provenance/netherlands_cars_manifest.json,country_local
netherlands,cars,2025,2025,cbs-gemeentelijke-indeling-2025,municipality,0441,GM0441,Schagen,529.0,cars-per-1000-residents,CBS StatLine 70072NED Personenauto's particulieren relatief,provenance/netherlands_cars_manifest.json,country_local
netherlands,cars,2025,2025,cbs-gemeentelijke-indeling-2025,municipality,0448,GM0448,Texel,511.0,cars-per-1000-residents,CBS StatLine 70072NED Personenauto's particulieren relatief,provenance/netherlands_cars_manifest.json,country_local
netherlands,cars,2025,2025,cbs-gemeentelijke-indeling-2025,municipality,0450,GM0450,Uitgeest,487.0,cars-per-1000-residents,CBS StatLine 70072NED Personenauto's particulieren relatief,provenance/netherlands_cars_manifest.json,country_local
netherlands,cars,2025,2025,cbs-gemeentelijke-indeling-2025,municipality,0451,GM0451,Uithoorn,467.0,cars-per-1000-residents,CBS StatLine 70072NED Personenauto's particulieren relatief,provenance/netherlands_cars_manifest.json,country_local
netherlands,cars,2025,2025,cbs-gemeentelijke-indeling-2025,municipality,0453,GM0453,Velsen,472.0,cars-per-1000-residents,CBS StatLine 70072NED Personenauto's particulieren relatief,provenance/netherlands_cars_manifest.json,country_local
netherlands,cars,2025,2025,cbs-gemeentelijke-indeling-2025,municipality,0473,GM0473,Zandvoort,450.0,cars-per-1000-residents,CBS StatLine 70072NED Personenauto's particulieren relatief,provenance/netherlands_cars_manifest.json,country_local
netherlands,cars,2025,2025,cbs-gemeentelijke-indeling-2025,municipality,0479,GM0479,Zaanstad,418.0,cars-per-1000-residents,CBS StatLine 70072NED Personenauto's particulieren relatief,provenance/netherlands_cars_manifest.json,country_local
netherlands,cars,2025,2025,cbs-gemeentelijke-indeling-2025,municipality,0482,GM0482,Alblasserdam,438.0,cars-per-1000-residents,CBS StatLine 70072NED Personenauto's particulieren relatief,provenance/netherlands_cars_manifest.json,country_local
netherlands,cars,2025,2025,cbs-gemeentelijke-indeling-2025,municipality,0484,GM0484,Alphen aan den Rijn,469.0,cars-per-1000-residents,CBS StatLine 70072NED Personenauto's particulieren relatief,provenance/netherlands_cars_manifest.json,country_local
netherlands,cars,2025,2025,cbs-gemeentelijke-indeling-2025,municipality,0489,GM0489,Barendrecht,457.0,cars-per-1000-residents,CBS StatLine 70072NED Personenauto's particulieren relatief,provenance/netherlands_cars_manifest.json,country_local
netherlands,cars,2025,2025,cbs-gemeentelijke-indeling-2025,municipality,0498,GM0498,Drechterland,518.0,cars-per-1000-residents,CBS StatLine 70072NED Personenauto's particulieren relatief,provenance/netherlands_cars_manifest.json,country_local
netherlands,cars,2025,2025,cbs-gemeentelijke-indeling-2025,municipality,0502,GM0502,Capelle aan den IJssel,421.0,cars-per-1000-residents,CBS StatLine 70072NED Personenauto's particulieren relatief,provenance/netherlands_cars_manifest.json,country_local
netherlands,cars,2025,2025,cbs-gemeentelijke-indeling-2025,municipality,0503,GM0503,Delft,298.0,cars-per-1000-residents,CBS StatLine 70072NED Personenauto's particulieren relatief,provenance/netherlands_cars_manifest.json,country_local
netherlands,cars,2025,2025,cbs-gemeentelijke-indeling-2025,municipality,0505,GM0505,Dordrecht,420.0,cars-per-1000-residents,CBS StatLine 70072NED Personenauto's particulieren relatief,provenance/netherlands_cars_manifest.json,country_local
netherlands,cars,2025,2025,cbs-gemeentelijke-indeling-2025,municipality,0512,GM0512,Gorinchem,441.0,cars-per-1000-residents,CBS StatLine 70072NED Personenauto's particulieren relatief,provenance/netherlands_cars_manifest.json,country_local
netherlands,cars,2025,2025,cbs-gemeentelijke-indeling-2025,municipality,0513,GM0513,Gouda,383.0,cars-per-1000-residents,CBS StatLine 70072NED Personenauto's particulieren relatief,provenance/netherlands_cars_manifest.json,country_local
netherlands,cars,2025,2025,cbs-gemeentelijke-indeling-2025,municipality,0518,GM0518,'s-Gravenhage,313.0,cars-per-1000-residents,CBS StatLine 70072NED Personenauto's particulieren relatief,provenance/netherlands_cars_manifest.json,country_local
netherlands,cars,2025,2025,cbs-gemeentelijke-indeling-2025,municipality,0523,GM0523,Hardinxveld-Giessendam,444.0,cars-per-1000-residents,CBS StatLine 70072NED Personenauto's particulieren relatief,provenance/netherlands_cars_manifest.json,country_local
netherlands,cars,2025,2025,cbs-gemeentelijke-indeling-2025,municipality,0531,GM0531,Hendrik-Ido-Ambacht,447.0,cars-per-1000-residents,CBS StatLine 70072NED Personenauto's particulieren relatief,provenance/netherlands_cars_manifest.json,country_local
netherlands,cars,2025,2025,cbs-gemeentelijke-indeling-2025,municipality,0532,GM0532,Stede Broec,461.0,cars-per-1000-residents,CBS StatLine 70072NED Personenauto's particulieren relatief,provenance/netherlands_cars_manifest.json,country_local
netherlands,cars,2025,2025,cbs-gemeentelijke-indeling-2025,municipality,0534,GM0534,Hillegom,500.0,cars-per-1000-residents,CBS StatLine 70072NED Personenauto's particulieren relatief,provenance/netherlands_cars_manifest.json,country_local
netherlands,cars,2025,2025,cbs-gemeentelijke-indeling-2025,municipality,0537,GM0537,Katwijk,393.0,cars-per-1000-residents,CBS StatLine 70072NED Personenauto's particulieren relatief,provenance/netherlands_cars_manifest.json,country_local
netherlands,cars,2025,2025,cbs-gemeentelijke-indeling-2025,municipality,0542,GM0542,Krimpen aan den IJssel,439.0,cars-per-1000-residents,CBS StatLine 70072NED Personenauto's particulieren relatief,provenance/netherlands_cars_manifest.json,country_local
netherlands,cars,2025,2025,cbs-gemeentelijke-indeling-2025,municipality,0546,GM0546,Leiden,299.0,cars-per-1000-residents,CBS StatLine 70072NED Personenauto's particulieren relatief,provenance/netherlands_cars_manifest.json,country_local
netherlands,cars,2025,2025,cbs-gemeentelijke-indeling-2025,municipality,0547,GM0547,Leiderdorp,433.0,cars-per-1000-residents,CBS StatLine 70072NED Personenauto's particulieren relatief,provenance/netherlands_cars_manifest.json,country_local
netherlands,cars,2025,2025,cbs-gemeentelijke-indeling-2025,municipality,0553,GM0553,Lisse,504.0,cars-per-1000-residents,CBS StatLine 70072NED Personenauto's particulieren relatief,provenance/netherlands_cars_manifest.json,country_local
netherlands,cars,2025,2025,cbs-gemeentelijke-indeling-2025,municipality,0556,GM0556,Maassluis,447.0,cars-per-1000-residents,CBS StatLine 70072NED Personenauto's particulieren relatief,provenance/netherlands_cars_manifest.json,country_local
netherlands,cars,2025,2025,cbs-gemeentelijke-indeling-2025,municipality,0569,GM0569,Nieuwkoop,527.0,cars-per-1000-residents,CBS StatLine 70072NED Personenauto's particulieren relatief,provenance/netherlands_cars_manifest.json,country_local
netherlands,cars,2025,2025,cbs-gemeentelijke-indeling-2025,municipality,0575,GM0575,Noordwijk,490.0,cars-per-1000-residents,CBS StatLine 70072NED Personenauto's particulieren relatief,provenance/netherlands_cars_manifest.json,country_local
netherlands,cars,2025,2025,cbs-gemeentelijke-indeling-2025,municipality,0579,GM0579,Oegstgeest,418.0,cars-per-1000-residents,CBS StatLine 70072NED Personenauto's particulieren relatief,provenance/netherlands_cars_manifest.json,country_local
netherlands,cars,2025,2025,cbs-gemeentelijke-indeling-2025,municipality,0589,GM0589,Oudewater,485.0,cars-per-1000-residents,CBS StatLine 70072NED Personenauto's particulieren relatief,provenance/netherlands_cars_manifest.json,country_local
netherlands,cars,2025,2025,cbs-gemeentelijke-indeling-2025,municipality,0590,GM0590,Papendrecht,477.0,cars-per-1000-residents,CBS StatLine 70072NED Personenauto's particulieren relatief,provenance/netherlands_cars_manifest.json,country_local
netherlands,cars,2025,2025,cbs-gemeentelijke-indeling-2025,municipality,0597,GM0597,Ridderkerk,463.0,cars-per-1000-residents,CBS StatLine 70072NED Personenauto's particulieren relatief,provenance/netherlands_cars_manifest.json,country_local
netherlands,cars,2025,2025,cbs-gemeentelijke-indeling-2025,municipality,0599,GM0599,Rotterdam,322.0,cars-per-1000-residents,CBS StatLine 70072NED Personenauto's particulieren relatief,provenance/netherlands_cars_manifest.json,country_local
netherlands,cars,2025,2025,cbs-gemeentelijke-indeling-2025,municipality,0603,GM0603,Rijswijk (ZH.),388.0,cars-per-1000-residents,CBS StatLine 70072NED Personenauto's particulieren relatief,provenance/netherlands_cars_manifest.json,country_local
netherlands,cars,2025,2025,cbs-gemeentelijke-indeling-2025,municipality,0606,GM0606,Schiedam,379.0,cars-per-1000-residents,CBS StatLine 70072NED Personenauto's particulieren relatief,provenance/netherlands_cars_manifest.json,country_local
netherlands,cars,2025,2025,cbs-gemeentelijke-indeling-2025,municipality,0610,GM0610,Sliedrecht,430.0,cars-per-1000-residents,CBS StatLine 70072NED Personenauto's particulieren relatief,provenance/netherlands_cars_manifest.json,country_local
netherlands,cars,2025,2025,cbs-gemeentelijke-indeling-2025,municipality,0613,GM0613,Albrandswaard,466.0,cars-per-1000-residents,CBS StatLine 70072NED Personenauto's particulieren relatief,provenance/netherlands_cars_manifest.json,country_local
netherlands,cars,2025,2025,cbs-gemeentelijke-indeling-2025,municipality,0622,GM0622,Vlaardingen,416.0,cars-per-1000-residents,CBS StatLine 70072NED Personenauto's particulieren relatief,provenance/netherlands_cars_manifest.json,country_local
netherlands,cars,2025,2025,cbs-gemeentelijke-indeling-2025,municipality,0626,GM0626,Voorschoten,445.0,cars-per-1000-residents,CBS StatLine 70072NED Personenauto's particulieren relatief,provenance/netherlands_cars_manifest.json,country_local
netherlands,cars,2025,2025,cbs-gemeentelijke-indeling-2025,municipality,0627,GM0627,Waddinxveen,459.0,cars-per-1000-residents,CBS StatLine 70072NED Personenauto's particulieren relatief,provenance/netherlands_cars_manifest.json,country_local
netherlands,cars,2025,2025,cbs-gemeentelijke-indeling-2025,municipality,0629,GM0629,Wassenaar,481.0,cars-per-1000-residents,CBS StatLine 70072NED Personenauto's particulieren relatief,provenance/netherlands_cars_manifest.json,country_local
netherlands,cars,2025,2025,cbs-gemeentelijke-indeling-2025,municipality,0632,GM0632,Woerden,438.0,cars-per-1000-residents,CBS StatLine 70072NED Personenauto's particulieren relatief,provenance/netherlands_cars_manifest.json,country_local
netherlands,cars,2025,2025,cbs-gemeentelijke-indeling-2025,municipality,0637,GM0637,Zoetermeer,441.0,cars-per-1000-residents,CBS StatLine 70072NED Personenauto's particulieren relatief,provenance/netherlands_cars_manifest.json,country_local
netherlands,cars,2025,2025,cbs-gemeentelijke-indeling-2025,municipality,0638,GM0638,Zoeterwoude,454.0,cars-per-1000-residents,CBS StatLine 70072NED Personenauto's particulieren relatief,provenance/netherlands_cars_manifest.json,country_local
netherlands,cars,2025,2025,cbs-gemeentelijke-indeling-2025,municipality,0642,GM0642,Zwijndrecht,465.0,cars-per-1000-residents,CBS StatLine 70072NED Personenauto's particulieren relatief,provenance/netherlands_cars_manifest.json,country_local
netherlands,cars,2025,2025,cbs-gemeentelijke-indeling-2025,municipality,0654,GM0654,Borsele,571.0,cars-per-1000-residents,CBS StatLine 70072NED Personenauto's particulieren relatief,provenance/netherlands_cars_manifest.json,country_local
netherlands,cars,2025,2025,cbs-gemeentelijke-indeling-2025,municipality,0664,GM0664,Goes,493.0,cars-per-1000-residents,CBS StatLine 70072NED Personenauto's particulieren relatief,provenance/netherlands_cars_manifest.json,country_local
netherlands,cars,2025,2025,cbs-gemeentelijke-indeling-2025,municipality,0668,GM0668,West Maas en Waal,583.0,cars-per-1000-residents,CBS StatLine 70072NED Personenauto's particulieren relatief,provenance/netherlands_cars_manifest.json,country_local
netherlands,cars,2025,2025,cbs-gemeentelijke-indeling-2025,municipality,0677,GM0677,Hulst,593.0,cars-per-1000-residents,CBS StatLine 70072NED Personenauto's particulieren relatief,provenance/netherlands_cars_manifest.json,country_local
netherlands,cars,2025,2025,cbs-gemeentelijke-indeling-2025,municipality,0678,GM0678,Kapelle,535.0,cars-per-1000-residents,CBS StatLine 70072NED Personenauto's particulieren relatief,provenance/netherlands_cars_manifest.json,country_local
netherlands,cars,2025,2025,cbs-gemeentelijke-indeling-2025,municipality,0687,GM0687,Middelburg (Z.),453.0,cars-per-1000-residents,CBS StatLine 70072NED Personenauto's particulieren relatief,provenance/netherlands_cars_manifest.json,country_local
netherlands,cars,2025,2025,cbs-gemeentelijke-indeling-2025,municipality,0703,GM0703,Reimerswaal,489.0,cars-per-1000-residents,CBS StatLine 70072NED Personenauto's particulieren relatief,provenance/netherlands_cars_manifest.json,country_local
netherlands,cars,2025,2025,cbs-gemeentelijke-indeling-2025,municipality,0715,GM0715,Terneuzen,551.0,cars-per-1000-residents,CBS StatLine 70072NED Personenauto's particulieren relatief,provenance/netherlands_cars_manifest.json,country_local
netherlands,cars,2025,2025,cbs-gemeentelijke-indeling-2025,municipality,0716,GM0716,Tholen,524.0,cars-per-1000-residents,CBS StatLine 70072NED Personenauto's particulieren relatief,provenance/netherlands_cars_manifest.json,country_local
netherlands,cars,2025,2025,cbs-gemeentelijke-indeling-2025,municipality,0717,GM0717,Veere,546.0,cars-per-1000-residents,CBS StatLine 70072NED Personenauto's particulieren relatief,provenance/netherlands_cars_manifest.json,country_local
netherlands,cars,2025,2025,cbs-gemeentelijke-indeling-2025,municipality,0718,GM0718,Vlissingen,471.0,cars-per-1000-residents,CBS StatLine 70072NED Personenauto's particulieren relatief,provenance/netherlands_cars_manifest.json,country_local
netherlands,cars,2025,2025,cbs-gemeentelijke-indeling-2025,municipality,0736,GM0736,De Ronde Venen,519.0,cars-per-1000-residents,CBS StatLine 70072NED Personenauto's particulieren relatief,provenance/netherlands_cars_manifest.json,country_local
netherlands,cars,2025,2025,cbs-gemeentelijke-indeling-2025,municipality,0737,GM0737,Tytsjerksteradiel,546.0,cars-per-1000-residents,CBS StatLine 70072NED Personenauto's particulieren relatief,provenance/netherlands_cars_manifest.json,country_local
netherlands,cars,2025,2025,cbs-gemeentelijke-indeling-2025,municipality,0743,GM0743,Asten,537.0,cars-per-1000-residents,CBS StatLine 70072NED Personenauto's particulieren relatief,provenance/netherlands_cars_manifest.json,country_local
netherlands,cars,2025,2025,cbs-gemeentelijke-indeling-2025,municipality,0744,GM0744,Baarle-Nassau,592.0,cars-per-1000-residents,CBS StatLine 70072NED Personenauto's particulieren relatief,provenance/netherlands_cars_manifest.json,country_local
netherlands,cars,2025,2025,cbs-gemeentelijke-indeling-2025,municipality,0748,GM0748,Bergen op Zoom,483.0,cars-per-1000-residents,CBS StatLine 70072NED Personenauto's particulieren relatief,provenance/netherlands_cars_manifest.json,country_local
netherlands,cars,2025,2025,cbs-gemeentelijke-indeling-2025,municipality,0753,GM0753,Best,508.0,cars-per-1000-residents,CBS StatLine 70072NED Personenauto's particulieren relatief,provenance/netherlands_cars_manifest.json,country_local
netherlands,cars,2025,2025,cbs-gemeentelijke-indeling-2025,municipality,0755,GM0755,Boekel,547.0,cars-per-1000-residents,CBS StatLine 70072NED Personenauto's particulieren relatief,provenance/netherlands_cars_manifest.json,country_local
netherlands,cars,2025,2025,cbs-gemeentelijke-indeling-2025,municipality,0757,GM0757,Boxtel,489.0,cars-per-1000-residents,CBS StatLine 70072NED Personenauto's particulieren relatief,provenance/netherlands_cars_manifest.json,country_local
netherlands,cars,2025,2025,cbs-gemeentelijke-indeling-2025,municipality,0758,GM0758,Breda,444.0,cars-per-1000-residents,CBS StatLine 70072NED Personenauto's particulieren relatief,provenance/netherlands_cars_manifest.json,country_local
netherlands,cars,2025,2025,cbs-gemeentelijke-indeling-2025,municipality,0762,GM0762,Deurne,519.0,cars-per-1000-residents,CBS StatLine 70072NED Personenauto's particulieren relatief,provenance/netherlands_cars_manifest.json,country_local
netherlands,cars,2025,2025,cbs-gemeentelijke-indeling-2025,municipality,0765,GM0765,Pekela,582.0,cars-per-1000-residents,CBS StatLine 70072NED Personenauto's particulieren relatief,provenance/netherlands_cars_manifest.json,country_local
netherlands,cars,2025,2025,cbs-gemeentelijke-indeling-2025,municipality,0766,GM0766,Dongen,532.0,cars-per-1000-residents,CBS StatLine 70072NED Personenauto's particulieren relatief,provenance/netherlands_cars_manifest.json,country_local
netherlands,cars,2025,2025,cbs-gemeentelijke-indeling-2025,municipality,0770,GM0770,Eersel,563.0,cars-per-1000-residents,CBS StatLine 70072NED Personenauto's particulieren relatief,provenance/netherlands_cars_manifest.json,country_local
netherlands,cars,2025,2025,cbs-gemeentelijke-indeling-2025,municipality,0772,GM0772,Eindhoven,397.0,cars-per-1000-residents,CBS StatLine 70072NED Personenauto's particulieren relatief,provenance/netherlands_cars_manifest.json,country_local
netherlands,cars,2025,2025,cbs-gemeentelijke-indeling-2025,municipality,0777,GM0777,Etten-Leur,496.0,cars-per-1000-residents,CBS StatLine 70072NED Personenauto's particulieren relatief,provenance/netherlands_cars_manifest.json,country_local
netherlands,cars,2025,2025,cbs-gemeentelijke-indeling-2025,municipality,0779,GM0779,Geertruidenberg,523.0,cars-per-1000-residents,CBS StatLine 70072NED Personenauto's particulieren relatief,provenance/netherlands_cars_manifest.json,country_local
netherlands,cars,2025,2025,cbs-gemeentelijke-indeling-2025,municipality,0784,GM0784,Gilze en Rijen,493.0,cars-per-1000-residents,CBS StatLine 70072NED Personenauto's particulieren relatief,provenance/netherlands_cars_manifest.json,country_local
netherlands,cars,2025,2025,cbs-gemeentelijke-indeling-2025,municipality,0785,GM0785,Goirle,510.0,cars-per-1000-residents,CBS StatLine 70072NED Personenauto's particulieren relatief,provenance/netherlands_cars_manifest.json,country_local
netherlands,cars,2025,2025,cbs-gemeentelijke-indeling-2025,municipality,0794,GM0794,Helmond,480.0,cars-per-1000-residents,CBS StatLine 70072NED Personenauto's particulieren relatief,provenance/netherlands_cars_manifest.json,country_local
netherlands,cars,2025,2025,cbs-gemeentelijke-indeling-2025,municipality,0796,GM0796,'s-Hertogenbosch,451.0,cars-per-1000-residents,CBS StatLine 70072NED Personenauto's particulieren relatief,provenance/netherlands_cars_manifest.json,country_local
netherlands,cars,2025,2025,cbs-gemeentelijke-indeling-2025,municipality,0797,GM0797,Heusden,540.0,cars-per-1000-residents,CBS StatLine 70072NED Personenauto's particulieren relatief,provenance/netherlands_cars_manifest.json,country_local
netherlands,cars,2025,2025,cbs-gemeentelijke-indeling-2025,municipality,0798,GM0798,Hilvarenbeek,570.0,cars-per-1000-residents,CBS StatLine 70072NED Personenauto's particulieren relatief,provenance/netherlands_cars_manifest.json,country_local
netherlands,cars,2025,2025,cbs-gemeentelijke-indeling-2025,municipality,0809,GM0809,Loon op Zand,547.0,cars-per-1000-residents,CBS StatLine 70072NED Personenauto's particulieren relatief,provenance/netherlands_cars_manifest.json,country_local
netherlands,cars,2025,2025,cbs-gemeentelijke-indeling-2025,municipality,0820,GM0820,"Nuenen, Gerwen en Nederwetten",536.0,cars-per-1000-residents,CBS StatLine 70072NED Personenauto's particulieren relatief,provenance/netherlands_cars_manifest.json,country_local
netherlands,cars,2025,2025,cbs-gemeentelijke-indeling-2025,municipality,0823,GM0823,Oirschot,569.0,cars-per-1000-residents,CBS StatLine 70072NED Personenauto's particulieren relatief,provenance/netherlands_cars_manifest.json,country_local
netherlands,cars,2025,2025,cbs-gemeentelijke-indeling-2025,municipality,0824,GM0824,Oisterwijk,524.0,cars-per-1000-residents,CBS StatLine 70072NED Personenauto's particulieren relatief,provenance/netherlands_cars_manifest.json,country_local
netherlands,cars,2025,2025,cbs-gemeentelijke-indeling-2025,municipality,0826,GM0826,Oosterhout,513.0,cars-per-1000-residents,CBS StatLine 70072NED Personenauto's particulieren relatief,provenance/netherlands_cars_manifest.json,country_local
netherlands,cars,2025,2025,cbs-gemeentelijke-indeling-2025,municipality,0828,GM0828,Oss,503.0,cars-per-1000-residents,CBS StatLine 70072NED Personenauto's particulieren relatief,provenance/netherlands_cars_manifest.json,country_local
netherlands,cars,2025,2025,cbs-gemeentelijke-indeling-2025,municipality,0840,GM0840,Rucphen,573.0,cars-per-1000-residents,CBS StatLine 70072NED Personenauto's particulieren relatief,provenance/netherlands_cars_manifest.json,country_local
netherlands,cars,2025,2025,cbs-gemeentelijke-indeling-2025,municipality,0845,GM0845,Sint-Michielsgestel,530.0,cars-per-1000-residents,CBS StatLine 70072NED Personenauto's particulieren relatief,provenance/netherlands_cars_manifest.json,country_local
netherlands,cars,2025,2025,cbs-gemeentelijke-indeling-2025,municipality,0847,GM0847,Someren,548.0,cars-per-1000-residents,CBS StatLine 70072NED Personenauto's particulieren relatief,provenance/netherlands_cars_manifest.json,country_local
netherlands,cars,2025,2025,cbs-gemeentelijke-indeling-2025,municipality,0848,GM0848,Son en Breugel,533.0,cars-per-1000-residents,CBS StatLine 70072NED Personenauto's particulieren relatief,provenance/netherlands_cars_manifest.json,country_local
netherlands,cars,2025,2025,cbs-gemeentelijke-indeling-2025,municipality,0851,GM0851,Steenbergen,547.0,cars-per-1000-residents,CBS StatLine 70072NED Personenauto's particulieren relatief,provenance/netherlands_cars_manifest.json,country_local
netherlands,cars,2025,2025,cbs-gemeentelijke-indeling-2025,municipality,0852,GM0852,Waterland,462.0,cars-per-1000-residents,CBS StatLine 70072NED Personenauto's particulieren relatief,provenance/netherlands_cars_manifest.json,country_local
netherlands,cars,2025,2025,cbs-gemeentelijke-indeling-2025,municipality,0855,GM0855,Tilburg,428.0,cars-per-1000-residents,CBS StatLine 70072NED Personenauto's particulieren relatief,provenance/netherlands_cars_manifest.json,country_local
netherlands,cars,2025,2025,cbs-gemeentelijke-indeling-2025,municipality,0858,GM0858,Valkenswaard,531.0,cars-per-1000-residents,CBS StatLine 70072NED Personenauto's particulieren relatief,provenance/netherlands_cars_manifest.json,country_local
netherlands,cars,2025,2025,cbs-gemeentelijke-indeling-2025,municipality,0861,GM0861,Veldhoven,495.0,cars-per-1000-residents,CBS StatLine 70072NED Personenauto's particulieren relatief,provenance/netherlands_cars_manifest.json,country_local
netherlands,cars,2025,2025,cbs-gemeentelijke-indeling-2025,municipality,0865,GM0865,Vught,474.0,cars-per-1000-residents,CBS StatLine 70072NED Personenauto's particulieren relatief,provenance/netherlands_cars_manifest.json,country_local
netherlands,cars,2025,2025,cbs-gemeentelijke-indeling-2025,municipality,0866,GM0866,Waalre,531.0,cars-per-1000-residents,CBS StatLine 70072NED Personenauto's particulieren relatief,provenance/netherlands_cars_manifest.json,country_local
netherlands,cars,2025,2025,cbs-gemeentelijke-indeling-2025,municipality,0867,GM0867,Waalwijk,517.0,cars-per-1000-residents,CBS StatLine 70072NED Personenauto's particulieren relatief,provenance/netherlands_cars_manifest.json,country_local
netherlands,cars,2025,2025,cbs-gemeentelijke-indeling-2025,municipality,0873,GM0873,Woensdrecht,559.0,cars-per-1000-residents,CBS StatLine 70072NED Personenauto's particulieren relatief,provenance/netherlands_cars_manifest.json,country_local
netherlands,cars,2025,2025,cbs-gemeentelijke-indeling-2025,municipality,0879,GM0879,Zundert,564.0,cars-per-1000-residents,CBS StatLine 70072NED Personenauto's particulieren relatief,provenance/netherlands_cars_manifest.json,country_local
netherlands,cars,2025,2025,cbs-gemeentelijke-indeling-2025,municipality,0880,GM0880,Wormerland,492.0,cars-per-1000-residents,CBS StatLine 70072NED Personenauto's particulieren relatief,provenance/netherlands_cars_manifest.json,country_local
netherlands,cars,2025,2025,cbs-gemeentelijke-indeling-2025,municipality,0882,GM0882,Landgraaf,565.0,cars-per-1000-residents,CBS StatLine 70072NED Personenauto's particulieren relatief,provenance/netherlands_cars_manifest.json,country_local
netherlands,cars,2025,2025,cbs-gemeentelijke-indeling-2025,municipality,0888,GM0888,Beek (L.),579.0,cars-per-1000-residents,CBS StatLine 70072NED Personenauto's particulieren relatief,provenance/netherlands_cars_manifest.json,country_local
netherlands,cars,2025,2025,cbs-gemeentelijke-indeling-2025,municipality,0889,GM0889,Beesel,541.0,cars-per-1000-residents,CBS StatLine 70072NED Personenauto's particulieren relatief,provenance/netherlands_cars_manifest.json,country_local
netherlands,cars,2025,2025,cbs-gemeentelijke-indeling-2025,municipality,0893,GM0893,Bergen (L.),606.0,cars-per-1000-residents,CBS StatLine 70072NED Personenauto's particulieren relatief,provenance/netherlands_cars_manifest.json,country_local
netherlands,cars,2025,2025,cbs-gemeentelijke-indeling-2025,municipality,0899,GM0899,Brunssum,564.0,cars-per-1000-residents,CBS StatLine 70072NED Personenauto's particulieren relatief,provenance/netherlands_cars_manifest.json,country_local
netherlands,cars,2025,2025,cbs-gemeentelijke-indeling-2025,municipality,0907,GM0907,Gennep,545.0,cars-per-1000-residents,CBS StatLine 70072NED Personenauto's particulieren relatief,provenance/netherlands_cars_manifest.json,country_local
netherlands,cars,2025,2025,cbs-gemeentelijke-indeling-2025,municipality,0917,GM0917,Heerlen,504.0,cars-per-1000-residents,CBS StatLine 70072NED Personenauto's particulieren relatief,provenance/netherlands_cars_manifest.json,country_local
netherlands,cars,2025,2025,cbs-gemeentelijke-indeling-2025,municipality,0928,GM0928,Kerkrade,528.0,cars-per-1000-residents,CBS StatLine 70072NED Personenauto's particulieren relatief,provenance/netherlands_cars_manifest.json,country_local
netherlands,cars,2025,2025,cbs-gemeentelijke-indeling-2025,municipality,0935,GM0935,Maastricht,360.0,cars-per-1000-residents,CBS StatLine 70072NED Personenauto's particulieren relatief,provenance/netherlands_cars_manifest.json,country_local
netherlands,cars,2025,2025,cbs-gemeentelijke-indeling-2025,municipality,0938,GM0938,Meerssen,560.0,cars-per-1000-residents,CBS StatLine 70072NED Personenauto's particulieren relatief,provenance/netherlands_cars_manifest.json,country_local
netherlands,cars,2025,2025,cbs-gemeentelijke-indeling-2025,municipality,0944,GM0944,Mook en Middelaar,587.0,cars-per-1000-residents,CBS StatLine 70072NED Personenauto's particulieren relatief,provenance/netherlands_cars_manifest.json,country_local
netherlands,cars,2025,2025,cbs-gemeentelijke-indeling-2025,municipality,0946,GM0946,Nederweert,584.0,cars-per-1000-residents,CBS StatLine 70072NED Personenauto's particulieren relatief,provenance/netherlands_cars_manifest.json,country_local
netherlands,cars,2025,2025,cbs-gemeentelijke-indeling-2025,municipality,0957,GM0957,Roermond,484.0,cars-per-1000-residents,CBS StatLine 70072NED Personenauto's particulieren relatief,provenance/netherlands_cars_manifest.json,country_local
netherlands,cars,2025,2025,cbs-gemeentelijke-indeling-2025,municipality,0965,GM0965,Simpelveld,592.0,cars-per-1000-residents,CBS StatLine 70072NED Personenauto's particulieren relatief,provenance/netherlands_cars_manifest.json,country_local
netherlands,cars,2025,2025,cbs-gemeentelijke-indeling-2025,municipality,0971,GM0971,Stein (L.),598.0,cars-per-1000-residents,CBS StatLine 70072NED Personenauto's particulieren relatief,provenance/netherlands_cars_manifest.json,country_local
netherlands,cars,2025,2025,cbs-gemeentelijke-indeling-2025,municipality,0981,GM0981,Vaals,478.0,cars-per-1000-residents,CBS StatLine 70072NED Personenauto's particulieren relatief,provenance/netherlands_cars_manifest.json,country_local
netherlands,cars,2025,2025,cbs-gemeentelijke-indeling-2025,municipality,0983,GM0983,Venlo,477.0,cars-per-1000-residents,CBS StatLine 70072NED Personenauto's particulieren relatief,provenance/netherlands_cars_manifest.json,country_local
netherlands,cars,2025,2025,cbs-gemeentelijke-indeling-2025,municipality,0984,GM0984,Venray,523.0,cars-per-1000-residents,CBS StatLine 70072NED Personenauto's particulieren relatief,provenance/netherlands_cars_manifest.json,country_local
netherlands,cars,2025,2025,cbs-gemeentelijke-indeling-2025,municipality,0986,GM0986,Voerendaal,578.0,cars-per-1000-residents,CBS StatLine 70072NED Personenauto's particulieren relatief,provenance/netherlands_cars_manifest.json,country_local
netherlands,cars,2025,2025,cbs-gemeentelijke-indeling-2025,municipality,0988,GM0988,Weert,502.0,cars-per-1000-residents,CBS StatLine 70072NED Personenauto's particulieren relatief,provenance/netherlands_cars_manifest.json,country_local
netherlands,cars,2025,2025,cbs-gemeentelijke-indeling-2025,municipality,0994,GM0994,Valkenburg aan de Geul,546.0,cars-per-1000-residents,CBS StatLine 70072NED Personenauto's particulieren relatief,provenance/netherlands_cars_manifest.json,country_local
netherlands,cars,2025,2025,cbs-gemeentelijke-indeling-2025,municipality,0995,GM0995,Lelystad,447.0,cars-per-1000-residents,CBS StatLine 70072NED Personenauto's particulieren relatief,provenance/netherlands_cars_manifest.json,country_local
netherlands,cars,2025,2025,cbs-gemeentelijke-indeling-2025,municipality,1507,GM1507,Horst aan de Maas,553.0,cars-per-1000-residents,CBS StatLine 70072NED Personenauto's particulieren relatief,provenance/netherlands_cars_manifest.json,country_local
netherlands,cars,2025,2025,cbs-gemeentelijke-indeling-2025,municipality,1509,GM1509,Oude IJsselstreek,554.0,cars-per-1000-residents,CBS StatLine 70072NED Personenauto's particulieren relatief,provenance/netherlands_cars_manifest.json,country_local
netherlands,cars,2025,2025,cbs-gemeentelijke-indeling-2025,municipality,1525,GM1525,Teylingen,473.0,cars-per-1000-residents,CBS StatLine 70072NED Personenauto's particulieren relatief,provenance/netherlands_cars_manifest.json,country_local
netherlands,cars,2025,2025,cbs-gemeentelijke-indeling-2025,municipality,1581,GM1581,Utrechtse Heuvelrug,494.0,cars-per-1000-residents,CBS StatLine 70072NED Personenauto's particulieren relatief,provenance/netherlands_cars_manifest.json,country_local
netherlands,cars,2025,2025,cbs-gemeentelijke-indeling-2025,municipality,1586,GM1586,Oost Gelre,541.0,cars-per-1000-residents,CBS StatLine 70072NED Personenauto's particulieren relatief,provenance/netherlands_cars_manifest.json,country_local
netherlands,cars,2025,2025,cbs-gemeentelijke-indeling-2025,municipality,1598,GM1598,Koggenland,533.0,cars-per-1000-residents,CBS StatLine 70072NED Personenauto's particulieren relatief,provenance/netherlands_cars_manifest.json,country_local
netherlands,cars,2025,2025,cbs-gemeentelijke-indeling-2025,municipality,1621,GM1621,Lansingerland,465.0,cars-per-1000-residents,CBS StatLine 70072NED Personenauto's particulieren relatief,provenance/netherlands_cars_manifest.json,country_local
netherlands,cars,2025,2025,cbs-gemeentelijke-indeling-2025,municipality,1640,GM1640,Leudal,594.0,cars-per-1000-residents,CBS StatLine 70072NED Personenauto's particulieren relatief,provenance/netherlands_cars_manifest.json,country_local
netherlands,cars,2025,2025,cbs-gemeentelijke-indeling-2025,municipality,1641,GM1641,Maasgouw,587.0,cars-per-1000-residents,CBS StatLine 70072NED Personenauto's particulieren relatief,provenance/netherlands_cars_manifest.json,country_local
netherlands,cars,2025,2025,cbs-gemeentelijke-indeling-2025,municipality,1652,GM1652,Gemert-Bakel,539.0,cars-per-1000-residents,CBS StatLine 70072NED Personenauto's particulieren relatief,provenance/netherlands_cars_manifest.json,country_local
netherlands,cars,2025,2025,cbs-gemeentelijke-indeling-2025,municipality,1655,GM1655,Halderberge,542.0,cars-per-1000-residents,CBS StatLine 70072NED Personenauto's particulieren relatief,provenance/netherlands_cars_manifest.json,country_local
netherlands,cars,2025,2025,cbs-gemeentelijke-indeling-2025,municipality,1658,GM1658,Heeze-Leende,564.0,cars-per-1000-residents,CBS StatLine 70072NED Personenauto's particulieren relatief,provenance/netherlands_cars_manifest.json,country_local
netherlands,cars,2025,2025,cbs-gemeentelijke-indeling-2025,municipality,1659,GM1659,Laarbeek,548.0,cars-per-1000-residents,CBS StatLine 70072NED Personenauto's particulieren relatief,provenance/netherlands_cars_manifest.json,country_local
netherlands,cars,2025,2025,cbs-gemeentelijke-indeling-2025,municipality,1667,GM1667,Reusel-De Mierden,560.0,cars-per-1000-residents,CBS StatLine 70072NED Personenauto's particulieren relatief,provenance/netherlands_cars_manifest.json,country_local
netherlands,cars,2025,2025,cbs-gemeentelijke-indeling-2025,municipality,1669,GM1669,Roerdalen,602.0,cars-per-1000-residents,CBS StatLine 70072NED Personenauto's particulieren relatief,provenance/netherlands_cars_manifest.json,country_local
netherlands,cars,2025,2025,cbs-gemeentelijke-indeling-2025,municipality,1674,GM1674,Roosendaal,493.0,cars-per-1000-residents,CBS StatLine 70072NED Personenauto's particulieren relatief,provenance/netherlands_cars_manifest.json,country_local
netherlands,cars,2025,2025,cbs-gemeentelijke-indeling-2025,municipality,1676,GM1676,Schouwen-Duiveland,551.0,cars-per-1000-residents,CBS StatLine 70072NED Personenauto's particulieren relatief,provenance/netherlands_cars_manifest.json,country_local
netherlands,cars,2025,2025,cbs-gemeentelijke-indeling-2025,municipality,1680,GM1680,Aa en Hunze,593.0,cars-per-1000-residents,CBS StatLine 70072NED Personenauto's particulieren relatief,provenance/netherlands_cars_manifest.json,country_local
netherlands,cars,2025,2025,cbs-gemeentelijke-indeling-2025,municipality,1681,GM1681,Borger-Odoorn,602.0,cars-per-1000-residents,CBS StatLine 70072NED Personenauto's particulieren relatief,provenance/netherlands_cars_manifest.json,country_local
netherlands,cars,2025,2025,cbs-gemeentelijke-indeling-2025,municipality,1690,GM1690,De Wolden,594.0,cars-per-1000-residents,CBS StatLine 70072NED Personenauto's particulieren relatief,provenance/netherlands_cars_manifest.json,country_local
netherlands,cars,2025,2025,cbs-gemeentelijke-indeling-2025,municipality,1695,GM1695,Noord-Beveland,602.0,cars-per-1000-residents,CBS StatLine 70072NED Personenauto's particulieren relatief,provenance/netherlands_cars_manifest.json,country_local
netherlands,cars,2025,2025,cbs-gemeentelijke-indeling-2025,municipality,1696,GM1696,Wijdemeren,558.0,cars-per-1000-residents,CBS StatLine 70072NED Personenauto's particulieren relatief,provenance/netherlands_cars_manifest.json,country_local
netherlands,cars,2025,2025,cbs-gemeentelijke-indeling-2025,municipality,1699,GM1699,Noordenveld,565.0,cars-per-1000-residents,CBS StatLine 70072NED Personenauto's particulieren relatief,provenance/netherlands_cars_manifest.json,country_local
netherlands,cars,2025,2025,cbs-gemeentelijke-indeling-2025,municipality,1700,GM1700,Twenterand,545.0,cars-per-1000-residents,CBS StatLine 70072NED Personenauto's particulieren relatief,provenance/netherlands_cars_manifest.json,country_local
netherlands,cars,2025,2025,cbs-gemeentelijke-indeling-2025,municipality,1701,GM1701,Westerveld,594.0,cars-per-1000-residents,CBS StatLine 70072NED Personenauto's particulieren relatief,provenance/netherlands_cars_manifest.json,country_local
netherlands,cars,2025,2025,cbs-gemeentelijke-indeling-2025,municipality,1705,GM1705,Lingewaard,518.0,cars-per-1000-residents,CBS StatLine 70072NED Personenauto's particulieren relatief,provenance/netherlands_cars_manifest.json,country_local
netherlands,cars,2025,2025,cbs-gemeentelijke-indeling-2025,municipality,1706,GM1706,Cranendonck,561.0,cars-per-1000-residents,CBS StatLine 70072NED Personenauto's particulieren relatief,provenance/netherlands_cars_manifest.json,country_local
netherlands,cars,2025,2025,cbs-gemeentelijke-indeling-2025,municipality,1708,GM1708,Steenwijkerland,539.0,cars-per-1000-residents,CBS StatLine 70072NED Personenauto's particulieren relatief,provenance/netherlands_cars_manifest.json,country_local
netherlands,cars,2025,2025,cbs-gemeentelijke-indeling-2025,municipality,1709,GM1709,Moerdijk,551.0,cars-per-1000-residents,CBS StatLine 70072NED Personenauto's particulieren relatief,provenance/netherlands_cars_manifest.json,country_local
netherlands,cars,2025,2025,cbs-gemeentelijke-indeling-2025,municipality,1711,GM1711,Echt-Susteren,586.0,cars-per-1000-residents,CBS StatLine 70072NED Personenauto's particulieren relatief,provenance/netherlands_cars_manifest.json,country_local
netherlands,cars,2025,2025,cbs-gemeentelijke-indeling-2025,municipality,1714,GM1714,Sluis,573.0,cars-per-1000-residents,CBS StatLine 70072NED Personenauto's particulieren relatief,provenance/netherlands_cars_manifest.json,country_local
netherlands,cars,2025,2025,cbs-gemeentelijke-indeling-2025,municipality,1719,GM1719,Drimmelen,533.0,cars-per-1000-residents,CBS StatLine 70072NED Personenauto's particulieren relatief,provenance/netherlands_cars_manifest.json,country_local
netherlands,cars,2025,2025,cbs-gemeentelijke-indeling-2025,municipality,1721,GM1721,Bernheze,541.0,cars-per-1000-residents,CBS StatLine 70072NED Personenauto's particulieren relatief,provenance/netherlands_cars_manifest.json,country_local
netherlands,cars,2025,2025,cbs-gemeentelijke-indeling-2025,municipality,1723,GM1723,Alphen-Chaam,608.0,cars-per-1000-residents,CBS StatLine 70072NED Personenauto's particulieren relatief,provenance/netherlands_cars_manifest.json,country_local
netherlands,cars,2025,2025,cbs-gemeentelijke-indeling-2025,municipality,1724,GM1724,Bergeijk,575.0,cars-per-1000-residents,CBS StatLine 70072NED Personenauto's particulieren relatief,provenance/netherlands_cars_manifest.json,country_local
netherlands,cars,2025,2025,cbs-gemeentelijke-indeling-2025,municipality,1728,GM1728,Bladel,563.0,cars-per-1000-residents,CBS StatLine 70072NED Personenauto's particulieren relatief,provenance/netherlands_cars_manifest.json,country_local
netherlands,cars,2025,2025,cbs-gemeentelijke-indeling-2025,municipality,1729,GM1729,Gulpen-Wittem,588.0,cars-per-1000-residents,CBS StatLine 70072NED Personenauto's particulieren relatief,provenance/netherlands_cars_manifest.json,country_local
netherlands,cars,2025,2025,cbs-gemeentelijke-indeling-2025,municipality,1730,GM1730,Tynaarlo,538.0,cars-per-1000-residents,CBS StatLine 70072NED Personenauto's particulieren relatief,provenance/netherlands_cars_manifest.json,country_local
netherlands,cars,2025,2025,cbs-gemeentelijke-indeling-2025,municipality,1731,GM1731,Midden-Drenthe,573.0,cars-per-1000-residents,CBS StatLine 70072NED Personenauto's particulieren relatief,provenance/netherlands_cars_manifest.json,country_local
netherlands,cars,2025,2025,cbs-gemeentelijke-indeling-2025,municipality,1734,GM1734,Overbetuwe,520.0,cars-per-1000-residents,CBS StatLine 70072NED Personenauto's particulieren relatief,provenance/netherlands_cars_manifest.json,country_local
netherlands,cars,2025,2025,cbs-gemeentelijke-indeling-2025,municipality,1735,GM1735,Hof van Twente,562.0,cars-per-1000-residents,CBS StatLine 70072NED Personenauto's particulieren relatief,provenance/netherlands_cars_manifest.json,country_local
netherlands,cars,2025,2025,cbs-gemeentelijke-indeling-2025,municipality,1740,GM1740,Neder-Betuwe,482.0,cars-per-1000-residents,CBS StatLine 70072NED Personenauto's particulieren relatief,provenance/netherlands_cars_manifest.json,country_local
netherlands,cars,2025,2025,cbs-gemeentelijke-indeling-2025,municipality,1742,GM1742,Rijssen-Holten,485.0,cars-per-1000-residents,CBS StatLine 70072NED Personenauto's particulieren relatief,provenance/netherlands_cars_manifest.json,country_local
netherlands,cars,2025,2025,cbs-gemeentelijke-indeling-2025,municipality,1771,GM1771,Geldrop-Mierlo,506.0,cars-per-1000-residents,CBS StatLine 70072NED Personenauto's particulieren relatief,provenance/netherlands_cars_manifest.json,country_local
netherlands,cars,2025,2025,cbs-gemeentelijke-indeling-2025,municipality,1773,GM1773,Olst-Wijhe,540.0,cars-per-1000-residents,CBS StatLine 70072NED Personenauto's particulieren relatief,provenance/netherlands_cars_manifest.json,country_local
netherlands,cars,2025,2025,cbs-gemeentelijke-indeling-2025,municipality,1774,GM1774,Dinkelland,548.0,cars-per-1000-residents,CBS StatLine 70072NED Personenauto's particulieren relatief,provenance/netherlands_cars_manifest.json,country_local
netherlands,cars,2025,2025,cbs-gemeentelijke-indeling-2025,municipality,1783,GM1783,Westland,461.0,cars-per-1000-residents,CBS StatLine 70072NED Personenauto's particulieren relatief,provenance/netherlands_cars_manifest.json,country_local
netherlands,cars,2025,2025,cbs-gemeentelijke-indeling-2025,municipality,1842,GM1842,Midden-Delfland,463.0,cars-per-1000-residents,CBS StatLine 70072NED Personenauto's particulieren relatief,provenance/netherlands_cars_manifest.json,country_local
netherlands,cars,2025,2025,cbs-gemeentelijke-indeling-2025,municipality,1859,GM1859,Berkelland,574.0,cars-per-1000-residents,CBS StatLine 70072NED Personenauto's particulieren relatief,provenance/netherlands_cars_manifest.json,country_local
netherlands,cars,2025,2025,cbs-gemeentelijke-indeling-2025,municipality,1876,GM1876,Bronckhorst,601.0,cars-per-1000-residents,CBS StatLine 70072NED Personenauto's particulieren relatief,provenance/netherlands_cars_manifest.json,country_local
netherlands,cars,2025,2025,cbs-gemeentelijke-indeling-2025,municipality,1883,GM1883,Sittard-Geleen,533.0,cars-per-1000-residents,CBS StatLine 70072NED Personenauto's particulieren relatief,provenance/netherlands_cars_manifest.json,country_local
netherlands,cars,2025,2025,cbs-gemeentelijke-indeling-2025,municipality,1884,GM1884,Kaag en Braassem,512.0,cars-per-1000-residents,CBS StatLine 70072NED Personenauto's particulieren relatief,provenance/netherlands_cars_manifest.json,country_local
netherlands,cars,2025,2025,cbs-gemeentelijke-indeling-2025,municipality,1891,GM1891,Dantumadiel,541.0,cars-per-1000-residents,CBS StatLine 70072NED Personenauto's particulieren relatief,provenance/netherlands_cars_manifest.json,country_local
netherlands,cars,2025,2025,cbs-gemeentelijke-indeling-2025,municipality,1892,GM1892,Zuidplas,478.0,cars-per-1000-residents,CBS StatLine 70072NED Personenauto's particulieren relatief,provenance/netherlands_cars_manifest.json,country_local
netherlands,cars,2025,2025,cbs-gemeentelijke-indeling-2025,municipality,1894,GM1894,Peel en Maas,544.0,cars-per-1000-residents,CBS StatLine 70072NED Personenauto's particulieren relatief,provenance/netherlands_cars_manifest.json,country_local
netherlands,cars,2025,2025,cbs-gemeentelijke-indeling-2025,municipality,1895,GM1895,Oldambt,558.0,cars-per-1000-residents,CBS StatLine 70072NED Personenauto's particulieren relatief,provenance/netherlands_cars_manifest.json,country_local
netherlands,cars,2025,2025,cbs-gemeentelijke-indeling-2025,municipality,1896,GM1896,Zwartewaterland,466.0,cars-per-1000-residents,CBS StatLine 70072NED Personenauto's particulieren relatief,provenance/netherlands_cars_manifest.json,country_local
netherlands,cars,2025,2025,cbs-gemeentelijke-indeling-2025,municipality,1900,GM1900,Súdwest-Fryslân,506.0,cars-per-1000-residents,CBS StatLine 70072NED Personenauto's particulieren relatief,provenance/netherlands_cars_manifest.json,country_local
netherlands,cars,2025,2025,cbs-gemeentelijke-indeling-2025,municipality,1901,GM1901,Bodegraven-Reeuwijk,469.0,cars-per-1000-residents,CBS StatLine 70072NED Personenauto's particulieren relatief,provenance/netherlands_cars_manifest.json,country_local
netherlands,cars,2025,2025,cbs-gemeentelijke-indeling-2025,municipality,1903,GM1903,Eijsden-Margraten,558.0,cars-per-1000-residents,CBS StatLine 70072NED Personenauto's particulieren relatief,provenance/netherlands_cars_manifest.json,country_local
netherlands,cars,2025,2025,cbs-gemeentelijke-indeling-2025,municipality,1904,GM1904,Stichtse Vecht,485.0,cars-per-1000-residents,CBS StatLine 70072NED Personenauto's particulieren relatief,provenance/netherlands_cars_manifest.json,country_local
netherlands,cars,2025,2025,cbs-gemeentelijke-indeling-2025,municipality,1911,GM1911,Hollands Kroon,551.0,cars-per-1000-residents,CBS StatLine 70072NED Personenauto's particulieren relatief,provenance/netherlands_cars_manifest.json,country_local
netherlands,cars,2025,2025,cbs-gemeentelijke-indeling-2025,municipality,1916,GM1916,Leidschendam-Voorburg,410.0,cars-per-1000-residents,CBS StatLine 70072NED Personenauto's particulieren relatief,provenance/netherlands_cars_manifest.json,country_local
netherlands,cars,2025,2025,cbs-gemeentelijke-indeling-2025,municipality,1924,GM1924,Goeree-Overflakkee,529.0,cars-per-1000-residents,CBS StatLine 70072NED Personenauto's particulieren relatief,provenance/netherlands_cars_manifest.json,country_local
netherlands,cars,2025,2025,cbs-gemeentelijke-indeling-2025,municipality,1926,GM1926,Pijnacker-Nootdorp,438.0,cars-per-1000-residents,CBS StatLine 70072NED Personenauto's particulieren relatief,provenance/netherlands_cars_manifest.json,country_local
netherlands,cars,2025,2025,cbs-gemeentelijke-indeling-2025,municipality,1930,GM1930,Nissewaard,464.0,cars-per-1000-residents,CBS StatLine 70072NED Personenauto's particulieren relatief,provenance/netherlands_cars_manifest.json,country_local
netherlands,cars,2025,2025,cbs-gemeentelijke-indeling-2025,municipality,1931,GM1931,Krimpenerwaard,481.0,cars-per-1000-residents,CBS StatLine 70072NED Personenauto's particulieren relatief,provenance/netherlands_cars_manifest.json,country_local
netherlands,cars,2025,2025,cbs-gemeentelijke-indeling-2025,municipality,1940,GM1940,De Fryske Marren,543.0,cars-per-1000-residents,CBS StatLine 70072NED Personenauto's particulieren relatief,provenance/netherlands_cars_manifest.json,country_local
netherlands,cars,2025,2025,cbs-gemeentelijke-indeling-2025,municipality,1942,GM1942,Gooise Meren,461.0,cars-per-1000-residents,CBS StatLine 70072NED Personenauto's particulieren relatief,provenance/netherlands_cars_manifest.json,country_local
netherlands,cars,2025,2025,cbs-gemeentelijke-indeling-2025,municipality,1945,GM1945,Berg en Dal,525.0,cars-per-1000-residents,CBS StatLine 70072NED Personenauto's particulieren relatief,provenance/netherlands_cars_manifest.json,country_local
netherlands,cars,2025,2025,cbs-gemeentelijke-indeling-2025,municipality,1948,GM1948,Meierijstad,533.0,cars-per-1000-residents,CBS StatLine 70072NED Personenauto's particulieren relatief,provenance/netherlands_cars_manifest.json,country_local
netherlands,cars,2025,2025,cbs-gemeentelijke-indeling-2025,municipality,1949,GM1949,Waadhoeke,543.0,cars-per-1000-residents,CBS StatLine 70072NED Personenauto's particulieren relatief,provenance/netherlands_cars_manifest.json,country_local
netherlands,cars,2025,2025,cbs-gemeentelijke-indeling-2025,municipality,1950,GM1950,Westerwolde,558.0,cars-per-1000-residents,CBS StatLine 70072NED Personenauto's particulieren relatief,provenance/netherlands_cars_manifest.json,country_local
netherlands,cars,2025,2025,cbs-gemeentelijke-indeling-2025,municipality,1952,GM1952,Midden-Groningen,555.0,cars-per-1000-residents,CBS StatLine 70072NED Personenauto's particulieren relatief,provenance/netherlands_cars_manifest.json,country_local
netherlands,cars,2025,2025,cbs-gemeentelijke-indeling-2025,municipality,1954,GM1954,Beekdaelen,607.0,cars-per-1000-residents,CBS StatLine 70072NED Personenauto's particulieren relatief,provenance/netherlands_cars_manifest.json,country_local
netherlands,cars,2025,2025,cbs-gemeentelijke-indeling-2025,municipality,1955,GM1955,Montferland,552.0,cars-per-1000-residents,CBS StatLine 70072NED Personenauto's particulieren relatief,provenance/netherlands_cars_manifest.json,country_local
netherlands,cars,2025,2025,cbs-gemeentelijke-indeling-2025,municipality,1959,GM1959,Altena,509.0,cars-per-1000-residents,CBS StatLine 70072NED Personenauto's particulieren relatief,provenance/netherlands_cars_manifest.json,country_local
netherlands,cars,2025,2025,cbs-gemeentelijke-indeling-2025,municipality,1960,GM1960,West Betuwe,530.0,cars-per-1000-residents,CBS StatLine 70072NED Personenauto's particulieren relatief,provenance/netherlands_cars_manifest.json,country_local
netherlands,cars,2025,2025,cbs-gemeentelijke-indeling-2025,municipality,1961,GM1961,Vijfheerenlanden,486.0,cars-per-1000-residents,CBS StatLine 70072NED Personenauto's particulieren relatief,provenance/netherlands_cars_manifest.json,country_local
netherlands,cars,2025,2025,cbs-gemeentelijke-indeling-2025,municipality,1963,GM1963,Hoeksche Waard,517.0,cars-per-1000-residents,CBS StatLine 70072NED Personenauto's particulieren relatief,provenance/netherlands_cars_manifest.json,country_local
netherlands,cars,2025,2025,cbs-gemeentelijke-indeling-2025,municipality,1966,GM1966,Het Hogeland,528.0,cars-per-1000-residents,CBS StatLine 70072NED Personenauto's particulieren relatief,provenance/netherlands_cars_manifest.json,country_local
netherlands,cars,2025,2025,cbs-gemeentelijke-indeling-2025,municipality,1969,GM1969,Westerkwartier,548.0,cars-per-1000-residents,CBS StatLine 70072NED Personenauto's particulieren relatief,provenance/netherlands_cars_manifest.json,country_local
netherlands,cars,2025,2025,cbs-gemeentelijke-indeling-2025,municipality,1970,GM1970,Noardeast-Fryslân,541.0,cars-per-1000-residents,CBS StatLine 70072NED Personenauto's particulieren relatief,provenance/netherlands_cars_manifest.json,country_local
netherlands,cars,2025,2025,cbs-gemeentelijke-indeling-2025,municipality,1978,GM1978,Molenlanden,500.0,cars-per-1000-residents,CBS StatLine 70072NED Personenauto's particulieren relatief,provenance/netherlands_cars_manifest.json,country_local
netherlands,cars,2025,2025,cbs-gemeentelijke-indeling-2025,municipality,1979,GM1979,Eemsdelta,531.0,cars-per-1000-residents,CBS StatLine 70072NED Personenauto's particulieren relatief,provenance/netherlands_cars_manifest.json,country_local
netherlands,cars,2025,2025,cbs-gemeentelijke-indeling-2025,municipality,1980,GM1980,Dijk en Waard,490.0,cars-per-1000-residents,CBS StatLine 70072NED Personenauto's particulieren relatief,provenance/netherlands_cars_manifest.json,country_local
netherlands,cars,2025,2025,cbs-gemeentelijke-indeling-2025,municipality,1982,GM1982,Land van Cuijk,557.0,cars-per-1000-residents,CBS StatLine 70072NED Personenauto's particulieren relatief,provenance/netherlands_cars_manifest.json,country_local
netherlands,cars,2025,2025,cbs-gemeentelijke-indeling-2025,municipality,1991,GM1991,Maashorst,538.0,cars-per-1000-residents,CBS StatLine 70072NED Personenauto's particulieren relatief,provenance/netherlands_cars_manifest.json,country_local
netherlands,cars,2025,2025,cbs-gemeentelijke-indeling-2025,municipality,1992,GM1992,Voorne aan Zee,538.0,cars-per-1000-residents,CBS StatLine 70072NED Personenauto's particulieren relatief,provenance/netherlands_cars_manifest.json,country_local
