country_id,factor_id,year,reference_period,geography_version,public_geography_type,public_geography_id,cbs_gm_code,municipality,value,unit,source_name,provenance_ref,comparability_status
netherlands,education,2023,2023-10-01,cbs-gemeentelijke-indeling-2023,municipality,0014,GM0014,Groningen,44.8,percent,CBS StatLine 85525NED Hoogstbehaald onderwijsniveau,provenance/netherlands_education_manifest.json,family_mapped
netherlands,education,2023,2023-10-01,cbs-gemeentelijke-indeling-2023,municipality,0034,GM0034,Almere,30.8,percent,CBS StatLine 85525NED Hoogstbehaald onderwijsniveau,provenance/netherlands_education_manifest.json,family_mapped
netherlands,education,2023,2023-10-01,cbs-gemeentelijke-indeling-2023,municipality,0037,GM0037,Stadskanaal,17.4,percent,CBS StatLine 85525NED Hoogstbehaald onderwijsniveau,provenance/netherlands_education_manifest.json,family_mapped
netherlands,education,2023,2023-10-01,cbs-gemeentelijke-indeling-2023,municipality,0047,GM0047,Veendam,20.6,percent,CBS StatLine 85525NED Hoogstbehaald onderwijsniveau,provenance/netherlands_education_manifest.json,family_mapped
netherlands,education,2023,2023-10-01,cbs-gemeentelijke-indeling-2023,municipality,0050,GM0050,Zeewolde,30.6,percent,CBS StatLine 85525NED Hoogstbehaald onderwijsniveau,provenance/netherlands_education_manifest.json,family_mapped
netherlands,education,2023,2023-10-01,cbs-gemeentelijke-indeling-2023,municipality,0059,GM0059,Achtkarspelen,17.6,percent,CBS StatLine 85525NED Hoogstbehaald onderwijsniveau,provenance/netherlands_education_manifest.json,family_mapped
netherlands,education,2023,2023-10-01,cbs-gemeentelijke-indeling-2023,municipality,0060,GM0060,Ameland,24.3,percent,CBS StatLine 85525NED Hoogstbehaald onderwijsniveau,provenance/netherlands_education_manifest.json,family_mapped
netherlands,education,2023,2023-10-01,cbs-gemeentelijke-indeling-2023,municipality,0072,GM0072,Harlingen,22.6,percent,CBS StatLine 85525NED Hoogstbehaald onderwijsniveau,provenance/netherlands_education_manifest.json,family_mapped
netherlands,education,2023,2023-10-01,cbs-gemeentelijke-indeling-2023,municipality,0074,GM0074,Heerenveen,29.2,percent,CBS StatLine 85525NED Hoogstbehaald onderwijsniveau,provenance/netherlands_education_manifest.json,family_mapped
netherlands,education,2023,2023-10-01,cbs-gemeentelijke-indeling-2023,municipality,0080,GM0080,Leeuwarden,32.5,percent,CBS StatLine 85525NED Hoogstbehaald onderwijsniveau,provenance/netherlands_education_manifest.json,family_mapped
netherlands,education,2023,2023-10-01,cbs-gemeentelijke-indeling-2023,municipality,0085,GM0085,Ooststellingwerf,24.0,percent,CBS StatLine 85525NED Hoogstbehaald onderwijsniveau,provenance/netherlands_education_manifest.json,family_mapped
netherlands,education,2023,2023-10-01,cbs-gemeentelijke-indeling-2023,municipality,0086,GM0086,Opsterland,27.8,percent,CBS StatLine 85525NED Hoogstbehaald onderwijsniveau,provenance/netherlands_education_manifest.json,family_mapped
netherlands,education,2023,2023-10-01,cbs-gemeentelijke-indeling-2023,municipality,0090,GM0090,Smallingerland,25.8,percent,CBS StatLine 85525NED Hoogstbehaald onderwijsniveau,provenance/netherlands_education_manifest.json,family_mapped
netherlands,education,2023,2023-10-01,cbs-gemeentelijke-indeling-2023,municipality,0093,GM0093,Terschelling,28.7,percent,CBS StatLine 85525NED Hoogstbehaald onderwijsniveau,provenance/netherlands_education_manifest.json,family_mapped
netherlands,education,2023,2023-10-01,cbs-gemeentelijke-indeling-2023,municipality,0096,GM0096,Vlieland,31.4,percent,CBS StatLine 85525NED Hoogstbehaald onderwijsniveau,provenance/netherlands_education_manifest.json,family_mapped
netherlands,education,2023,2023-10-01,cbs-gemeentelijke-indeling-2023,municipality,0098,GM0098,Weststellingwerf,23.6,percent,CBS StatLine 85525NED Hoogstbehaald onderwijsniveau,provenance/netherlands_education_manifest.json,family_mapped
netherlands,education,2023,2023-10-01,cbs-gemeentelijke-indeling-2023,municipality,0106,GM0106,Assen,29.6,percent,CBS StatLine 85525NED Hoogstbehaald onderwijsniveau,provenance/netherlands_education_manifest.json,family_mapped
netherlands,education,2023,2023-10-01,cbs-gemeentelijke-indeling-2023,municipality,0109,GM0109,Coevorden,22.2,percent,CBS StatLine 85525NED Hoogstbehaald onderwijsniveau,provenance/netherlands_education_manifest.json,family_mapped
netherlands,education,2023,2023-10-01,cbs-gemeentelijke-indeling-2023,municipality,0114,GM0114,Emmen,19.4,percent,CBS StatLine 85525NED Hoogstbehaald onderwijsniveau,provenance/netherlands_education_manifest.json,family_mapped
netherlands,education,2023,2023-10-01,cbs-gemeentelijke-indeling-2023,municipality,0118,GM0118,Hoogeveen,18.6,percent,CBS StatLine 85525NED Hoogstbehaald onderwijsniveau,provenance/netherlands_education_manifest.json,family_mapped
netherlands,education,2023,2023-10-01,cbs-gemeentelijke-indeling-2023,municipality,0119,GM0119,Meppel,30.4,percent,CBS StatLine 85525NED Hoogstbehaald onderwijsniveau,provenance/netherlands_education_manifest.json,family_mapped
netherlands,education,2023,2023-10-01,cbs-gemeentelijke-indeling-2023,municipality,0141,GM0141,Almelo,24.4,percent,CBS StatLine 85525NED Hoogstbehaald onderwijsniveau,provenance/netherlands_education_manifest.json,family_mapped
netherlands,education,2023,2023-10-01,cbs-gemeentelijke-indeling-2023,municipality,0147,GM0147,Borne,35.7,percent,CBS StatLine 85525NED Hoogstbehaald onderwijsniveau,provenance/netherlands_education_manifest.json,family_mapped
netherlands,education,2023,2023-10-01,cbs-gemeentelijke-indeling-2023,municipality,0148,GM0148,Dalfsen,27.5,percent,CBS StatLine 85525NED Hoogstbehaald onderwijsniveau,provenance/netherlands_education_manifest.json,family_mapped
netherlands,education,2023,2023-10-01,cbs-gemeentelijke-indeling-2023,municipality,0150,GM0150,Deventer,34.1,percent,CBS StatLine 85525NED Hoogstbehaald onderwijsniveau,provenance/netherlands_education_manifest.json,family_mapped
netherlands,education,2023,2023-10-01,cbs-gemeentelijke-indeling-2023,municipality,0153,GM0153,Enschede,30.0,percent,CBS StatLine 85525NED Hoogstbehaald onderwijsniveau,provenance/netherlands_education_manifest.json,family_mapped
netherlands,education,2023,2023-10-01,cbs-gemeentelijke-indeling-2023,municipality,0158,GM0158,Haaksbergen,29.0,percent,CBS StatLine 85525NED Hoogstbehaald onderwijsniveau,provenance/netherlands_education_manifest.json,family_mapped
netherlands,education,2023,2023-10-01,cbs-gemeentelijke-indeling-2023,municipality,0160,GM0160,Hardenberg,20.1,percent,CBS StatLine 85525NED Hoogstbehaald onderwijsniveau,provenance/netherlands_education_manifest.json,family_mapped
netherlands,education,2023,2023-10-01,cbs-gemeentelijke-indeling-2023,municipality,0163,GM0163,Hellendoorn,24.6,percent,CBS StatLine 85525NED Hoogstbehaald onderwijsniveau,provenance/netherlands_education_manifest.json,family_mapped
netherlands,education,2023,2023-10-01,cbs-gemeentelijke-indeling-2023,municipality,0164,GM0164,Hengelo,31.8,percent,CBS StatLine 85525NED Hoogstbehaald onderwijsniveau,provenance/netherlands_education_manifest.json,family_mapped
netherlands,education,2023,2023-10-01,cbs-gemeentelijke-indeling-2023,municipality,0166,GM0166,Kampen,25.8,percent,CBS StatLine 85525NED Hoogstbehaald onderwijsniveau,provenance/netherlands_education_manifest.json,family_mapped
netherlands,education,2023,2023-10-01,cbs-gemeentelijke-indeling-2023,municipality,0168,GM0168,Losser,24.8,percent,CBS StatLine 85525NED Hoogstbehaald onderwijsniveau,provenance/netherlands_education_manifest.json,family_mapped
netherlands,education,2023,2023-10-01,cbs-gemeentelijke-indeling-2023,municipality,0171,GM0171,Noordoostpolder,23.6,percent,CBS StatLine 85525NED Hoogstbehaald onderwijsniveau,provenance/netherlands_education_manifest.json,family_mapped
netherlands,education,2023,2023-10-01,cbs-gemeentelijke-indeling-2023,municipality,0173,GM0173,Oldenzaal,31.3,percent,CBS StatLine 85525NED Hoogstbehaald onderwijsniveau,provenance/netherlands_education_manifest.json,family_mapped
netherlands,education,2023,2023-10-01,cbs-gemeentelijke-indeling-2023,municipality,0175,GM0175,Ommen,26.1,percent,CBS StatLine 85525NED Hoogstbehaald onderwijsniveau,provenance/netherlands_education_manifest.json,family_mapped
netherlands,education,2023,2023-10-01,cbs-gemeentelijke-indeling-2023,municipality,0177,GM0177,Raalte,27.4,percent,CBS StatLine 85525NED Hoogstbehaald onderwijsniveau,provenance/netherlands_education_manifest.json,family_mapped
netherlands,education,2023,2023-10-01,cbs-gemeentelijke-indeling-2023,municipality,0180,GM0180,Staphorst,17.8,percent,CBS StatLine 85525NED Hoogstbehaald onderwijsniveau,provenance/netherlands_education_manifest.json,family_mapped
netherlands,education,2023,2023-10-01,cbs-gemeentelijke-indeling-2023,municipality,0183,GM0183,Tubbergen,26.5,percent,CBS StatLine 85525NED Hoogstbehaald onderwijsniveau,provenance/netherlands_education_manifest.json,family_mapped
netherlands,education,2023,2023-10-01,cbs-gemeentelijke-indeling-2023,municipality,0184,GM0184,Urk,12.3,percent,CBS StatLine 85525NED Hoogstbehaald onderwijsniveau,provenance/netherlands_education_manifest.json,family_mapped
netherlands,education,2023,2023-10-01,cbs-gemeentelijke-indeling-2023,municipality,0189,GM0189,Wierden,28.5,percent,CBS StatLine 85525NED Hoogstbehaald onderwijsniveau,provenance/netherlands_education_manifest.json,family_mapped
netherlands,education,2023,2023-10-01,cbs-gemeentelijke-indeling-2023,municipality,0193,GM0193,Zwolle,40.3,percent,CBS StatLine 85525NED Hoogstbehaald onderwijsniveau,provenance/netherlands_education_manifest.json,family_mapped
netherlands,education,2023,2023-10-01,cbs-gemeentelijke-indeling-2023,municipality,0197,GM0197,Aalten,23.7,percent,CBS StatLine 85525NED Hoogstbehaald onderwijsniveau,provenance/netherlands_education_manifest.json,family_mapped
netherlands,education,2023,2023-10-01,cbs-gemeentelijke-indeling-2023,municipality,0200,GM0200,Apeldoorn,30.1,percent,CBS StatLine 85525NED Hoogstbehaald onderwijsniveau,provenance/netherlands_education_manifest.json,family_mapped
netherlands,education,2023,2023-10-01,cbs-gemeentelijke-indeling-2023,municipality,0202,GM0202,Arnhem,37.6,percent,CBS StatLine 85525NED Hoogstbehaald onderwijsniveau,provenance/netherlands_education_manifest.json,family_mapped
netherlands,education,2023,2023-10-01,cbs-gemeentelijke-indeling-2023,municipality,0203,GM0203,Barneveld,23.7,percent,CBS StatLine 85525NED Hoogstbehaald onderwijsniveau,provenance/netherlands_education_manifest.json,family_mapped
netherlands,education,2023,2023-10-01,cbs-gemeentelijke-indeling-2023,municipality,0209,GM0209,Beuningen,31.7,percent,CBS StatLine 85525NED Hoogstbehaald onderwijsniveau,provenance/netherlands_education_manifest.json,family_mapped
netherlands,education,2023,2023-10-01,cbs-gemeentelijke-indeling-2023,municipality,0213,GM0213,Brummen,27.5,percent,CBS StatLine 85525NED Hoogstbehaald onderwijsniveau,provenance/netherlands_education_manifest.json,family_mapped
netherlands,education,2023,2023-10-01,cbs-gemeentelijke-indeling-2023,municipality,0214,GM0214,Buren,26.1,percent,CBS StatLine 85525NED Hoogstbehaald onderwijsniveau,provenance/netherlands_education_manifest.json,family_mapped
netherlands,education,2023,2023-10-01,cbs-gemeentelijke-indeling-2023,municipality,0216,GM0216,Culemborg,37.4,percent,CBS StatLine 85525NED Hoogstbehaald onderwijsniveau,provenance/netherlands_education_manifest.json,family_mapped
netherlands,education,2023,2023-10-01,cbs-gemeentelijke-indeling-2023,municipality,0221,GM0221,Doesburg,24.4,percent,CBS StatLine 85525NED Hoogstbehaald onderwijsniveau,provenance/netherlands_education_manifest.json,family_mapped
netherlands,education,2023,2023-10-01,cbs-gemeentelijke-indeling-2023,municipality,0222,GM0222,Doetinchem,30.6,percent,CBS StatLine 85525NED Hoogstbehaald onderwijsniveau,provenance/netherlands_education_manifest.json,family_mapped
netherlands,education,2023,2023-10-01,cbs-gemeentelijke-indeling-2023,municipality,0225,GM0225,Druten,28.2,percent,CBS StatLine 85525NED Hoogstbehaald onderwijsniveau,provenance/netherlands_education_manifest.json,family_mapped
netherlands,education,2023,2023-10-01,cbs-gemeentelijke-indeling-2023,municipality,0226,GM0226,Duiven,28.0,percent,CBS StatLine 85525NED Hoogstbehaald onderwijsniveau,provenance/netherlands_education_manifest.json,family_mapped
netherlands,education,2023,2023-10-01,cbs-gemeentelijke-indeling-2023,municipality,0228,GM0228,Ede,32.2,percent,CBS StatLine 85525NED Hoogstbehaald onderwijsniveau,provenance/netherlands_education_manifest.json,family_mapped
netherlands,education,2023,2023-10-01,cbs-gemeentelijke-indeling-2023,municipality,0230,GM0230,Elburg,22.5,percent,CBS StatLine 85525NED Hoogstbehaald onderwijsniveau,provenance/netherlands_education_manifest.json,family_mapped
netherlands,education,2023,2023-10-01,cbs-gemeentelijke-indeling-2023,municipality,0232,GM0232,Epe,26.0,percent,CBS StatLine 85525NED Hoogstbehaald onderwijsniveau,provenance/netherlands_education_manifest.json,family_mapped
netherlands,education,2023,2023-10-01,cbs-gemeentelijke-indeling-2023,municipality,0233,GM0233,Ermelo,29.8,percent,CBS StatLine 85525NED Hoogstbehaald onderwijsniveau,provenance/netherlands_education_manifest.json,family_mapped
netherlands,education,2023,2023-10-01,cbs-gemeentelijke-indeling-2023,municipality,0243,GM0243,Harderwijk,29.0,percent,CBS StatLine 85525NED Hoogstbehaald onderwijsniveau,provenance/netherlands_education_manifest.json,family_mapped
netherlands,education,2023,2023-10-01,cbs-gemeentelijke-indeling-2023,municipality,0244,GM0244,Hattem,34.1,percent,CBS StatLine 85525NED Hoogstbehaald onderwijsniveau,provenance/netherlands_education_manifest.json,family_mapped
netherlands,education,2023,2023-10-01,cbs-gemeentelijke-indeling-2023,municipality,0246,GM0246,Heerde,26.0,percent,CBS StatLine 85525NED Hoogstbehaald onderwijsniveau,provenance/netherlands_education_manifest.json,family_mapped
netherlands,education,2023,2023-10-01,cbs-gemeentelijke-indeling-2023,municipality,0252,GM0252,Heumen,46.3,percent,CBS StatLine 85525NED Hoogstbehaald onderwijsniveau,provenance/netherlands_education_manifest.json,family_mapped
netherlands,education,2023,2023-10-01,cbs-gemeentelijke-indeling-2023,municipality,0262,GM0262,Lochem,36.4,percent,CBS StatLine 85525NED Hoogstbehaald onderwijsniveau,provenance/netherlands_education_manifest.json,family_mapped
netherlands,education,2023,2023-10-01,cbs-gemeentelijke-indeling-2023,municipality,0263,GM0263,Maasdriel,22.5,percent,CBS StatLine 85525NED Hoogstbehaald onderwijsniveau,provenance/netherlands_education_manifest.json,family_mapped
netherlands,education,2023,2023-10-01,cbs-gemeentelijke-indeling-2023,municipality,0267,GM0267,Nijkerk,29.5,percent,CBS StatLine 85525NED Hoogstbehaald onderwijsniveau,provenance/netherlands_education_manifest.json,family_mapped
netherlands,education,2023,2023-10-01,cbs-gemeentelijke-indeling-2023,municipality,0268,GM0268,Nijmegen,46.0,percent,CBS StatLine 85525NED Hoogstbehaald onderwijsniveau,provenance/netherlands_education_manifest.json,family_mapped
netherlands,education,2023,2023-10-01,cbs-gemeentelijke-indeling-2023,municipality,0269,GM0269,Oldebroek,18.8,percent,CBS StatLine 85525NED Hoogstbehaald onderwijsniveau,provenance/netherlands_education_manifest.json,family_mapped
netherlands,education,2023,2023-10-01,cbs-gemeentelijke-indeling-2023,municipality,0273,GM0273,Putten,25.0,percent,CBS StatLine 85525NED Hoogstbehaald onderwijsniveau,provenance/netherlands_education_manifest.json,family_mapped
netherlands,education,2023,2023-10-01,cbs-gemeentelijke-indeling-2023,municipality,0274,GM0274,Renkum,45.6,percent,CBS StatLine 85525NED Hoogstbehaald onderwijsniveau,provenance/netherlands_education_manifest.json,family_mapped
netherlands,education,2023,2023-10-01,cbs-gemeentelijke-indeling-2023,municipality,0275,GM0275,Rheden,34.8,percent,CBS StatLine 85525NED Hoogstbehaald onderwijsniveau,provenance/netherlands_education_manifest.json,family_mapped
netherlands,education,2023,2023-10-01,cbs-gemeentelijke-indeling-2023,municipality,0277,GM0277,Rozendaal,58.5,percent,CBS StatLine 85525NED Hoogstbehaald onderwijsniveau,provenance/netherlands_education_manifest.json,family_mapped
netherlands,education,2023,2023-10-01,cbs-gemeentelijke-indeling-2023,municipality,0279,GM0279,Scherpenzeel,23.7,percent,CBS StatLine 85525NED Hoogstbehaald onderwijsniveau,provenance/netherlands_education_manifest.json,family_mapped
netherlands,education,2023,2023-10-01,cbs-gemeentelijke-indeling-2023,municipality,0281,GM0281,Tiel,28.1,percent,CBS StatLine 85525NED Hoogstbehaald onderwijsniveau,provenance/netherlands_education_manifest.json,family_mapped
netherlands,education,2023,2023-10-01,cbs-gemeentelijke-indeling-2023,municipality,0285,GM0285,Voorst,33.7,percent,CBS StatLine 85525NED Hoogstbehaald onderwijsniveau,provenance/netherlands_education_manifest.json,family_mapped
netherlands,education,2023,2023-10-01,cbs-gemeentelijke-indeling-2023,municipality,0289,GM0289,Wageningen,52.3,percent,CBS StatLine 85525NED Hoogstbehaald onderwijsniveau,provenance/netherlands_education_manifest.json,family_mapped
netherlands,education,2023,2023-10-01,cbs-gemeentelijke-indeling-2023,municipality,0293,GM0293,Westervoort,26.1,percent,CBS StatLine 85525NED Hoogstbehaald onderwijsniveau,provenance/netherlands_education_manifest.json,family_mapped
netherlands,education,2023,2023-10-01,cbs-gemeentelijke-indeling-2023,municipality,0294,GM0294,Winterswijk,24.1,percent,CBS StatLine 85525NED Hoogstbehaald onderwijsniveau,provenance/netherlands_education_manifest.json,family_mapped
netherlands,education,2023,2023-10-01,cbs-gemeentelijke-indeling-2023,municipality,0296,GM0296,Wijchen,31.0,percent,CBS StatLine 85525NED Hoogstbehaald onderwijsniveau,provenance/netherlands_education_manifest.json,family_mapped
netherlands,education,2023,2023-10-01,cbs-gemeentelijke-indeling-2023,municipality,0297,GM0297,Zaltbommel,29.0,percent,CBS StatLine 85525NED Hoogstbehaald onderwijsniveau,provenance/netherlands_education_manifest.json,family_mapped
netherlands,education,2023,2023-10-01,cbs-gemeentelijke-indeling-2023,municipality,0299,GM0299,Zevenaar,27.5,percent,CBS StatLine 85525NED Hoogstbehaald onderwijsniveau,provenance/netherlands_education_manifest.json,family_mapped
netherlands,education,2023,2023-10-01,cbs-gemeentelijke-indeling-2023,municipality,0301,GM0301,Zutphen,32.8,percent,CBS StatLine 85525NED Hoogstbehaald onderwijsniveau,provenance/netherlands_education_manifest.json,family_mapped
netherlands,education,2023,2023-10-01,cbs-gemeentelijke-indeling-2023,municipality,0302,GM0302,Nunspeet,22.9,percent,CBS StatLine 85525NED Hoogstbehaald onderwijsniveau,provenance/netherlands_education_manifest.json,family_mapped
netherlands,education,2023,2023-10-01,cbs-gemeentelijke-indeling-2023,municipality,0303,GM0303,Dronten,26.4,percent,CBS StatLine 85525NED Hoogstbehaald onderwijsniveau,provenance/netherlands_education_manifest.json,family_mapped
netherlands,education,2023,2023-10-01,cbs-gemeentelijke-indeling-2023,municipality,0307,GM0307,Amersfoort,43.0,percent,CBS StatLine 85525NED Hoogstbehaald onderwijsniveau,provenance/netherlands_education_manifest.json,family_mapped
netherlands,education,2023,2023-10-01,cbs-gemeentelijke-indeling-2023,municipality,0308,GM0308,Baarn,39.1,percent,CBS StatLine 85525NED Hoogstbehaald onderwijsniveau,provenance/netherlands_education_manifest.json,family_mapped
netherlands,education,2023,2023-10-01,cbs-gemeentelijke-indeling-2023,municipality,0310,GM0310,De Bilt,47.5,percent,CBS StatLine 85525NED Hoogstbehaald onderwijsniveau,provenance/netherlands_education_manifest.json,family_mapped
netherlands,education,2023,2023-10-01,cbs-gemeentelijke-indeling-2023,municipality,0312,GM0312,Bunnik,55.2,percent,CBS StatLine 85525NED Hoogstbehaald onderwijsniveau,provenance/netherlands_education_manifest.json,family_mapped
netherlands,education,2023,2023-10-01,cbs-gemeentelijke-indeling-2023,municipality,0313,GM0313,Bunschoten,19.8,percent,CBS StatLine 85525NED Hoogstbehaald onderwijsniveau,provenance/netherlands_education_manifest.json,family_mapped
netherlands,education,2023,2023-10-01,cbs-gemeentelijke-indeling-2023,municipality,0317,GM0317,Eemnes,36.1,percent,CBS StatLine 85525NED Hoogstbehaald onderwijsniveau,provenance/netherlands_education_manifest.json,family_mapped
netherlands,education,2023,2023-10-01,cbs-gemeentelijke-indeling-2023,municipality,0321,GM0321,Houten,42.8,percent,CBS StatLine 85525NED Hoogstbehaald onderwijsniveau,provenance/netherlands_education_manifest.json,family_mapped
netherlands,education,2023,2023-10-01,cbs-gemeentelijke-indeling-2023,municipality,0327,GM0327,Leusden,41.4,percent,CBS StatLine 85525NED Hoogstbehaald onderwijsniveau,provenance/netherlands_education_manifest.json,family_mapped
netherlands,education,2023,2023-10-01,cbs-gemeentelijke-indeling-2023,municipality,0331,GM0331,Lopik,22.0,percent,CBS StatLine 85525NED Hoogstbehaald onderwijsniveau,provenance/netherlands_education_manifest.json,family_mapped
netherlands,education,2023,2023-10-01,cbs-gemeentelijke-indeling-2023,municipality,0335,GM0335,Montfoort,30.2,percent,CBS StatLine 85525NED Hoogstbehaald onderwijsniveau,provenance/netherlands_education_manifest.json,family_mapped
netherlands,education,2023,2023-10-01,cbs-gemeentelijke-indeling-2023,municipality,0339,GM0339,Renswoude,23.2,percent,CBS StatLine 85525NED Hoogstbehaald onderwijsniveau,provenance/netherlands_education_manifest.json,family_mapped
netherlands,education,2023,2023-10-01,cbs-gemeentelijke-indeling-2023,municipality,0340,GM0340,Rhenen,29.0,percent,CBS StatLine 85525NED Hoogstbehaald onderwijsniveau,provenance/netherlands_education_manifest.json,family_mapped
netherlands,education,2023,2023-10-01,cbs-gemeentelijke-indeling-2023,municipality,0342,GM0342,Soest,37.4,percent,CBS StatLine 85525NED Hoogstbehaald onderwijsniveau,provenance/netherlands_education_manifest.json,family_mapped
netherlands,education,2023,2023-10-01,cbs-gemeentelijke-indeling-2023,municipality,0344,GM0344,Utrecht,54.5,percent,CBS StatLine 85525NED Hoogstbehaald onderwijsniveau,provenance/netherlands_education_manifest.json,family_mapped
netherlands,education,2023,2023-10-01,cbs-gemeentelijke-indeling-2023,municipality,0345,GM0345,Veenendaal,27.1,percent,CBS StatLine 85525NED Hoogstbehaald onderwijsniveau,provenance/netherlands_education_manifest.json,family_mapped
netherlands,education,2023,2023-10-01,cbs-gemeentelijke-indeling-2023,municipality,0351,GM0351,Woudenberg,30.6,percent,CBS StatLine 85525NED Hoogstbehaald onderwijsniveau,provenance/netherlands_education_manifest.json,family_mapped
netherlands,education,2023,2023-10-01,cbs-gemeentelijke-indeling-2023,municipality,0352,GM0352,Wijk bij Duurstede,30.6,percent,CBS StatLine 85525NED Hoogstbehaald onderwijsniveau,provenance/netherlands_education_manifest.json,family_mapped
netherlands,education,2023,2023-10-01,cbs-gemeentelijke-indeling-2023,municipality,0353,GM0353,IJsselstein,30.9,percent,CBS StatLine 85525NED Hoogstbehaald onderwijsniveau,provenance/netherlands_education_manifest.json,family_mapped
netherlands,education,2023,2023-10-01,cbs-gemeentelijke-indeling-2023,municipality,0355,GM0355,Zeist,44.7,percent,CBS StatLine 85525NED Hoogstbehaald onderwijsniveau,provenance/netherlands_education_manifest.json,family_mapped
netherlands,education,2023,2023-10-01,cbs-gemeentelijke-indeling-2023,municipality,0356,GM0356,Nieuwegein,30.6,percent,CBS StatLine 85525NED Hoogstbehaald onderwijsniveau,provenance/netherlands_education_manifest.json,family_mapped
netherlands,education,2023,2023-10-01,cbs-gemeentelijke-indeling-2023,municipality,0358,GM0358,Aalsmeer,30.5,percent,CBS StatLine 85525NED Hoogstbehaald onderwijsniveau,provenance/netherlands_education_manifest.json,family_mapped
netherlands,education,2023,2023-10-01,cbs-gemeentelijke-indeling-2023,municipality,0361,GM0361,Alkmaar,33.3,percent,CBS StatLine 85525NED Hoogstbehaald onderwijsniveau,provenance/netherlands_education_manifest.json,family_mapped
netherlands,education,2023,2023-10-01,cbs-gemeentelijke-indeling-2023,municipality,0362,GM0362,Amstelveen,48.7,percent,CBS StatLine 85525NED Hoogstbehaald onderwijsniveau,provenance/netherlands_education_manifest.json,family_mapped
netherlands,education,2023,2023-10-01,cbs-gemeentelijke-indeling-2023,municipality,0363,GM0363,Amsterdam,49.4,percent,CBS StatLine 85525NED Hoogstbehaald onderwijsniveau,provenance/netherlands_education_manifest.json,family_mapped
netherlands,education,2023,2023-10-01,cbs-gemeentelijke-indeling-2023,municipality,0373,GM0373,Bergen (NH.),37.1,percent,CBS StatLine 85525NED Hoogstbehaald onderwijsniveau,provenance/netherlands_education_manifest.json,family_mapped
netherlands,education,2023,2023-10-01,cbs-gemeentelijke-indeling-2023,municipality,0375,GM0375,Beverwijk,24.9,percent,CBS StatLine 85525NED Hoogstbehaald onderwijsniveau,provenance/netherlands_education_manifest.json,family_mapped
netherlands,education,2023,2023-10-01,cbs-gemeentelijke-indeling-2023,municipality,0376,GM0376,Blaricum,44.5,percent,CBS StatLine 85525NED Hoogstbehaald onderwijsniveau,provenance/netherlands_education_manifest.json,family_mapped
netherlands,education,2023,2023-10-01,cbs-gemeentelijke-indeling-2023,municipality,0377,GM0377,Bloemendaal,57.1,percent,CBS StatLine 85525NED Hoogstbehaald onderwijsniveau,provenance/netherlands_education_manifest.json,family_mapped
netherlands,education,2023,2023-10-01,cbs-gemeentelijke-indeling-2023,municipality,0383,GM0383,Castricum,39.3,percent,CBS StatLine 85525NED Hoogstbehaald onderwijsniveau,provenance/netherlands_education_manifest.json,family_mapped
netherlands,education,2023,2023-10-01,cbs-gemeentelijke-indeling-2023,municipality,0384,GM0384,Diemen,48.4,percent,CBS StatLine 85525NED Hoogstbehaald onderwijsniveau,provenance/netherlands_education_manifest.json,family_mapped
netherlands,education,2023,2023-10-01,cbs-gemeentelijke-indeling-2023,municipality,0385,GM0385,Edam-Volendam,29.0,percent,CBS StatLine 85525NED Hoogstbehaald onderwijsniveau,provenance/netherlands_education_manifest.json,family_mapped
netherlands,education,2023,2023-10-01,cbs-gemeentelijke-indeling-2023,municipality,0388,GM0388,Enkhuizen,26.5,percent,CBS StatLine 85525NED Hoogstbehaald onderwijsniveau,provenance/netherlands_education_manifest.json,family_mapped
netherlands,education,2023,2023-10-01,cbs-gemeentelijke-indeling-2023,municipality,0392,GM0392,Haarlem,44.9,percent,CBS StatLine 85525NED Hoogstbehaald onderwijsniveau,provenance/netherlands_education_manifest.json,family_mapped
netherlands,education,2023,2023-10-01,cbs-gemeentelijke-indeling-2023,municipality,0394,GM0394,Haarlemmermeer,32.5,percent,CBS StatLine 85525NED Hoogstbehaald onderwijsniveau,provenance/netherlands_education_manifest.json,family_mapped
netherlands,education,2023,2023-10-01,cbs-gemeentelijke-indeling-2023,municipality,0396,GM0396,Heemskerk,26.2,percent,CBS StatLine 85525NED Hoogstbehaald onderwijsniveau,provenance/netherlands_education_manifest.json,family_mapped
netherlands,education,2023,2023-10-01,cbs-gemeentelijke-indeling-2023,municipality,0397,GM0397,Heemstede,55.5,percent,CBS StatLine 85525NED Hoogstbehaald onderwijsniveau,provenance/netherlands_education_manifest.json,family_mapped
netherlands,education,2023,2023-10-01,cbs-gemeentelijke-indeling-2023,municipality,0399,GM0399,Heiloo,43.2,percent,CBS StatLine 85525NED Hoogstbehaald onderwijsniveau,provenance/netherlands_education_manifest.json,family_mapped
netherlands,education,2023,2023-10-01,cbs-gemeentelijke-indeling-2023,municipality,0400,GM0400,Den Helder,18.7,percent,CBS StatLine 85525NED Hoogstbehaald onderwijsniveau,provenance/netherlands_education_manifest.json,family_mapped
netherlands,education,2023,2023-10-01,cbs-gemeentelijke-indeling-2023,municipality,0402,GM0402,Hilversum,41.1,percent,CBS StatLine 85525NED Hoogstbehaald onderwijsniveau,provenance/netherlands_education_manifest.json,family_mapped
netherlands,education,2023,2023-10-01,cbs-gemeentelijke-indeling-2023,municipality,0405,GM0405,Hoorn,28.7,percent,CBS StatLine 85525NED Hoogstbehaald onderwijsniveau,provenance/netherlands_education_manifest.json,family_mapped
netherlands,education,2023,2023-10-01,cbs-gemeentelijke-indeling-2023,municipality,0406,GM0406,Huizen,34.6,percent,CBS StatLine 85525NED Hoogstbehaald onderwijsniveau,provenance/netherlands_education_manifest.json,family_mapped
netherlands,education,2023,2023-10-01,cbs-gemeentelijke-indeling-2023,municipality,0415,GM0415,Landsmeer,40.2,percent,CBS StatLine 85525NED Hoogstbehaald onderwijsniveau,provenance/netherlands_education_manifest.json,family_mapped
netherlands,education,2023,2023-10-01,cbs-gemeentelijke-indeling-2023,municipality,0417,GM0417,Laren,49.3,percent,CBS StatLine 85525NED Hoogstbehaald onderwijsniveau,provenance/netherlands_education_manifest.json,family_mapped
netherlands,education,2023,2023-10-01,cbs-gemeentelijke-indeling-2023,municipality,0420,GM0420,Medemblik,22.3,percent,CBS StatLine 85525NED Hoogstbehaald onderwijsniveau,provenance/netherlands_education_manifest.json,family_mapped
netherlands,education,2023,2023-10-01,cbs-gemeentelijke-indeling-2023,municipality,0431,GM0431,Oostzaan,30.9,percent,CBS StatLine 85525NED Hoogstbehaald onderwijsniveau,provenance/netherlands_education_manifest.json,family_mapped
netherlands,education,2023,2023-10-01,cbs-gemeentelijke-indeling-2023,municipality,0432,GM0432,Opmeer,24.8,percent,CBS StatLine 85525NED Hoogstbehaald onderwijsniveau,provenance/netherlands_education_manifest.json,family_mapped
netherlands,education,2023,2023-10-01,cbs-gemeentelijke-indeling-2023,municipality,0437,GM0437,Ouder-Amstel,46.8,percent,CBS StatLine 85525NED Hoogstbehaald onderwijsniveau,provenance/netherlands_education_manifest.json,family_mapped
netherlands,education,2023,2023-10-01,cbs-gemeentelijke-indeling-2023,municipality,0439,GM0439,Purmerend,27.9,percent,CBS StatLine 85525NED Hoogstbehaald onderwijsniveau,provenance/netherlands_education_manifest.json,family_mapped
netherlands,education,2023,2023-10-01,cbs-gemeentelijke-indeling-2023,municipality,0441,GM0441,Schagen,27.6,percent,CBS StatLine 85525NED Hoogstbehaald onderwijsniveau,provenance/netherlands_education_manifest.json,family_mapped
netherlands,education,2023,2023-10-01,cbs-gemeentelijke-indeling-2023,municipality,0448,GM0448,Texel,26.5,percent,CBS StatLine 85525NED Hoogstbehaald onderwijsniveau,provenance/netherlands_education_manifest.json,family_mapped
netherlands,education,2023,2023-10-01,cbs-gemeentelijke-indeling-2023,municipality,0450,GM0450,Uitgeest,32.3,percent,CBS StatLine 85525NED Hoogstbehaald onderwijsniveau,provenance/netherlands_education_manifest.json,family_mapped
netherlands,education,2023,2023-10-01,cbs-gemeentelijke-indeling-2023,municipality,0451,GM0451,Uithoorn,36.9,percent,CBS StatLine 85525NED Hoogstbehaald onderwijsniveau,provenance/netherlands_education_manifest.json,family_mapped
netherlands,education,2023,2023-10-01,cbs-gemeentelijke-indeling-2023,municipality,0453,GM0453,Velsen,28.4,percent,CBS StatLine 85525NED Hoogstbehaald onderwijsniveau,provenance/netherlands_education_manifest.json,family_mapped
netherlands,education,2023,2023-10-01,cbs-gemeentelijke-indeling-2023,municipality,0473,GM0473,Zandvoort,33.3,percent,CBS StatLine 85525NED Hoogstbehaald onderwijsniveau,provenance/netherlands_education_manifest.json,family_mapped
netherlands,education,2023,2023-10-01,cbs-gemeentelijke-indeling-2023,municipality,0479,GM0479,Zaanstad,28.5,percent,CBS StatLine 85525NED Hoogstbehaald onderwijsniveau,provenance/netherlands_education_manifest.json,family_mapped
netherlands,education,2023,2023-10-01,cbs-gemeentelijke-indeling-2023,municipality,0482,GM0482,Alblasserdam,23.1,percent,CBS StatLine 85525NED Hoogstbehaald onderwijsniveau,provenance/netherlands_education_manifest.json,family_mapped
netherlands,education,2023,2023-10-01,cbs-gemeentelijke-indeling-2023,municipality,0484,GM0484,Alphen aan den Rijn,31.6,percent,CBS StatLine 85525NED Hoogstbehaald onderwijsniveau,provenance/netherlands_education_manifest.json,family_mapped
netherlands,education,2023,2023-10-01,cbs-gemeentelijke-indeling-2023,municipality,0489,GM0489,Barendrecht,32.7,percent,CBS StatLine 85525NED Hoogstbehaald onderwijsniveau,provenance/netherlands_education_manifest.json,family_mapped
netherlands,education,2023,2023-10-01,cbs-gemeentelijke-indeling-2023,municipality,0498,GM0498,Drechterland,25.4,percent,CBS StatLine 85525NED Hoogstbehaald onderwijsniveau,provenance/netherlands_education_manifest.json,family_mapped
netherlands,education,2023,2023-10-01,cbs-gemeentelijke-indeling-2023,municipality,0502,GM0502,Capelle aan den IJssel,31.5,percent,CBS StatLine 85525NED Hoogstbehaald onderwijsniveau,provenance/netherlands_education_manifest.json,family_mapped
netherlands,education,2023,2023-10-01,cbs-gemeentelijke-indeling-2023,municipality,0503,GM0503,Delft,47.9,percent,CBS StatLine 85525NED Hoogstbehaald onderwijsniveau,provenance/netherlands_education_manifest.json,family_mapped
netherlands,education,2023,2023-10-01,cbs-gemeentelijke-indeling-2023,municipality,0505,GM0505,Dordrecht,28.1,percent,CBS StatLine 85525NED Hoogstbehaald onderwijsniveau,provenance/netherlands_education_manifest.json,family_mapped
netherlands,education,2023,2023-10-01,cbs-gemeentelijke-indeling-2023,municipality,0512,GM0512,Gorinchem,29.1,percent,CBS StatLine 85525NED Hoogstbehaald onderwijsniveau,provenance/netherlands_education_manifest.json,family_mapped
netherlands,education,2023,2023-10-01,cbs-gemeentelijke-indeling-2023,municipality,0513,GM0513,Gouda,35.4,percent,CBS StatLine 85525NED Hoogstbehaald onderwijsniveau,provenance/netherlands_education_manifest.json,family_mapped
netherlands,education,2023,2023-10-01,cbs-gemeentelijke-indeling-2023,municipality,0518,GM0518,'s-Gravenhage,36.6,percent,CBS StatLine 85525NED Hoogstbehaald onderwijsniveau,provenance/netherlands_education_manifest.json,family_mapped
netherlands,education,2023,2023-10-01,cbs-gemeentelijke-indeling-2023,municipality,0523,GM0523,Hardinxveld-Giessendam,19.3,percent,CBS StatLine 85525NED Hoogstbehaald onderwijsniveau,provenance/netherlands_education_manifest.json,family_mapped
netherlands,education,2023,2023-10-01,cbs-gemeentelijke-indeling-2023,municipality,0531,GM0531,Hendrik-Ido-Ambacht,28.9,percent,CBS StatLine 85525NED Hoogstbehaald onderwijsniveau,provenance/netherlands_education_manifest.json,family_mapped
netherlands,education,2023,2023-10-01,cbs-gemeentelijke-indeling-2023,municipality,0532,GM0532,Stede Broec,19.3,percent,CBS StatLine 85525NED Hoogstbehaald onderwijsniveau,provenance/netherlands_education_manifest.json,family_mapped
netherlands,education,2023,2023-10-01,cbs-gemeentelijke-indeling-2023,municipality,0534,GM0534,Hillegom,29.7,percent,CBS StatLine 85525NED Hoogstbehaald onderwijsniveau,provenance/netherlands_education_manifest.json,family_mapped
netherlands,education,2023,2023-10-01,cbs-gemeentelijke-indeling-2023,municipality,0537,GM0537,Katwijk,23.0,percent,CBS StatLine 85525NED Hoogstbehaald onderwijsniveau,provenance/netherlands_education_manifest.json,family_mapped
netherlands,education,2023,2023-10-01,cbs-gemeentelijke-indeling-2023,municipality,0542,GM0542,Krimpen aan den IJssel,26.2,percent,CBS StatLine 85525NED Hoogstbehaald onderwijsniveau,provenance/netherlands_education_manifest.json,family_mapped
netherlands,education,2023,2023-10-01,cbs-gemeentelijke-indeling-2023,municipality,0546,GM0546,Leiden,49.2,percent,CBS StatLine 85525NED Hoogstbehaald onderwijsniveau,provenance/netherlands_education_manifest.json,family_mapped
netherlands,education,2023,2023-10-01,cbs-gemeentelijke-indeling-2023,municipality,0547,GM0547,Leiderdorp,40.9,percent,CBS StatLine 85525NED Hoogstbehaald onderwijsniveau,provenance/netherlands_education_manifest.json,family_mapped
netherlands,education,2023,2023-10-01,cbs-gemeentelijke-indeling-2023,municipality,0553,GM0553,Lisse,29.8,percent,CBS StatLine 85525NED Hoogstbehaald onderwijsniveau,provenance/netherlands_education_manifest.json,family_mapped
netherlands,education,2023,2023-10-01,cbs-gemeentelijke-indeling-2023,municipality,0556,GM0556,Maassluis,28.2,percent,CBS StatLine 85525NED Hoogstbehaald onderwijsniveau,provenance/netherlands_education_manifest.json,family_mapped
netherlands,education,2023,2023-10-01,cbs-gemeentelijke-indeling-2023,municipality,0569,GM0569,Nieuwkoop,26.0,percent,CBS StatLine 85525NED Hoogstbehaald onderwijsniveau,provenance/netherlands_education_manifest.json,family_mapped
netherlands,education,2023,2023-10-01,cbs-gemeentelijke-indeling-2023,municipality,0575,GM0575,Noordwijk,34.1,percent,CBS StatLine 85525NED Hoogstbehaald onderwijsniveau,provenance/netherlands_education_manifest.json,family_mapped
netherlands,education,2023,2023-10-01,cbs-gemeentelijke-indeling-2023,municipality,0579,GM0579,Oegstgeest,59.1,percent,CBS StatLine 85525NED Hoogstbehaald onderwijsniveau,provenance/netherlands_education_manifest.json,family_mapped
netherlands,education,2023,2023-10-01,cbs-gemeentelijke-indeling-2023,municipality,0589,GM0589,Oudewater,26.6,percent,CBS StatLine 85525NED Hoogstbehaald onderwijsniveau,provenance/netherlands_education_manifest.json,family_mapped
netherlands,education,2023,2023-10-01,cbs-gemeentelijke-indeling-2023,municipality,0590,GM0590,Papendrecht,24.3,percent,CBS StatLine 85525NED Hoogstbehaald onderwijsniveau,provenance/netherlands_education_manifest.json,family_mapped
netherlands,education,2023,2023-10-01,cbs-gemeentelijke-indeling-2023,municipality,0597,GM0597,Ridderkerk,23.9,percent,CBS StatLine 85525NED Hoogstbehaald onderwijsniveau,provenance/netherlands_education_manifest.json,family_mapped
netherlands,education,2023,2023-10-01,cbs-gemeentelijke-indeling-2023,municipality,0599,GM0599,Rotterdam,33.4,percent,CBS StatLine 85525NED Hoogstbehaald onderwijsniveau,provenance/netherlands_education_manifest.json,family_mapped
netherlands,education,2023,2023-10-01,cbs-gemeentelijke-indeling-2023,municipality,0603,GM0603,Rijswijk,40.3,percent,CBS StatLine 85525NED Hoogstbehaald onderwijsniveau,provenance/netherlands_education_manifest.json,family_mapped
netherlands,education,2023,2023-10-01,cbs-gemeentelijke-indeling-2023,municipality,0606,GM0606,Schiedam,26.5,percent,CBS StatLine 85525NED Hoogstbehaald onderwijsniveau,provenance/netherlands_education_manifest.json,family_mapped
netherlands,education,2023,2023-10-01,cbs-gemeentelijke-indeling-2023,municipality,0610,GM0610,Sliedrecht,20.6,percent,CBS StatLine 85525NED Hoogstbehaald onderwijsniveau,provenance/netherlands_education_manifest.json,family_mapped
netherlands,education,2023,2023-10-01,cbs-gemeentelijke-indeling-2023,municipality,0613,GM0613,Albrandswaard,34.8,percent,CBS StatLine 85525NED Hoogstbehaald onderwijsniveau,provenance/netherlands_education_manifest.json,family_mapped
netherlands,education,2023,2023-10-01,cbs-gemeentelijke-indeling-2023,municipality,0622,GM0622,Vlaardingen,23.9,percent,CBS StatLine 85525NED Hoogstbehaald onderwijsniveau,provenance/netherlands_education_manifest.json,family_mapped
netherlands,education,2023,2023-10-01,cbs-gemeentelijke-indeling-2023,municipality,0626,GM0626,Voorschoten,45.6,percent,CBS StatLine 85525NED Hoogstbehaald onderwijsniveau,provenance/netherlands_education_manifest.json,family_mapped
netherlands,education,2023,2023-10-01,cbs-gemeentelijke-indeling-2023,municipality,0627,GM0627,Waddinxveen,29.8,percent,CBS StatLine 85525NED Hoogstbehaald onderwijsniveau,provenance/netherlands_education_manifest.json,family_mapped
netherlands,education,2023,2023-10-01,cbs-gemeentelijke-indeling-2023,municipality,0629,GM0629,Wassenaar,52.0,percent,CBS StatLine 85525NED Hoogstbehaald onderwijsniveau,provenance/netherlands_education_manifest.json,family_mapped
netherlands,education,2023,2023-10-01,cbs-gemeentelijke-indeling-2023,municipality,0632,GM0632,Woerden,35.9,percent,CBS StatLine 85525NED Hoogstbehaald onderwijsniveau,provenance/netherlands_education_manifest.json,family_mapped
netherlands,education,2023,2023-10-01,cbs-gemeentelijke-indeling-2023,municipality,0637,GM0637,Zoetermeer,30.8,percent,CBS StatLine 85525NED Hoogstbehaald onderwijsniveau,provenance/netherlands_education_manifest.json,family_mapped
netherlands,education,2023,2023-10-01,cbs-gemeentelijke-indeling-2023,municipality,0638,GM0638,Zoeterwoude,36.3,percent,CBS StatLine 85525NED Hoogstbehaald onderwijsniveau,provenance/netherlands_education_manifest.json,family_mapped
netherlands,education,2023,2023-10-01,cbs-gemeentelijke-indeling-2023,municipality,0642,GM0642,Zwijndrecht,22.7,percent,CBS StatLine 85525NED Hoogstbehaald onderwijsniveau,provenance/netherlands_education_manifest.json,family_mapped
netherlands,education,2023,2023-10-01,cbs-gemeentelijke-indeling-2023,municipality,0654,GM0654,Borsele,24.8,percent,CBS StatLine 85525NED Hoogstbehaald onderwijsniveau,provenance/netherlands_education_manifest.json,family_mapped
netherlands,education,2023,2023-10-01,cbs-gemeentelijke-indeling-2023,municipality,0664,GM0664,Goes,27.7,percent,CBS StatLine 85525NED Hoogstbehaald onderwijsniveau,provenance/netherlands_education_manifest.json,family_mapped
netherlands,education,2023,2023-10-01,cbs-gemeentelijke-indeling-2023,municipality,0668,GM0668,West Maas en Waal,25.7,percent,CBS StatLine 85525NED Hoogstbehaald onderwijsniveau,provenance/netherlands_education_manifest.json,family_mapped
netherlands,education,2023,2023-10-01,cbs-gemeentelijke-indeling-2023,municipality,0677,GM0677,Hulst,23.9,percent,CBS StatLine 85525NED Hoogstbehaald onderwijsniveau,provenance/netherlands_education_manifest.json,family_mapped
netherlands,education,2023,2023-10-01,cbs-gemeentelijke-indeling-2023,municipality,0678,GM0678,Kapelle,30.4,percent,CBS StatLine 85525NED Hoogstbehaald onderwijsniveau,provenance/netherlands_education_manifest.json,family_mapped
netherlands,education,2023,2023-10-01,cbs-gemeentelijke-indeling-2023,municipality,0687,GM0687,Middelburg,29.9,percent,CBS StatLine 85525NED Hoogstbehaald onderwijsniveau,provenance/netherlands_education_manifest.json,family_mapped
netherlands,education,2023,2023-10-01,cbs-gemeentelijke-indeling-2023,municipality,0703,GM0703,Reimerswaal,16.4,percent,CBS StatLine 85525NED Hoogstbehaald onderwijsniveau,provenance/netherlands_education_manifest.json,family_mapped
netherlands,education,2023,2023-10-01,cbs-gemeentelijke-indeling-2023,municipality,0715,GM0715,Terneuzen,23.3,percent,CBS StatLine 85525NED Hoogstbehaald onderwijsniveau,provenance/netherlands_education_manifest.json,family_mapped
netherlands,education,2023,2023-10-01,cbs-gemeentelijke-indeling-2023,municipality,0716,GM0716,Tholen,19.2,percent,CBS StatLine 85525NED Hoogstbehaald onderwijsniveau,provenance/netherlands_education_manifest.json,family_mapped
netherlands,education,2023,2023-10-01,cbs-gemeentelijke-indeling-2023,municipality,0717,GM0717,Veere,29.0,percent,CBS StatLine 85525NED Hoogstbehaald onderwijsniveau,provenance/netherlands_education_manifest.json,family_mapped
netherlands,education,2023,2023-10-01,cbs-gemeentelijke-indeling-2023,municipality,0718,GM0718,Vlissingen,22.8,percent,CBS StatLine 85525NED Hoogstbehaald onderwijsniveau,provenance/netherlands_education_manifest.json,family_mapped
netherlands,education,2023,2023-10-01,cbs-gemeentelijke-indeling-2023,municipality,0736,GM0736,De Ronde Venen,37.5,percent,CBS StatLine 85525NED Hoogstbehaald onderwijsniveau,provenance/netherlands_education_manifest.json,family_mapped
netherlands,education,2023,2023-10-01,cbs-gemeentelijke-indeling-2023,municipality,0737,GM0737,Tytsjerksteradiel,26.7,percent,CBS StatLine 85525NED Hoogstbehaald onderwijsniveau,provenance/netherlands_education_manifest.json,family_mapped
netherlands,education,2023,2023-10-01,cbs-gemeentelijke-indeling-2023,municipality,0743,GM0743,Asten,26.9,percent,CBS StatLine 85525NED Hoogstbehaald onderwijsniveau,provenance/netherlands_education_manifest.json,family_mapped
netherlands,education,2023,2023-10-01,cbs-gemeentelijke-indeling-2023,municipality,0744,GM0744,Baarle-Nassau,22.9,percent,CBS StatLine 85525NED Hoogstbehaald onderwijsniveau,provenance/netherlands_education_manifest.json,family_mapped
netherlands,education,2023,2023-10-01,cbs-gemeentelijke-indeling-2023,municipality,0748,GM0748,Bergen op Zoom,27.7,percent,CBS StatLine 85525NED Hoogstbehaald onderwijsniveau,provenance/netherlands_education_manifest.json,family_mapped
netherlands,education,2023,2023-10-01,cbs-gemeentelijke-indeling-2023,municipality,0753,GM0753,Best,37.8,percent,CBS StatLine 85525NED Hoogstbehaald onderwijsniveau,provenance/netherlands_education_manifest.json,family_mapped
netherlands,education,2023,2023-10-01,cbs-gemeentelijke-indeling-2023,municipality,0755,GM0755,Boekel,23.1,percent,CBS StatLine 85525NED Hoogstbehaald onderwijsniveau,provenance/netherlands_education_manifest.json,family_mapped
netherlands,education,2023,2023-10-01,cbs-gemeentelijke-indeling-2023,municipality,0757,GM0757,Boxtel,29.4,percent,CBS StatLine 85525NED Hoogstbehaald onderwijsniveau,provenance/netherlands_education_manifest.json,family_mapped
netherlands,education,2023,2023-10-01,cbs-gemeentelijke-indeling-2023,municipality,0758,GM0758,Breda,40.2,percent,CBS StatLine 85525NED Hoogstbehaald onderwijsniveau,provenance/netherlands_education_manifest.json,family_mapped
netherlands,education,2023,2023-10-01,cbs-gemeentelijke-indeling-2023,municipality,0762,GM0762,Deurne,24.7,percent,CBS StatLine 85525NED Hoogstbehaald onderwijsniveau,provenance/netherlands_education_manifest.json,family_mapped
netherlands,education,2023,2023-10-01,cbs-gemeentelijke-indeling-2023,municipality,0765,GM0765,Pekela,12.8,percent,CBS StatLine 85525NED Hoogstbehaald onderwijsniveau,provenance/netherlands_education_manifest.json,family_mapped
netherlands,education,2023,2023-10-01,cbs-gemeentelijke-indeling-2023,municipality,0766,GM0766,Dongen,26.9,percent,CBS StatLine 85525NED Hoogstbehaald onderwijsniveau,provenance/netherlands_education_manifest.json,family_mapped
netherlands,education,2023,2023-10-01,cbs-gemeentelijke-indeling-2023,municipality,0770,GM0770,Eersel,32.3,percent,CBS StatLine 85525NED Hoogstbehaald onderwijsniveau,provenance/netherlands_education_manifest.json,family_mapped
netherlands,education,2023,2023-10-01,cbs-gemeentelijke-indeling-2023,municipality,0772,GM0772,Eindhoven,42.8,percent,CBS StatLine 85525NED Hoogstbehaald onderwijsniveau,provenance/netherlands_education_manifest.json,family_mapped
netherlands,education,2023,2023-10-01,cbs-gemeentelijke-indeling-2023,municipality,0777,GM0777,Etten-Leur,29.4,percent,CBS StatLine 85525NED Hoogstbehaald onderwijsniveau,provenance/netherlands_education_manifest.json,family_mapped
netherlands,education,2023,2023-10-01,cbs-gemeentelijke-indeling-2023,municipality,0779,GM0779,Geertruidenberg,22.6,percent,CBS StatLine 85525NED Hoogstbehaald onderwijsniveau,provenance/netherlands_education_manifest.json,family_mapped
netherlands,education,2023,2023-10-01,cbs-gemeentelijke-indeling-2023,municipality,0784,GM0784,Gilze en Rijen,27.2,percent,CBS StatLine 85525NED Hoogstbehaald onderwijsniveau,provenance/netherlands_education_manifest.json,family_mapped
netherlands,education,2023,2023-10-01,cbs-gemeentelijke-indeling-2023,municipality,0785,GM0785,Goirle,34.4,percent,CBS StatLine 85525NED Hoogstbehaald onderwijsniveau,provenance/netherlands_education_manifest.json,family_mapped
netherlands,education,2023,2023-10-01,cbs-gemeentelijke-indeling-2023,municipality,0794,GM0794,Helmond,25.6,percent,CBS StatLine 85525NED Hoogstbehaald onderwijsniveau,provenance/netherlands_education_manifest.json,family_mapped
netherlands,education,2023,2023-10-01,cbs-gemeentelijke-indeling-2023,municipality,0796,GM0796,'s-Hertogenbosch,40.8,percent,CBS StatLine 85525NED Hoogstbehaald onderwijsniveau,provenance/netherlands_education_manifest.json,family_mapped
netherlands,education,2023,2023-10-01,cbs-gemeentelijke-indeling-2023,municipality,0797,GM0797,Heusden,30.9,percent,CBS StatLine 85525NED Hoogstbehaald onderwijsniveau,provenance/netherlands_education_manifest.json,family_mapped
netherlands,education,2023,2023-10-01,cbs-gemeentelijke-indeling-2023,municipality,0798,GM0798,Hilvarenbeek,34.3,percent,CBS StatLine 85525NED Hoogstbehaald onderwijsniveau,provenance/netherlands_education_manifest.json,family_mapped
netherlands,education,2023,2023-10-01,cbs-gemeentelijke-indeling-2023,municipality,0809,GM0809,Loon op Zand,25.1,percent,CBS StatLine 85525NED Hoogstbehaald onderwijsniveau,provenance/netherlands_education_manifest.json,family_mapped
netherlands,education,2023,2023-10-01,cbs-gemeentelijke-indeling-2023,municipality,0820,GM0820,"Nuenen, Gerwen en Nederwetten",42.6,percent,CBS StatLine 85525NED Hoogstbehaald onderwijsniveau,provenance/netherlands_education_manifest.json,family_mapped
netherlands,education,2023,2023-10-01,cbs-gemeentelijke-indeling-2023,municipality,0823,GM0823,Oirschot,27.5,percent,CBS StatLine 85525NED Hoogstbehaald onderwijsniveau,provenance/netherlands_education_manifest.json,family_mapped
netherlands,education,2023,2023-10-01,cbs-gemeentelijke-indeling-2023,municipality,0824,GM0824,Oisterwijk,34.6,percent,CBS StatLine 85525NED Hoogstbehaald onderwijsniveau,provenance/netherlands_education_manifest.json,family_mapped
netherlands,education,2023,2023-10-01,cbs-gemeentelijke-indeling-2023,municipality,0826,GM0826,Oosterhout,29.9,percent,CBS StatLine 85525NED Hoogstbehaald onderwijsniveau,provenance/netherlands_education_manifest.json,family_mapped
netherlands,education,2023,2023-10-01,cbs-gemeentelijke-indeling-2023,municipality,0828,GM0828,Oss,26.6,percent,CBS StatLine 85525NED Hoogstbehaald onderwijsniveau,provenance/netherlands_education_manifest.json,family_mapped
netherlands,education,2023,2023-10-01,cbs-gemeentelijke-indeling-2023,municipality,0840,GM0840,Rucphen,18.2,percent,CBS StatLine 85525NED Hoogstbehaald onderwijsniveau,provenance/netherlands_education_manifest.json,family_mapped
netherlands,education,2023,2023-10-01,cbs-gemeentelijke-indeling-2023,municipality,0845,GM0845,Sint-Michielsgestel,34.4,percent,CBS StatLine 85525NED Hoogstbehaald onderwijsniveau,provenance/netherlands_education_manifest.json,family_mapped
netherlands,education,2023,2023-10-01,cbs-gemeentelijke-indeling-2023,municipality,0847,GM0847,Someren,25.3,percent,CBS StatLine 85525NED Hoogstbehaald onderwijsniveau,provenance/netherlands_education_manifest.json,family_mapped
netherlands,education,2023,2023-10-01,cbs-gemeentelijke-indeling-2023,municipality,0848,GM0848,Son en Breugel,42.2,percent,CBS StatLine 85525NED Hoogstbehaald onderwijsniveau,provenance/netherlands_education_manifest.json,family_mapped
netherlands,education,2023,2023-10-01,cbs-gemeentelijke-indeling-2023,municipality,0851,GM0851,Steenbergen,22.7,percent,CBS StatLine 85525NED Hoogstbehaald onderwijsniveau,provenance/netherlands_education_manifest.json,family_mapped
netherlands,education,2023,2023-10-01,cbs-gemeentelijke-indeling-2023,municipality,0852,GM0852,Waterland,38.0,percent,CBS StatLine 85525NED Hoogstbehaald onderwijsniveau,provenance/netherlands_education_manifest.json,family_mapped
netherlands,education,2023,2023-10-01,cbs-gemeentelijke-indeling-2023,municipality,0855,GM0855,Tilburg,32.7,percent,CBS StatLine 85525NED Hoogstbehaald onderwijsniveau,provenance/netherlands_education_manifest.json,family_mapped
netherlands,education,2023,2023-10-01,cbs-gemeentelijke-indeling-2023,municipality,0858,GM0858,Valkenswaard,30.6,percent,CBS StatLine 85525NED Hoogstbehaald onderwijsniveau,provenance/netherlands_education_manifest.json,family_mapped
netherlands,education,2023,2023-10-01,cbs-gemeentelijke-indeling-2023,municipality,0861,GM0861,Veldhoven,37.6,percent,CBS StatLine 85525NED Hoogstbehaald onderwijsniveau,provenance/netherlands_education_manifest.json,family_mapped
netherlands,education,2023,2023-10-01,cbs-gemeentelijke-indeling-2023,municipality,0865,GM0865,Vught,43.9,percent,CBS StatLine 85525NED Hoogstbehaald onderwijsniveau,provenance/netherlands_education_manifest.json,family_mapped
netherlands,education,2023,2023-10-01,cbs-gemeentelijke-indeling-2023,municipality,0866,GM0866,Waalre,50.9,percent,CBS StatLine 85525NED Hoogstbehaald onderwijsniveau,provenance/netherlands_education_manifest.json,family_mapped
netherlands,education,2023,2023-10-01,cbs-gemeentelijke-indeling-2023,municipality,0867,GM0867,Waalwijk,23.5,percent,CBS StatLine 85525NED Hoogstbehaald onderwijsniveau,provenance/netherlands_education_manifest.json,family_mapped
netherlands,education,2023,2023-10-01,cbs-gemeentelijke-indeling-2023,municipality,0873,GM0873,Woensdrecht,25.8,percent,CBS StatLine 85525NED Hoogstbehaald onderwijsniveau,provenance/netherlands_education_manifest.json,family_mapped
netherlands,education,2023,2023-10-01,cbs-gemeentelijke-indeling-2023,municipality,0879,GM0879,Zundert,25.7,percent,CBS StatLine 85525NED Hoogstbehaald onderwijsniveau,provenance/netherlands_education_manifest.json,family_mapped
netherlands,education,2023,2023-10-01,cbs-gemeentelijke-indeling-2023,municipality,0880,GM0880,Wormerland,27.6,percent,CBS StatLine 85525NED Hoogstbehaald onderwijsniveau,provenance/netherlands_education_manifest.json,family_mapped
netherlands,education,2023,2023-10-01,cbs-gemeentelijke-indeling-2023,municipality,0882,GM0882,Landgraaf,24.0,percent,CBS StatLine 85525NED Hoogstbehaald onderwijsniveau,provenance/netherlands_education_manifest.json,family_mapped
netherlands,education,2023,2023-10-01,cbs-gemeentelijke-indeling-2023,municipality,0888,GM0888,Beek,31.6,percent,CBS StatLine 85525NED Hoogstbehaald onderwijsniveau,provenance/netherlands_education_manifest.json,family_mapped
netherlands,education,2023,2023-10-01,cbs-gemeentelijke-indeling-2023,municipality,0889,GM0889,Beesel,22.0,percent,CBS StatLine 85525NED Hoogstbehaald onderwijsniveau,provenance/netherlands_education_manifest.json,family_mapped
netherlands,education,2023,2023-10-01,cbs-gemeentelijke-indeling-2023,municipality,0893,GM0893,Bergen (L.),21.7,percent,CBS StatLine 85525NED Hoogstbehaald onderwijsniveau,provenance/netherlands_education_manifest.json,family_mapped
netherlands,education,2023,2023-10-01,cbs-gemeentelijke-indeling-2023,municipality,0899,GM0899,Brunssum,21.3,percent,CBS StatLine 85525NED Hoogstbehaald onderwijsniveau,provenance/netherlands_education_manifest.json,family_mapped
netherlands,education,2023,2023-10-01,cbs-gemeentelijke-indeling-2023,municipality,0907,GM0907,Gennep,25.7,percent,CBS StatLine 85525NED Hoogstbehaald onderwijsniveau,provenance/netherlands_education_manifest.json,family_mapped
netherlands,education,2023,2023-10-01,cbs-gemeentelijke-indeling-2023,municipality,0917,GM0917,Heerlen,24.0,percent,CBS StatLine 85525NED Hoogstbehaald onderwijsniveau,provenance/netherlands_education_manifest.json,family_mapped
netherlands,education,2023,2023-10-01,cbs-gemeentelijke-indeling-2023,municipality,0928,GM0928,Kerkrade,19.3,percent,CBS StatLine 85525NED Hoogstbehaald onderwijsniveau,provenance/netherlands_education_manifest.json,family_mapped
netherlands,education,2023,2023-10-01,cbs-gemeentelijke-indeling-2023,municipality,0935,GM0935,Maastricht,36.6,percent,CBS StatLine 85525NED Hoogstbehaald onderwijsniveau,provenance/netherlands_education_manifest.json,family_mapped
netherlands,education,2023,2023-10-01,cbs-gemeentelijke-indeling-2023,municipality,0938,GM0938,Meerssen,35.7,percent,CBS StatLine 85525NED Hoogstbehaald onderwijsniveau,provenance/netherlands_education_manifest.json,family_mapped
netherlands,education,2023,2023-10-01,cbs-gemeentelijke-indeling-2023,municipality,0944,GM0944,Mook en Middelaar,42.8,percent,CBS StatLine 85525NED Hoogstbehaald onderwijsniveau,provenance/netherlands_education_manifest.json,family_mapped
netherlands,education,2023,2023-10-01,cbs-gemeentelijke-indeling-2023,municipality,0946,GM0946,Nederweert,25.5,percent,CBS StatLine 85525NED Hoogstbehaald onderwijsniveau,provenance/netherlands_education_manifest.json,family_mapped
netherlands,education,2023,2023-10-01,cbs-gemeentelijke-indeling-2023,municipality,0957,GM0957,Roermond,29.2,percent,CBS StatLine 85525NED Hoogstbehaald onderwijsniveau,provenance/netherlands_education_manifest.json,family_mapped
netherlands,education,2023,2023-10-01,cbs-gemeentelijke-indeling-2023,municipality,0965,GM0965,Simpelveld,28.7,percent,CBS StatLine 85525NED Hoogstbehaald onderwijsniveau,provenance/netherlands_education_manifest.json,family_mapped
netherlands,education,2023,2023-10-01,cbs-gemeentelijke-indeling-2023,municipality,0971,GM0971,Stein,26.2,percent,CBS StatLine 85525NED Hoogstbehaald onderwijsniveau,provenance/netherlands_education_manifest.json,family_mapped
netherlands,education,2023,2023-10-01,cbs-gemeentelijke-indeling-2023,municipality,0981,GM0981,Vaals,27.3,percent,CBS StatLine 85525NED Hoogstbehaald onderwijsniveau,provenance/netherlands_education_manifest.json,family_mapped
netherlands,education,2023,2023-10-01,cbs-gemeentelijke-indeling-2023,municipality,0983,GM0983,Venlo,24.8,percent,CBS StatLine 85525NED Hoogstbehaald onderwijsniveau,provenance/netherlands_education_manifest.json,family_mapped
netherlands,education,2023,2023-10-01,cbs-gemeentelijke-indeling-2023,municipality,0984,GM0984,Venray,27.1,percent,CBS StatLine 85525NED Hoogstbehaald onderwijsniveau,provenance/netherlands_education_manifest.json,family_mapped
netherlands,education,2023,2023-10-01,cbs-gemeentelijke-indeling-2023,municipality,0986,GM0986,Voerendaal,36.5,percent,CBS StatLine 85525NED Hoogstbehaald onderwijsniveau,provenance/netherlands_education_manifest.json,family_mapped
netherlands,education,2023,2023-10-01,cbs-gemeentelijke-indeling-2023,municipality,0988,GM0988,Weert,29.8,percent,CBS StatLine 85525NED Hoogstbehaald onderwijsniveau,provenance/netherlands_education_manifest.json,family_mapped
netherlands,education,2023,2023-10-01,cbs-gemeentelijke-indeling-2023,municipality,0994,GM0994,Valkenburg aan de Geul,33.1,percent,CBS StatLine 85525NED Hoogstbehaald onderwijsniveau,provenance/netherlands_education_manifest.json,family_mapped
netherlands,education,2023,2023-10-01,cbs-gemeentelijke-indeling-2023,municipality,0995,GM0995,Lelystad,25.0,percent,CBS StatLine 85525NED Hoogstbehaald onderwijsniveau,provenance/netherlands_education_manifest.json,family_mapped
netherlands,education,2023,2023-10-01,cbs-gemeentelijke-indeling-2023,municipality,1507,GM1507,Horst aan de Maas,28.0,percent,CBS StatLine 85525NED Hoogstbehaald onderwijsniveau,provenance/netherlands_education_manifest.json,family_mapped
netherlands,education,2023,2023-10-01,cbs-gemeentelijke-indeling-2023,municipality,1509,GM1509,Oude IJsselstreek,21.9,percent,CBS StatLine 85525NED Hoogstbehaald onderwijsniveau,provenance/netherlands_education_manifest.json,family_mapped
netherlands,education,2023,2023-10-01,cbs-gemeentelijke-indeling-2023,municipality,1525,GM1525,Teylingen,36.2,percent,CBS StatLine 85525NED Hoogstbehaald onderwijsniveau,provenance/netherlands_education_manifest.json,family_mapped
netherlands,education,2023,2023-10-01,cbs-gemeentelijke-indeling-2023,municipality,1581,GM1581,Utrechtse Heuvelrug,43.3,percent,CBS StatLine 85525NED Hoogstbehaald onderwijsniveau,provenance/netherlands_education_manifest.json,family_mapped
netherlands,education,2023,2023-10-01,cbs-gemeentelijke-indeling-2023,municipality,1586,GM1586,Oost Gelre,26.5,percent,CBS StatLine 85525NED Hoogstbehaald onderwijsniveau,provenance/netherlands_education_manifest.json,family_mapped
netherlands,education,2023,2023-10-01,cbs-gemeentelijke-indeling-2023,municipality,1598,GM1598,Koggenland,26.3,percent,CBS StatLine 85525NED Hoogstbehaald onderwijsniveau,provenance/netherlands_education_manifest.json,family_mapped
netherlands,education,2023,2023-10-01,cbs-gemeentelijke-indeling-2023,municipality,1621,GM1621,Lansingerland,40.4,percent,CBS StatLine 85525NED Hoogstbehaald onderwijsniveau,provenance/netherlands_education_manifest.json,family_mapped
netherlands,education,2023,2023-10-01,cbs-gemeentelijke-indeling-2023,municipality,1640,GM1640,Leudal,28.5,percent,CBS StatLine 85525NED Hoogstbehaald onderwijsniveau,provenance/netherlands_education_manifest.json,family_mapped
netherlands,education,2023,2023-10-01,cbs-gemeentelijke-indeling-2023,municipality,1641,GM1641,Maasgouw,30.3,percent,CBS StatLine 85525NED Hoogstbehaald onderwijsniveau,provenance/netherlands_education_manifest.json,family_mapped
netherlands,education,2023,2023-10-01,cbs-gemeentelijke-indeling-2023,municipality,1652,GM1652,Gemert-Bakel,23.8,percent,CBS StatLine 85525NED Hoogstbehaald onderwijsniveau,provenance/netherlands_education_manifest.json,family_mapped
netherlands,education,2023,2023-10-01,cbs-gemeentelijke-indeling-2023,municipality,1655,GM1655,Halderberge,24.7,percent,CBS StatLine 85525NED Hoogstbehaald onderwijsniveau,provenance/netherlands_education_manifest.json,family_mapped
netherlands,education,2023,2023-10-01,cbs-gemeentelijke-indeling-2023,municipality,1658,GM1658,Heeze-Leende,37.8,percent,CBS StatLine 85525NED Hoogstbehaald onderwijsniveau,provenance/netherlands_education_manifest.json,family_mapped
netherlands,education,2023,2023-10-01,cbs-gemeentelijke-indeling-2023,municipality,1659,GM1659,Laarbeek,25.5,percent,CBS StatLine 85525NED Hoogstbehaald onderwijsniveau,provenance/netherlands_education_manifest.json,family_mapped
netherlands,education,2023,2023-10-01,cbs-gemeentelijke-indeling-2023,municipality,1667,GM1667,Reusel-De Mierden,26.0,percent,CBS StatLine 85525NED Hoogstbehaald onderwijsniveau,provenance/netherlands_education_manifest.json,family_mapped
netherlands,education,2023,2023-10-01,cbs-gemeentelijke-indeling-2023,municipality,1669,GM1669,Roerdalen,27.1,percent,CBS StatLine 85525NED Hoogstbehaald onderwijsniveau,provenance/netherlands_education_manifest.json,family_mapped
netherlands,education,2023,2023-10-01,cbs-gemeentelijke-indeling-2023,municipality,1674,GM1674,Roosendaal,26.9,percent,CBS StatLine 85525NED Hoogstbehaald onderwijsniveau,provenance/netherlands_education_manifest.json,family_mapped
netherlands,education,2023,2023-10-01,cbs-gemeentelijke-indeling-2023,municipality,1676,GM1676,Schouwen-Duiveland,24.9,percent,CBS StatLine 85525NED Hoogstbehaald onderwijsniveau,provenance/netherlands_education_manifest.json,family_mapped
netherlands,education,2023,2023-10-01,cbs-gemeentelijke-indeling-2023,municipality,1680,GM1680,Aa en Hunze,32.9,percent,CBS StatLine 85525NED Hoogstbehaald onderwijsniveau,provenance/netherlands_education_manifest.json,family_mapped
netherlands,education,2023,2023-10-01,cbs-gemeentelijke-indeling-2023,municipality,1681,GM1681,Borger-Odoorn,23.8,percent,CBS StatLine 85525NED Hoogstbehaald onderwijsniveau,provenance/netherlands_education_manifest.json,family_mapped
netherlands,education,2023,2023-10-01,cbs-gemeentelijke-indeling-2023,municipality,1690,GM1690,De Wolden,27.8,percent,CBS StatLine 85525NED Hoogstbehaald onderwijsniveau,provenance/netherlands_education_manifest.json,family_mapped
netherlands,education,2023,2023-10-01,cbs-gemeentelijke-indeling-2023,municipality,1695,GM1695,Noord-Beveland,27.1,percent,CBS StatLine 85525NED Hoogstbehaald onderwijsniveau,provenance/netherlands_education_manifest.json,family_mapped
netherlands,education,2023,2023-10-01,cbs-gemeentelijke-indeling-2023,municipality,1696,GM1696,Wijdemeren,35.4,percent,CBS StatLine 85525NED Hoogstbehaald onderwijsniveau,provenance/netherlands_education_manifest.json,family_mapped
netherlands,education,2023,2023-10-01,cbs-gemeentelijke-indeling-2023,municipality,1699,GM1699,Noordenveld,34.1,percent,CBS StatLine 85525NED Hoogstbehaald onderwijsniveau,provenance/netherlands_education_manifest.json,family_mapped
netherlands,education,2023,2023-10-01,cbs-gemeentelijke-indeling-2023,municipality,1700,GM1700,Twenterand,18.1,percent,CBS StatLine 85525NED Hoogstbehaald onderwijsniveau,provenance/netherlands_education_manifest.json,family_mapped
netherlands,education,2023,2023-10-01,cbs-gemeentelijke-indeling-2023,municipality,1701,GM1701,Westerveld,30.7,percent,CBS StatLine 85525NED Hoogstbehaald onderwijsniveau,provenance/netherlands_education_manifest.json,family_mapped
netherlands,education,2023,2023-10-01,cbs-gemeentelijke-indeling-2023,municipality,1705,GM1705,Lingewaard,29.3,percent,CBS StatLine 85525NED Hoogstbehaald onderwijsniveau,provenance/netherlands_education_manifest.json,family_mapped
netherlands,education,2023,2023-10-01,cbs-gemeentelijke-indeling-2023,municipality,1706,GM1706,Cranendonck,27.6,percent,CBS StatLine 85525NED Hoogstbehaald onderwijsniveau,provenance/netherlands_education_manifest.json,family_mapped
netherlands,education,2023,2023-10-01,cbs-gemeentelijke-indeling-2023,municipality,1708,GM1708,Steenwijkerland,24.9,percent,CBS StatLine 85525NED Hoogstbehaald onderwijsniveau,provenance/netherlands_education_manifest.json,family_mapped
netherlands,education,2023,2023-10-01,cbs-gemeentelijke-indeling-2023,municipality,1709,GM1709,Moerdijk,23.8,percent,CBS StatLine 85525NED Hoogstbehaald onderwijsniveau,provenance/netherlands_education_manifest.json,family_mapped
netherlands,education,2023,2023-10-01,cbs-gemeentelijke-indeling-2023,municipality,1711,GM1711,Echt-Susteren,28.6,percent,CBS StatLine 85525NED Hoogstbehaald onderwijsniveau,provenance/netherlands_education_manifest.json,family_mapped
netherlands,education,2023,2023-10-01,cbs-gemeentelijke-indeling-2023,municipality,1714,GM1714,Sluis,27.7,percent,CBS StatLine 85525NED Hoogstbehaald onderwijsniveau,provenance/netherlands_education_manifest.json,family_mapped
netherlands,education,2023,2023-10-01,cbs-gemeentelijke-indeling-2023,municipality,1719,GM1719,Drimmelen,26.9,percent,CBS StatLine 85525NED Hoogstbehaald onderwijsniveau,provenance/netherlands_education_manifest.json,family_mapped
netherlands,education,2023,2023-10-01,cbs-gemeentelijke-indeling-2023,municipality,1721,GM1721,Bernheze,28.2,percent,CBS StatLine 85525NED Hoogstbehaald onderwijsniveau,provenance/netherlands_education_manifest.json,family_mapped
netherlands,education,2023,2023-10-01,cbs-gemeentelijke-indeling-2023,municipality,1723,GM1723,Alphen-Chaam,33.0,percent,CBS StatLine 85525NED Hoogstbehaald onderwijsniveau,provenance/netherlands_education_manifest.json,family_mapped
netherlands,education,2023,2023-10-01,cbs-gemeentelijke-indeling-2023,municipality,1724,GM1724,Bergeijk,28.3,percent,CBS StatLine 85525NED Hoogstbehaald onderwijsniveau,provenance/netherlands_education_manifest.json,family_mapped
netherlands,education,2023,2023-10-01,cbs-gemeentelijke-indeling-2023,municipality,1728,GM1728,Bladel,27.3,percent,CBS StatLine 85525NED Hoogstbehaald onderwijsniveau,provenance/netherlands_education_manifest.json,family_mapped
netherlands,education,2023,2023-10-01,cbs-gemeentelijke-indeling-2023,municipality,1729,GM1729,Gulpen-Wittem,32.4,percent,CBS StatLine 85525NED Hoogstbehaald onderwijsniveau,provenance/netherlands_education_manifest.json,family_mapped
netherlands,education,2023,2023-10-01,cbs-gemeentelijke-indeling-2023,municipality,1730,GM1730,Tynaarlo,42.8,percent,CBS StatLine 85525NED Hoogstbehaald onderwijsniveau,provenance/netherlands_education_manifest.json,family_mapped
netherlands,education,2023,2023-10-01,cbs-gemeentelijke-indeling-2023,municipality,1731,GM1731,Midden-Drenthe,26.7,percent,CBS StatLine 85525NED Hoogstbehaald onderwijsniveau,provenance/netherlands_education_manifest.json,family_mapped
netherlands,education,2023,2023-10-01,cbs-gemeentelijke-indeling-2023,municipality,1734,GM1734,Overbetuwe,32.5,percent,CBS StatLine 85525NED Hoogstbehaald onderwijsniveau,provenance/netherlands_education_manifest.json,family_mapped
netherlands,education,2023,2023-10-01,cbs-gemeentelijke-indeling-2023,municipality,1735,GM1735,Hof van Twente,29.0,percent,CBS StatLine 85525NED Hoogstbehaald onderwijsniveau,provenance/netherlands_education_manifest.json,family_mapped
netherlands,education,2023,2023-10-01,cbs-gemeentelijke-indeling-2023,municipality,1740,GM1740,Neder-Betuwe,17.0,percent,CBS StatLine 85525NED Hoogstbehaald onderwijsniveau,provenance/netherlands_education_manifest.json,family_mapped
netherlands,education,2023,2023-10-01,cbs-gemeentelijke-indeling-2023,municipality,1742,GM1742,Rijssen-Holten,25.8,percent,CBS StatLine 85525NED Hoogstbehaald onderwijsniveau,provenance/netherlands_education_manifest.json,family_mapped
netherlands,education,2023,2023-10-01,cbs-gemeentelijke-indeling-2023,municipality,1771,GM1771,Geldrop-Mierlo,32.2,percent,CBS StatLine 85525NED Hoogstbehaald onderwijsniveau,provenance/netherlands_education_manifest.json,family_mapped
netherlands,education,2023,2023-10-01,cbs-gemeentelijke-indeling-2023,municipality,1773,GM1773,Olst-Wijhe,31.1,percent,CBS StatLine 85525NED Hoogstbehaald onderwijsniveau,provenance/netherlands_education_manifest.json,family_mapped
netherlands,education,2023,2023-10-01,cbs-gemeentelijke-indeling-2023,municipality,1774,GM1774,Dinkelland,29.5,percent,CBS StatLine 85525NED Hoogstbehaald onderwijsniveau,provenance/netherlands_education_manifest.json,family_mapped
netherlands,education,2023,2023-10-01,cbs-gemeentelijke-indeling-2023,municipality,1783,GM1783,Westland,26.0,percent,CBS StatLine 85525NED Hoogstbehaald onderwijsniveau,provenance/netherlands_education_manifest.json,family_mapped
netherlands,education,2023,2023-10-01,cbs-gemeentelijke-indeling-2023,municipality,1842,GM1842,Midden-Delfland,37.3,percent,CBS StatLine 85525NED Hoogstbehaald onderwijsniveau,provenance/netherlands_education_manifest.json,family_mapped
netherlands,education,2023,2023-10-01,cbs-gemeentelijke-indeling-2023,municipality,1859,GM1859,Berkelland,24.7,percent,CBS StatLine 85525NED Hoogstbehaald onderwijsniveau,provenance/netherlands_education_manifest.json,family_mapped
netherlands,education,2023,2023-10-01,cbs-gemeentelijke-indeling-2023,municipality,1876,GM1876,Bronckhorst,29.8,percent,CBS StatLine 85525NED Hoogstbehaald onderwijsniveau,provenance/netherlands_education_manifest.json,family_mapped
netherlands,education,2023,2023-10-01,cbs-gemeentelijke-indeling-2023,municipality,1883,GM1883,Sittard-Geleen,30.4,percent,CBS StatLine 85525NED Hoogstbehaald onderwijsniveau,provenance/netherlands_education_manifest.json,family_mapped
netherlands,education,2023,2023-10-01,cbs-gemeentelijke-indeling-2023,municipality,1884,GM1884,Kaag en Braassem,30.4,percent,CBS StatLine 85525NED Hoogstbehaald onderwijsniveau,provenance/netherlands_education_manifest.json,family_mapped
netherlands,education,2023,2023-10-01,cbs-gemeentelijke-indeling-2023,municipality,1891,GM1891,Dantumadiel,19.3,percent,CBS StatLine 85525NED Hoogstbehaald onderwijsniveau,provenance/netherlands_education_manifest.json,family_mapped
netherlands,education,2023,2023-10-01,cbs-gemeentelijke-indeling-2023,municipality,1892,GM1892,Zuidplas,31.8,percent,CBS StatLine 85525NED Hoogstbehaald onderwijsniveau,provenance/netherlands_education_manifest.json,family_mapped
netherlands,education,2023,2023-10-01,cbs-gemeentelijke-indeling-2023,municipality,1894,GM1894,Peel en Maas,25.6,percent,CBS StatLine 85525NED Hoogstbehaald onderwijsniveau,provenance/netherlands_education_manifest.json,family_mapped
netherlands,education,2023,2023-10-01,cbs-gemeentelijke-indeling-2023,municipality,1895,GM1895,Oldambt,19.0,percent,CBS StatLine 85525NED Hoogstbehaald onderwijsniveau,provenance/netherlands_education_manifest.json,family_mapped
netherlands,education,2023,2023-10-01,cbs-gemeentelijke-indeling-2023,municipality,1896,GM1896,Zwartewaterland,19.1,percent,CBS StatLine 85525NED Hoogstbehaald onderwijsniveau,provenance/netherlands_education_manifest.json,family_mapped
netherlands,education,2023,2023-10-01,cbs-gemeentelijke-indeling-2023,municipality,1900,GM1900,Súdwest-Fryslân,26.5,percent,CBS StatLine 85525NED Hoogstbehaald onderwijsniveau,provenance/netherlands_education_manifest.json,family_mapped
netherlands,education,2023,2023-10-01,cbs-gemeentelijke-indeling-2023,municipality,1901,GM1901,Bodegraven-Reeuwijk,30.8,percent,CBS StatLine 85525NED Hoogstbehaald onderwijsniveau,provenance/netherlands_education_manifest.json,family_mapped
netherlands,education,2023,2023-10-01,cbs-gemeentelijke-indeling-2023,municipality,1903,GM1903,Eijsden-Margraten,38.4,percent,CBS StatLine 85525NED Hoogstbehaald onderwijsniveau,provenance/netherlands_education_manifest.json,family_mapped
netherlands,education,2023,2023-10-01,cbs-gemeentelijke-indeling-2023,municipality,1904,GM1904,Stichtse Vecht,38.4,percent,CBS StatLine 85525NED Hoogstbehaald onderwijsniveau,provenance/netherlands_education_manifest.json,family_mapped
netherlands,education,2023,2023-10-01,cbs-gemeentelijke-indeling-2023,municipality,1911,GM1911,Hollands Kroon,21.6,percent,CBS StatLine 85525NED Hoogstbehaald onderwijsniveau,provenance/netherlands_education_manifest.json,family_mapped
netherlands,education,2023,2023-10-01,cbs-gemeentelijke-indeling-2023,municipality,1916,GM1916,Leidschendam-Voorburg,46.0,percent,CBS StatLine 85525NED Hoogstbehaald onderwijsniveau,provenance/netherlands_education_manifest.json,family_mapped
netherlands,education,2023,2023-10-01,cbs-gemeentelijke-indeling-2023,municipality,1924,GM1924,Goeree-Overflakkee,21.0,percent,CBS StatLine 85525NED Hoogstbehaald onderwijsniveau,provenance/netherlands_education_manifest.json,family_mapped
netherlands,education,2023,2023-10-01,cbs-gemeentelijke-indeling-2023,municipality,1926,GM1926,Pijnacker-Nootdorp,39.0,percent,CBS StatLine 85525NED Hoogstbehaald onderwijsniveau,provenance/netherlands_education_manifest.json,family_mapped
netherlands,education,2023,2023-10-01,cbs-gemeentelijke-indeling-2023,municipality,1930,GM1930,Nissewaard,22.5,percent,CBS StatLine 85525NED Hoogstbehaald onderwijsniveau,provenance/netherlands_education_manifest.json,family_mapped
netherlands,education,2023,2023-10-01,cbs-gemeentelijke-indeling-2023,municipality,1931,GM1931,Krimpenerwaard,26.6,percent,CBS StatLine 85525NED Hoogstbehaald onderwijsniveau,provenance/netherlands_education_manifest.json,family_mapped
netherlands,education,2023,2023-10-01,cbs-gemeentelijke-indeling-2023,municipality,1940,GM1940,De Fryske Marren,26.3,percent,CBS StatLine 85525NED Hoogstbehaald onderwijsniveau,provenance/netherlands_education_manifest.json,family_mapped
netherlands,education,2023,2023-10-01,cbs-gemeentelijke-indeling-2023,municipality,1942,GM1942,Gooise Meren,48.7,percent,CBS StatLine 85525NED Hoogstbehaald onderwijsniveau,provenance/netherlands_education_manifest.json,family_mapped
netherlands,education,2023,2023-10-01,cbs-gemeentelijke-indeling-2023,municipality,1945,GM1945,Berg en Dal,32.7,percent,CBS StatLine 85525NED Hoogstbehaald onderwijsniveau,provenance/netherlands_education_manifest.json,family_mapped
netherlands,education,2023,2023-10-01,cbs-gemeentelijke-indeling-2023,municipality,1948,GM1948,Meierijstad,28.4,percent,CBS StatLine 85525NED Hoogstbehaald onderwijsniveau,provenance/netherlands_education_manifest.json,family_mapped
netherlands,education,2023,2023-10-01,cbs-gemeentelijke-indeling-2023,municipality,1949,GM1949,Waadhoeke,22.5,percent,CBS StatLine 85525NED Hoogstbehaald onderwijsniveau,provenance/netherlands_education_manifest.json,family_mapped
netherlands,education,2023,2023-10-01,cbs-gemeentelijke-indeling-2023,municipality,1950,GM1950,Westerwolde,19.2,percent,CBS StatLine 85525NED Hoogstbehaald onderwijsniveau,provenance/netherlands_education_manifest.json,family_mapped
netherlands,education,2023,2023-10-01,cbs-gemeentelijke-indeling-2023,municipality,1952,GM1952,Midden-Groningen,22.2,percent,CBS StatLine 85525NED Hoogstbehaald onderwijsniveau,provenance/netherlands_education_manifest.json,family_mapped
netherlands,education,2023,2023-10-01,cbs-gemeentelijke-indeling-2023,municipality,1954,GM1954,Beekdaelen,31.2,percent,CBS StatLine 85525NED Hoogstbehaald onderwijsniveau,provenance/netherlands_education_manifest.json,family_mapped
netherlands,education,2023,2023-10-01,cbs-gemeentelijke-indeling-2023,municipality,1955,GM1955,Montferland,22.9,percent,CBS StatLine 85525NED Hoogstbehaald onderwijsniveau,provenance/netherlands_education_manifest.json,family_mapped
netherlands,education,2023,2023-10-01,cbs-gemeentelijke-indeling-2023,municipality,1959,GM1959,Altena,21.5,percent,CBS StatLine 85525NED Hoogstbehaald onderwijsniveau,provenance/netherlands_education_manifest.json,family_mapped
netherlands,education,2023,2023-10-01,cbs-gemeentelijke-indeling-2023,municipality,1960,GM1960,West Betuwe,25.5,percent,CBS StatLine 85525NED Hoogstbehaald onderwijsniveau,provenance/netherlands_education_manifest.json,family_mapped
netherlands,education,2023,2023-10-01,cbs-gemeentelijke-indeling-2023,municipality,1961,GM1961,Vijfheerenlanden,24.7,percent,CBS StatLine 85525NED Hoogstbehaald onderwijsniveau,provenance/netherlands_education_manifest.json,family_mapped
netherlands,education,2023,2023-10-01,cbs-gemeentelijke-indeling-2023,municipality,1963,GM1963,Hoeksche Waard,27.6,percent,CBS StatLine 85525NED Hoogstbehaald onderwijsniveau,provenance/netherlands_education_manifest.json,family_mapped
netherlands,education,2023,2023-10-01,cbs-gemeentelijke-indeling-2023,municipality,1966,GM1966,Het Hogeland,24.8,percent,CBS StatLine 85525NED Hoogstbehaald onderwijsniveau,provenance/netherlands_education_manifest.json,family_mapped
netherlands,education,2023,2023-10-01,cbs-gemeentelijke-indeling-2023,municipality,1969,GM1969,Westerkwartier,29.1,percent,CBS StatLine 85525NED Hoogstbehaald onderwijsniveau,provenance/netherlands_education_manifest.json,family_mapped
netherlands,education,2023,2023-10-01,cbs-gemeentelijke-indeling-2023,municipality,1970,GM1970,Noardeast-Fryslân,20.3,percent,CBS StatLine 85525NED Hoogstbehaald onderwijsniveau,provenance/netherlands_education_manifest.json,family_mapped
netherlands,education,2023,2023-10-01,cbs-gemeentelijke-indeling-2023,municipality,1978,GM1978,Molenlanden,22.3,percent,CBS StatLine 85525NED Hoogstbehaald onderwijsniveau,provenance/netherlands_education_manifest.json,family_mapped
netherlands,education,2023,2023-10-01,cbs-gemeentelijke-indeling-2023,municipality,1979,GM1979,Eemsdelta,18.7,percent,CBS StatLine 85525NED Hoogstbehaald onderwijsniveau,provenance/netherlands_education_manifest.json,family_mapped
netherlands,education,2023,2023-10-01,cbs-gemeentelijke-indeling-2023,municipality,1980,GM1980,Dijk en Waard,26.5,percent,CBS StatLine 85525NED Hoogstbehaald onderwijsniveau,provenance/netherlands_education_manifest.json,family_mapped
netherlands,education,2023,2023-10-01,cbs-gemeentelijke-indeling-2023,municipality,1982,GM1982,Land van Cuijk,27.5,percent,CBS StatLine 85525NED Hoogstbehaald onderwijsniveau,provenance/netherlands_education_manifest.json,family_mapped
netherlands,education,2023,2023-10-01,cbs-gemeentelijke-indeling-2023,municipality,1991,GM1991,Maashorst,28.4,percent,CBS StatLine 85525NED Hoogstbehaald onderwijsniveau,provenance/netherlands_education_manifest.json,family_mapped
netherlands,education,2023,2023-10-01,cbs-gemeentelijke-indeling-2023,municipality,1992,GM1992,Voorne aan Zee,25.1,percent,CBS StatLine 85525NED Hoogstbehaald onderwijsniveau,provenance/netherlands_education_manifest.json,family_mapped
netherlands,education,2025,2024-10-01,cbs-gemeentelijke-indeling-2025,municipality,0014,GM0014,Groningen,44.8,percent,CBS StatLine 85525NED Hoogstbehaald onderwijsniveau,provenance/netherlands_education_manifest.json,family_mapped
netherlands,education,2025,2024-10-01,cbs-gemeentelijke-indeling-2025,municipality,0034,GM0034,Almere,30.8,percent,CBS StatLine 85525NED Hoogstbehaald onderwijsniveau,provenance/netherlands_education_manifest.json,family_mapped
netherlands,education,2025,2024-10-01,cbs-gemeentelijke-indeling-2025,municipality,0037,GM0037,Stadskanaal,17.5,percent,CBS StatLine 85525NED Hoogstbehaald onderwijsniveau,provenance/netherlands_education_manifest.json,family_mapped
netherlands,education,2025,2024-10-01,cbs-gemeentelijke-indeling-2025,municipality,0047,GM0047,Veendam,20.8,percent,CBS StatLine 85525NED Hoogstbehaald onderwijsniveau,provenance/netherlands_education_manifest.json,family_mapped
netherlands,education,2025,2024-10-01,cbs-gemeentelijke-indeling-2025,municipality,0050,GM0050,Zeewolde,31.8,percent,CBS StatLine 85525NED Hoogstbehaald onderwijsniveau,provenance/netherlands_education_manifest.json,family_mapped
netherlands,education,2025,2024-10-01,cbs-gemeentelijke-indeling-2025,municipality,0059,GM0059,Achtkarspelen,17.9,percent,CBS StatLine 85525NED Hoogstbehaald onderwijsniveau,provenance/netherlands_education_manifest.json,family_mapped
netherlands,education,2025,2024-10-01,cbs-gemeentelijke-indeling-2025,municipality,0060,GM0060,Ameland,24.0,percent,CBS StatLine 85525NED Hoogstbehaald onderwijsniveau,provenance/netherlands_education_manifest.json,family_mapped
netherlands,education,2025,2024-10-01,cbs-gemeentelijke-indeling-2025,municipality,0072,GM0072,Harlingen,23.3,percent,CBS StatLine 85525NED Hoogstbehaald onderwijsniveau,provenance/netherlands_education_manifest.json,family_mapped
netherlands,education,2025,2024-10-01,cbs-gemeentelijke-indeling-2025,municipality,0074,GM0074,Heerenveen,30.1,percent,CBS StatLine 85525NED Hoogstbehaald onderwijsniveau,provenance/netherlands_education_manifest.json,family_mapped
netherlands,education,2025,2024-10-01,cbs-gemeentelijke-indeling-2025,municipality,0080,GM0080,Leeuwarden,32.4,percent,CBS StatLine 85525NED Hoogstbehaald onderwijsniveau,provenance/netherlands_education_manifest.json,family_mapped
netherlands,education,2025,2024-10-01,cbs-gemeentelijke-indeling-2025,municipality,0085,GM0085,Ooststellingwerf,24.2,percent,CBS StatLine 85525NED Hoogstbehaald onderwijsniveau,provenance/netherlands_education_manifest.json,family_mapped
netherlands,education,2025,2024-10-01,cbs-gemeentelijke-indeling-2025,municipality,0086,GM0086,Opsterland,28.9,percent,CBS StatLine 85525NED Hoogstbehaald onderwijsniveau,provenance/netherlands_education_manifest.json,family_mapped
netherlands,education,2025,2024-10-01,cbs-gemeentelijke-indeling-2025,municipality,0090,GM0090,Smallingerland,25.6,percent,CBS StatLine 85525NED Hoogstbehaald onderwijsniveau,provenance/netherlands_education_manifest.json,family_mapped
netherlands,education,2025,2024-10-01,cbs-gemeentelijke-indeling-2025,municipality,0093,GM0093,Terschelling,28.9,percent,CBS StatLine 85525NED Hoogstbehaald onderwijsniveau,provenance/netherlands_education_manifest.json,family_mapped
netherlands,education,2025,2024-10-01,cbs-gemeentelijke-indeling-2025,municipality,0096,GM0096,Vlieland,32.2,percent,CBS StatLine 85525NED Hoogstbehaald onderwijsniveau,provenance/netherlands_education_manifest.json,family_mapped
netherlands,education,2025,2024-10-01,cbs-gemeentelijke-indeling-2025,municipality,0098,GM0098,Weststellingwerf,23.5,percent,CBS StatLine 85525NED Hoogstbehaald onderwijsniveau,provenance/netherlands_education_manifest.json,family_mapped
netherlands,education,2025,2024-10-01,cbs-gemeentelijke-indeling-2025,municipality,0106,GM0106,Assen,30.2,percent,CBS StatLine 85525NED Hoogstbehaald onderwijsniveau,provenance/netherlands_education_manifest.json,family_mapped
netherlands,education,2025,2024-10-01,cbs-gemeentelijke-indeling-2025,municipality,0109,GM0109,Coevorden,24.2,percent,CBS StatLine 85525NED Hoogstbehaald onderwijsniveau,provenance/netherlands_education_manifest.json,family_mapped
netherlands,education,2025,2024-10-01,cbs-gemeentelijke-indeling-2025,municipality,0114,GM0114,Emmen,19.0,percent,CBS StatLine 85525NED Hoogstbehaald onderwijsniveau,provenance/netherlands_education_manifest.json,family_mapped
netherlands,education,2025,2024-10-01,cbs-gemeentelijke-indeling-2025,municipality,0118,GM0118,Hoogeveen,19.1,percent,CBS StatLine 85525NED Hoogstbehaald onderwijsniveau,provenance/netherlands_education_manifest.json,family_mapped
netherlands,education,2025,2024-10-01,cbs-gemeentelijke-indeling-2025,municipality,0119,GM0119,Meppel,29.3,percent,CBS StatLine 85525NED Hoogstbehaald onderwijsniveau,provenance/netherlands_education_manifest.json,family_mapped
netherlands,education,2025,2024-10-01,cbs-gemeentelijke-indeling-2025,municipality,0141,GM0141,Almelo,25.7,percent,CBS StatLine 85525NED Hoogstbehaald onderwijsniveau,provenance/netherlands_education_manifest.json,family_mapped
netherlands,education,2025,2024-10-01,cbs-gemeentelijke-indeling-2025,municipality,0147,GM0147,Borne,36.1,percent,CBS StatLine 85525NED Hoogstbehaald onderwijsniveau,provenance/netherlands_education_manifest.json,family_mapped
netherlands,education,2025,2024-10-01,cbs-gemeentelijke-indeling-2025,municipality,0148,GM0148,Dalfsen,28.0,percent,CBS StatLine 85525NED Hoogstbehaald onderwijsniveau,provenance/netherlands_education_manifest.json,family_mapped
netherlands,education,2025,2024-10-01,cbs-gemeentelijke-indeling-2025,municipality,0150,GM0150,Deventer,34.7,percent,CBS StatLine 85525NED Hoogstbehaald onderwijsniveau,provenance/netherlands_education_manifest.json,family_mapped
netherlands,education,2025,2024-10-01,cbs-gemeentelijke-indeling-2025,municipality,0153,GM0153,Enschede,30.8,percent,CBS StatLine 85525NED Hoogstbehaald onderwijsniveau,provenance/netherlands_education_manifest.json,family_mapped
netherlands,education,2025,2024-10-01,cbs-gemeentelijke-indeling-2025,municipality,0158,GM0158,Haaksbergen,28.5,percent,CBS StatLine 85525NED Hoogstbehaald onderwijsniveau,provenance/netherlands_education_manifest.json,family_mapped
netherlands,education,2025,2024-10-01,cbs-gemeentelijke-indeling-2025,municipality,0160,GM0160,Hardenberg,20.2,percent,CBS StatLine 85525NED Hoogstbehaald onderwijsniveau,provenance/netherlands_education_manifest.json,family_mapped
netherlands,education,2025,2024-10-01,cbs-gemeentelijke-indeling-2025,municipality,0163,GM0163,Hellendoorn,25.0,percent,CBS StatLine 85525NED Hoogstbehaald onderwijsniveau,provenance/netherlands_education_manifest.json,family_mapped
netherlands,education,2025,2024-10-01,cbs-gemeentelijke-indeling-2025,municipality,0164,GM0164,Hengelo (O.),31.5,percent,CBS StatLine 85525NED Hoogstbehaald onderwijsniveau,provenance/netherlands_education_manifest.json,family_mapped
netherlands,education,2025,2024-10-01,cbs-gemeentelijke-indeling-2025,municipality,0166,GM0166,Kampen,25.9,percent,CBS StatLine 85525NED Hoogstbehaald onderwijsniveau,provenance/netherlands_education_manifest.json,family_mapped
netherlands,education,2025,2024-10-01,cbs-gemeentelijke-indeling-2025,municipality,0168,GM0168,Losser,25.4,percent,CBS StatLine 85525NED Hoogstbehaald onderwijsniveau,provenance/netherlands_education_manifest.json,family_mapped
netherlands,education,2025,2024-10-01,cbs-gemeentelijke-indeling-2025,municipality,0171,GM0171,Noordoostpolder,23.7,percent,CBS StatLine 85525NED Hoogstbehaald onderwijsniveau,provenance/netherlands_education_manifest.json,family_mapped
netherlands,education,2025,2024-10-01,cbs-gemeentelijke-indeling-2025,municipality,0173,GM0173,Oldenzaal,33.1,percent,CBS StatLine 85525NED Hoogstbehaald onderwijsniveau,provenance/netherlands_education_manifest.json,family_mapped
netherlands,education,2025,2024-10-01,cbs-gemeentelijke-indeling-2025,municipality,0175,GM0175,Ommen,26.2,percent,CBS StatLine 85525NED Hoogstbehaald onderwijsniveau,provenance/netherlands_education_manifest.json,family_mapped
netherlands,education,2025,2024-10-01,cbs-gemeentelijke-indeling-2025,municipality,0177,GM0177,Raalte,27.9,percent,CBS StatLine 85525NED Hoogstbehaald onderwijsniveau,provenance/netherlands_education_manifest.json,family_mapped
netherlands,education,2025,2024-10-01,cbs-gemeentelijke-indeling-2025,municipality,0180,GM0180,Staphorst,21.7,percent,CBS StatLine 85525NED Hoogstbehaald onderwijsniveau,provenance/netherlands_education_manifest.json,family_mapped
netherlands,education,2025,2024-10-01,cbs-gemeentelijke-indeling-2025,municipality,0183,GM0183,Tubbergen,27.4,percent,CBS StatLine 85525NED Hoogstbehaald onderwijsniveau,provenance/netherlands_education_manifest.json,family_mapped
netherlands,education,2025,2024-10-01,cbs-gemeentelijke-indeling-2025,municipality,0184,GM0184,Urk,12.5,percent,CBS StatLine 85525NED Hoogstbehaald onderwijsniveau,provenance/netherlands_education_manifest.json,family_mapped
netherlands,education,2025,2024-10-01,cbs-gemeentelijke-indeling-2025,municipality,0189,GM0189,Wierden,28.5,percent,CBS StatLine 85525NED Hoogstbehaald onderwijsniveau,provenance/netherlands_education_manifest.json,family_mapped
netherlands,education,2025,2024-10-01,cbs-gemeentelijke-indeling-2025,municipality,0193,GM0193,Zwolle,40.6,percent,CBS StatLine 85525NED Hoogstbehaald onderwijsniveau,provenance/netherlands_education_manifest.json,family_mapped
netherlands,education,2025,2024-10-01,cbs-gemeentelijke-indeling-2025,municipality,0197,GM0197,Aalten,23.6,percent,CBS StatLine 85525NED Hoogstbehaald onderwijsniveau,provenance/netherlands_education_manifest.json,family_mapped
netherlands,education,2025,2024-10-01,cbs-gemeentelijke-indeling-2025,municipality,0200,GM0200,Apeldoorn,30.4,percent,CBS StatLine 85525NED Hoogstbehaald onderwijsniveau,provenance/netherlands_education_manifest.json,family_mapped
netherlands,education,2025,2024-10-01,cbs-gemeentelijke-indeling-2025,municipality,0202,GM0202,Arnhem,37.9,percent,CBS StatLine 85525NED Hoogstbehaald onderwijsniveau,provenance/netherlands_education_manifest.json,family_mapped
netherlands,education,2025,2024-10-01,cbs-gemeentelijke-indeling-2025,municipality,0203,GM0203,Barneveld,23.8,percent,CBS StatLine 85525NED Hoogstbehaald onderwijsniveau,provenance/netherlands_education_manifest.json,family_mapped
netherlands,education,2025,2024-10-01,cbs-gemeentelijke-indeling-2025,municipality,0209,GM0209,Beuningen,32.2,percent,CBS StatLine 85525NED Hoogstbehaald onderwijsniveau,provenance/netherlands_education_manifest.json,family_mapped
netherlands,education,2025,2024-10-01,cbs-gemeentelijke-indeling-2025,municipality,0213,GM0213,Brummen,28.5,percent,CBS StatLine 85525NED Hoogstbehaald onderwijsniveau,provenance/netherlands_education_manifest.json,family_mapped
netherlands,education,2025,2024-10-01,cbs-gemeentelijke-indeling-2025,municipality,0214,GM0214,Buren,26.4,percent,CBS StatLine 85525NED Hoogstbehaald onderwijsniveau,provenance/netherlands_education_manifest.json,family_mapped
netherlands,education,2025,2024-10-01,cbs-gemeentelijke-indeling-2025,municipality,0216,GM0216,Culemborg,38.5,percent,CBS StatLine 85525NED Hoogstbehaald onderwijsniveau,provenance/netherlands_education_manifest.json,family_mapped
netherlands,education,2025,2024-10-01,cbs-gemeentelijke-indeling-2025,municipality,0221,GM0221,Doesburg,24.7,percent,CBS StatLine 85525NED Hoogstbehaald onderwijsniveau,provenance/netherlands_education_manifest.json,family_mapped
netherlands,education,2025,2024-10-01,cbs-gemeentelijke-indeling-2025,municipality,0222,GM0222,Doetinchem,30.7,percent,CBS StatLine 85525NED Hoogstbehaald onderwijsniveau,provenance/netherlands_education_manifest.json,family_mapped
netherlands,education,2025,2024-10-01,cbs-gemeentelijke-indeling-2025,municipality,0225,GM0225,Druten,27.8,percent,CBS StatLine 85525NED Hoogstbehaald onderwijsniveau,provenance/netherlands_education_manifest.json,family_mapped
netherlands,education,2025,2024-10-01,cbs-gemeentelijke-indeling-2025,municipality,0226,GM0226,Duiven,28.8,percent,CBS StatLine 85525NED Hoogstbehaald onderwijsniveau,provenance/netherlands_education_manifest.json,family_mapped
netherlands,education,2025,2024-10-01,cbs-gemeentelijke-indeling-2025,municipality,0228,GM0228,Ede,32.6,percent,CBS StatLine 85525NED Hoogstbehaald onderwijsniveau,provenance/netherlands_education_manifest.json,family_mapped
netherlands,education,2025,2024-10-01,cbs-gemeentelijke-indeling-2025,municipality,0230,GM0230,Elburg,25.3,percent,CBS StatLine 85525NED Hoogstbehaald onderwijsniveau,provenance/netherlands_education_manifest.json,family_mapped
netherlands,education,2025,2024-10-01,cbs-gemeentelijke-indeling-2025,municipality,0232,GM0232,Epe,25.9,percent,CBS StatLine 85525NED Hoogstbehaald onderwijsniveau,provenance/netherlands_education_manifest.json,family_mapped
netherlands,education,2025,2024-10-01,cbs-gemeentelijke-indeling-2025,municipality,0233,GM0233,Ermelo,30.5,percent,CBS StatLine 85525NED Hoogstbehaald onderwijsniveau,provenance/netherlands_education_manifest.json,family_mapped
netherlands,education,2025,2024-10-01,cbs-gemeentelijke-indeling-2025,municipality,0243,GM0243,Harderwijk,29.8,percent,CBS StatLine 85525NED Hoogstbehaald onderwijsniveau,provenance/netherlands_education_manifest.json,family_mapped
netherlands,education,2025,2024-10-01,cbs-gemeentelijke-indeling-2025,municipality,0244,GM0244,Hattem,33.3,percent,CBS StatLine 85525NED Hoogstbehaald onderwijsniveau,provenance/netherlands_education_manifest.json,family_mapped
netherlands,education,2025,2024-10-01,cbs-gemeentelijke-indeling-2025,municipality,0246,GM0246,Heerde,30.2,percent,CBS StatLine 85525NED Hoogstbehaald onderwijsniveau,provenance/netherlands_education_manifest.json,family_mapped
netherlands,education,2025,2024-10-01,cbs-gemeentelijke-indeling-2025,municipality,0252,GM0252,Heumen,48.1,percent,CBS StatLine 85525NED Hoogstbehaald onderwijsniveau,provenance/netherlands_education_manifest.json,family_mapped
netherlands,education,2025,2024-10-01,cbs-gemeentelijke-indeling-2025,municipality,0262,GM0262,Lochem,36.7,percent,CBS StatLine 85525NED Hoogstbehaald onderwijsniveau,provenance/netherlands_education_manifest.json,family_mapped
netherlands,education,2025,2024-10-01,cbs-gemeentelijke-indeling-2025,municipality,0263,GM0263,Maasdriel,23.8,percent,CBS StatLine 85525NED Hoogstbehaald onderwijsniveau,provenance/netherlands_education_manifest.json,family_mapped
netherlands,education,2025,2024-10-01,cbs-gemeentelijke-indeling-2025,municipality,0267,GM0267,Nijkerk,30.6,percent,CBS StatLine 85525NED Hoogstbehaald onderwijsniveau,provenance/netherlands_education_manifest.json,family_mapped
netherlands,education,2025,2024-10-01,cbs-gemeentelijke-indeling-2025,municipality,0268,GM0268,Nijmegen,46.8,percent,CBS StatLine 85525NED Hoogstbehaald onderwijsniveau,provenance/netherlands_education_manifest.json,family_mapped
netherlands,education,2025,2024-10-01,cbs-gemeentelijke-indeling-2025,municipality,0269,GM0269,Oldebroek,19.3,percent,CBS StatLine 85525NED Hoogstbehaald onderwijsniveau,provenance/netherlands_education_manifest.json,family_mapped
netherlands,education,2025,2024-10-01,cbs-gemeentelijke-indeling-2025,municipality,0273,GM0273,Putten,25.2,percent,CBS StatLine 85525NED Hoogstbehaald onderwijsniveau,provenance/netherlands_education_manifest.json,family_mapped
netherlands,education,2025,2024-10-01,cbs-gemeentelijke-indeling-2025,municipality,0274,GM0274,Renkum,44.9,percent,CBS StatLine 85525NED Hoogstbehaald onderwijsniveau,provenance/netherlands_education_manifest.json,family_mapped
netherlands,education,2025,2024-10-01,cbs-gemeentelijke-indeling-2025,municipality,0275,GM0275,Rheden,34.6,percent,CBS StatLine 85525NED Hoogstbehaald onderwijsniveau,provenance/netherlands_education_manifest.json,family_mapped
netherlands,education,2025,2024-10-01,cbs-gemeentelijke-indeling-2025,municipality,0277,GM0277,Rozendaal,46.8,percent,CBS StatLine 85525NED Hoogstbehaald onderwijsniveau,provenance/netherlands_education_manifest.json,family_mapped
netherlands,education,2025,2024-10-01,cbs-gemeentelijke-indeling-2025,municipality,0279,GM0279,Scherpenzeel,22.6,percent,CBS StatLine 85525NED Hoogstbehaald onderwijsniveau,provenance/netherlands_education_manifest.json,family_mapped
netherlands,education,2025,2024-10-01,cbs-gemeentelijke-indeling-2025,municipality,0281,GM0281,Tiel,26.8,percent,CBS StatLine 85525NED Hoogstbehaald onderwijsniveau,provenance/netherlands_education_manifest.json,family_mapped
netherlands,education,2025,2024-10-01,cbs-gemeentelijke-indeling-2025,municipality,0285,GM0285,Voorst,30.4,percent,CBS StatLine 85525NED Hoogstbehaald onderwijsniveau,provenance/netherlands_education_manifest.json,family_mapped
netherlands,education,2025,2024-10-01,cbs-gemeentelijke-indeling-2025,municipality,0289,GM0289,Wageningen,53.0,percent,CBS StatLine 85525NED Hoogstbehaald onderwijsniveau,provenance/netherlands_education_manifest.json,family_mapped
netherlands,education,2025,2024-10-01,cbs-gemeentelijke-indeling-2025,municipality,0293,GM0293,Westervoort,27.4,percent,CBS StatLine 85525NED Hoogstbehaald onderwijsniveau,provenance/netherlands_education_manifest.json,family_mapped
netherlands,education,2025,2024-10-01,cbs-gemeentelijke-indeling-2025,municipality,0294,GM0294,Winterswijk,24.2,percent,CBS StatLine 85525NED Hoogstbehaald onderwijsniveau,provenance/netherlands_education_manifest.json,family_mapped
netherlands,education,2025,2024-10-01,cbs-gemeentelijke-indeling-2025,municipality,0296,GM0296,Wijchen,31.9,percent,CBS StatLine 85525NED Hoogstbehaald onderwijsniveau,provenance/netherlands_education_manifest.json,family_mapped
netherlands,education,2025,2024-10-01,cbs-gemeentelijke-indeling-2025,municipality,0297,GM0297,Zaltbommel,27.8,percent,CBS StatLine 85525NED Hoogstbehaald onderwijsniveau,provenance/netherlands_education_manifest.json,family_mapped
netherlands,education,2025,2024-10-01,cbs-gemeentelijke-indeling-2025,municipality,0299,GM0299,Zevenaar,25.8,percent,CBS StatLine 85525NED Hoogstbehaald onderwijsniveau,provenance/netherlands_education_manifest.json,family_mapped
netherlands,education,2025,2024-10-01,cbs-gemeentelijke-indeling-2025,municipality,0301,GM0301,Zutphen,33.0,percent,CBS StatLine 85525NED Hoogstbehaald onderwijsniveau,provenance/netherlands_education_manifest.json,family_mapped
netherlands,education,2025,2024-10-01,cbs-gemeentelijke-indeling-2025,municipality,0302,GM0302,Nunspeet,22.9,percent,CBS StatLine 85525NED Hoogstbehaald onderwijsniveau,provenance/netherlands_education_manifest.json,family_mapped
netherlands,education,2025,2024-10-01,cbs-gemeentelijke-indeling-2025,municipality,0303,GM0303,Dronten,26.4,percent,CBS StatLine 85525NED Hoogstbehaald onderwijsniveau,provenance/netherlands_education_manifest.json,family_mapped
netherlands,education,2025,2024-10-01,cbs-gemeentelijke-indeling-2025,municipality,0307,GM0307,Amersfoort,43.5,percent,CBS StatLine 85525NED Hoogstbehaald onderwijsniveau,provenance/netherlands_education_manifest.json,family_mapped
netherlands,education,2025,2024-10-01,cbs-gemeentelijke-indeling-2025,municipality,0308,GM0308,Baarn,39.7,percent,CBS StatLine 85525NED Hoogstbehaald onderwijsniveau,provenance/netherlands_education_manifest.json,family_mapped
netherlands,education,2025,2024-10-01,cbs-gemeentelijke-indeling-2025,municipality,0310,GM0310,De Bilt,47.9,percent,CBS StatLine 85525NED Hoogstbehaald onderwijsniveau,provenance/netherlands_education_manifest.json,family_mapped
netherlands,education,2025,2024-10-01,cbs-gemeentelijke-indeling-2025,municipality,0312,GM0312,Bunnik,49.6,percent,CBS StatLine 85525NED Hoogstbehaald onderwijsniveau,provenance/netherlands_education_manifest.json,family_mapped
netherlands,education,2025,2024-10-01,cbs-gemeentelijke-indeling-2025,municipality,0313,GM0313,Bunschoten,19.7,percent,CBS StatLine 85525NED Hoogstbehaald onderwijsniveau,provenance/netherlands_education_manifest.json,family_mapped
netherlands,education,2025,2024-10-01,cbs-gemeentelijke-indeling-2025,municipality,0317,GM0317,Eemnes,36.2,percent,CBS StatLine 85525NED Hoogstbehaald onderwijsniveau,provenance/netherlands_education_manifest.json,family_mapped
netherlands,education,2025,2024-10-01,cbs-gemeentelijke-indeling-2025,municipality,0321,GM0321,Houten,42.5,percent,CBS StatLine 85525NED Hoogstbehaald onderwijsniveau,provenance/netherlands_education_manifest.json,family_mapped
netherlands,education,2025,2024-10-01,cbs-gemeentelijke-indeling-2025,municipality,0327,GM0327,Leusden,41.6,percent,CBS StatLine 85525NED Hoogstbehaald onderwijsniveau,provenance/netherlands_education_manifest.json,family_mapped
netherlands,education,2025,2024-10-01,cbs-gemeentelijke-indeling-2025,municipality,0331,GM0331,Lopik,22.9,percent,CBS StatLine 85525NED Hoogstbehaald onderwijsniveau,provenance/netherlands_education_manifest.json,family_mapped
netherlands,education,2025,2024-10-01,cbs-gemeentelijke-indeling-2025,municipality,0335,GM0335,Montfoort,30.3,percent,CBS StatLine 85525NED Hoogstbehaald onderwijsniveau,provenance/netherlands_education_manifest.json,family_mapped
netherlands,education,2025,2024-10-01,cbs-gemeentelijke-indeling-2025,municipality,0339,GM0339,Renswoude,20.7,percent,CBS StatLine 85525NED Hoogstbehaald onderwijsniveau,provenance/netherlands_education_manifest.json,family_mapped
netherlands,education,2025,2024-10-01,cbs-gemeentelijke-indeling-2025,municipality,0340,GM0340,Rhenen,29.3,percent,CBS StatLine 85525NED Hoogstbehaald onderwijsniveau,provenance/netherlands_education_manifest.json,family_mapped
netherlands,education,2025,2024-10-01,cbs-gemeentelijke-indeling-2025,municipality,0342,GM0342,Soest,37.6,percent,CBS StatLine 85525NED Hoogstbehaald onderwijsniveau,provenance/netherlands_education_manifest.json,family_mapped
netherlands,education,2025,2024-10-01,cbs-gemeentelijke-indeling-2025,municipality,0344,GM0344,Utrecht,55.2,percent,CBS StatLine 85525NED Hoogstbehaald onderwijsniveau,provenance/netherlands_education_manifest.json,family_mapped
netherlands,education,2025,2024-10-01,cbs-gemeentelijke-indeling-2025,municipality,0345,GM0345,Veenendaal,28.2,percent,CBS StatLine 85525NED Hoogstbehaald onderwijsniveau,provenance/netherlands_education_manifest.json,family_mapped
netherlands,education,2025,2024-10-01,cbs-gemeentelijke-indeling-2025,municipality,0351,GM0351,Woudenberg,31.9,percent,CBS StatLine 85525NED Hoogstbehaald onderwijsniveau,provenance/netherlands_education_manifest.json,family_mapped
netherlands,education,2025,2024-10-01,cbs-gemeentelijke-indeling-2025,municipality,0352,GM0352,Wijk bij Duurstede,32.7,percent,CBS StatLine 85525NED Hoogstbehaald onderwijsniveau,provenance/netherlands_education_manifest.json,family_mapped
netherlands,education,2025,2024-10-01,cbs-gemeentelijke-indeling-2025,municipality,0353,GM0353,IJsselstein,31.9,percent,CBS StatLine 85525NED Hoogstbehaald onderwijsniveau,provenance/netherlands_education_manifest.json,family_mapped
netherlands,education,2025,2024-10-01,cbs-gemeentelijke-indeling-2025,municipality,0355,GM0355,Zeist,45.3,percent,CBS StatLine 85525NED Hoogstbehaald onderwijsniveau,provenance/netherlands_education_manifest.json,family_mapped
netherlands,education,2025,2024-10-01,cbs-gemeentelijke-indeling-2025,municipality,0356,GM0356,Nieuwegein,31.8,percent,CBS StatLine 85525NED Hoogstbehaald onderwijsniveau,provenance/netherlands_education_manifest.json,family_mapped
netherlands,education,2025,2024-10-01,cbs-gemeentelijke-indeling-2025,municipality,0358,GM0358,Aalsmeer,31.1,percent,CBS StatLine 85525NED Hoogstbehaald onderwijsniveau,provenance/netherlands_education_manifest.json,family_mapped
netherlands,education,2025,2024-10-01,cbs-gemeentelijke-indeling-2025,municipality,0361,GM0361,Alkmaar,33.4,percent,CBS StatLine 85525NED Hoogstbehaald onderwijsniveau,provenance/netherlands_education_manifest.json,family_mapped
netherlands,education,2025,2024-10-01,cbs-gemeentelijke-indeling-2025,municipality,0362,GM0362,Amstelveen,47.1,percent,CBS StatLine 85525NED Hoogstbehaald onderwijsniveau,provenance/netherlands_education_manifest.json,family_mapped
netherlands,education,2025,2024-10-01,cbs-gemeentelijke-indeling-2025,municipality,0363,GM0363,Amsterdam,49.7,percent,CBS StatLine 85525NED Hoogstbehaald onderwijsniveau,provenance/netherlands_education_manifest.json,family_mapped
netherlands,education,2025,2024-10-01,cbs-gemeentelijke-indeling-2025,municipality,0373,GM0373,Bergen (NH.),37.0,percent,CBS StatLine 85525NED Hoogstbehaald onderwijsniveau,provenance/netherlands_education_manifest.json,family_mapped
netherlands,education,2025,2024-10-01,cbs-gemeentelijke-indeling-2025,municipality,0375,GM0375,Beverwijk,25.1,percent,CBS StatLine 85525NED Hoogstbehaald onderwijsniveau,provenance/netherlands_education_manifest.json,family_mapped
netherlands,education,2025,2024-10-01,cbs-gemeentelijke-indeling-2025,municipality,0376,GM0376,Blaricum,44.7,percent,CBS StatLine 85525NED Hoogstbehaald onderwijsniveau,provenance/netherlands_education_manifest.json,family_mapped
netherlands,education,2025,2024-10-01,cbs-gemeentelijke-indeling-2025,municipality,0377,GM0377,Bloemendaal,56.1,percent,CBS StatLine 85525NED Hoogstbehaald onderwijsniveau,provenance/netherlands_education_manifest.json,family_mapped
netherlands,education,2025,2024-10-01,cbs-gemeentelijke-indeling-2025,municipality,0383,GM0383,Castricum,39.5,percent,CBS StatLine 85525NED Hoogstbehaald onderwijsniveau,provenance/netherlands_education_manifest.json,family_mapped
netherlands,education,2025,2024-10-01,cbs-gemeentelijke-indeling-2025,municipality,0384,GM0384,Diemen,50.8,percent,CBS StatLine 85525NED Hoogstbehaald onderwijsniveau,provenance/netherlands_education_manifest.json,family_mapped
netherlands,education,2025,2024-10-01,cbs-gemeentelijke-indeling-2025,municipality,0385,GM0385,Edam-Volendam,27.6,percent,CBS StatLine 85525NED Hoogstbehaald onderwijsniveau,provenance/netherlands_education_manifest.json,family_mapped
netherlands,education,2025,2024-10-01,cbs-gemeentelijke-indeling-2025,municipality,0388,GM0388,Enkhuizen,24.6,percent,CBS StatLine 85525NED Hoogstbehaald onderwijsniveau,provenance/netherlands_education_manifest.json,family_mapped
netherlands,education,2025,2024-10-01,cbs-gemeentelijke-indeling-2025,municipality,0392,GM0392,Haarlem,45.2,percent,CBS StatLine 85525NED Hoogstbehaald onderwijsniveau,provenance/netherlands_education_manifest.json,family_mapped
netherlands,education,2025,2024-10-01,cbs-gemeentelijke-indeling-2025,municipality,0394,GM0394,Haarlemmermeer,33.3,percent,CBS StatLine 85525NED Hoogstbehaald onderwijsniveau,provenance/netherlands_education_manifest.json,family_mapped
netherlands,education,2025,2024-10-01,cbs-gemeentelijke-indeling-2025,municipality,0396,GM0396,Heemskerk,26.2,percent,CBS StatLine 85525NED Hoogstbehaald onderwijsniveau,provenance/netherlands_education_manifest.json,family_mapped
netherlands,education,2025,2024-10-01,cbs-gemeentelijke-indeling-2025,municipality,0397,GM0397,Heemstede,54.6,percent,CBS StatLine 85525NED Hoogstbehaald onderwijsniveau,provenance/netherlands_education_manifest.json,family_mapped
netherlands,education,2025,2024-10-01,cbs-gemeentelijke-indeling-2025,municipality,0399,GM0399,Heiloo,43.5,percent,CBS StatLine 85525NED Hoogstbehaald onderwijsniveau,provenance/netherlands_education_manifest.json,family_mapped
netherlands,education,2025,2024-10-01,cbs-gemeentelijke-indeling-2025,municipality,0400,GM0400,Den Helder,18.9,percent,CBS StatLine 85525NED Hoogstbehaald onderwijsniveau,provenance/netherlands_education_manifest.json,family_mapped
netherlands,education,2025,2024-10-01,cbs-gemeentelijke-indeling-2025,municipality,0402,GM0402,Hilversum,42.3,percent,CBS StatLine 85525NED Hoogstbehaald onderwijsniveau,provenance/netherlands_education_manifest.json,family_mapped
netherlands,education,2025,2024-10-01,cbs-gemeentelijke-indeling-2025,municipality,0405,GM0405,Hoorn,29.0,percent,CBS StatLine 85525NED Hoogstbehaald onderwijsniveau,provenance/netherlands_education_manifest.json,family_mapped
netherlands,education,2025,2024-10-01,cbs-gemeentelijke-indeling-2025,municipality,0406,GM0406,Huizen,34.9,percent,CBS StatLine 85525NED Hoogstbehaald onderwijsniveau,provenance/netherlands_education_manifest.json,family_mapped
netherlands,education,2025,2024-10-01,cbs-gemeentelijke-indeling-2025,municipality,0415,GM0415,Landsmeer,40.1,percent,CBS StatLine 85525NED Hoogstbehaald onderwijsniveau,provenance/netherlands_education_manifest.json,family_mapped
netherlands,education,2025,2024-10-01,cbs-gemeentelijke-indeling-2025,municipality,0417,GM0417,Laren (NH.),50.9,percent,CBS StatLine 85525NED Hoogstbehaald onderwijsniveau,provenance/netherlands_education_manifest.json,family_mapped
netherlands,education,2025,2024-10-01,cbs-gemeentelijke-indeling-2025,municipality,0420,GM0420,Medemblik,22.9,percent,CBS StatLine 85525NED Hoogstbehaald onderwijsniveau,provenance/netherlands_education_manifest.json,family_mapped
netherlands,education,2025,2024-10-01,cbs-gemeentelijke-indeling-2025,municipality,0431,GM0431,Oostzaan,31.8,percent,CBS StatLine 85525NED Hoogstbehaald onderwijsniveau,provenance/netherlands_education_manifest.json,family_mapped
netherlands,education,2025,2024-10-01,cbs-gemeentelijke-indeling-2025,municipality,0432,GM0432,Opmeer,25.9,percent,CBS StatLine 85525NED Hoogstbehaald onderwijsniveau,provenance/netherlands_education_manifest.json,family_mapped
netherlands,education,2025,2024-10-01,cbs-gemeentelijke-indeling-2025,municipality,0437,GM0437,Ouder-Amstel,47.7,percent,CBS StatLine 85525NED Hoogstbehaald onderwijsniveau,provenance/netherlands_education_manifest.json,family_mapped
netherlands,education,2025,2024-10-01,cbs-gemeentelijke-indeling-2025,municipality,0439,GM0439,Purmerend,27.9,percent,CBS StatLine 85525NED Hoogstbehaald onderwijsniveau,provenance/netherlands_education_manifest.json,family_mapped
netherlands,education,2025,2024-10-01,cbs-gemeentelijke-indeling-2025,municipality,0441,GM0441,Schagen,27.4,percent,CBS StatLine 85525NED Hoogstbehaald onderwijsniveau,provenance/netherlands_education_manifest.json,family_mapped
netherlands,education,2025,2024-10-01,cbs-gemeentelijke-indeling-2025,municipality,0448,GM0448,Texel,25.5,percent,CBS StatLine 85525NED Hoogstbehaald onderwijsniveau,provenance/netherlands_education_manifest.json,family_mapped
netherlands,education,2025,2024-10-01,cbs-gemeentelijke-indeling-2025,municipality,0450,GM0450,Uitgeest,32.8,percent,CBS StatLine 85525NED Hoogstbehaald onderwijsniveau,provenance/netherlands_education_manifest.json,family_mapped
netherlands,education,2025,2024-10-01,cbs-gemeentelijke-indeling-2025,municipality,0451,GM0451,Uithoorn,34.5,percent,CBS StatLine 85525NED Hoogstbehaald onderwijsniveau,provenance/netherlands_education_manifest.json,family_mapped
netherlands,education,2025,2024-10-01,cbs-gemeentelijke-indeling-2025,municipality,0453,GM0453,Velsen,28.4,percent,CBS StatLine 85525NED Hoogstbehaald onderwijsniveau,provenance/netherlands_education_manifest.json,family_mapped
netherlands,education,2025,2024-10-01,cbs-gemeentelijke-indeling-2025,municipality,0473,GM0473,Zandvoort,33.3,percent,CBS StatLine 85525NED Hoogstbehaald onderwijsniveau,provenance/netherlands_education_manifest.json,family_mapped
netherlands,education,2025,2024-10-01,cbs-gemeentelijke-indeling-2025,municipality,0479,GM0479,Zaanstad,27.9,percent,CBS StatLine 85525NED Hoogstbehaald onderwijsniveau,provenance/netherlands_education_manifest.json,family_mapped
netherlands,education,2025,2024-10-01,cbs-gemeentelijke-indeling-2025,municipality,0482,GM0482,Alblasserdam,22.6,percent,CBS StatLine 85525NED Hoogstbehaald onderwijsniveau,provenance/netherlands_education_manifest.json,family_mapped
netherlands,education,2025,2024-10-01,cbs-gemeentelijke-indeling-2025,municipality,0484,GM0484,Alphen aan den Rijn,32.1,percent,CBS StatLine 85525NED Hoogstbehaald onderwijsniveau,provenance/netherlands_education_manifest.json,family_mapped
netherlands,education,2025,2024-10-01,cbs-gemeentelijke-indeling-2025,municipality,0489,GM0489,Barendrecht,33.0,percent,CBS StatLine 85525NED Hoogstbehaald onderwijsniveau,provenance/netherlands_education_manifest.json,family_mapped
netherlands,education,2025,2024-10-01,cbs-gemeentelijke-indeling-2025,municipality,0498,GM0498,Drechterland,25.7,percent,CBS StatLine 85525NED Hoogstbehaald onderwijsniveau,provenance/netherlands_education_manifest.json,family_mapped
netherlands,education,2025,2024-10-01,cbs-gemeentelijke-indeling-2025,municipality,0502,GM0502,Capelle aan den IJssel,30.9,percent,CBS StatLine 85525NED Hoogstbehaald onderwijsniveau,provenance/netherlands_education_manifest.json,family_mapped
netherlands,education,2025,2024-10-01,cbs-gemeentelijke-indeling-2025,municipality,0503,GM0503,Delft,48.1,percent,CBS StatLine 85525NED Hoogstbehaald onderwijsniveau,provenance/netherlands_education_manifest.json,family_mapped
netherlands,education,2025,2024-10-01,cbs-gemeentelijke-indeling-2025,municipality,0505,GM0505,Dordrecht,28.4,percent,CBS StatLine 85525NED Hoogstbehaald onderwijsniveau,provenance/netherlands_education_manifest.json,family_mapped
netherlands,education,2025,2024-10-01,cbs-gemeentelijke-indeling-2025,municipality,0512,GM0512,Gorinchem,30.0,percent,CBS StatLine 85525NED Hoogstbehaald onderwijsniveau,provenance/netherlands_education_manifest.json,family_mapped
netherlands,education,2025,2024-10-01,cbs-gemeentelijke-indeling-2025,municipality,0513,GM0513,Gouda,36.0,percent,CBS StatLine 85525NED Hoogstbehaald onderwijsniveau,provenance/netherlands_education_manifest.json,family_mapped
netherlands,education,2025,2024-10-01,cbs-gemeentelijke-indeling-2025,municipality,0518,GM0518,'s-Gravenhage,37.1,percent,CBS StatLine 85525NED Hoogstbehaald onderwijsniveau,provenance/netherlands_education_manifest.json,family_mapped
netherlands,education,2025,2024-10-01,cbs-gemeentelijke-indeling-2025,municipality,0523,GM0523,Hardinxveld-Giessendam,20.9,percent,CBS StatLine 85525NED Hoogstbehaald onderwijsniveau,provenance/netherlands_education_manifest.json,family_mapped
netherlands,education,2025,2024-10-01,cbs-gemeentelijke-indeling-2025,municipality,0531,GM0531,Hendrik-Ido-Ambacht,29.2,percent,CBS StatLine 85525NED Hoogstbehaald onderwijsniveau,provenance/netherlands_education_manifest.json,family_mapped
netherlands,education,2025,2024-10-01,cbs-gemeentelijke-indeling-2025,municipality,0532,GM0532,Stede Broec,22.2,percent,CBS StatLine 85525NED Hoogstbehaald onderwijsniveau,provenance/netherlands_education_manifest.json,family_mapped
netherlands,education,2025,2024-10-01,cbs-gemeentelijke-indeling-2025,municipality,0534,GM0534,Hillegom,30.4,percent,CBS StatLine 85525NED Hoogstbehaald onderwijsniveau,provenance/netherlands_education_manifest.json,family_mapped
netherlands,education,2025,2024-10-01,cbs-gemeentelijke-indeling-2025,municipality,0537,GM0537,Katwijk,23.2,percent,CBS StatLine 85525NED Hoogstbehaald onderwijsniveau,provenance/netherlands_education_manifest.json,family_mapped
netherlands,education,2025,2024-10-01,cbs-gemeentelijke-indeling-2025,municipality,0542,GM0542,Krimpen aan den IJssel,27.9,percent,CBS StatLine 85525NED Hoogstbehaald onderwijsniveau,provenance/netherlands_education_manifest.json,family_mapped
netherlands,education,2025,2024-10-01,cbs-gemeentelijke-indeling-2025,municipality,0546,GM0546,Leiden,49.8,percent,CBS StatLine 85525NED Hoogstbehaald onderwijsniveau,provenance/netherlands_education_manifest.json,family_mapped
netherlands,education,2025,2024-10-01,cbs-gemeentelijke-indeling-2025,municipality,0547,GM0547,Leiderdorp,41.8,percent,CBS StatLine 85525NED Hoogstbehaald onderwijsniveau,provenance/netherlands_education_manifest.json,family_mapped
netherlands,education,2025,2024-10-01,cbs-gemeentelijke-indeling-2025,municipality,0553,GM0553,Lisse,30.3,percent,CBS StatLine 85525NED Hoogstbehaald onderwijsniveau,provenance/netherlands_education_manifest.json,family_mapped
netherlands,education,2025,2024-10-01,cbs-gemeentelijke-indeling-2025,municipality,0556,GM0556,Maassluis,27.7,percent,CBS StatLine 85525NED Hoogstbehaald onderwijsniveau,provenance/netherlands_education_manifest.json,family_mapped
netherlands,education,2025,2024-10-01,cbs-gemeentelijke-indeling-2025,municipality,0569,GM0569,Nieuwkoop,27.0,percent,CBS StatLine 85525NED Hoogstbehaald onderwijsniveau,provenance/netherlands_education_manifest.json,family_mapped
netherlands,education,2025,2024-10-01,cbs-gemeentelijke-indeling-2025,municipality,0575,GM0575,Noordwijk,33.5,percent,CBS StatLine 85525NED Hoogstbehaald onderwijsniveau,provenance/netherlands_education_manifest.json,family_mapped
netherlands,education,2025,2024-10-01,cbs-gemeentelijke-indeling-2025,municipality,0579,GM0579,Oegstgeest,58.6,percent,CBS StatLine 85525NED Hoogstbehaald onderwijsniveau,provenance/netherlands_education_manifest.json,family_mapped
netherlands,education,2025,2024-10-01,cbs-gemeentelijke-indeling-2025,municipality,0589,GM0589,Oudewater,27.1,percent,CBS StatLine 85525NED Hoogstbehaald onderwijsniveau,provenance/netherlands_education_manifest.json,family_mapped
netherlands,education,2025,2024-10-01,cbs-gemeentelijke-indeling-2025,municipality,0590,GM0590,Papendrecht,24.5,percent,CBS StatLine 85525NED Hoogstbehaald onderwijsniveau,provenance/netherlands_education_manifest.json,family_mapped
netherlands,education,2025,2024-10-01,cbs-gemeentelijke-indeling-2025,municipality,0597,GM0597,Ridderkerk,23.9,percent,CBS StatLine 85525NED Hoogstbehaald onderwijsniveau,provenance/netherlands_education_manifest.json,family_mapped
netherlands,education,2025,2024-10-01,cbs-gemeentelijke-indeling-2025,municipality,0599,GM0599,Rotterdam,33.5,percent,CBS StatLine 85525NED Hoogstbehaald onderwijsniveau,provenance/netherlands_education_manifest.json,family_mapped
netherlands,education,2025,2024-10-01,cbs-gemeentelijke-indeling-2025,municipality,0603,GM0603,Rijswijk (ZH.),41.3,percent,CBS StatLine 85525NED Hoogstbehaald onderwijsniveau,provenance/netherlands_education_manifest.json,family_mapped
netherlands,education,2025,2024-10-01,cbs-gemeentelijke-indeling-2025,municipality,0606,GM0606,Schiedam,27.3,percent,CBS StatLine 85525NED Hoogstbehaald onderwijsniveau,provenance/netherlands_education_manifest.json,family_mapped
netherlands,education,2025,2024-10-01,cbs-gemeentelijke-indeling-2025,municipality,0610,GM0610,Sliedrecht,21.4,percent,CBS StatLine 85525NED Hoogstbehaald onderwijsniveau,provenance/netherlands_education_manifest.json,family_mapped
netherlands,education,2025,2024-10-01,cbs-gemeentelijke-indeling-2025,municipality,0613,GM0613,Albrandswaard,34.5,percent,CBS StatLine 85525NED Hoogstbehaald onderwijsniveau,provenance/netherlands_education_manifest.json,family_mapped
netherlands,education,2025,2024-10-01,cbs-gemeentelijke-indeling-2025,municipality,0622,GM0622,Vlaardingen,24.4,percent,CBS StatLine 85525NED Hoogstbehaald onderwijsniveau,provenance/netherlands_education_manifest.json,family_mapped
netherlands,education,2025,2024-10-01,cbs-gemeentelijke-indeling-2025,municipality,0626,GM0626,Voorschoten,46.0,percent,CBS StatLine 85525NED Hoogstbehaald onderwijsniveau,provenance/netherlands_education_manifest.json,family_mapped
netherlands,education,2025,2024-10-01,cbs-gemeentelijke-indeling-2025,municipality,0627,GM0627,Waddinxveen,30.0,percent,CBS StatLine 85525NED Hoogstbehaald onderwijsniveau,provenance/netherlands_education_manifest.json,family_mapped
netherlands,education,2025,2024-10-01,cbs-gemeentelijke-indeling-2025,municipality,0629,GM0629,Wassenaar,45.3,percent,CBS StatLine 85525NED Hoogstbehaald onderwijsniveau,provenance/netherlands_education_manifest.json,family_mapped
netherlands,education,2025,2024-10-01,cbs-gemeentelijke-indeling-2025,municipality,0632,GM0632,Woerden,36.4,percent,CBS StatLine 85525NED Hoogstbehaald onderwijsniveau,provenance/netherlands_education_manifest.json,family_mapped
netherlands,education,2025,2024-10-01,cbs-gemeentelijke-indeling-2025,municipality,0637,GM0637,Zoetermeer,30.8,percent,CBS StatLine 85525NED Hoogstbehaald onderwijsniveau,provenance/netherlands_education_manifest.json,family_mapped
netherlands,education,2025,2024-10-01,cbs-gemeentelijke-indeling-2025,municipality,0638,GM0638,Zoeterwoude,36.9,percent,CBS StatLine 85525NED Hoogstbehaald onderwijsniveau,provenance/netherlands_education_manifest.json,family_mapped
netherlands,education,2025,2024-10-01,cbs-gemeentelijke-indeling-2025,municipality,0642,GM0642,Zwijndrecht,22.4,percent,CBS StatLine 85525NED Hoogstbehaald onderwijsniveau,provenance/netherlands_education_manifest.json,family_mapped
netherlands,education,2025,2024-10-01,cbs-gemeentelijke-indeling-2025,municipality,0654,GM0654,Borsele,24.7,percent,CBS StatLine 85525NED Hoogstbehaald onderwijsniveau,provenance/netherlands_education_manifest.json,family_mapped
netherlands,education,2025,2024-10-01,cbs-gemeentelijke-indeling-2025,municipality,0664,GM0664,Goes,26.5,percent,CBS StatLine 85525NED Hoogstbehaald onderwijsniveau,provenance/netherlands_education_manifest.json,family_mapped
netherlands,education,2025,2024-10-01,cbs-gemeentelijke-indeling-2025,municipality,0668,GM0668,West Maas en Waal,25.4,percent,CBS StatLine 85525NED Hoogstbehaald onderwijsniveau,provenance/netherlands_education_manifest.json,family_mapped
netherlands,education,2025,2024-10-01,cbs-gemeentelijke-indeling-2025,municipality,0677,GM0677,Hulst,23.5,percent,CBS StatLine 85525NED Hoogstbehaald onderwijsniveau,provenance/netherlands_education_manifest.json,family_mapped
netherlands,education,2025,2024-10-01,cbs-gemeentelijke-indeling-2025,municipality,0678,GM0678,Kapelle,27.9,percent,CBS StatLine 85525NED Hoogstbehaald onderwijsniveau,provenance/netherlands_education_manifest.json,family_mapped
netherlands,education,2025,2024-10-01,cbs-gemeentelijke-indeling-2025,municipality,0687,GM0687,Middelburg (Z.),31.2,percent,CBS StatLine 85525NED Hoogstbehaald onderwijsniveau,provenance/netherlands_education_manifest.json,family_mapped
netherlands,education,2025,2024-10-01,cbs-gemeentelijke-indeling-2025,municipality,0703,GM0703,Reimerswaal,16.7,percent,CBS StatLine 85525NED Hoogstbehaald onderwijsniveau,provenance/netherlands_education_manifest.json,family_mapped
netherlands,education,2025,2024-10-01,cbs-gemeentelijke-indeling-2025,municipality,0715,GM0715,Terneuzen,22.3,percent,CBS StatLine 85525NED Hoogstbehaald onderwijsniveau,provenance/netherlands_education_manifest.json,family_mapped
netherlands,education,2025,2024-10-01,cbs-gemeentelijke-indeling-2025,municipality,0716,GM0716,Tholen,20.1,percent,CBS StatLine 85525NED Hoogstbehaald onderwijsniveau,provenance/netherlands_education_manifest.json,family_mapped
netherlands,education,2025,2024-10-01,cbs-gemeentelijke-indeling-2025,municipality,0717,GM0717,Veere,29.0,percent,CBS StatLine 85525NED Hoogstbehaald onderwijsniveau,provenance/netherlands_education_manifest.json,family_mapped
netherlands,education,2025,2024-10-01,cbs-gemeentelijke-indeling-2025,municipality,0718,GM0718,Vlissingen,23.7,percent,CBS StatLine 85525NED Hoogstbehaald onderwijsniveau,provenance/netherlands_education_manifest.json,family_mapped
netherlands,education,2025,2024-10-01,cbs-gemeentelijke-indeling-2025,municipality,0736,GM0736,De Ronde Venen,35.9,percent,CBS StatLine 85525NED Hoogstbehaald onderwijsniveau,provenance/netherlands_education_manifest.json,family_mapped
netherlands,education,2025,2024-10-01,cbs-gemeentelijke-indeling-2025,municipality,0737,GM0737,Tytsjerksteradiel,27.0,percent,CBS StatLine 85525NED Hoogstbehaald onderwijsniveau,provenance/netherlands_education_manifest.json,family_mapped
netherlands,education,2025,2024-10-01,cbs-gemeentelijke-indeling-2025,municipality,0743,GM0743,Asten,27.2,percent,CBS StatLine 85525NED Hoogstbehaald onderwijsniveau,provenance/netherlands_education_manifest.json,family_mapped
netherlands,education,2025,2024-10-01,cbs-gemeentelijke-indeling-2025,municipality,0744,GM0744,Baarle-Nassau,24.0,percent,CBS StatLine 85525NED Hoogstbehaald onderwijsniveau,provenance/netherlands_education_manifest.json,family_mapped
netherlands,education,2025,2024-10-01,cbs-gemeentelijke-indeling-2025,municipality,0748,GM0748,Bergen op Zoom,27.4,percent,CBS StatLine 85525NED Hoogstbehaald onderwijsniveau,provenance/netherlands_education_manifest.json,family_mapped
netherlands,education,2025,2024-10-01,cbs-gemeentelijke-indeling-2025,municipality,0753,GM0753,Best,38.3,percent,CBS StatLine 85525NED Hoogstbehaald onderwijsniveau,provenance/netherlands_education_manifest.json,family_mapped
netherlands,education,2025,2024-10-01,cbs-gemeentelijke-indeling-2025,municipality,0755,GM0755,Boekel,23.8,percent,CBS StatLine 85525NED Hoogstbehaald onderwijsniveau,provenance/netherlands_education_manifest.json,family_mapped
netherlands,education,2025,2024-10-01,cbs-gemeentelijke-indeling-2025,municipality,0757,GM0757,Boxtel,30.2,percent,CBS StatLine 85525NED Hoogstbehaald onderwijsniveau,provenance/netherlands_education_manifest.json,family_mapped
netherlands,education,2025,2024-10-01,cbs-gemeentelijke-indeling-2025,municipality,0758,GM0758,Breda,41.3,percent,CBS StatLine 85525NED Hoogstbehaald onderwijsniveau,provenance/netherlands_education_manifest.json,family_mapped
netherlands,education,2025,2024-10-01,cbs-gemeentelijke-indeling-2025,municipality,0762,GM0762,Deurne,24.7,percent,CBS StatLine 85525NED Hoogstbehaald onderwijsniveau,provenance/netherlands_education_manifest.json,family_mapped
netherlands,education,2025,2024-10-01,cbs-gemeentelijke-indeling-2025,municipality,0765,GM0765,Pekela,17.2,percent,CBS StatLine 85525NED Hoogstbehaald onderwijsniveau,provenance/netherlands_education_manifest.json,family_mapped
netherlands,education,2025,2024-10-01,cbs-gemeentelijke-indeling-2025,municipality,0766,GM0766,Dongen,27.4,percent,CBS StatLine 85525NED Hoogstbehaald onderwijsniveau,provenance/netherlands_education_manifest.json,family_mapped
netherlands,education,2025,2024-10-01,cbs-gemeentelijke-indeling-2025,municipality,0770,GM0770,Eersel,31.5,percent,CBS StatLine 85525NED Hoogstbehaald onderwijsniveau,provenance/netherlands_education_manifest.json,family_mapped
netherlands,education,2025,2024-10-01,cbs-gemeentelijke-indeling-2025,municipality,0772,GM0772,Eindhoven,42.8,percent,CBS StatLine 85525NED Hoogstbehaald onderwijsniveau,provenance/netherlands_education_manifest.json,family_mapped
netherlands,education,2025,2024-10-01,cbs-gemeentelijke-indeling-2025,municipality,0777,GM0777,Etten-Leur,29.7,percent,CBS StatLine 85525NED Hoogstbehaald onderwijsniveau,provenance/netherlands_education_manifest.json,family_mapped
netherlands,education,2025,2024-10-01,cbs-gemeentelijke-indeling-2025,municipality,0779,GM0779,Geertruidenberg,23.5,percent,CBS StatLine 85525NED Hoogstbehaald onderwijsniveau,provenance/netherlands_education_manifest.json,family_mapped
netherlands,education,2025,2024-10-01,cbs-gemeentelijke-indeling-2025,municipality,0784,GM0784,Gilze en Rijen,27.8,percent,CBS StatLine 85525NED Hoogstbehaald onderwijsniveau,provenance/netherlands_education_manifest.json,family_mapped
netherlands,education,2025,2024-10-01,cbs-gemeentelijke-indeling-2025,municipality,0785,GM0785,Goirle,34.4,percent,CBS StatLine 85525NED Hoogstbehaald onderwijsniveau,provenance/netherlands_education_manifest.json,family_mapped
netherlands,education,2025,2024-10-01,cbs-gemeentelijke-indeling-2025,municipality,0794,GM0794,Helmond,26.5,percent,CBS StatLine 85525NED Hoogstbehaald onderwijsniveau,provenance/netherlands_education_manifest.json,family_mapped
netherlands,education,2025,2024-10-01,cbs-gemeentelijke-indeling-2025,municipality,0796,GM0796,'s-Hertogenbosch,40.7,percent,CBS StatLine 85525NED Hoogstbehaald onderwijsniveau,provenance/netherlands_education_manifest.json,family_mapped
netherlands,education,2025,2024-10-01,cbs-gemeentelijke-indeling-2025,municipality,0797,GM0797,Heusden,30.3,percent,CBS StatLine 85525NED Hoogstbehaald onderwijsniveau,provenance/netherlands_education_manifest.json,family_mapped
netherlands,education,2025,2024-10-01,cbs-gemeentelijke-indeling-2025,municipality,0798,GM0798,Hilvarenbeek,34.3,percent,CBS StatLine 85525NED Hoogstbehaald onderwijsniveau,provenance/netherlands_education_manifest.json,family_mapped
netherlands,education,2025,2024-10-01,cbs-gemeentelijke-indeling-2025,municipality,0809,GM0809,Loon op Zand,25.4,percent,CBS StatLine 85525NED Hoogstbehaald onderwijsniveau,provenance/netherlands_education_manifest.json,family_mapped
netherlands,education,2025,2024-10-01,cbs-gemeentelijke-indeling-2025,municipality,0820,GM0820,"Nuenen, Gerwen en Nederwetten",44.3,percent,CBS StatLine 85525NED Hoogstbehaald onderwijsniveau,provenance/netherlands_education_manifest.json,family_mapped
netherlands,education,2025,2024-10-01,cbs-gemeentelijke-indeling-2025,municipality,0823,GM0823,Oirschot,28.2,percent,CBS StatLine 85525NED Hoogstbehaald onderwijsniveau,provenance/netherlands_education_manifest.json,family_mapped
netherlands,education,2025,2024-10-01,cbs-gemeentelijke-indeling-2025,municipality,0824,GM0824,Oisterwijk,34.6,percent,CBS StatLine 85525NED Hoogstbehaald onderwijsniveau,provenance/netherlands_education_manifest.json,family_mapped
netherlands,education,2025,2024-10-01,cbs-gemeentelijke-indeling-2025,municipality,0826,GM0826,Oosterhout,29.5,percent,CBS StatLine 85525NED Hoogstbehaald onderwijsniveau,provenance/netherlands_education_manifest.json,family_mapped
netherlands,education,2025,2024-10-01,cbs-gemeentelijke-indeling-2025,municipality,0828,GM0828,Oss,27.1,percent,CBS StatLine 85525NED Hoogstbehaald onderwijsniveau,provenance/netherlands_education_manifest.json,family_mapped
netherlands,education,2025,2024-10-01,cbs-gemeentelijke-indeling-2025,municipality,0840,GM0840,Rucphen,19.3,percent,CBS StatLine 85525NED Hoogstbehaald onderwijsniveau,provenance/netherlands_education_manifest.json,family_mapped
netherlands,education,2025,2024-10-01,cbs-gemeentelijke-indeling-2025,municipality,0845,GM0845,Sint-Michielsgestel,34.7,percent,CBS StatLine 85525NED Hoogstbehaald onderwijsniveau,provenance/netherlands_education_manifest.json,family_mapped
netherlands,education,2025,2024-10-01,cbs-gemeentelijke-indeling-2025,municipality,0847,GM0847,Someren,24.9,percent,CBS StatLine 85525NED Hoogstbehaald onderwijsniveau,provenance/netherlands_education_manifest.json,family_mapped
netherlands,education,2025,2024-10-01,cbs-gemeentelijke-indeling-2025,municipality,0848,GM0848,Son en Breugel,41.7,percent,CBS StatLine 85525NED Hoogstbehaald onderwijsniveau,provenance/netherlands_education_manifest.json,family_mapped
netherlands,education,2025,2024-10-01,cbs-gemeentelijke-indeling-2025,municipality,0851,GM0851,Steenbergen,22.6,percent,CBS StatLine 85525NED Hoogstbehaald onderwijsniveau,provenance/netherlands_education_manifest.json,family_mapped
netherlands,education,2025,2024-10-01,cbs-gemeentelijke-indeling-2025,municipality,0852,GM0852,Waterland,38.8,percent,CBS StatLine 85525NED Hoogstbehaald onderwijsniveau,provenance/netherlands_education_manifest.json,family_mapped
netherlands,education,2025,2024-10-01,cbs-gemeentelijke-indeling-2025,municipality,0855,GM0855,Tilburg,33.5,percent,CBS StatLine 85525NED Hoogstbehaald onderwijsniveau,provenance/netherlands_education_manifest.json,family_mapped
netherlands,education,2025,2024-10-01,cbs-gemeentelijke-indeling-2025,municipality,0858,GM0858,Valkenswaard,30.8,percent,CBS StatLine 85525NED Hoogstbehaald onderwijsniveau,provenance/netherlands_education_manifest.json,family_mapped
netherlands,education,2025,2024-10-01,cbs-gemeentelijke-indeling-2025,municipality,0861,GM0861,Veldhoven,37.9,percent,CBS StatLine 85525NED Hoogstbehaald onderwijsniveau,provenance/netherlands_education_manifest.json,family_mapped
netherlands,education,2025,2024-10-01,cbs-gemeentelijke-indeling-2025,municipality,0865,GM0865,Vught,45.4,percent,CBS StatLine 85525NED Hoogstbehaald onderwijsniveau,provenance/netherlands_education_manifest.json,family_mapped
netherlands,education,2025,2024-10-01,cbs-gemeentelijke-indeling-2025,municipality,0866,GM0866,Waalre,52.0,percent,CBS StatLine 85525NED Hoogstbehaald onderwijsniveau,provenance/netherlands_education_manifest.json,family_mapped
netherlands,education,2025,2024-10-01,cbs-gemeentelijke-indeling-2025,municipality,0867,GM0867,Waalwijk,23.9,percent,CBS StatLine 85525NED Hoogstbehaald onderwijsniveau,provenance/netherlands_education_manifest.json,family_mapped
netherlands,education,2025,2024-10-01,cbs-gemeentelijke-indeling-2025,municipality,0873,GM0873,Woensdrecht,23.2,percent,CBS StatLine 85525NED Hoogstbehaald onderwijsniveau,provenance/netherlands_education_manifest.json,family_mapped
netherlands,education,2025,2024-10-01,cbs-gemeentelijke-indeling-2025,municipality,0879,GM0879,Zundert,26.2,percent,CBS StatLine 85525NED Hoogstbehaald onderwijsniveau,provenance/netherlands_education_manifest.json,family_mapped
netherlands,education,2025,2024-10-01,cbs-gemeentelijke-indeling-2025,municipality,0880,GM0880,Wormerland,27.9,percent,CBS StatLine 85525NED Hoogstbehaald onderwijsniveau,provenance/netherlands_education_manifest.json,family_mapped
netherlands,education,2025,2024-10-01,cbs-gemeentelijke-indeling-2025,municipality,0882,GM0882,Landgraaf,23.3,percent,CBS StatLine 85525NED Hoogstbehaald onderwijsniveau,provenance/netherlands_education_manifest.json,family_mapped
netherlands,education,2025,2024-10-01,cbs-gemeentelijke-indeling-2025,municipality,0888,GM0888,Beek (L.),31.5,percent,CBS StatLine 85525NED Hoogstbehaald onderwijsniveau,provenance/netherlands_education_manifest.json,family_mapped
netherlands,education,2025,2024-10-01,cbs-gemeentelijke-indeling-2025,municipality,0889,GM0889,Beesel,21.7,percent,CBS StatLine 85525NED Hoogstbehaald onderwijsniveau,provenance/netherlands_education_manifest.json,family_mapped
netherlands,education,2025,2024-10-01,cbs-gemeentelijke-indeling-2025,municipality,0893,GM0893,Bergen (L.),21.2,percent,CBS StatLine 85525NED Hoogstbehaald onderwijsniveau,provenance/netherlands_education_manifest.json,family_mapped
netherlands,education,2025,2024-10-01,cbs-gemeentelijke-indeling-2025,municipality,0899,GM0899,Brunssum,21.9,percent,CBS StatLine 85525NED Hoogstbehaald onderwijsniveau,provenance/netherlands_education_manifest.json,family_mapped
netherlands,education,2025,2024-10-01,cbs-gemeentelijke-indeling-2025,municipality,0907,GM0907,Gennep,26.5,percent,CBS StatLine 85525NED Hoogstbehaald onderwijsniveau,provenance/netherlands_education_manifest.json,family_mapped
netherlands,education,2025,2024-10-01,cbs-gemeentelijke-indeling-2025,municipality,0917,GM0917,Heerlen,23.4,percent,CBS StatLine 85525NED Hoogstbehaald onderwijsniveau,provenance/netherlands_education_manifest.json,family_mapped
netherlands,education,2025,2024-10-01,cbs-gemeentelijke-indeling-2025,municipality,0928,GM0928,Kerkrade,18.7,percent,CBS StatLine 85525NED Hoogstbehaald onderwijsniveau,provenance/netherlands_education_manifest.json,family_mapped
netherlands,education,2025,2024-10-01,cbs-gemeentelijke-indeling-2025,municipality,0935,GM0935,Maastricht,35.9,percent,CBS StatLine 85525NED Hoogstbehaald onderwijsniveau,provenance/netherlands_education_manifest.json,family_mapped
netherlands,education,2025,2024-10-01,cbs-gemeentelijke-indeling-2025,municipality,0938,GM0938,Meerssen,34.9,percent,CBS StatLine 85525NED Hoogstbehaald onderwijsniveau,provenance/netherlands_education_manifest.json,family_mapped
netherlands,education,2025,2024-10-01,cbs-gemeentelijke-indeling-2025,municipality,0944,GM0944,Mook en Middelaar,42.8,percent,CBS StatLine 85525NED Hoogstbehaald onderwijsniveau,provenance/netherlands_education_manifest.json,family_mapped
netherlands,education,2025,2024-10-01,cbs-gemeentelijke-indeling-2025,municipality,0946,GM0946,Nederweert,24.9,percent,CBS StatLine 85525NED Hoogstbehaald onderwijsniveau,provenance/netherlands_education_manifest.json,family_mapped
netherlands,education,2025,2024-10-01,cbs-gemeentelijke-indeling-2025,municipality,0957,GM0957,Roermond,30.2,percent,CBS StatLine 85525NED Hoogstbehaald onderwijsniveau,provenance/netherlands_education_manifest.json,family_mapped
netherlands,education,2025,2024-10-01,cbs-gemeentelijke-indeling-2025,municipality,0965,GM0965,Simpelveld,28.8,percent,CBS StatLine 85525NED Hoogstbehaald onderwijsniveau,provenance/netherlands_education_manifest.json,family_mapped
netherlands,education,2025,2024-10-01,cbs-gemeentelijke-indeling-2025,municipality,0971,GM0971,Stein (L.),25.9,percent,CBS StatLine 85525NED Hoogstbehaald onderwijsniveau,provenance/netherlands_education_manifest.json,family_mapped
netherlands,education,2025,2024-10-01,cbs-gemeentelijke-indeling-2025,municipality,0981,GM0981,Vaals,30.7,percent,CBS StatLine 85525NED Hoogstbehaald onderwijsniveau,provenance/netherlands_education_manifest.json,family_mapped
netherlands,education,2025,2024-10-01,cbs-gemeentelijke-indeling-2025,municipality,0983,GM0983,Venlo,25.6,percent,CBS StatLine 85525NED Hoogstbehaald onderwijsniveau,provenance/netherlands_education_manifest.json,family_mapped
netherlands,education,2025,2024-10-01,cbs-gemeentelijke-indeling-2025,municipality,0984,GM0984,Venray,26.3,percent,CBS StatLine 85525NED Hoogstbehaald onderwijsniveau,provenance/netherlands_education_manifest.json,family_mapped
netherlands,education,2025,2024-10-01,cbs-gemeentelijke-indeling-2025,municipality,0986,GM0986,Voerendaal,37.1,percent,CBS StatLine 85525NED Hoogstbehaald onderwijsniveau,provenance/netherlands_education_manifest.json,family_mapped
netherlands,education,2025,2024-10-01,cbs-gemeentelijke-indeling-2025,municipality,0988,GM0988,Weert,30.2,percent,CBS StatLine 85525NED Hoogstbehaald onderwijsniveau,provenance/netherlands_education_manifest.json,family_mapped
netherlands,education,2025,2024-10-01,cbs-gemeentelijke-indeling-2025,municipality,0994,GM0994,Valkenburg aan de Geul,33.4,percent,CBS StatLine 85525NED Hoogstbehaald onderwijsniveau,provenance/netherlands_education_manifest.json,family_mapped
netherlands,education,2025,2024-10-01,cbs-gemeentelijke-indeling-2025,municipality,0995,GM0995,Lelystad,25.4,percent,CBS StatLine 85525NED Hoogstbehaald onderwijsniveau,provenance/netherlands_education_manifest.json,family_mapped
netherlands,education,2025,2024-10-01,cbs-gemeentelijke-indeling-2025,municipality,1507,GM1507,Horst aan de Maas,27.9,percent,CBS StatLine 85525NED Hoogstbehaald onderwijsniveau,provenance/netherlands_education_manifest.json,family_mapped
netherlands,education,2025,2024-10-01,cbs-gemeentelijke-indeling-2025,municipality,1509,GM1509,Oude IJsselstreek,23.2,percent,CBS StatLine 85525NED Hoogstbehaald onderwijsniveau,provenance/netherlands_education_manifest.json,family_mapped
netherlands,education,2025,2024-10-01,cbs-gemeentelijke-indeling-2025,municipality,1525,GM1525,Teylingen,37.1,percent,CBS StatLine 85525NED Hoogstbehaald onderwijsniveau,provenance/netherlands_education_manifest.json,family_mapped
netherlands,education,2025,2024-10-01,cbs-gemeentelijke-indeling-2025,municipality,1581,GM1581,Utrechtse Heuvelrug,43.0,percent,CBS StatLine 85525NED Hoogstbehaald onderwijsniveau,provenance/netherlands_education_manifest.json,family_mapped
netherlands,education,2025,2024-10-01,cbs-gemeentelijke-indeling-2025,municipality,1586,GM1586,Oost Gelre,28.8,percent,CBS StatLine 85525NED Hoogstbehaald onderwijsniveau,provenance/netherlands_education_manifest.json,family_mapped
netherlands,education,2025,2024-10-01,cbs-gemeentelijke-indeling-2025,municipality,1598,GM1598,Koggenland,25.8,percent,CBS StatLine 85525NED Hoogstbehaald onderwijsniveau,provenance/netherlands_education_manifest.json,family_mapped
netherlands,education,2025,2024-10-01,cbs-gemeentelijke-indeling-2025,municipality,1621,GM1621,Lansingerland,41.0,percent,CBS StatLine 85525NED Hoogstbehaald onderwijsniveau,provenance/netherlands_education_manifest.json,family_mapped
netherlands,education,2025,2024-10-01,cbs-gemeentelijke-indeling-2025,municipality,1640,GM1640,Leudal,28.8,percent,CBS StatLine 85525NED Hoogstbehaald onderwijsniveau,provenance/netherlands_education_manifest.json,family_mapped
netherlands,education,2025,2024-10-01,cbs-gemeentelijke-indeling-2025,municipality,1641,GM1641,Maasgouw,30.3,percent,CBS StatLine 85525NED Hoogstbehaald onderwijsniveau,provenance/netherlands_education_manifest.json,family_mapped
netherlands,education,2025,2024-10-01,cbs-gemeentelijke-indeling-2025,municipality,1652,GM1652,Gemert-Bakel,24.3,percent,CBS StatLine 85525NED Hoogstbehaald onderwijsniveau,provenance/netherlands_education_manifest.json,family_mapped
netherlands,education,2025,2024-10-01,cbs-gemeentelijke-indeling-2025,municipality,1655,GM1655,Halderberge,24.5,percent,CBS StatLine 85525NED Hoogstbehaald onderwijsniveau,provenance/netherlands_education_manifest.json,family_mapped
netherlands,education,2025,2024-10-01,cbs-gemeentelijke-indeling-2025,municipality,1658,GM1658,Heeze-Leende,39.1,percent,CBS StatLine 85525NED Hoogstbehaald onderwijsniveau,provenance/netherlands_education_manifest.json,family_mapped
netherlands,education,2025,2024-10-01,cbs-gemeentelijke-indeling-2025,municipality,1659,GM1659,Laarbeek,25.8,percent,CBS StatLine 85525NED Hoogstbehaald onderwijsniveau,provenance/netherlands_education_manifest.json,family_mapped
netherlands,education,2025,2024-10-01,cbs-gemeentelijke-indeling-2025,municipality,1667,GM1667,Reusel-De Mierden,25.6,percent,CBS StatLine 85525NED Hoogstbehaald onderwijsniveau,provenance/netherlands_education_manifest.json,family_mapped
netherlands,education,2025,2024-10-01,cbs-gemeentelijke-indeling-2025,municipality,1669,GM1669,Roerdalen,26.7,percent,CBS StatLine 85525NED Hoogstbehaald onderwijsniveau,provenance/netherlands_education_manifest.json,family_mapped
netherlands,education,2025,2024-10-01,cbs-gemeentelijke-indeling-2025,municipality,1674,GM1674,Roosendaal,26.9,percent,CBS StatLine 85525NED Hoogstbehaald onderwijsniveau,provenance/netherlands_education_manifest.json,family_mapped
netherlands,education,2025,2024-10-01,cbs-gemeentelijke-indeling-2025,municipality,1676,GM1676,Schouwen-Duiveland,25.1,percent,CBS StatLine 85525NED Hoogstbehaald onderwijsniveau,provenance/netherlands_education_manifest.json,family_mapped
netherlands,education,2025,2024-10-01,cbs-gemeentelijke-indeling-2025,municipality,1680,GM1680,Aa en Hunze,32.8,percent,CBS StatLine 85525NED Hoogstbehaald onderwijsniveau,provenance/netherlands_education_manifest.json,family_mapped
netherlands,education,2025,2024-10-01,cbs-gemeentelijke-indeling-2025,municipality,1681,GM1681,Borger-Odoorn,25.9,percent,CBS StatLine 85525NED Hoogstbehaald onderwijsniveau,provenance/netherlands_education_manifest.json,family_mapped
netherlands,education,2025,2024-10-01,cbs-gemeentelijke-indeling-2025,municipality,1690,GM1690,De Wolden,28.4,percent,CBS StatLine 85525NED Hoogstbehaald onderwijsniveau,provenance/netherlands_education_manifest.json,family_mapped
netherlands,education,2025,2024-10-01,cbs-gemeentelijke-indeling-2025,municipality,1695,GM1695,Noord-Beveland,33.5,percent,CBS StatLine 85525NED Hoogstbehaald onderwijsniveau,provenance/netherlands_education_manifest.json,family_mapped
netherlands,education,2025,2024-10-01,cbs-gemeentelijke-indeling-2025,municipality,1696,GM1696,Wijdemeren,35.7,percent,CBS StatLine 85525NED Hoogstbehaald onderwijsniveau,provenance/netherlands_education_manifest.json,family_mapped
netherlands,education,2025,2024-10-01,cbs-gemeentelijke-indeling-2025,municipality,1699,GM1699,Noordenveld,34.8,percent,CBS StatLine 85525NED Hoogstbehaald onderwijsniveau,provenance/netherlands_education_manifest.json,family_mapped
netherlands,education,2025,2024-10-01,cbs-gemeentelijke-indeling-2025,municipality,1700,GM1700,Twenterand,18.2,percent,CBS StatLine 85525NED Hoogstbehaald onderwijsniveau,provenance/netherlands_education_manifest.json,family_mapped
netherlands,education,2025,2024-10-01,cbs-gemeentelijke-indeling-2025,municipality,1701,GM1701,Westerveld,30.9,percent,CBS StatLine 85525NED Hoogstbehaald onderwijsniveau,provenance/netherlands_education_manifest.json,family_mapped
netherlands,education,2025,2024-10-01,cbs-gemeentelijke-indeling-2025,municipality,1705,GM1705,Lingewaard,30.0,percent,CBS StatLine 85525NED Hoogstbehaald onderwijsniveau,provenance/netherlands_education_manifest.json,family_mapped
netherlands,education,2025,2024-10-01,cbs-gemeentelijke-indeling-2025,municipality,1706,GM1706,Cranendonck,25.7,percent,CBS StatLine 85525NED Hoogstbehaald onderwijsniveau,provenance/netherlands_education_manifest.json,family_mapped
netherlands,education,2025,2024-10-01,cbs-gemeentelijke-indeling-2025,municipality,1708,GM1708,Steenwijkerland,25.5,percent,CBS StatLine 85525NED Hoogstbehaald onderwijsniveau,provenance/netherlands_education_manifest.json,family_mapped
netherlands,education,2025,2024-10-01,cbs-gemeentelijke-indeling-2025,municipality,1709,GM1709,Moerdijk,24.5,percent,CBS StatLine 85525NED Hoogstbehaald onderwijsniveau,provenance/netherlands_education_manifest.json,family_mapped
netherlands,education,2025,2024-10-01,cbs-gemeentelijke-indeling-2025,municipality,1711,GM1711,Echt-Susteren,27.8,percent,CBS StatLine 85525NED Hoogstbehaald onderwijsniveau,provenance/netherlands_education_manifest.json,family_mapped
netherlands,education,2025,2024-10-01,cbs-gemeentelijke-indeling-2025,municipality,1714,GM1714,Sluis,24.2,percent,CBS StatLine 85525NED Hoogstbehaald onderwijsniveau,provenance/netherlands_education_manifest.json,family_mapped
netherlands,education,2025,2024-10-01,cbs-gemeentelijke-indeling-2025,municipality,1719,GM1719,Drimmelen,26.5,percent,CBS StatLine 85525NED Hoogstbehaald onderwijsniveau,provenance/netherlands_education_manifest.json,family_mapped
netherlands,education,2025,2024-10-01,cbs-gemeentelijke-indeling-2025,municipality,1721,GM1721,Bernheze,28.3,percent,CBS StatLine 85525NED Hoogstbehaald onderwijsniveau,provenance/netherlands_education_manifest.json,family_mapped
netherlands,education,2025,2024-10-01,cbs-gemeentelijke-indeling-2025,municipality,1723,GM1723,Alphen-Chaam,32.9,percent,CBS StatLine 85525NED Hoogstbehaald onderwijsniveau,provenance/netherlands_education_manifest.json,family_mapped
netherlands,education,2025,2024-10-01,cbs-gemeentelijke-indeling-2025,municipality,1724,GM1724,Bergeijk,28.2,percent,CBS StatLine 85525NED Hoogstbehaald onderwijsniveau,provenance/netherlands_education_manifest.json,family_mapped
netherlands,education,2025,2024-10-01,cbs-gemeentelijke-indeling-2025,municipality,1728,GM1728,Bladel,27.2,percent,CBS StatLine 85525NED Hoogstbehaald onderwijsniveau,provenance/netherlands_education_manifest.json,family_mapped
netherlands,education,2025,2024-10-01,cbs-gemeentelijke-indeling-2025,municipality,1729,GM1729,Gulpen-Wittem,31.8,percent,CBS StatLine 85525NED Hoogstbehaald onderwijsniveau,provenance/netherlands_education_manifest.json,family_mapped
netherlands,education,2025,2024-10-01,cbs-gemeentelijke-indeling-2025,municipality,1730,GM1730,Tynaarlo,44.4,percent,CBS StatLine 85525NED Hoogstbehaald onderwijsniveau,provenance/netherlands_education_manifest.json,family_mapped
netherlands,education,2025,2024-10-01,cbs-gemeentelijke-indeling-2025,municipality,1731,GM1731,Midden-Drenthe,26.9,percent,CBS StatLine 85525NED Hoogstbehaald onderwijsniveau,provenance/netherlands_education_manifest.json,family_mapped
netherlands,education,2025,2024-10-01,cbs-gemeentelijke-indeling-2025,municipality,1734,GM1734,Overbetuwe,33.0,percent,CBS StatLine 85525NED Hoogstbehaald onderwijsniveau,provenance/netherlands_education_manifest.json,family_mapped
netherlands,education,2025,2024-10-01,cbs-gemeentelijke-indeling-2025,municipality,1735,GM1735,Hof van Twente,29.2,percent,CBS StatLine 85525NED Hoogstbehaald onderwijsniveau,provenance/netherlands_education_manifest.json,family_mapped
netherlands,education,2025,2024-10-01,cbs-gemeentelijke-indeling-2025,municipality,1740,GM1740,Neder-Betuwe,17.1,percent,CBS StatLine 85525NED Hoogstbehaald onderwijsniveau,provenance/netherlands_education_manifest.json,family_mapped
netherlands,education,2025,2024-10-01,cbs-gemeentelijke-indeling-2025,municipality,1742,GM1742,Rijssen-Holten,25.5,percent,CBS StatLine 85525NED Hoogstbehaald onderwijsniveau,provenance/netherlands_education_manifest.json,family_mapped
netherlands,education,2025,2024-10-01,cbs-gemeentelijke-indeling-2025,municipality,1771,GM1771,Geldrop-Mierlo,32.4,percent,CBS StatLine 85525NED Hoogstbehaald onderwijsniveau,provenance/netherlands_education_manifest.json,family_mapped
netherlands,education,2025,2024-10-01,cbs-gemeentelijke-indeling-2025,municipality,1773,GM1773,Olst-Wijhe,33.2,percent,CBS StatLine 85525NED Hoogstbehaald onderwijsniveau,provenance/netherlands_education_manifest.json,family_mapped
netherlands,education,2025,2024-10-01,cbs-gemeentelijke-indeling-2025,municipality,1774,GM1774,Dinkelland,30.1,percent,CBS StatLine 85525NED Hoogstbehaald onderwijsniveau,provenance/netherlands_education_manifest.json,family_mapped
netherlands,education,2025,2024-10-01,cbs-gemeentelijke-indeling-2025,municipality,1783,GM1783,Westland,25.8,percent,CBS StatLine 85525NED Hoogstbehaald onderwijsniveau,provenance/netherlands_education_manifest.json,family_mapped
netherlands,education,2025,2024-10-01,cbs-gemeentelijke-indeling-2025,municipality,1842,GM1842,Midden-Delfland,37.5,percent,CBS StatLine 85525NED Hoogstbehaald onderwijsniveau,provenance/netherlands_education_manifest.json,family_mapped
netherlands,education,2025,2024-10-01,cbs-gemeentelijke-indeling-2025,municipality,1859,GM1859,Berkelland,24.8,percent,CBS StatLine 85525NED Hoogstbehaald onderwijsniveau,provenance/netherlands_education_manifest.json,family_mapped
netherlands,education,2025,2024-10-01,cbs-gemeentelijke-indeling-2025,municipality,1876,GM1876,Bronckhorst,28.7,percent,CBS StatLine 85525NED Hoogstbehaald onderwijsniveau,provenance/netherlands_education_manifest.json,family_mapped
netherlands,education,2025,2024-10-01,cbs-gemeentelijke-indeling-2025,municipality,1883,GM1883,Sittard-Geleen,29.5,percent,CBS StatLine 85525NED Hoogstbehaald onderwijsniveau,provenance/netherlands_education_manifest.json,family_mapped
netherlands,education,2025,2024-10-01,cbs-gemeentelijke-indeling-2025,municipality,1884,GM1884,Kaag en Braassem,28.5,percent,CBS StatLine 85525NED Hoogstbehaald onderwijsniveau,provenance/netherlands_education_manifest.json,family_mapped
netherlands,education,2025,2024-10-01,cbs-gemeentelijke-indeling-2025,municipality,1891,GM1891,Dantumadiel,19.5,percent,CBS StatLine 85525NED Hoogstbehaald onderwijsniveau,provenance/netherlands_education_manifest.json,family_mapped
netherlands,education,2025,2024-10-01,cbs-gemeentelijke-indeling-2025,municipality,1892,GM1892,Zuidplas,32.2,percent,CBS StatLine 85525NED Hoogstbehaald onderwijsniveau,provenance/netherlands_education_manifest.json,family_mapped
netherlands,education,2025,2024-10-01,cbs-gemeentelijke-indeling-2025,municipality,1894,GM1894,Peel en Maas,25.5,percent,CBS StatLine 85525NED Hoogstbehaald onderwijsniveau,provenance/netherlands_education_manifest.json,family_mapped
netherlands,education,2025,2024-10-01,cbs-gemeentelijke-indeling-2025,municipality,1895,GM1895,Oldambt,19.1,percent,CBS StatLine 85525NED Hoogstbehaald onderwijsniveau,provenance/netherlands_education_manifest.json,family_mapped
netherlands,education,2025,2024-10-01,cbs-gemeentelijke-indeling-2025,municipality,1896,GM1896,Zwartewaterland,19.0,percent,CBS StatLine 85525NED Hoogstbehaald onderwijsniveau,provenance/netherlands_education_manifest.json,family_mapped
netherlands,education,2025,2024-10-01,cbs-gemeentelijke-indeling-2025,municipality,1900,GM1900,Súdwest-Fryslân,26.4,percent,CBS StatLine 85525NED Hoogstbehaald onderwijsniveau,provenance/netherlands_education_manifest.json,family_mapped
netherlands,education,2025,2024-10-01,cbs-gemeentelijke-indeling-2025,municipality,1901,GM1901,Bodegraven-Reeuwijk,33.1,percent,CBS StatLine 85525NED Hoogstbehaald onderwijsniveau,provenance/netherlands_education_manifest.json,family_mapped
netherlands,education,2025,2024-10-01,cbs-gemeentelijke-indeling-2025,municipality,1903,GM1903,Eijsden-Margraten,38.8,percent,CBS StatLine 85525NED Hoogstbehaald onderwijsniveau,provenance/netherlands_education_manifest.json,family_mapped
netherlands,education,2025,2024-10-01,cbs-gemeentelijke-indeling-2025,municipality,1904,GM1904,Stichtse Vecht,38.3,percent,CBS StatLine 85525NED Hoogstbehaald onderwijsniveau,provenance/netherlands_education_manifest.json,family_mapped
netherlands,education,2025,2024-10-01,cbs-gemeentelijke-indeling-2025,municipality,1911,GM1911,Hollands Kroon,21.9,percent,CBS StatLine 85525NED Hoogstbehaald onderwijsniveau,provenance/netherlands_education_manifest.json,family_mapped
netherlands,education,2025,2024-10-01,cbs-gemeentelijke-indeling-2025,municipality,1916,GM1916,Leidschendam-Voorburg,45.5,percent,CBS StatLine 85525NED Hoogstbehaald onderwijsniveau,provenance/netherlands_education_manifest.json,family_mapped
netherlands,education,2025,2024-10-01,cbs-gemeentelijke-indeling-2025,municipality,1924,GM1924,Goeree-Overflakkee,21.7,percent,CBS StatLine 85525NED Hoogstbehaald onderwijsniveau,provenance/netherlands_education_manifest.json,family_mapped
netherlands,education,2025,2024-10-01,cbs-gemeentelijke-indeling-2025,municipality,1926,GM1926,Pijnacker-Nootdorp,40.3,percent,CBS StatLine 85525NED Hoogstbehaald onderwijsniveau,provenance/netherlands_education_manifest.json,family_mapped
netherlands,education,2025,2024-10-01,cbs-gemeentelijke-indeling-2025,municipality,1930,GM1930,Nissewaard,21.1,percent,CBS StatLine 85525NED Hoogstbehaald onderwijsniveau,provenance/netherlands_education_manifest.json,family_mapped
netherlands,education,2025,2024-10-01,cbs-gemeentelijke-indeling-2025,municipality,1931,GM1931,Krimpenerwaard,26.8,percent,CBS StatLine 85525NED Hoogstbehaald onderwijsniveau,provenance/netherlands_education_manifest.json,family_mapped
netherlands,education,2025,2024-10-01,cbs-gemeentelijke-indeling-2025,municipality,1940,GM1940,De Fryske Marren,27.4,percent,CBS StatLine 85525NED Hoogstbehaald onderwijsniveau,provenance/netherlands_education_manifest.json,family_mapped
netherlands,education,2025,2024-10-01,cbs-gemeentelijke-indeling-2025,municipality,1942,GM1942,Gooise Meren,49.4,percent,CBS StatLine 85525NED Hoogstbehaald onderwijsniveau,provenance/netherlands_education_manifest.json,family_mapped
netherlands,education,2025,2024-10-01,cbs-gemeentelijke-indeling-2025,municipality,1945,GM1945,Berg en Dal,32.6,percent,CBS StatLine 85525NED Hoogstbehaald onderwijsniveau,provenance/netherlands_education_manifest.json,family_mapped
netherlands,education,2025,2024-10-01,cbs-gemeentelijke-indeling-2025,municipality,1948,GM1948,Meierijstad,28.2,percent,CBS StatLine 85525NED Hoogstbehaald onderwijsniveau,provenance/netherlands_education_manifest.json,family_mapped
netherlands,education,2025,2024-10-01,cbs-gemeentelijke-indeling-2025,municipality,1949,GM1949,Waadhoeke,23.3,percent,CBS StatLine 85525NED Hoogstbehaald onderwijsniveau,provenance/netherlands_education_manifest.json,family_mapped
netherlands,education,2025,2024-10-01,cbs-gemeentelijke-indeling-2025,municipality,1950,GM1950,Westerwolde,18.7,percent,CBS StatLine 85525NED Hoogstbehaald onderwijsniveau,provenance/netherlands_education_manifest.json,family_mapped
netherlands,education,2025,2024-10-01,cbs-gemeentelijke-indeling-2025,municipality,1952,GM1952,Midden-Groningen,22.1,percent,CBS StatLine 85525NED Hoogstbehaald onderwijsniveau,provenance/netherlands_education_manifest.json,family_mapped
netherlands,education,2025,2024-10-01,cbs-gemeentelijke-indeling-2025,municipality,1954,GM1954,Beekdaelen,32.3,percent,CBS StatLine 85525NED Hoogstbehaald onderwijsniveau,provenance/netherlands_education_manifest.json,family_mapped
netherlands,education,2025,2024-10-01,cbs-gemeentelijke-indeling-2025,municipality,1955,GM1955,Montferland,24.4,percent,CBS StatLine 85525NED Hoogstbehaald onderwijsniveau,provenance/netherlands_education_manifest.json,family_mapped
netherlands,education,2025,2024-10-01,cbs-gemeentelijke-indeling-2025,municipality,1959,GM1959,Altena,21.8,percent,CBS StatLine 85525NED Hoogstbehaald onderwijsniveau,provenance/netherlands_education_manifest.json,family_mapped
netherlands,education,2025,2024-10-01,cbs-gemeentelijke-indeling-2025,municipality,1960,GM1960,West Betuwe,26.9,percent,CBS StatLine 85525NED Hoogstbehaald onderwijsniveau,provenance/netherlands_education_manifest.json,family_mapped
netherlands,education,2025,2024-10-01,cbs-gemeentelijke-indeling-2025,municipality,1961,GM1961,Vijfheerenlanden,25.6,percent,CBS StatLine 85525NED Hoogstbehaald onderwijsniveau,provenance/netherlands_education_manifest.json,family_mapped
netherlands,education,2025,2024-10-01,cbs-gemeentelijke-indeling-2025,municipality,1963,GM1963,Hoeksche Waard,28.2,percent,CBS StatLine 85525NED Hoogstbehaald onderwijsniveau,provenance/netherlands_education_manifest.json,family_mapped
netherlands,education,2025,2024-10-01,cbs-gemeentelijke-indeling-2025,municipality,1966,GM1966,Het Hogeland,24.8,percent,CBS StatLine 85525NED Hoogstbehaald onderwijsniveau,provenance/netherlands_education_manifest.json,family_mapped
netherlands,education,2025,2024-10-01,cbs-gemeentelijke-indeling-2025,municipality,1969,GM1969,Westerkwartier,29.6,percent,CBS StatLine 85525NED Hoogstbehaald onderwijsniveau,provenance/netherlands_education_manifest.json,family_mapped
netherlands,education,2025,2024-10-01,cbs-gemeentelijke-indeling-2025,municipality,1970,GM1970,Noardeast-Fryslân,20.2,percent,CBS StatLine 85525NED Hoogstbehaald onderwijsniveau,provenance/netherlands_education_manifest.json,family_mapped
netherlands,education,2025,2024-10-01,cbs-gemeentelijke-indeling-2025,municipality,1978,GM1978,Molenlanden,22.0,percent,CBS StatLine 85525NED Hoogstbehaald onderwijsniveau,provenance/netherlands_education_manifest.json,family_mapped
netherlands,education,2025,2024-10-01,cbs-gemeentelijke-indeling-2025,municipality,1979,GM1979,Eemsdelta,19.7,percent,CBS StatLine 85525NED Hoogstbehaald onderwijsniveau,provenance/netherlands_education_manifest.json,family_mapped
netherlands,education,2025,2024-10-01,cbs-gemeentelijke-indeling-2025,municipality,1980,GM1980,Dijk en Waard,27.2,percent,CBS StatLine 85525NED Hoogstbehaald onderwijsniveau,provenance/netherlands_education_manifest.json,family_mapped
netherlands,education,2025,2024-10-01,cbs-gemeentelijke-indeling-2025,municipality,1982,GM1982,Land van Cuijk,28.1,percent,CBS StatLine 85525NED Hoogstbehaald onderwijsniveau,provenance/netherlands_education_manifest.json,family_mapped
netherlands,education,2025,2024-10-01,cbs-gemeentelijke-indeling-2025,municipality,1991,GM1991,Maashorst,28.6,percent,CBS StatLine 85525NED Hoogstbehaald onderwijsniveau,provenance/netherlands_education_manifest.json,family_mapped
netherlands,education,2025,2024-10-01,cbs-gemeentelijke-indeling-2025,municipality,1992,GM1992,Voorne aan Zee,25.1,percent,CBS StatLine 85525NED Hoogstbehaald onderwijsniveau,provenance/netherlands_education_manifest.json,family_mapped
