country_id,factor_id,year,reference_period,geography_version,public_geography_type,public_geography_id,cbs_gm_code,municipality,value,unit,source_name,provenance_ref,comparability_status
netherlands,income,2023,2023,cbs-gemeentelijke-indeling-2023,municipality,0014,GM0014,Groningen,35.6,thousand_euro,CBS StatLine 70072NED Gemiddeld gestandaardiseerd inkomen,provenance/netherlands_income_manifest.json,family_mapped
netherlands,income,2023,2023,cbs-gemeentelijke-indeling-2023,municipality,0034,GM0034,Almere,39.2,thousand_euro,CBS StatLine 70072NED Gemiddeld gestandaardiseerd inkomen,provenance/netherlands_income_manifest.json,family_mapped
netherlands,income,2023,2023,cbs-gemeentelijke-indeling-2023,municipality,0037,GM0037,Stadskanaal,33.7,thousand_euro,CBS StatLine 70072NED Gemiddeld gestandaardiseerd inkomen,provenance/netherlands_income_manifest.json,family_mapped
netherlands,income,2023,2023,cbs-gemeentelijke-indeling-2023,municipality,0047,GM0047,Veendam,34.5,thousand_euro,CBS StatLine 70072NED Gemiddeld gestandaardiseerd inkomen,provenance/netherlands_income_manifest.json,family_mapped
netherlands,income,2023,2023,cbs-gemeentelijke-indeling-2023,municipality,0050,GM0050,Zeewolde,40.6,thousand_euro,CBS StatLine 70072NED Gemiddeld gestandaardiseerd inkomen,provenance/netherlands_income_manifest.json,family_mapped
netherlands,income,2023,2023,cbs-gemeentelijke-indeling-2023,municipality,0059,GM0059,Achtkarspelen,34.0,thousand_euro,CBS StatLine 70072NED Gemiddeld gestandaardiseerd inkomen,provenance/netherlands_income_manifest.json,family_mapped
netherlands,income,2023,2023,cbs-gemeentelijke-indeling-2023,municipality,0060,GM0060,Ameland,36.2,thousand_euro,CBS StatLine 70072NED Gemiddeld gestandaardiseerd inkomen,provenance/netherlands_income_manifest.json,family_mapped
netherlands,income,2023,2023,cbs-gemeentelijke-indeling-2023,municipality,0072,GM0072,Harlingen,34.7,thousand_euro,CBS StatLine 70072NED Gemiddeld gestandaardiseerd inkomen,provenance/netherlands_income_manifest.json,family_mapped
netherlands,income,2023,2023,cbs-gemeentelijke-indeling-2023,municipality,0074,GM0074,Heerenveen,39.5,thousand_euro,CBS StatLine 70072NED Gemiddeld gestandaardiseerd inkomen,provenance/netherlands_income_manifest.json,family_mapped
netherlands,income,2023,2023,cbs-gemeentelijke-indeling-2023,municipality,0080,GM0080,Leeuwarden,34.8,thousand_euro,CBS StatLine 70072NED Gemiddeld gestandaardiseerd inkomen,provenance/netherlands_income_manifest.json,family_mapped
netherlands,income,2023,2023,cbs-gemeentelijke-indeling-2023,municipality,0085,GM0085,Ooststellingwerf,35.7,thousand_euro,CBS StatLine 70072NED Gemiddeld gestandaardiseerd inkomen,provenance/netherlands_income_manifest.json,family_mapped
netherlands,income,2023,2023,cbs-gemeentelijke-indeling-2023,municipality,0086,GM0086,Opsterland,38.1,thousand_euro,CBS StatLine 70072NED Gemiddeld gestandaardiseerd inkomen,provenance/netherlands_income_manifest.json,family_mapped
netherlands,income,2023,2023,cbs-gemeentelijke-indeling-2023,municipality,0088,GM0088,Schiermonnikoog,36.3,thousand_euro,CBS StatLine 70072NED Gemiddeld gestandaardiseerd inkomen,provenance/netherlands_income_manifest.json,family_mapped
netherlands,income,2023,2023,cbs-gemeentelijke-indeling-2023,municipality,0090,GM0090,Smallingerland,35.8,thousand_euro,CBS StatLine 70072NED Gemiddeld gestandaardiseerd inkomen,provenance/netherlands_income_manifest.json,family_mapped
netherlands,income,2023,2023,cbs-gemeentelijke-indeling-2023,municipality,0093,GM0093,Terschelling,40.1,thousand_euro,CBS StatLine 70072NED Gemiddeld gestandaardiseerd inkomen,provenance/netherlands_income_manifest.json,family_mapped
netherlands,income,2023,2023,cbs-gemeentelijke-indeling-2023,municipality,0096,GM0096,Vlieland,38.9,thousand_euro,CBS StatLine 70072NED Gemiddeld gestandaardiseerd inkomen,provenance/netherlands_income_manifest.json,family_mapped
netherlands,income,2023,2023,cbs-gemeentelijke-indeling-2023,municipality,0098,GM0098,Weststellingwerf,35.7,thousand_euro,CBS StatLine 70072NED Gemiddeld gestandaardiseerd inkomen,provenance/netherlands_income_manifest.json,family_mapped
netherlands,income,2023,2023,cbs-gemeentelijke-indeling-2023,municipality,0106,GM0106,Assen,36.3,thousand_euro,CBS StatLine 70072NED Gemiddeld gestandaardiseerd inkomen,provenance/netherlands_income_manifest.json,family_mapped
netherlands,income,2023,2023,cbs-gemeentelijke-indeling-2023,municipality,0109,GM0109,Coevorden,37.3,thousand_euro,CBS StatLine 70072NED Gemiddeld gestandaardiseerd inkomen,provenance/netherlands_income_manifest.json,family_mapped
netherlands,income,2023,2023,cbs-gemeentelijke-indeling-2023,municipality,0114,GM0114,Emmen,34.7,thousand_euro,CBS StatLine 70072NED Gemiddeld gestandaardiseerd inkomen,provenance/netherlands_income_manifest.json,family_mapped
netherlands,income,2023,2023,cbs-gemeentelijke-indeling-2023,municipality,0118,GM0118,Hoogeveen,36.1,thousand_euro,CBS StatLine 70072NED Gemiddeld gestandaardiseerd inkomen,provenance/netherlands_income_manifest.json,family_mapped
netherlands,income,2023,2023,cbs-gemeentelijke-indeling-2023,municipality,0119,GM0119,Meppel,38.3,thousand_euro,CBS StatLine 70072NED Gemiddeld gestandaardiseerd inkomen,provenance/netherlands_income_manifest.json,family_mapped
netherlands,income,2023,2023,cbs-gemeentelijke-indeling-2023,municipality,0141,GM0141,Almelo,37.1,thousand_euro,CBS StatLine 70072NED Gemiddeld gestandaardiseerd inkomen,provenance/netherlands_income_manifest.json,family_mapped
netherlands,income,2023,2023,cbs-gemeentelijke-indeling-2023,municipality,0147,GM0147,Borne,41.2,thousand_euro,CBS StatLine 70072NED Gemiddeld gestandaardiseerd inkomen,provenance/netherlands_income_manifest.json,family_mapped
netherlands,income,2023,2023,cbs-gemeentelijke-indeling-2023,municipality,0148,GM0148,Dalfsen,40.8,thousand_euro,CBS StatLine 70072NED Gemiddeld gestandaardiseerd inkomen,provenance/netherlands_income_manifest.json,family_mapped
netherlands,income,2023,2023,cbs-gemeentelijke-indeling-2023,municipality,0150,GM0150,Deventer,37.1,thousand_euro,CBS StatLine 70072NED Gemiddeld gestandaardiseerd inkomen,provenance/netherlands_income_manifest.json,family_mapped
netherlands,income,2023,2023,cbs-gemeentelijke-indeling-2023,municipality,0153,GM0153,Enschede,35.4,thousand_euro,CBS StatLine 70072NED Gemiddeld gestandaardiseerd inkomen,provenance/netherlands_income_manifest.json,family_mapped
netherlands,income,2023,2023,cbs-gemeentelijke-indeling-2023,municipality,0158,GM0158,Haaksbergen,41.5,thousand_euro,CBS StatLine 70072NED Gemiddeld gestandaardiseerd inkomen,provenance/netherlands_income_manifest.json,family_mapped
netherlands,income,2023,2023,cbs-gemeentelijke-indeling-2023,municipality,0160,GM0160,Hardenberg,38.6,thousand_euro,CBS StatLine 70072NED Gemiddeld gestandaardiseerd inkomen,provenance/netherlands_income_manifest.json,family_mapped
netherlands,income,2023,2023,cbs-gemeentelijke-indeling-2023,municipality,0163,GM0163,Hellendoorn,40.1,thousand_euro,CBS StatLine 70072NED Gemiddeld gestandaardiseerd inkomen,provenance/netherlands_income_manifest.json,family_mapped
netherlands,income,2023,2023,cbs-gemeentelijke-indeling-2023,municipality,0164,GM0164,Hengelo,36.5,thousand_euro,CBS StatLine 70072NED Gemiddeld gestandaardiseerd inkomen,provenance/netherlands_income_manifest.json,family_mapped
netherlands,income,2023,2023,cbs-gemeentelijke-indeling-2023,municipality,0166,GM0166,Kampen,36.8,thousand_euro,CBS StatLine 70072NED Gemiddeld gestandaardiseerd inkomen,provenance/netherlands_income_manifest.json,family_mapped
netherlands,income,2023,2023,cbs-gemeentelijke-indeling-2023,municipality,0168,GM0168,Losser,38.1,thousand_euro,CBS StatLine 70072NED Gemiddeld gestandaardiseerd inkomen,provenance/netherlands_income_manifest.json,family_mapped
netherlands,income,2023,2023,cbs-gemeentelijke-indeling-2023,municipality,0171,GM0171,Noordoostpolder,37.5,thousand_euro,CBS StatLine 70072NED Gemiddeld gestandaardiseerd inkomen,provenance/netherlands_income_manifest.json,family_mapped
netherlands,income,2023,2023,cbs-gemeentelijke-indeling-2023,municipality,0173,GM0173,Oldenzaal,39.0,thousand_euro,CBS StatLine 70072NED Gemiddeld gestandaardiseerd inkomen,provenance/netherlands_income_manifest.json,family_mapped
netherlands,income,2023,2023,cbs-gemeentelijke-indeling-2023,municipality,0175,GM0175,Ommen,40.0,thousand_euro,CBS StatLine 70072NED Gemiddeld gestandaardiseerd inkomen,provenance/netherlands_income_manifest.json,family_mapped
netherlands,income,2023,2023,cbs-gemeentelijke-indeling-2023,municipality,0177,GM0177,Raalte,40.2,thousand_euro,CBS StatLine 70072NED Gemiddeld gestandaardiseerd inkomen,provenance/netherlands_income_manifest.json,family_mapped
netherlands,income,2023,2023,cbs-gemeentelijke-indeling-2023,municipality,0180,GM0180,Staphorst,40.2,thousand_euro,CBS StatLine 70072NED Gemiddeld gestandaardiseerd inkomen,provenance/netherlands_income_manifest.json,family_mapped
netherlands,income,2023,2023,cbs-gemeentelijke-indeling-2023,municipality,0183,GM0183,Tubbergen,42.5,thousand_euro,CBS StatLine 70072NED Gemiddeld gestandaardiseerd inkomen,provenance/netherlands_income_manifest.json,family_mapped
netherlands,income,2023,2023,cbs-gemeentelijke-indeling-2023,municipality,0184,GM0184,Urk,39.3,thousand_euro,CBS StatLine 70072NED Gemiddeld gestandaardiseerd inkomen,provenance/netherlands_income_manifest.json,family_mapped
netherlands,income,2023,2023,cbs-gemeentelijke-indeling-2023,municipality,0189,GM0189,Wierden,46.5,thousand_euro,CBS StatLine 70072NED Gemiddeld gestandaardiseerd inkomen,provenance/netherlands_income_manifest.json,family_mapped
netherlands,income,2023,2023,cbs-gemeentelijke-indeling-2023,municipality,0193,GM0193,Zwolle,39.2,thousand_euro,CBS StatLine 70072NED Gemiddeld gestandaardiseerd inkomen,provenance/netherlands_income_manifest.json,family_mapped
netherlands,income,2023,2023,cbs-gemeentelijke-indeling-2023,municipality,0197,GM0197,Aalten,38.5,thousand_euro,CBS StatLine 70072NED Gemiddeld gestandaardiseerd inkomen,provenance/netherlands_income_manifest.json,family_mapped
netherlands,income,2023,2023,cbs-gemeentelijke-indeling-2023,municipality,0200,GM0200,Apeldoorn,40.4,thousand_euro,CBS StatLine 70072NED Gemiddeld gestandaardiseerd inkomen,provenance/netherlands_income_manifest.json,family_mapped
netherlands,income,2023,2023,cbs-gemeentelijke-indeling-2023,municipality,0202,GM0202,Arnhem,36.1,thousand_euro,CBS StatLine 70072NED Gemiddeld gestandaardiseerd inkomen,provenance/netherlands_income_manifest.json,family_mapped
netherlands,income,2023,2023,cbs-gemeentelijke-indeling-2023,municipality,0203,GM0203,Barneveld,42.9,thousand_euro,CBS StatLine 70072NED Gemiddeld gestandaardiseerd inkomen,provenance/netherlands_income_manifest.json,family_mapped
netherlands,income,2023,2023,cbs-gemeentelijke-indeling-2023,municipality,0209,GM0209,Beuningen,42.4,thousand_euro,CBS StatLine 70072NED Gemiddeld gestandaardiseerd inkomen,provenance/netherlands_income_manifest.json,family_mapped
netherlands,income,2023,2023,cbs-gemeentelijke-indeling-2023,municipality,0213,GM0213,Brummen,41.3,thousand_euro,CBS StatLine 70072NED Gemiddeld gestandaardiseerd inkomen,provenance/netherlands_income_manifest.json,family_mapped
netherlands,income,2023,2023,cbs-gemeentelijke-indeling-2023,municipality,0214,GM0214,Buren,43.2,thousand_euro,CBS StatLine 70072NED Gemiddeld gestandaardiseerd inkomen,provenance/netherlands_income_manifest.json,family_mapped
netherlands,income,2023,2023,cbs-gemeentelijke-indeling-2023,municipality,0216,GM0216,Culemborg,41.5,thousand_euro,CBS StatLine 70072NED Gemiddeld gestandaardiseerd inkomen,provenance/netherlands_income_manifest.json,family_mapped
netherlands,income,2023,2023,cbs-gemeentelijke-indeling-2023,municipality,0221,GM0221,Doesburg,35.7,thousand_euro,CBS StatLine 70072NED Gemiddeld gestandaardiseerd inkomen,provenance/netherlands_income_manifest.json,family_mapped
netherlands,income,2023,2023,cbs-gemeentelijke-indeling-2023,municipality,0222,GM0222,Doetinchem,38.7,thousand_euro,CBS StatLine 70072NED Gemiddeld gestandaardiseerd inkomen,provenance/netherlands_income_manifest.json,family_mapped
netherlands,income,2023,2023,cbs-gemeentelijke-indeling-2023,municipality,0225,GM0225,Druten,40.8,thousand_euro,CBS StatLine 70072NED Gemiddeld gestandaardiseerd inkomen,provenance/netherlands_income_manifest.json,family_mapped
netherlands,income,2023,2023,cbs-gemeentelijke-indeling-2023,municipality,0226,GM0226,Duiven,41.4,thousand_euro,CBS StatLine 70072NED Gemiddeld gestandaardiseerd inkomen,provenance/netherlands_income_manifest.json,family_mapped
netherlands,income,2023,2023,cbs-gemeentelijke-indeling-2023,municipality,0228,GM0228,Ede,42.0,thousand_euro,CBS StatLine 70072NED Gemiddeld gestandaardiseerd inkomen,provenance/netherlands_income_manifest.json,family_mapped
netherlands,income,2023,2023,cbs-gemeentelijke-indeling-2023,municipality,0230,GM0230,Elburg,40.4,thousand_euro,CBS StatLine 70072NED Gemiddeld gestandaardiseerd inkomen,provenance/netherlands_income_manifest.json,family_mapped
netherlands,income,2023,2023,cbs-gemeentelijke-indeling-2023,municipality,0232,GM0232,Epe,42.9,thousand_euro,CBS StatLine 70072NED Gemiddeld gestandaardiseerd inkomen,provenance/netherlands_income_manifest.json,family_mapped
netherlands,income,2023,2023,cbs-gemeentelijke-indeling-2023,municipality,0233,GM0233,Ermelo,43.3,thousand_euro,CBS StatLine 70072NED Gemiddeld gestandaardiseerd inkomen,provenance/netherlands_income_manifest.json,family_mapped
netherlands,income,2023,2023,cbs-gemeentelijke-indeling-2023,municipality,0243,GM0243,Harderwijk,40.0,thousand_euro,CBS StatLine 70072NED Gemiddeld gestandaardiseerd inkomen,provenance/netherlands_income_manifest.json,family_mapped
netherlands,income,2023,2023,cbs-gemeentelijke-indeling-2023,municipality,0244,GM0244,Hattem,42.2,thousand_euro,CBS StatLine 70072NED Gemiddeld gestandaardiseerd inkomen,provenance/netherlands_income_manifest.json,family_mapped
netherlands,income,2023,2023,cbs-gemeentelijke-indeling-2023,municipality,0246,GM0246,Heerde,40.6,thousand_euro,CBS StatLine 70072NED Gemiddeld gestandaardiseerd inkomen,provenance/netherlands_income_manifest.json,family_mapped
netherlands,income,2023,2023,cbs-gemeentelijke-indeling-2023,municipality,0252,GM0252,Heumen,44.7,thousand_euro,CBS StatLine 70072NED Gemiddeld gestandaardiseerd inkomen,provenance/netherlands_income_manifest.json,family_mapped
netherlands,income,2023,2023,cbs-gemeentelijke-indeling-2023,municipality,0262,GM0262,Lochem,49.2,thousand_euro,CBS StatLine 70072NED Gemiddeld gestandaardiseerd inkomen,provenance/netherlands_income_manifest.json,family_mapped
netherlands,income,2023,2023,cbs-gemeentelijke-indeling-2023,municipality,0263,GM0263,Maasdriel,42.7,thousand_euro,CBS StatLine 70072NED Gemiddeld gestandaardiseerd inkomen,provenance/netherlands_income_manifest.json,family_mapped
netherlands,income,2023,2023,cbs-gemeentelijke-indeling-2023,municipality,0267,GM0267,Nijkerk,44.3,thousand_euro,CBS StatLine 70072NED Gemiddeld gestandaardiseerd inkomen,provenance/netherlands_income_manifest.json,family_mapped
netherlands,income,2023,2023,cbs-gemeentelijke-indeling-2023,municipality,0268,GM0268,Nijmegen,36.7,thousand_euro,CBS StatLine 70072NED Gemiddeld gestandaardiseerd inkomen,provenance/netherlands_income_manifest.json,family_mapped
netherlands,income,2023,2023,cbs-gemeentelijke-indeling-2023,municipality,0269,GM0269,Oldebroek,38.3,thousand_euro,CBS StatLine 70072NED Gemiddeld gestandaardiseerd inkomen,provenance/netherlands_income_manifest.json,family_mapped
netherlands,income,2023,2023,cbs-gemeentelijke-indeling-2023,municipality,0273,GM0273,Putten,44.0,thousand_euro,CBS StatLine 70072NED Gemiddeld gestandaardiseerd inkomen,provenance/netherlands_income_manifest.json,family_mapped
netherlands,income,2023,2023,cbs-gemeentelijke-indeling-2023,municipality,0274,GM0274,Renkum,44.6,thousand_euro,CBS StatLine 70072NED Gemiddeld gestandaardiseerd inkomen,provenance/netherlands_income_manifest.json,family_mapped
netherlands,income,2023,2023,cbs-gemeentelijke-indeling-2023,municipality,0275,GM0275,Rheden,38.5,thousand_euro,CBS StatLine 70072NED Gemiddeld gestandaardiseerd inkomen,provenance/netherlands_income_manifest.json,family_mapped
netherlands,income,2023,2023,cbs-gemeentelijke-indeling-2023,municipality,0277,GM0277,Rozendaal,95.4,thousand_euro,CBS StatLine 70072NED Gemiddeld gestandaardiseerd inkomen,provenance/netherlands_income_manifest.json,family_mapped
netherlands,income,2023,2023,cbs-gemeentelijke-indeling-2023,municipality,0279,GM0279,Scherpenzeel,41.1,thousand_euro,CBS StatLine 70072NED Gemiddeld gestandaardiseerd inkomen,provenance/netherlands_income_manifest.json,family_mapped
netherlands,income,2023,2023,cbs-gemeentelijke-indeling-2023,municipality,0281,GM0281,Tiel,37.0,thousand_euro,CBS StatLine 70072NED Gemiddeld gestandaardiseerd inkomen,provenance/netherlands_income_manifest.json,family_mapped
netherlands,income,2023,2023,cbs-gemeentelijke-indeling-2023,municipality,0285,GM0285,Voorst,43.2,thousand_euro,CBS StatLine 70072NED Gemiddeld gestandaardiseerd inkomen,provenance/netherlands_income_manifest.json,family_mapped
netherlands,income,2023,2023,cbs-gemeentelijke-indeling-2023,municipality,0289,GM0289,Wageningen,38.3,thousand_euro,CBS StatLine 70072NED Gemiddeld gestandaardiseerd inkomen,provenance/netherlands_income_manifest.json,family_mapped
netherlands,income,2023,2023,cbs-gemeentelijke-indeling-2023,municipality,0293,GM0293,Westervoort,36.2,thousand_euro,CBS StatLine 70072NED Gemiddeld gestandaardiseerd inkomen,provenance/netherlands_income_manifest.json,family_mapped
netherlands,income,2023,2023,cbs-gemeentelijke-indeling-2023,municipality,0294,GM0294,Winterswijk,37.6,thousand_euro,CBS StatLine 70072NED Gemiddeld gestandaardiseerd inkomen,provenance/netherlands_income_manifest.json,family_mapped
netherlands,income,2023,2023,cbs-gemeentelijke-indeling-2023,municipality,0296,GM0296,Wijchen,40.7,thousand_euro,CBS StatLine 70072NED Gemiddeld gestandaardiseerd inkomen,provenance/netherlands_income_manifest.json,family_mapped
netherlands,income,2023,2023,cbs-gemeentelijke-indeling-2023,municipality,0297,GM0297,Zaltbommel,41.5,thousand_euro,CBS StatLine 70072NED Gemiddeld gestandaardiseerd inkomen,provenance/netherlands_income_manifest.json,family_mapped
netherlands,income,2023,2023,cbs-gemeentelijke-indeling-2023,municipality,0299,GM0299,Zevenaar,36.9,thousand_euro,CBS StatLine 70072NED Gemiddeld gestandaardiseerd inkomen,provenance/netherlands_income_manifest.json,family_mapped
netherlands,income,2023,2023,cbs-gemeentelijke-indeling-2023,municipality,0301,GM0301,Zutphen,36.1,thousand_euro,CBS StatLine 70072NED Gemiddeld gestandaardiseerd inkomen,provenance/netherlands_income_manifest.json,family_mapped
netherlands,income,2023,2023,cbs-gemeentelijke-indeling-2023,municipality,0302,GM0302,Nunspeet,41.0,thousand_euro,CBS StatLine 70072NED Gemiddeld gestandaardiseerd inkomen,provenance/netherlands_income_manifest.json,family_mapped
netherlands,income,2023,2023,cbs-gemeentelijke-indeling-2023,municipality,0303,GM0303,Dronten,39.2,thousand_euro,CBS StatLine 70072NED Gemiddeld gestandaardiseerd inkomen,provenance/netherlands_income_manifest.json,family_mapped
netherlands,income,2023,2023,cbs-gemeentelijke-indeling-2023,municipality,0307,GM0307,Amersfoort,41.7,thousand_euro,CBS StatLine 70072NED Gemiddeld gestandaardiseerd inkomen,provenance/netherlands_income_manifest.json,family_mapped
netherlands,income,2023,2023,cbs-gemeentelijke-indeling-2023,municipality,0308,GM0308,Baarn,49.3,thousand_euro,CBS StatLine 70072NED Gemiddeld gestandaardiseerd inkomen,provenance/netherlands_income_manifest.json,family_mapped
netherlands,income,2023,2023,cbs-gemeentelijke-indeling-2023,municipality,0310,GM0310,De Bilt,53.7,thousand_euro,CBS StatLine 70072NED Gemiddeld gestandaardiseerd inkomen,provenance/netherlands_income_manifest.json,family_mapped
netherlands,income,2023,2023,cbs-gemeentelijke-indeling-2023,municipality,0312,GM0312,Bunnik,47.3,thousand_euro,CBS StatLine 70072NED Gemiddeld gestandaardiseerd inkomen,provenance/netherlands_income_manifest.json,family_mapped
netherlands,income,2023,2023,cbs-gemeentelijke-indeling-2023,municipality,0313,GM0313,Bunschoten,44.3,thousand_euro,CBS StatLine 70072NED Gemiddeld gestandaardiseerd inkomen,provenance/netherlands_income_manifest.json,family_mapped
netherlands,income,2023,2023,cbs-gemeentelijke-indeling-2023,municipality,0317,GM0317,Eemnes,47.4,thousand_euro,CBS StatLine 70072NED Gemiddeld gestandaardiseerd inkomen,provenance/netherlands_income_manifest.json,family_mapped
netherlands,income,2023,2023,cbs-gemeentelijke-indeling-2023,municipality,0321,GM0321,Houten,45.3,thousand_euro,CBS StatLine 70072NED Gemiddeld gestandaardiseerd inkomen,provenance/netherlands_income_manifest.json,family_mapped
netherlands,income,2023,2023,cbs-gemeentelijke-indeling-2023,municipality,0327,GM0327,Leusden,45.9,thousand_euro,CBS StatLine 70072NED Gemiddeld gestandaardiseerd inkomen,provenance/netherlands_income_manifest.json,family_mapped
netherlands,income,2023,2023,cbs-gemeentelijke-indeling-2023,municipality,0331,GM0331,Lopik,44.1,thousand_euro,CBS StatLine 70072NED Gemiddeld gestandaardiseerd inkomen,provenance/netherlands_income_manifest.json,family_mapped
netherlands,income,2023,2023,cbs-gemeentelijke-indeling-2023,municipality,0335,GM0335,Montfoort,47.4,thousand_euro,CBS StatLine 70072NED Gemiddeld gestandaardiseerd inkomen,provenance/netherlands_income_manifest.json,family_mapped
netherlands,income,2023,2023,cbs-gemeentelijke-indeling-2023,municipality,0339,GM0339,Renswoude,44.5,thousand_euro,CBS StatLine 70072NED Gemiddeld gestandaardiseerd inkomen,provenance/netherlands_income_manifest.json,family_mapped
netherlands,income,2023,2023,cbs-gemeentelijke-indeling-2023,municipality,0340,GM0340,Rhenen,44.7,thousand_euro,CBS StatLine 70072NED Gemiddeld gestandaardiseerd inkomen,provenance/netherlands_income_manifest.json,family_mapped
netherlands,income,2023,2023,cbs-gemeentelijke-indeling-2023,municipality,0342,GM0342,Soest,44.9,thousand_euro,CBS StatLine 70072NED Gemiddeld gestandaardiseerd inkomen,provenance/netherlands_income_manifest.json,family_mapped
netherlands,income,2023,2023,cbs-gemeentelijke-indeling-2023,municipality,0344,GM0344,Utrecht,41.7,thousand_euro,CBS StatLine 70072NED Gemiddeld gestandaardiseerd inkomen,provenance/netherlands_income_manifest.json,family_mapped
netherlands,income,2023,2023,cbs-gemeentelijke-indeling-2023,municipality,0345,GM0345,Veenendaal,39.5,thousand_euro,CBS StatLine 70072NED Gemiddeld gestandaardiseerd inkomen,provenance/netherlands_income_manifest.json,family_mapped
netherlands,income,2023,2023,cbs-gemeentelijke-indeling-2023,municipality,0351,GM0351,Woudenberg,42.7,thousand_euro,CBS StatLine 70072NED Gemiddeld gestandaardiseerd inkomen,provenance/netherlands_income_manifest.json,family_mapped
netherlands,income,2023,2023,cbs-gemeentelijke-indeling-2023,municipality,0352,GM0352,Wijk bij Duurstede,42.8,thousand_euro,CBS StatLine 70072NED Gemiddeld gestandaardiseerd inkomen,provenance/netherlands_income_manifest.json,family_mapped
netherlands,income,2023,2023,cbs-gemeentelijke-indeling-2023,municipality,0353,GM0353,IJsselstein,47.5,thousand_euro,CBS StatLine 70072NED Gemiddeld gestandaardiseerd inkomen,provenance/netherlands_income_manifest.json,family_mapped
netherlands,income,2023,2023,cbs-gemeentelijke-indeling-2023,municipality,0355,GM0355,Zeist,51.3,thousand_euro,CBS StatLine 70072NED Gemiddeld gestandaardiseerd inkomen,provenance/netherlands_income_manifest.json,family_mapped
netherlands,income,2023,2023,cbs-gemeentelijke-indeling-2023,municipality,0356,GM0356,Nieuwegein,38.3,thousand_euro,CBS StatLine 70072NED Gemiddeld gestandaardiseerd inkomen,provenance/netherlands_income_manifest.json,family_mapped
netherlands,income,2023,2023,cbs-gemeentelijke-indeling-2023,municipality,0358,GM0358,Aalsmeer,51.1,thousand_euro,CBS StatLine 70072NED Gemiddeld gestandaardiseerd inkomen,provenance/netherlands_income_manifest.json,family_mapped
netherlands,income,2023,2023,cbs-gemeentelijke-indeling-2023,municipality,0361,GM0361,Alkmaar,38.1,thousand_euro,CBS StatLine 70072NED Gemiddeld gestandaardiseerd inkomen,provenance/netherlands_income_manifest.json,family_mapped
netherlands,income,2023,2023,cbs-gemeentelijke-indeling-2023,municipality,0362,GM0362,Amstelveen,49.3,thousand_euro,CBS StatLine 70072NED Gemiddeld gestandaardiseerd inkomen,provenance/netherlands_income_manifest.json,family_mapped
netherlands,income,2023,2023,cbs-gemeentelijke-indeling-2023,municipality,0363,GM0363,Amsterdam,44.1,thousand_euro,CBS StatLine 70072NED Gemiddeld gestandaardiseerd inkomen,provenance/netherlands_income_manifest.json,family_mapped
netherlands,income,2023,2023,cbs-gemeentelijke-indeling-2023,municipality,0373,GM0373,Bergen (NH.),56.5,thousand_euro,CBS StatLine 70072NED Gemiddeld gestandaardiseerd inkomen,provenance/netherlands_income_manifest.json,family_mapped
netherlands,income,2023,2023,cbs-gemeentelijke-indeling-2023,municipality,0375,GM0375,Beverwijk,37.9,thousand_euro,CBS StatLine 70072NED Gemiddeld gestandaardiseerd inkomen,provenance/netherlands_income_manifest.json,family_mapped
netherlands,income,2023,2023,cbs-gemeentelijke-indeling-2023,municipality,0376,GM0376,Blaricum,101.1,thousand_euro,CBS StatLine 70072NED Gemiddeld gestandaardiseerd inkomen,provenance/netherlands_income_manifest.json,family_mapped
netherlands,income,2023,2023,cbs-gemeentelijke-indeling-2023,municipality,0377,GM0377,Bloemendaal,86.1,thousand_euro,CBS StatLine 70072NED Gemiddeld gestandaardiseerd inkomen,provenance/netherlands_income_manifest.json,family_mapped
netherlands,income,2023,2023,cbs-gemeentelijke-indeling-2023,municipality,0383,GM0383,Castricum,46.5,thousand_euro,CBS StatLine 70072NED Gemiddeld gestandaardiseerd inkomen,provenance/netherlands_income_manifest.json,family_mapped
netherlands,income,2023,2023,cbs-gemeentelijke-indeling-2023,municipality,0384,GM0384,Diemen,41.2,thousand_euro,CBS StatLine 70072NED Gemiddeld gestandaardiseerd inkomen,provenance/netherlands_income_manifest.json,family_mapped
netherlands,income,2023,2023,cbs-gemeentelijke-indeling-2023,municipality,0385,GM0385,Edam-Volendam,45.5,thousand_euro,CBS StatLine 70072NED Gemiddeld gestandaardiseerd inkomen,provenance/netherlands_income_manifest.json,family_mapped
netherlands,income,2023,2023,cbs-gemeentelijke-indeling-2023,municipality,0388,GM0388,Enkhuizen,38.6,thousand_euro,CBS StatLine 70072NED Gemiddeld gestandaardiseerd inkomen,provenance/netherlands_income_manifest.json,family_mapped
netherlands,income,2023,2023,cbs-gemeentelijke-indeling-2023,municipality,0392,GM0392,Haarlem,42.0,thousand_euro,CBS StatLine 70072NED Gemiddeld gestandaardiseerd inkomen,provenance/netherlands_income_manifest.json,family_mapped
netherlands,income,2023,2023,cbs-gemeentelijke-indeling-2023,municipality,0394,GM0394,Haarlemmermeer,44.1,thousand_euro,CBS StatLine 70072NED Gemiddeld gestandaardiseerd inkomen,provenance/netherlands_income_manifest.json,family_mapped
netherlands,income,2023,2023,cbs-gemeentelijke-indeling-2023,municipality,0396,GM0396,Heemskerk,39.7,thousand_euro,CBS StatLine 70072NED Gemiddeld gestandaardiseerd inkomen,provenance/netherlands_income_manifest.json,family_mapped
netherlands,income,2023,2023,cbs-gemeentelijke-indeling-2023,municipality,0397,GM0397,Heemstede,55.0,thousand_euro,CBS StatLine 70072NED Gemiddeld gestandaardiseerd inkomen,provenance/netherlands_income_manifest.json,family_mapped
netherlands,income,2023,2023,cbs-gemeentelijke-indeling-2023,municipality,0399,GM0399,Heiloo,46.9,thousand_euro,CBS StatLine 70072NED Gemiddeld gestandaardiseerd inkomen,provenance/netherlands_income_manifest.json,family_mapped
netherlands,income,2023,2023,cbs-gemeentelijke-indeling-2023,municipality,0400,GM0400,Den Helder,35.1,thousand_euro,CBS StatLine 70072NED Gemiddeld gestandaardiseerd inkomen,provenance/netherlands_income_manifest.json,family_mapped
netherlands,income,2023,2023,cbs-gemeentelijke-indeling-2023,municipality,0402,GM0402,Hilversum,43.5,thousand_euro,CBS StatLine 70072NED Gemiddeld gestandaardiseerd inkomen,provenance/netherlands_income_manifest.json,family_mapped
netherlands,income,2023,2023,cbs-gemeentelijke-indeling-2023,municipality,0405,GM0405,Hoorn,41.7,thousand_euro,CBS StatLine 70072NED Gemiddeld gestandaardiseerd inkomen,provenance/netherlands_income_manifest.json,family_mapped
netherlands,income,2023,2023,cbs-gemeentelijke-indeling-2023,municipality,0406,GM0406,Huizen,49.5,thousand_euro,CBS StatLine 70072NED Gemiddeld gestandaardiseerd inkomen,provenance/netherlands_income_manifest.json,family_mapped
netherlands,income,2023,2023,cbs-gemeentelijke-indeling-2023,municipality,0415,GM0415,Landsmeer,50.3,thousand_euro,CBS StatLine 70072NED Gemiddeld gestandaardiseerd inkomen,provenance/netherlands_income_manifest.json,family_mapped
netherlands,income,2023,2023,cbs-gemeentelijke-indeling-2023,municipality,0417,GM0417,Laren,148.2,thousand_euro,CBS StatLine 70072NED Gemiddeld gestandaardiseerd inkomen,provenance/netherlands_income_manifest.json,family_mapped
netherlands,income,2023,2023,cbs-gemeentelijke-indeling-2023,municipality,0420,GM0420,Medemblik,39.8,thousand_euro,CBS StatLine 70072NED Gemiddeld gestandaardiseerd inkomen,provenance/netherlands_income_manifest.json,family_mapped
netherlands,income,2023,2023,cbs-gemeentelijke-indeling-2023,municipality,0431,GM0431,Oostzaan,46.2,thousand_euro,CBS StatLine 70072NED Gemiddeld gestandaardiseerd inkomen,provenance/netherlands_income_manifest.json,family_mapped
netherlands,income,2023,2023,cbs-gemeentelijke-indeling-2023,municipality,0432,GM0432,Opmeer,40.0,thousand_euro,CBS StatLine 70072NED Gemiddeld gestandaardiseerd inkomen,provenance/netherlands_income_manifest.json,family_mapped
netherlands,income,2023,2023,cbs-gemeentelijke-indeling-2023,municipality,0437,GM0437,Ouder-Amstel,52.6,thousand_euro,CBS StatLine 70072NED Gemiddeld gestandaardiseerd inkomen,provenance/netherlands_income_manifest.json,family_mapped
netherlands,income,2023,2023,cbs-gemeentelijke-indeling-2023,municipality,0439,GM0439,Purmerend,39.0,thousand_euro,CBS StatLine 70072NED Gemiddeld gestandaardiseerd inkomen,provenance/netherlands_income_manifest.json,family_mapped
netherlands,income,2023,2023,cbs-gemeentelijke-indeling-2023,municipality,0441,GM0441,Schagen,40.8,thousand_euro,CBS StatLine 70072NED Gemiddeld gestandaardiseerd inkomen,provenance/netherlands_income_manifest.json,family_mapped
netherlands,income,2023,2023,cbs-gemeentelijke-indeling-2023,municipality,0448,GM0448,Texel,38.3,thousand_euro,CBS StatLine 70072NED Gemiddeld gestandaardiseerd inkomen,provenance/netherlands_income_manifest.json,family_mapped
netherlands,income,2023,2023,cbs-gemeentelijke-indeling-2023,municipality,0450,GM0450,Uitgeest,42.4,thousand_euro,CBS StatLine 70072NED Gemiddeld gestandaardiseerd inkomen,provenance/netherlands_income_manifest.json,family_mapped
netherlands,income,2023,2023,cbs-gemeentelijke-indeling-2023,municipality,0451,GM0451,Uithoorn,42.4,thousand_euro,CBS StatLine 70072NED Gemiddeld gestandaardiseerd inkomen,provenance/netherlands_income_manifest.json,family_mapped
netherlands,income,2023,2023,cbs-gemeentelijke-indeling-2023,municipality,0453,GM0453,Velsen,39.1,thousand_euro,CBS StatLine 70072NED Gemiddeld gestandaardiseerd inkomen,provenance/netherlands_income_manifest.json,family_mapped
netherlands,income,2023,2023,cbs-gemeentelijke-indeling-2023,municipality,0473,GM0473,Zandvoort,45.3,thousand_euro,CBS StatLine 70072NED Gemiddeld gestandaardiseerd inkomen,provenance/netherlands_income_manifest.json,family_mapped
netherlands,income,2023,2023,cbs-gemeentelijke-indeling-2023,municipality,0479,GM0479,Zaanstad,37.6,thousand_euro,CBS StatLine 70072NED Gemiddeld gestandaardiseerd inkomen,provenance/netherlands_income_manifest.json,family_mapped
netherlands,income,2023,2023,cbs-gemeentelijke-indeling-2023,municipality,0482,GM0482,Alblasserdam,39.5,thousand_euro,CBS StatLine 70072NED Gemiddeld gestandaardiseerd inkomen,provenance/netherlands_income_manifest.json,family_mapped
netherlands,income,2023,2023,cbs-gemeentelijke-indeling-2023,municipality,0484,GM0484,Alphen aan den Rijn,41.9,thousand_euro,CBS StatLine 70072NED Gemiddeld gestandaardiseerd inkomen,provenance/netherlands_income_manifest.json,family_mapped
netherlands,income,2023,2023,cbs-gemeentelijke-indeling-2023,municipality,0489,GM0489,Barendrecht,46.1,thousand_euro,CBS StatLine 70072NED Gemiddeld gestandaardiseerd inkomen,provenance/netherlands_income_manifest.json,family_mapped
netherlands,income,2023,2023,cbs-gemeentelijke-indeling-2023,municipality,0498,GM0498,Drechterland,42.6,thousand_euro,CBS StatLine 70072NED Gemiddeld gestandaardiseerd inkomen,provenance/netherlands_income_manifest.json,family_mapped
netherlands,income,2023,2023,cbs-gemeentelijke-indeling-2023,municipality,0502,GM0502,Capelle aan den IJssel,38.1,thousand_euro,CBS StatLine 70072NED Gemiddeld gestandaardiseerd inkomen,provenance/netherlands_income_manifest.json,family_mapped
netherlands,income,2023,2023,cbs-gemeentelijke-indeling-2023,municipality,0503,GM0503,Delft,38.5,thousand_euro,CBS StatLine 70072NED Gemiddeld gestandaardiseerd inkomen,provenance/netherlands_income_manifest.json,family_mapped
netherlands,income,2023,2023,cbs-gemeentelijke-indeling-2023,municipality,0505,GM0505,Dordrecht,38.7,thousand_euro,CBS StatLine 70072NED Gemiddeld gestandaardiseerd inkomen,provenance/netherlands_income_manifest.json,family_mapped
netherlands,income,2023,2023,cbs-gemeentelijke-indeling-2023,municipality,0512,GM0512,Gorinchem,38.9,thousand_euro,CBS StatLine 70072NED Gemiddeld gestandaardiseerd inkomen,provenance/netherlands_income_manifest.json,family_mapped
netherlands,income,2023,2023,cbs-gemeentelijke-indeling-2023,municipality,0513,GM0513,Gouda,38.5,thousand_euro,CBS StatLine 70072NED Gemiddeld gestandaardiseerd inkomen,provenance/netherlands_income_manifest.json,family_mapped
netherlands,income,2023,2023,cbs-gemeentelijke-indeling-2023,municipality,0518,GM0518,'s-Gravenhage,39.0,thousand_euro,CBS StatLine 70072NED Gemiddeld gestandaardiseerd inkomen,provenance/netherlands_income_manifest.json,family_mapped
netherlands,income,2023,2023,cbs-gemeentelijke-indeling-2023,municipality,0523,GM0523,Hardinxveld-Giessendam,41.6,thousand_euro,CBS StatLine 70072NED Gemiddeld gestandaardiseerd inkomen,provenance/netherlands_income_manifest.json,family_mapped
netherlands,income,2023,2023,cbs-gemeentelijke-indeling-2023,municipality,0531,GM0531,Hendrik-Ido-Ambacht,44.8,thousand_euro,CBS StatLine 70072NED Gemiddeld gestandaardiseerd inkomen,provenance/netherlands_income_manifest.json,family_mapped
netherlands,income,2023,2023,cbs-gemeentelijke-indeling-2023,municipality,0532,GM0532,Stede Broec,39.4,thousand_euro,CBS StatLine 70072NED Gemiddeld gestandaardiseerd inkomen,provenance/netherlands_income_manifest.json,family_mapped
netherlands,income,2023,2023,cbs-gemeentelijke-indeling-2023,municipality,0534,GM0534,Hillegom,40.6,thousand_euro,CBS StatLine 70072NED Gemiddeld gestandaardiseerd inkomen,provenance/netherlands_income_manifest.json,family_mapped
netherlands,income,2023,2023,cbs-gemeentelijke-indeling-2023,municipality,0537,GM0537,Katwijk,41.3,thousand_euro,CBS StatLine 70072NED Gemiddeld gestandaardiseerd inkomen,provenance/netherlands_income_manifest.json,family_mapped
netherlands,income,2023,2023,cbs-gemeentelijke-indeling-2023,municipality,0542,GM0542,Krimpen aan den IJssel,41.0,thousand_euro,CBS StatLine 70072NED Gemiddeld gestandaardiseerd inkomen,provenance/netherlands_income_manifest.json,family_mapped
netherlands,income,2023,2023,cbs-gemeentelijke-indeling-2023,municipality,0546,GM0546,Leiden,39.5,thousand_euro,CBS StatLine 70072NED Gemiddeld gestandaardiseerd inkomen,provenance/netherlands_income_manifest.json,family_mapped
netherlands,income,2023,2023,cbs-gemeentelijke-indeling-2023,municipality,0547,GM0547,Leiderdorp,43.2,thousand_euro,CBS StatLine 70072NED Gemiddeld gestandaardiseerd inkomen,provenance/netherlands_income_manifest.json,family_mapped
netherlands,income,2023,2023,cbs-gemeentelijke-indeling-2023,municipality,0553,GM0553,Lisse,43.1,thousand_euro,CBS StatLine 70072NED Gemiddeld gestandaardiseerd inkomen,provenance/netherlands_income_manifest.json,family_mapped
netherlands,income,2023,2023,cbs-gemeentelijke-indeling-2023,municipality,0556,GM0556,Maassluis,38.4,thousand_euro,CBS StatLine 70072NED Gemiddeld gestandaardiseerd inkomen,provenance/netherlands_income_manifest.json,family_mapped
netherlands,income,2023,2023,cbs-gemeentelijke-indeling-2023,municipality,0569,GM0569,Nieuwkoop,46.1,thousand_euro,CBS StatLine 70072NED Gemiddeld gestandaardiseerd inkomen,provenance/netherlands_income_manifest.json,family_mapped
netherlands,income,2023,2023,cbs-gemeentelijke-indeling-2023,municipality,0575,GM0575,Noordwijk,50.4,thousand_euro,CBS StatLine 70072NED Gemiddeld gestandaardiseerd inkomen,provenance/netherlands_income_manifest.json,family_mapped
netherlands,income,2023,2023,cbs-gemeentelijke-indeling-2023,municipality,0579,GM0579,Oegstgeest,53.9,thousand_euro,CBS StatLine 70072NED Gemiddeld gestandaardiseerd inkomen,provenance/netherlands_income_manifest.json,family_mapped
netherlands,income,2023,2023,cbs-gemeentelijke-indeling-2023,municipality,0589,GM0589,Oudewater,52.7,thousand_euro,CBS StatLine 70072NED Gemiddeld gestandaardiseerd inkomen,provenance/netherlands_income_manifest.json,family_mapped
netherlands,income,2023,2023,cbs-gemeentelijke-indeling-2023,municipality,0590,GM0590,Papendrecht,40.6,thousand_euro,CBS StatLine 70072NED Gemiddeld gestandaardiseerd inkomen,provenance/netherlands_income_manifest.json,family_mapped
netherlands,income,2023,2023,cbs-gemeentelijke-indeling-2023,municipality,0597,GM0597,Ridderkerk,39.8,thousand_euro,CBS StatLine 70072NED Gemiddeld gestandaardiseerd inkomen,provenance/netherlands_income_manifest.json,family_mapped
netherlands,income,2023,2023,cbs-gemeentelijke-indeling-2023,municipality,0599,GM0599,Rotterdam,37.0,thousand_euro,CBS StatLine 70072NED Gemiddeld gestandaardiseerd inkomen,provenance/netherlands_income_manifest.json,family_mapped
netherlands,income,2023,2023,cbs-gemeentelijke-indeling-2023,municipality,0603,GM0603,Rijswijk,38.9,thousand_euro,CBS StatLine 70072NED Gemiddeld gestandaardiseerd inkomen,provenance/netherlands_income_manifest.json,family_mapped
netherlands,income,2023,2023,cbs-gemeentelijke-indeling-2023,municipality,0606,GM0606,Schiedam,36.7,thousand_euro,CBS StatLine 70072NED Gemiddeld gestandaardiseerd inkomen,provenance/netherlands_income_manifest.json,family_mapped
netherlands,income,2023,2023,cbs-gemeentelijke-indeling-2023,municipality,0610,GM0610,Sliedrecht,37.3,thousand_euro,CBS StatLine 70072NED Gemiddeld gestandaardiseerd inkomen,provenance/netherlands_income_manifest.json,family_mapped
netherlands,income,2023,2023,cbs-gemeentelijke-indeling-2023,municipality,0613,GM0613,Albrandswaard,48.5,thousand_euro,CBS StatLine 70072NED Gemiddeld gestandaardiseerd inkomen,provenance/netherlands_income_manifest.json,family_mapped
netherlands,income,2023,2023,cbs-gemeentelijke-indeling-2023,municipality,0622,GM0622,Vlaardingen,36.1,thousand_euro,CBS StatLine 70072NED Gemiddeld gestandaardiseerd inkomen,provenance/netherlands_income_manifest.json,family_mapped
netherlands,income,2023,2023,cbs-gemeentelijke-indeling-2023,municipality,0626,GM0626,Voorschoten,47.7,thousand_euro,CBS StatLine 70072NED Gemiddeld gestandaardiseerd inkomen,provenance/netherlands_income_manifest.json,family_mapped
netherlands,income,2023,2023,cbs-gemeentelijke-indeling-2023,municipality,0627,GM0627,Waddinxveen,40.9,thousand_euro,CBS StatLine 70072NED Gemiddeld gestandaardiseerd inkomen,provenance/netherlands_income_manifest.json,family_mapped
netherlands,income,2023,2023,cbs-gemeentelijke-indeling-2023,municipality,0629,GM0629,Wassenaar,79.3,thousand_euro,CBS StatLine 70072NED Gemiddeld gestandaardiseerd inkomen,provenance/netherlands_income_manifest.json,family_mapped
netherlands,income,2023,2023,cbs-gemeentelijke-indeling-2023,municipality,0632,GM0632,Woerden,45.6,thousand_euro,CBS StatLine 70072NED Gemiddeld gestandaardiseerd inkomen,provenance/netherlands_income_manifest.json,family_mapped
netherlands,income,2023,2023,cbs-gemeentelijke-indeling-2023,municipality,0637,GM0637,Zoetermeer,38.9,thousand_euro,CBS StatLine 70072NED Gemiddeld gestandaardiseerd inkomen,provenance/netherlands_income_manifest.json,family_mapped
netherlands,income,2023,2023,cbs-gemeentelijke-indeling-2023,municipality,0638,GM0638,Zoeterwoude,44.5,thousand_euro,CBS StatLine 70072NED Gemiddeld gestandaardiseerd inkomen,provenance/netherlands_income_manifest.json,family_mapped
netherlands,income,2023,2023,cbs-gemeentelijke-indeling-2023,municipality,0642,GM0642,Zwijndrecht,39.1,thousand_euro,CBS StatLine 70072NED Gemiddeld gestandaardiseerd inkomen,provenance/netherlands_income_manifest.json,family_mapped
netherlands,income,2023,2023,cbs-gemeentelijke-indeling-2023,municipality,0654,GM0654,Borsele,42.4,thousand_euro,CBS StatLine 70072NED Gemiddeld gestandaardiseerd inkomen,provenance/netherlands_income_manifest.json,family_mapped
netherlands,income,2023,2023,cbs-gemeentelijke-indeling-2023,municipality,0664,GM0664,Goes,42.6,thousand_euro,CBS StatLine 70072NED Gemiddeld gestandaardiseerd inkomen,provenance/netherlands_income_manifest.json,family_mapped
netherlands,income,2023,2023,cbs-gemeentelijke-indeling-2023,municipality,0668,GM0668,West Maas en Waal,40.4,thousand_euro,CBS StatLine 70072NED Gemiddeld gestandaardiseerd inkomen,provenance/netherlands_income_manifest.json,family_mapped
netherlands,income,2023,2023,cbs-gemeentelijke-indeling-2023,municipality,0677,GM0677,Hulst,39.9,thousand_euro,CBS StatLine 70072NED Gemiddeld gestandaardiseerd inkomen,provenance/netherlands_income_manifest.json,family_mapped
netherlands,income,2023,2023,cbs-gemeentelijke-indeling-2023,municipality,0678,GM0678,Kapelle,40.0,thousand_euro,CBS StatLine 70072NED Gemiddeld gestandaardiseerd inkomen,provenance/netherlands_income_manifest.json,family_mapped
netherlands,income,2023,2023,cbs-gemeentelijke-indeling-2023,municipality,0687,GM0687,Middelburg,37.8,thousand_euro,CBS StatLine 70072NED Gemiddeld gestandaardiseerd inkomen,provenance/netherlands_income_manifest.json,family_mapped
netherlands,income,2023,2023,cbs-gemeentelijke-indeling-2023,municipality,0703,GM0703,Reimerswaal,40.4,thousand_euro,CBS StatLine 70072NED Gemiddeld gestandaardiseerd inkomen,provenance/netherlands_income_manifest.json,family_mapped
netherlands,income,2023,2023,cbs-gemeentelijke-indeling-2023,municipality,0715,GM0715,Terneuzen,37.0,thousand_euro,CBS StatLine 70072NED Gemiddeld gestandaardiseerd inkomen,provenance/netherlands_income_manifest.json,family_mapped
netherlands,income,2023,2023,cbs-gemeentelijke-indeling-2023,municipality,0716,GM0716,Tholen,38.2,thousand_euro,CBS StatLine 70072NED Gemiddeld gestandaardiseerd inkomen,provenance/netherlands_income_manifest.json,family_mapped
netherlands,income,2023,2023,cbs-gemeentelijke-indeling-2023,municipality,0717,GM0717,Veere,42.5,thousand_euro,CBS StatLine 70072NED Gemiddeld gestandaardiseerd inkomen,provenance/netherlands_income_manifest.json,family_mapped
netherlands,income,2023,2023,cbs-gemeentelijke-indeling-2023,municipality,0718,GM0718,Vlissingen,34.4,thousand_euro,CBS StatLine 70072NED Gemiddeld gestandaardiseerd inkomen,provenance/netherlands_income_manifest.json,family_mapped
netherlands,income,2023,2023,cbs-gemeentelijke-indeling-2023,municipality,0736,GM0736,De Ronde Venen,51.2,thousand_euro,CBS StatLine 70072NED Gemiddeld gestandaardiseerd inkomen,provenance/netherlands_income_manifest.json,family_mapped
netherlands,income,2023,2023,cbs-gemeentelijke-indeling-2023,municipality,0737,GM0737,Tytsjerksteradiel,37.3,thousand_euro,CBS StatLine 70072NED Gemiddeld gestandaardiseerd inkomen,provenance/netherlands_income_manifest.json,family_mapped
netherlands,income,2023,2023,cbs-gemeentelijke-indeling-2023,municipality,0743,GM0743,Asten,41.8,thousand_euro,CBS StatLine 70072NED Gemiddeld gestandaardiseerd inkomen,provenance/netherlands_income_manifest.json,family_mapped
netherlands,income,2023,2023,cbs-gemeentelijke-indeling-2023,municipality,0744,GM0744,Baarle-Nassau,40.4,thousand_euro,CBS StatLine 70072NED Gemiddeld gestandaardiseerd inkomen,provenance/netherlands_income_manifest.json,family_mapped
netherlands,income,2023,2023,cbs-gemeentelijke-indeling-2023,municipality,0748,GM0748,Bergen op Zoom,38.0,thousand_euro,CBS StatLine 70072NED Gemiddeld gestandaardiseerd inkomen,provenance/netherlands_income_manifest.json,family_mapped
netherlands,income,2023,2023,cbs-gemeentelijke-indeling-2023,municipality,0753,GM0753,Best,44.9,thousand_euro,CBS StatLine 70072NED Gemiddeld gestandaardiseerd inkomen,provenance/netherlands_income_manifest.json,family_mapped
netherlands,income,2023,2023,cbs-gemeentelijke-indeling-2023,municipality,0755,GM0755,Boekel,41.9,thousand_euro,CBS StatLine 70072NED Gemiddeld gestandaardiseerd inkomen,provenance/netherlands_income_manifest.json,family_mapped
netherlands,income,2023,2023,cbs-gemeentelijke-indeling-2023,municipality,0757,GM0757,Boxtel,41.6,thousand_euro,CBS StatLine 70072NED Gemiddeld gestandaardiseerd inkomen,provenance/netherlands_income_manifest.json,family_mapped
netherlands,income,2023,2023,cbs-gemeentelijke-indeling-2023,municipality,0758,GM0758,Breda,42.3,thousand_euro,CBS StatLine 70072NED Gemiddeld gestandaardiseerd inkomen,provenance/netherlands_income_manifest.json,family_mapped
netherlands,income,2023,2023,cbs-gemeentelijke-indeling-2023,municipality,0762,GM0762,Deurne,39.5,thousand_euro,CBS StatLine 70072NED Gemiddeld gestandaardiseerd inkomen,provenance/netherlands_income_manifest.json,family_mapped
netherlands,income,2023,2023,cbs-gemeentelijke-indeling-2023,municipality,0765,GM0765,Pekela,32.7,thousand_euro,CBS StatLine 70072NED Gemiddeld gestandaardiseerd inkomen,provenance/netherlands_income_manifest.json,family_mapped
netherlands,income,2023,2023,cbs-gemeentelijke-indeling-2023,municipality,0766,GM0766,Dongen,39.9,thousand_euro,CBS StatLine 70072NED Gemiddeld gestandaardiseerd inkomen,provenance/netherlands_income_manifest.json,family_mapped
netherlands,income,2023,2023,cbs-gemeentelijke-indeling-2023,municipality,0770,GM0770,Eersel,47.4,thousand_euro,CBS StatLine 70072NED Gemiddeld gestandaardiseerd inkomen,provenance/netherlands_income_manifest.json,family_mapped
netherlands,income,2023,2023,cbs-gemeentelijke-indeling-2023,municipality,0772,GM0772,Eindhoven,39.5,thousand_euro,CBS StatLine 70072NED Gemiddeld gestandaardiseerd inkomen,provenance/netherlands_income_manifest.json,family_mapped
netherlands,income,2023,2023,cbs-gemeentelijke-indeling-2023,municipality,0777,GM0777,Etten-Leur,39.7,thousand_euro,CBS StatLine 70072NED Gemiddeld gestandaardiseerd inkomen,provenance/netherlands_income_manifest.json,family_mapped
netherlands,income,2023,2023,cbs-gemeentelijke-indeling-2023,municipality,0779,GM0779,Geertruidenberg,40.9,thousand_euro,CBS StatLine 70072NED Gemiddeld gestandaardiseerd inkomen,provenance/netherlands_income_manifest.json,family_mapped
netherlands,income,2023,2023,cbs-gemeentelijke-indeling-2023,municipality,0784,GM0784,Gilze en Rijen,39.6,thousand_euro,CBS StatLine 70072NED Gemiddeld gestandaardiseerd inkomen,provenance/netherlands_income_manifest.json,family_mapped
netherlands,income,2023,2023,cbs-gemeentelijke-indeling-2023,municipality,0785,GM0785,Goirle,42.4,thousand_euro,CBS StatLine 70072NED Gemiddeld gestandaardiseerd inkomen,provenance/netherlands_income_manifest.json,family_mapped
netherlands,income,2023,2023,cbs-gemeentelijke-indeling-2023,municipality,0794,GM0794,Helmond,37.4,thousand_euro,CBS StatLine 70072NED Gemiddeld gestandaardiseerd inkomen,provenance/netherlands_income_manifest.json,family_mapped
netherlands,income,2023,2023,cbs-gemeentelijke-indeling-2023,municipality,0796,GM0796,'s-Hertogenbosch,42.4,thousand_euro,CBS StatLine 70072NED Gemiddeld gestandaardiseerd inkomen,provenance/netherlands_income_manifest.json,family_mapped
netherlands,income,2023,2023,cbs-gemeentelijke-indeling-2023,municipality,0797,GM0797,Heusden,42.6,thousand_euro,CBS StatLine 70072NED Gemiddeld gestandaardiseerd inkomen,provenance/netherlands_income_manifest.json,family_mapped
netherlands,income,2023,2023,cbs-gemeentelijke-indeling-2023,municipality,0798,GM0798,Hilvarenbeek,44.1,thousand_euro,CBS StatLine 70072NED Gemiddeld gestandaardiseerd inkomen,provenance/netherlands_income_manifest.json,family_mapped
netherlands,income,2023,2023,cbs-gemeentelijke-indeling-2023,municipality,0809,GM0809,Loon op Zand,43.0,thousand_euro,CBS StatLine 70072NED Gemiddeld gestandaardiseerd inkomen,provenance/netherlands_income_manifest.json,family_mapped
netherlands,income,2023,2023,cbs-gemeentelijke-indeling-2023,municipality,0820,GM0820,"Nuenen, Gerwen en Nederwetten",48.6,thousand_euro,CBS StatLine 70072NED Gemiddeld gestandaardiseerd inkomen,provenance/netherlands_income_manifest.json,family_mapped
netherlands,income,2023,2023,cbs-gemeentelijke-indeling-2023,municipality,0823,GM0823,Oirschot,45.7,thousand_euro,CBS StatLine 70072NED Gemiddeld gestandaardiseerd inkomen,provenance/netherlands_income_manifest.json,family_mapped
netherlands,income,2023,2023,cbs-gemeentelijke-indeling-2023,municipality,0824,GM0824,Oisterwijk,50.5,thousand_euro,CBS StatLine 70072NED Gemiddeld gestandaardiseerd inkomen,provenance/netherlands_income_manifest.json,family_mapped
netherlands,income,2023,2023,cbs-gemeentelijke-indeling-2023,municipality,0826,GM0826,Oosterhout,41.4,thousand_euro,CBS StatLine 70072NED Gemiddeld gestandaardiseerd inkomen,provenance/netherlands_income_manifest.json,family_mapped
netherlands,income,2023,2023,cbs-gemeentelijke-indeling-2023,municipality,0828,GM0828,Oss,39.7,thousand_euro,CBS StatLine 70072NED Gemiddeld gestandaardiseerd inkomen,provenance/netherlands_income_manifest.json,family_mapped
netherlands,income,2023,2023,cbs-gemeentelijke-indeling-2023,municipality,0840,GM0840,Rucphen,38.4,thousand_euro,CBS StatLine 70072NED Gemiddeld gestandaardiseerd inkomen,provenance/netherlands_income_manifest.json,family_mapped
netherlands,income,2023,2023,cbs-gemeentelijke-indeling-2023,municipality,0845,GM0845,Sint-Michielsgestel,45.2,thousand_euro,CBS StatLine 70072NED Gemiddeld gestandaardiseerd inkomen,provenance/netherlands_income_manifest.json,family_mapped
netherlands,income,2023,2023,cbs-gemeentelijke-indeling-2023,municipality,0847,GM0847,Someren,45.0,thousand_euro,CBS StatLine 70072NED Gemiddeld gestandaardiseerd inkomen,provenance/netherlands_income_manifest.json,family_mapped
netherlands,income,2023,2023,cbs-gemeentelijke-indeling-2023,municipality,0848,GM0848,Son en Breugel,48.2,thousand_euro,CBS StatLine 70072NED Gemiddeld gestandaardiseerd inkomen,provenance/netherlands_income_manifest.json,family_mapped
netherlands,income,2023,2023,cbs-gemeentelijke-indeling-2023,municipality,0851,GM0851,Steenbergen,39.7,thousand_euro,CBS StatLine 70072NED Gemiddeld gestandaardiseerd inkomen,provenance/netherlands_income_manifest.json,family_mapped
netherlands,income,2023,2023,cbs-gemeentelijke-indeling-2023,municipality,0852,GM0852,Waterland,50.1,thousand_euro,CBS StatLine 70072NED Gemiddeld gestandaardiseerd inkomen,provenance/netherlands_income_manifest.json,family_mapped
netherlands,income,2023,2023,cbs-gemeentelijke-indeling-2023,municipality,0855,GM0855,Tilburg,36.8,thousand_euro,CBS StatLine 70072NED Gemiddeld gestandaardiseerd inkomen,provenance/netherlands_income_manifest.json,family_mapped
netherlands,income,2023,2023,cbs-gemeentelijke-indeling-2023,municipality,0858,GM0858,Valkenswaard,40.0,thousand_euro,CBS StatLine 70072NED Gemiddeld gestandaardiseerd inkomen,provenance/netherlands_income_manifest.json,family_mapped
netherlands,income,2023,2023,cbs-gemeentelijke-indeling-2023,municipality,0861,GM0861,Veldhoven,43.1,thousand_euro,CBS StatLine 70072NED Gemiddeld gestandaardiseerd inkomen,provenance/netherlands_income_manifest.json,family_mapped
netherlands,income,2023,2023,cbs-gemeentelijke-indeling-2023,municipality,0865,GM0865,Vught,56.9,thousand_euro,CBS StatLine 70072NED Gemiddeld gestandaardiseerd inkomen,provenance/netherlands_income_manifest.json,family_mapped
netherlands,income,2023,2023,cbs-gemeentelijke-indeling-2023,municipality,0866,GM0866,Waalre,58.4,thousand_euro,CBS StatLine 70072NED Gemiddeld gestandaardiseerd inkomen,provenance/netherlands_income_manifest.json,family_mapped
netherlands,income,2023,2023,cbs-gemeentelijke-indeling-2023,municipality,0867,GM0867,Waalwijk,38.9,thousand_euro,CBS StatLine 70072NED Gemiddeld gestandaardiseerd inkomen,provenance/netherlands_income_manifest.json,family_mapped
netherlands,income,2023,2023,cbs-gemeentelijke-indeling-2023,municipality,0873,GM0873,Woensdrecht,40.3,thousand_euro,CBS StatLine 70072NED Gemiddeld gestandaardiseerd inkomen,provenance/netherlands_income_manifest.json,family_mapped
netherlands,income,2023,2023,cbs-gemeentelijke-indeling-2023,municipality,0879,GM0879,Zundert,41.4,thousand_euro,CBS StatLine 70072NED Gemiddeld gestandaardiseerd inkomen,provenance/netherlands_income_manifest.json,family_mapped
netherlands,income,2023,2023,cbs-gemeentelijke-indeling-2023,municipality,0880,GM0880,Wormerland,42.4,thousand_euro,CBS StatLine 70072NED Gemiddeld gestandaardiseerd inkomen,provenance/netherlands_income_manifest.json,family_mapped
netherlands,income,2023,2023,cbs-gemeentelijke-indeling-2023,municipality,0882,GM0882,Landgraaf,35.3,thousand_euro,CBS StatLine 70072NED Gemiddeld gestandaardiseerd inkomen,provenance/netherlands_income_manifest.json,family_mapped
netherlands,income,2023,2023,cbs-gemeentelijke-indeling-2023,municipality,0888,GM0888,Beek,38.2,thousand_euro,CBS StatLine 70072NED Gemiddeld gestandaardiseerd inkomen,provenance/netherlands_income_manifest.json,family_mapped
netherlands,income,2023,2023,cbs-gemeentelijke-indeling-2023,municipality,0889,GM0889,Beesel,36.1,thousand_euro,CBS StatLine 70072NED Gemiddeld gestandaardiseerd inkomen,provenance/netherlands_income_manifest.json,family_mapped
netherlands,income,2023,2023,cbs-gemeentelijke-indeling-2023,municipality,0893,GM0893,Bergen (L.),38.0,thousand_euro,CBS StatLine 70072NED Gemiddeld gestandaardiseerd inkomen,provenance/netherlands_income_manifest.json,family_mapped
netherlands,income,2023,2023,cbs-gemeentelijke-indeling-2023,municipality,0899,GM0899,Brunssum,33.8,thousand_euro,CBS StatLine 70072NED Gemiddeld gestandaardiseerd inkomen,provenance/netherlands_income_manifest.json,family_mapped
netherlands,income,2023,2023,cbs-gemeentelijke-indeling-2023,municipality,0907,GM0907,Gennep,38.7,thousand_euro,CBS StatLine 70072NED Gemiddeld gestandaardiseerd inkomen,provenance/netherlands_income_manifest.json,family_mapped
netherlands,income,2023,2023,cbs-gemeentelijke-indeling-2023,municipality,0917,GM0917,Heerlen,32.4,thousand_euro,CBS StatLine 70072NED Gemiddeld gestandaardiseerd inkomen,provenance/netherlands_income_manifest.json,family_mapped
netherlands,income,2023,2023,cbs-gemeentelijke-indeling-2023,municipality,0928,GM0928,Kerkrade,32.1,thousand_euro,CBS StatLine 70072NED Gemiddeld gestandaardiseerd inkomen,provenance/netherlands_income_manifest.json,family_mapped
netherlands,income,2023,2023,cbs-gemeentelijke-indeling-2023,municipality,0935,GM0935,Maastricht,36.8,thousand_euro,CBS StatLine 70072NED Gemiddeld gestandaardiseerd inkomen,provenance/netherlands_income_manifest.json,family_mapped
netherlands,income,2023,2023,cbs-gemeentelijke-indeling-2023,municipality,0938,GM0938,Meerssen,41.5,thousand_euro,CBS StatLine 70072NED Gemiddeld gestandaardiseerd inkomen,provenance/netherlands_income_manifest.json,family_mapped
netherlands,income,2023,2023,cbs-gemeentelijke-indeling-2023,municipality,0944,GM0944,Mook en Middelaar,62.0,thousand_euro,CBS StatLine 70072NED Gemiddeld gestandaardiseerd inkomen,provenance/netherlands_income_manifest.json,family_mapped
netherlands,income,2023,2023,cbs-gemeentelijke-indeling-2023,municipality,0946,GM0946,Nederweert,40.7,thousand_euro,CBS StatLine 70072NED Gemiddeld gestandaardiseerd inkomen,provenance/netherlands_income_manifest.json,family_mapped
netherlands,income,2023,2023,cbs-gemeentelijke-indeling-2023,municipality,0957,GM0957,Roermond,37.1,thousand_euro,CBS StatLine 70072NED Gemiddeld gestandaardiseerd inkomen,provenance/netherlands_income_manifest.json,family_mapped
netherlands,income,2023,2023,cbs-gemeentelijke-indeling-2023,municipality,0965,GM0965,Simpelveld,36.6,thousand_euro,CBS StatLine 70072NED Gemiddeld gestandaardiseerd inkomen,provenance/netherlands_income_manifest.json,family_mapped
netherlands,income,2023,2023,cbs-gemeentelijke-indeling-2023,municipality,0971,GM0971,Stein,37.1,thousand_euro,CBS StatLine 70072NED Gemiddeld gestandaardiseerd inkomen,provenance/netherlands_income_manifest.json,family_mapped
netherlands,income,2023,2023,cbs-gemeentelijke-indeling-2023,municipality,0981,GM0981,Vaals,33.7,thousand_euro,CBS StatLine 70072NED Gemiddeld gestandaardiseerd inkomen,provenance/netherlands_income_manifest.json,family_mapped
netherlands,income,2023,2023,cbs-gemeentelijke-indeling-2023,municipality,0983,GM0983,Venlo,36.6,thousand_euro,CBS StatLine 70072NED Gemiddeld gestandaardiseerd inkomen,provenance/netherlands_income_manifest.json,family_mapped
netherlands,income,2023,2023,cbs-gemeentelijke-indeling-2023,municipality,0984,GM0984,Venray,38.7,thousand_euro,CBS StatLine 70072NED Gemiddeld gestandaardiseerd inkomen,provenance/netherlands_income_manifest.json,family_mapped
netherlands,income,2023,2023,cbs-gemeentelijke-indeling-2023,municipality,0986,GM0986,Voerendaal,40.3,thousand_euro,CBS StatLine 70072NED Gemiddeld gestandaardiseerd inkomen,provenance/netherlands_income_manifest.json,family_mapped
netherlands,income,2023,2023,cbs-gemeentelijke-indeling-2023,municipality,0988,GM0988,Weert,39.2,thousand_euro,CBS StatLine 70072NED Gemiddeld gestandaardiseerd inkomen,provenance/netherlands_income_manifest.json,family_mapped
netherlands,income,2023,2023,cbs-gemeentelijke-indeling-2023,municipality,0994,GM0994,Valkenburg aan de Geul,38.4,thousand_euro,CBS StatLine 70072NED Gemiddeld gestandaardiseerd inkomen,provenance/netherlands_income_manifest.json,family_mapped
netherlands,income,2023,2023,cbs-gemeentelijke-indeling-2023,municipality,0995,GM0995,Lelystad,36.6,thousand_euro,CBS StatLine 70072NED Gemiddeld gestandaardiseerd inkomen,provenance/netherlands_income_manifest.json,family_mapped
netherlands,income,2023,2023,cbs-gemeentelijke-indeling-2023,municipality,1507,GM1507,Horst aan de Maas,40.4,thousand_euro,CBS StatLine 70072NED Gemiddeld gestandaardiseerd inkomen,provenance/netherlands_income_manifest.json,family_mapped
netherlands,income,2023,2023,cbs-gemeentelijke-indeling-2023,municipality,1509,GM1509,Oude IJsselstreek,37.7,thousand_euro,CBS StatLine 70072NED Gemiddeld gestandaardiseerd inkomen,provenance/netherlands_income_manifest.json,family_mapped
netherlands,income,2023,2023,cbs-gemeentelijke-indeling-2023,municipality,1525,GM1525,Teylingen,49.0,thousand_euro,CBS StatLine 70072NED Gemiddeld gestandaardiseerd inkomen,provenance/netherlands_income_manifest.json,family_mapped
netherlands,income,2023,2023,cbs-gemeentelijke-indeling-2023,municipality,1581,GM1581,Utrechtse Heuvelrug,48.4,thousand_euro,CBS StatLine 70072NED Gemiddeld gestandaardiseerd inkomen,provenance/netherlands_income_manifest.json,family_mapped
netherlands,income,2023,2023,cbs-gemeentelijke-indeling-2023,municipality,1586,GM1586,Oost Gelre,40.8,thousand_euro,CBS StatLine 70072NED Gemiddeld gestandaardiseerd inkomen,provenance/netherlands_income_manifest.json,family_mapped
netherlands,income,2023,2023,cbs-gemeentelijke-indeling-2023,municipality,1598,GM1598,Koggenland,41.7,thousand_euro,CBS StatLine 70072NED Gemiddeld gestandaardiseerd inkomen,provenance/netherlands_income_manifest.json,family_mapped
netherlands,income,2023,2023,cbs-gemeentelijke-indeling-2023,municipality,1621,GM1621,Lansingerland,51.2,thousand_euro,CBS StatLine 70072NED Gemiddeld gestandaardiseerd inkomen,provenance/netherlands_income_manifest.json,family_mapped
netherlands,income,2023,2023,cbs-gemeentelijke-indeling-2023,municipality,1640,GM1640,Leudal,40.5,thousand_euro,CBS StatLine 70072NED Gemiddeld gestandaardiseerd inkomen,provenance/netherlands_income_manifest.json,family_mapped
netherlands,income,2023,2023,cbs-gemeentelijke-indeling-2023,municipality,1641,GM1641,Maasgouw,40.8,thousand_euro,CBS StatLine 70072NED Gemiddeld gestandaardiseerd inkomen,provenance/netherlands_income_manifest.json,family_mapped
netherlands,income,2023,2023,cbs-gemeentelijke-indeling-2023,municipality,1652,GM1652,Gemert-Bakel,39.2,thousand_euro,CBS StatLine 70072NED Gemiddeld gestandaardiseerd inkomen,provenance/netherlands_income_manifest.json,family_mapped
netherlands,income,2023,2023,cbs-gemeentelijke-indeling-2023,municipality,1655,GM1655,Halderberge,39.1,thousand_euro,CBS StatLine 70072NED Gemiddeld gestandaardiseerd inkomen,provenance/netherlands_income_manifest.json,family_mapped
netherlands,income,2023,2023,cbs-gemeentelijke-indeling-2023,municipality,1658,GM1658,Heeze-Leende,48.4,thousand_euro,CBS StatLine 70072NED Gemiddeld gestandaardiseerd inkomen,provenance/netherlands_income_manifest.json,family_mapped
netherlands,income,2023,2023,cbs-gemeentelijke-indeling-2023,municipality,1659,GM1659,Laarbeek,42.7,thousand_euro,CBS StatLine 70072NED Gemiddeld gestandaardiseerd inkomen,provenance/netherlands_income_manifest.json,family_mapped
netherlands,income,2023,2023,cbs-gemeentelijke-indeling-2023,municipality,1667,GM1667,Reusel-De Mierden,40.7,thousand_euro,CBS StatLine 70072NED Gemiddeld gestandaardiseerd inkomen,provenance/netherlands_income_manifest.json,family_mapped
netherlands,income,2023,2023,cbs-gemeentelijke-indeling-2023,municipality,1669,GM1669,Roerdalen,39.3,thousand_euro,CBS StatLine 70072NED Gemiddeld gestandaardiseerd inkomen,provenance/netherlands_income_manifest.json,family_mapped
netherlands,income,2023,2023,cbs-gemeentelijke-indeling-2023,municipality,1674,GM1674,Roosendaal,37.4,thousand_euro,CBS StatLine 70072NED Gemiddeld gestandaardiseerd inkomen,provenance/netherlands_income_manifest.json,family_mapped
netherlands,income,2023,2023,cbs-gemeentelijke-indeling-2023,municipality,1676,GM1676,Schouwen-Duiveland,42.4,thousand_euro,CBS StatLine 70072NED Gemiddeld gestandaardiseerd inkomen,provenance/netherlands_income_manifest.json,family_mapped
netherlands,income,2023,2023,cbs-gemeentelijke-indeling-2023,municipality,1680,GM1680,Aa en Hunze,40.3,thousand_euro,CBS StatLine 70072NED Gemiddeld gestandaardiseerd inkomen,provenance/netherlands_income_manifest.json,family_mapped
netherlands,income,2023,2023,cbs-gemeentelijke-indeling-2023,municipality,1681,GM1681,Borger-Odoorn,37.6,thousand_euro,CBS StatLine 70072NED Gemiddeld gestandaardiseerd inkomen,provenance/netherlands_income_manifest.json,family_mapped
netherlands,income,2023,2023,cbs-gemeentelijke-indeling-2023,municipality,1690,GM1690,De Wolden,41.5,thousand_euro,CBS StatLine 70072NED Gemiddeld gestandaardiseerd inkomen,provenance/netherlands_income_manifest.json,family_mapped
netherlands,income,2023,2023,cbs-gemeentelijke-indeling-2023,municipality,1695,GM1695,Noord-Beveland,38.6,thousand_euro,CBS StatLine 70072NED Gemiddeld gestandaardiseerd inkomen,provenance/netherlands_income_manifest.json,family_mapped
netherlands,income,2023,2023,cbs-gemeentelijke-indeling-2023,municipality,1696,GM1696,Wijdemeren,55.1,thousand_euro,CBS StatLine 70072NED Gemiddeld gestandaardiseerd inkomen,provenance/netherlands_income_manifest.json,family_mapped
netherlands,income,2023,2023,cbs-gemeentelijke-indeling-2023,municipality,1699,GM1699,Noordenveld,40.3,thousand_euro,CBS StatLine 70072NED Gemiddeld gestandaardiseerd inkomen,provenance/netherlands_income_manifest.json,family_mapped
netherlands,income,2023,2023,cbs-gemeentelijke-indeling-2023,municipality,1700,GM1700,Twenterand,39.3,thousand_euro,CBS StatLine 70072NED Gemiddeld gestandaardiseerd inkomen,provenance/netherlands_income_manifest.json,family_mapped
netherlands,income,2023,2023,cbs-gemeentelijke-indeling-2023,municipality,1701,GM1701,Westerveld,41.6,thousand_euro,CBS StatLine 70072NED Gemiddeld gestandaardiseerd inkomen,provenance/netherlands_income_manifest.json,family_mapped
netherlands,income,2023,2023,cbs-gemeentelijke-indeling-2023,municipality,1705,GM1705,Lingewaard,40.4,thousand_euro,CBS StatLine 70072NED Gemiddeld gestandaardiseerd inkomen,provenance/netherlands_income_manifest.json,family_mapped
netherlands,income,2023,2023,cbs-gemeentelijke-indeling-2023,municipality,1706,GM1706,Cranendonck,41.6,thousand_euro,CBS StatLine 70072NED Gemiddeld gestandaardiseerd inkomen,provenance/netherlands_income_manifest.json,family_mapped
netherlands,income,2023,2023,cbs-gemeentelijke-indeling-2023,municipality,1708,GM1708,Steenwijkerland,37.8,thousand_euro,CBS StatLine 70072NED Gemiddeld gestandaardiseerd inkomen,provenance/netherlands_income_manifest.json,family_mapped
netherlands,income,2023,2023,cbs-gemeentelijke-indeling-2023,municipality,1709,GM1709,Moerdijk,40.2,thousand_euro,CBS StatLine 70072NED Gemiddeld gestandaardiseerd inkomen,provenance/netherlands_income_manifest.json,family_mapped
netherlands,income,2023,2023,cbs-gemeentelijke-indeling-2023,municipality,1711,GM1711,Echt-Susteren,38.3,thousand_euro,CBS StatLine 70072NED Gemiddeld gestandaardiseerd inkomen,provenance/netherlands_income_manifest.json,family_mapped
netherlands,income,2023,2023,cbs-gemeentelijke-indeling-2023,municipality,1714,GM1714,Sluis,38.2,thousand_euro,CBS StatLine 70072NED Gemiddeld gestandaardiseerd inkomen,provenance/netherlands_income_manifest.json,family_mapped
netherlands,income,2023,2023,cbs-gemeentelijke-indeling-2023,municipality,1719,GM1719,Drimmelen,42.4,thousand_euro,CBS StatLine 70072NED Gemiddeld gestandaardiseerd inkomen,provenance/netherlands_income_manifest.json,family_mapped
netherlands,income,2023,2023,cbs-gemeentelijke-indeling-2023,municipality,1721,GM1721,Bernheze,45.3,thousand_euro,CBS StatLine 70072NED Gemiddeld gestandaardiseerd inkomen,provenance/netherlands_income_manifest.json,family_mapped
netherlands,income,2023,2023,cbs-gemeentelijke-indeling-2023,municipality,1723,GM1723,Alphen-Chaam,46.4,thousand_euro,CBS StatLine 70072NED Gemiddeld gestandaardiseerd inkomen,provenance/netherlands_income_manifest.json,family_mapped
netherlands,income,2023,2023,cbs-gemeentelijke-indeling-2023,municipality,1724,GM1724,Bergeijk,44.7,thousand_euro,CBS StatLine 70072NED Gemiddeld gestandaardiseerd inkomen,provenance/netherlands_income_manifest.json,family_mapped
netherlands,income,2023,2023,cbs-gemeentelijke-indeling-2023,municipality,1728,GM1728,Bladel,41.5,thousand_euro,CBS StatLine 70072NED Gemiddeld gestandaardiseerd inkomen,provenance/netherlands_income_manifest.json,family_mapped
netherlands,income,2023,2023,cbs-gemeentelijke-indeling-2023,municipality,1729,GM1729,Gulpen-Wittem,38.7,thousand_euro,CBS StatLine 70072NED Gemiddeld gestandaardiseerd inkomen,provenance/netherlands_income_manifest.json,family_mapped
netherlands,income,2023,2023,cbs-gemeentelijke-indeling-2023,municipality,1730,GM1730,Tynaarlo,42.8,thousand_euro,CBS StatLine 70072NED Gemiddeld gestandaardiseerd inkomen,provenance/netherlands_income_manifest.json,family_mapped
netherlands,income,2023,2023,cbs-gemeentelijke-indeling-2023,municipality,1731,GM1731,Midden-Drenthe,37.9,thousand_euro,CBS StatLine 70072NED Gemiddeld gestandaardiseerd inkomen,provenance/netherlands_income_manifest.json,family_mapped
netherlands,income,2023,2023,cbs-gemeentelijke-indeling-2023,municipality,1734,GM1734,Overbetuwe,41.8,thousand_euro,CBS StatLine 70072NED Gemiddeld gestandaardiseerd inkomen,provenance/netherlands_income_manifest.json,family_mapped
netherlands,income,2023,2023,cbs-gemeentelijke-indeling-2023,municipality,1735,GM1735,Hof van Twente,40.7,thousand_euro,CBS StatLine 70072NED Gemiddeld gestandaardiseerd inkomen,provenance/netherlands_income_manifest.json,family_mapped
netherlands,income,2023,2023,cbs-gemeentelijke-indeling-2023,municipality,1740,GM1740,Neder-Betuwe,38.6,thousand_euro,CBS StatLine 70072NED Gemiddeld gestandaardiseerd inkomen,provenance/netherlands_income_manifest.json,family_mapped
netherlands,income,2023,2023,cbs-gemeentelijke-indeling-2023,municipality,1742,GM1742,Rijssen-Holten,44.6,thousand_euro,CBS StatLine 70072NED Gemiddeld gestandaardiseerd inkomen,provenance/netherlands_income_manifest.json,family_mapped
netherlands,income,2023,2023,cbs-gemeentelijke-indeling-2023,municipality,1771,GM1771,Geldrop-Mierlo,42.4,thousand_euro,CBS StatLine 70072NED Gemiddeld gestandaardiseerd inkomen,provenance/netherlands_income_manifest.json,family_mapped
netherlands,income,2023,2023,cbs-gemeentelijke-indeling-2023,municipality,1773,GM1773,Olst-Wijhe,40.7,thousand_euro,CBS StatLine 70072NED Gemiddeld gestandaardiseerd inkomen,provenance/netherlands_income_manifest.json,family_mapped
netherlands,income,2023,2023,cbs-gemeentelijke-indeling-2023,municipality,1774,GM1774,Dinkelland,44.0,thousand_euro,CBS StatLine 70072NED Gemiddeld gestandaardiseerd inkomen,provenance/netherlands_income_manifest.json,family_mapped
netherlands,income,2023,2023,cbs-gemeentelijke-indeling-2023,municipality,1783,GM1783,Westland,46.2,thousand_euro,CBS StatLine 70072NED Gemiddeld gestandaardiseerd inkomen,provenance/netherlands_income_manifest.json,family_mapped
netherlands,income,2023,2023,cbs-gemeentelijke-indeling-2023,municipality,1842,GM1842,Midden-Delfland,52.6,thousand_euro,CBS StatLine 70072NED Gemiddeld gestandaardiseerd inkomen,provenance/netherlands_income_manifest.json,family_mapped
netherlands,income,2023,2023,cbs-gemeentelijke-indeling-2023,municipality,1859,GM1859,Berkelland,38.5,thousand_euro,CBS StatLine 70072NED Gemiddeld gestandaardiseerd inkomen,provenance/netherlands_income_manifest.json,family_mapped
netherlands,income,2023,2023,cbs-gemeentelijke-indeling-2023,municipality,1876,GM1876,Bronckhorst,43.5,thousand_euro,CBS StatLine 70072NED Gemiddeld gestandaardiseerd inkomen,provenance/netherlands_income_manifest.json,family_mapped
netherlands,income,2023,2023,cbs-gemeentelijke-indeling-2023,municipality,1883,GM1883,Sittard-Geleen,35.9,thousand_euro,CBS StatLine 70072NED Gemiddeld gestandaardiseerd inkomen,provenance/netherlands_income_manifest.json,family_mapped
netherlands,income,2023,2023,cbs-gemeentelijke-indeling-2023,municipality,1884,GM1884,Kaag en Braassem,45.3,thousand_euro,CBS StatLine 70072NED Gemiddeld gestandaardiseerd inkomen,provenance/netherlands_income_manifest.json,family_mapped
netherlands,income,2023,2023,cbs-gemeentelijke-indeling-2023,municipality,1891,GM1891,Dantumadiel,34.6,thousand_euro,CBS StatLine 70072NED Gemiddeld gestandaardiseerd inkomen,provenance/netherlands_income_manifest.json,family_mapped
netherlands,income,2023,2023,cbs-gemeentelijke-indeling-2023,municipality,1892,GM1892,Zuidplas,46.3,thousand_euro,CBS StatLine 70072NED Gemiddeld gestandaardiseerd inkomen,provenance/netherlands_income_manifest.json,family_mapped
netherlands,income,2023,2023,cbs-gemeentelijke-indeling-2023,municipality,1894,GM1894,Peel en Maas,39.1,thousand_euro,CBS StatLine 70072NED Gemiddeld gestandaardiseerd inkomen,provenance/netherlands_income_manifest.json,family_mapped
netherlands,income,2023,2023,cbs-gemeentelijke-indeling-2023,municipality,1895,GM1895,Oldambt,33.6,thousand_euro,CBS StatLine 70072NED Gemiddeld gestandaardiseerd inkomen,provenance/netherlands_income_manifest.json,family_mapped
netherlands,income,2023,2023,cbs-gemeentelijke-indeling-2023,municipality,1896,GM1896,Zwartewaterland,42.9,thousand_euro,CBS StatLine 70072NED Gemiddeld gestandaardiseerd inkomen,provenance/netherlands_income_manifest.json,family_mapped
netherlands,income,2023,2023,cbs-gemeentelijke-indeling-2023,municipality,1900,GM1900,Súdwest-Fryslân,37.1,thousand_euro,CBS StatLine 70072NED Gemiddeld gestandaardiseerd inkomen,provenance/netherlands_income_manifest.json,family_mapped
netherlands,income,2023,2023,cbs-gemeentelijke-indeling-2023,municipality,1901,GM1901,Bodegraven-Reeuwijk,49.2,thousand_euro,CBS StatLine 70072NED Gemiddeld gestandaardiseerd inkomen,provenance/netherlands_income_manifest.json,family_mapped
netherlands,income,2023,2023,cbs-gemeentelijke-indeling-2023,municipality,1903,GM1903,Eijsden-Margraten,42.5,thousand_euro,CBS StatLine 70072NED Gemiddeld gestandaardiseerd inkomen,provenance/netherlands_income_manifest.json,family_mapped
netherlands,income,2023,2023,cbs-gemeentelijke-indeling-2023,municipality,1904,GM1904,Stichtse Vecht,49.0,thousand_euro,CBS StatLine 70072NED Gemiddeld gestandaardiseerd inkomen,provenance/netherlands_income_manifest.json,family_mapped
netherlands,income,2023,2023,cbs-gemeentelijke-indeling-2023,municipality,1911,GM1911,Hollands Kroon,38.7,thousand_euro,CBS StatLine 70072NED Gemiddeld gestandaardiseerd inkomen,provenance/netherlands_income_manifest.json,family_mapped
netherlands,income,2023,2023,cbs-gemeentelijke-indeling-2023,municipality,1916,GM1916,Leidschendam-Voorburg,44.0,thousand_euro,CBS StatLine 70072NED Gemiddeld gestandaardiseerd inkomen,provenance/netherlands_income_manifest.json,family_mapped
netherlands,income,2023,2023,cbs-gemeentelijke-indeling-2023,municipality,1924,GM1924,Goeree-Overflakkee,41.7,thousand_euro,CBS StatLine 70072NED Gemiddeld gestandaardiseerd inkomen,provenance/netherlands_income_manifest.json,family_mapped
netherlands,income,2023,2023,cbs-gemeentelijke-indeling-2023,municipality,1926,GM1926,Pijnacker-Nootdorp,47.0,thousand_euro,CBS StatLine 70072NED Gemiddeld gestandaardiseerd inkomen,provenance/netherlands_income_manifest.json,family_mapped
netherlands,income,2023,2023,cbs-gemeentelijke-indeling-2023,municipality,1930,GM1930,Nissewaard,37.4,thousand_euro,CBS StatLine 70072NED Gemiddeld gestandaardiseerd inkomen,provenance/netherlands_income_manifest.json,family_mapped
netherlands,income,2023,2023,cbs-gemeentelijke-indeling-2023,municipality,1931,GM1931,Krimpenerwaard,43.5,thousand_euro,CBS StatLine 70072NED Gemiddeld gestandaardiseerd inkomen,provenance/netherlands_income_manifest.json,family_mapped
netherlands,income,2023,2023,cbs-gemeentelijke-indeling-2023,municipality,1940,GM1940,De Fryske Marren,38.8,thousand_euro,CBS StatLine 70072NED Gemiddeld gestandaardiseerd inkomen,provenance/netherlands_income_manifest.json,family_mapped
netherlands,income,2023,2023,cbs-gemeentelijke-indeling-2023,municipality,1942,GM1942,Gooise Meren,56.0,thousand_euro,CBS StatLine 70072NED Gemiddeld gestandaardiseerd inkomen,provenance/netherlands_income_manifest.json,family_mapped
netherlands,income,2023,2023,cbs-gemeentelijke-indeling-2023,municipality,1945,GM1945,Berg en Dal,40.9,thousand_euro,CBS StatLine 70072NED Gemiddeld gestandaardiseerd inkomen,provenance/netherlands_income_manifest.json,family_mapped
netherlands,income,2023,2023,cbs-gemeentelijke-indeling-2023,municipality,1948,GM1948,Meierijstad,43.6,thousand_euro,CBS StatLine 70072NED Gemiddeld gestandaardiseerd inkomen,provenance/netherlands_income_manifest.json,family_mapped
netherlands,income,2023,2023,cbs-gemeentelijke-indeling-2023,municipality,1949,GM1949,Waadhoeke,35.6,thousand_euro,CBS StatLine 70072NED Gemiddeld gestandaardiseerd inkomen,provenance/netherlands_income_manifest.json,family_mapped
netherlands,income,2023,2023,cbs-gemeentelijke-indeling-2023,municipality,1950,GM1950,Westerwolde,34.7,thousand_euro,CBS StatLine 70072NED Gemiddeld gestandaardiseerd inkomen,provenance/netherlands_income_manifest.json,family_mapped
netherlands,income,2023,2023,cbs-gemeentelijke-indeling-2023,municipality,1952,GM1952,Midden-Groningen,34.7,thousand_euro,CBS StatLine 70072NED Gemiddeld gestandaardiseerd inkomen,provenance/netherlands_income_manifest.json,family_mapped
netherlands,income,2023,2023,cbs-gemeentelijke-indeling-2023,municipality,1954,GM1954,Beekdaelen,40.1,thousand_euro,CBS StatLine 70072NED Gemiddeld gestandaardiseerd inkomen,provenance/netherlands_income_manifest.json,family_mapped
netherlands,income,2023,2023,cbs-gemeentelijke-indeling-2023,municipality,1955,GM1955,Montferland,38.5,thousand_euro,CBS StatLine 70072NED Gemiddeld gestandaardiseerd inkomen,provenance/netherlands_income_manifest.json,family_mapped
netherlands,income,2023,2023,cbs-gemeentelijke-indeling-2023,municipality,1959,GM1959,Altena,41.6,thousand_euro,CBS StatLine 70072NED Gemiddeld gestandaardiseerd inkomen,provenance/netherlands_income_manifest.json,family_mapped
netherlands,income,2023,2023,cbs-gemeentelijke-indeling-2023,municipality,1960,GM1960,West Betuwe,44.9,thousand_euro,CBS StatLine 70072NED Gemiddeld gestandaardiseerd inkomen,provenance/netherlands_income_manifest.json,family_mapped
netherlands,income,2023,2023,cbs-gemeentelijke-indeling-2023,municipality,1961,GM1961,Vijfheerenlanden,41.2,thousand_euro,CBS StatLine 70072NED Gemiddeld gestandaardiseerd inkomen,provenance/netherlands_income_manifest.json,family_mapped
netherlands,income,2023,2023,cbs-gemeentelijke-indeling-2023,municipality,1963,GM1963,Hoeksche Waard,47.9,thousand_euro,CBS StatLine 70072NED Gemiddeld gestandaardiseerd inkomen,provenance/netherlands_income_manifest.json,family_mapped
netherlands,income,2023,2023,cbs-gemeentelijke-indeling-2023,municipality,1966,GM1966,Het Hogeland,35.2,thousand_euro,CBS StatLine 70072NED Gemiddeld gestandaardiseerd inkomen,provenance/netherlands_income_manifest.json,family_mapped
netherlands,income,2023,2023,cbs-gemeentelijke-indeling-2023,municipality,1969,GM1969,Westerkwartier,38.1,thousand_euro,CBS StatLine 70072NED Gemiddeld gestandaardiseerd inkomen,provenance/netherlands_income_manifest.json,family_mapped
netherlands,income,2023,2023,cbs-gemeentelijke-indeling-2023,municipality,1970,GM1970,Noardeast-Fryslân,34.4,thousand_euro,CBS StatLine 70072NED Gemiddeld gestandaardiseerd inkomen,provenance/netherlands_income_manifest.json,family_mapped
netherlands,income,2023,2023,cbs-gemeentelijke-indeling-2023,municipality,1978,GM1978,Molenlanden,48.2,thousand_euro,CBS StatLine 70072NED Gemiddeld gestandaardiseerd inkomen,provenance/netherlands_income_manifest.json,family_mapped
netherlands,income,2023,2023,cbs-gemeentelijke-indeling-2023,municipality,1979,GM1979,Eemsdelta,33.8,thousand_euro,CBS StatLine 70072NED Gemiddeld gestandaardiseerd inkomen,provenance/netherlands_income_manifest.json,family_mapped
netherlands,income,2023,2023,cbs-gemeentelijke-indeling-2023,municipality,1980,GM1980,Dijk en Waard,41.1,thousand_euro,CBS StatLine 70072NED Gemiddeld gestandaardiseerd inkomen,provenance/netherlands_income_manifest.json,family_mapped
netherlands,income,2023,2023,cbs-gemeentelijke-indeling-2023,municipality,1982,GM1982,Land van Cuijk,40.5,thousand_euro,CBS StatLine 70072NED Gemiddeld gestandaardiseerd inkomen,provenance/netherlands_income_manifest.json,family_mapped
netherlands,income,2023,2023,cbs-gemeentelijke-indeling-2023,municipality,1991,GM1991,Maashorst,42.3,thousand_euro,CBS StatLine 70072NED Gemiddeld gestandaardiseerd inkomen,provenance/netherlands_income_manifest.json,family_mapped
netherlands,income,2023,2023,cbs-gemeentelijke-indeling-2023,municipality,1992,GM1992,Voorne aan Zee,44.7,thousand_euro,CBS StatLine 70072NED Gemiddeld gestandaardiseerd inkomen,provenance/netherlands_income_manifest.json,family_mapped
netherlands,income,2025,2024,cbs-gemeentelijke-indeling-2025,municipality,0014,GM0014,Groningen,37.1,thousand_euro,CBS StatLine 70072NED Gemiddeld gestandaardiseerd inkomen,provenance/netherlands_income_manifest.json,family_mapped
netherlands,income,2025,2024,cbs-gemeentelijke-indeling-2025,municipality,0034,GM0034,Almere,41.3,thousand_euro,CBS StatLine 70072NED Gemiddeld gestandaardiseerd inkomen,provenance/netherlands_income_manifest.json,family_mapped
netherlands,income,2025,2024,cbs-gemeentelijke-indeling-2025,municipality,0037,GM0037,Stadskanaal,35.7,thousand_euro,CBS StatLine 70072NED Gemiddeld gestandaardiseerd inkomen,provenance/netherlands_income_manifest.json,family_mapped
netherlands,income,2025,2024,cbs-gemeentelijke-indeling-2025,municipality,0047,GM0047,Veendam,36.3,thousand_euro,CBS StatLine 70072NED Gemiddeld gestandaardiseerd inkomen,provenance/netherlands_income_manifest.json,family_mapped
netherlands,income,2025,2024,cbs-gemeentelijke-indeling-2025,municipality,0050,GM0050,Zeewolde,43.1,thousand_euro,CBS StatLine 70072NED Gemiddeld gestandaardiseerd inkomen,provenance/netherlands_income_manifest.json,family_mapped
netherlands,income,2025,2024,cbs-gemeentelijke-indeling-2025,municipality,0059,GM0059,Achtkarspelen,36.3,thousand_euro,CBS StatLine 70072NED Gemiddeld gestandaardiseerd inkomen,provenance/netherlands_income_manifest.json,family_mapped
netherlands,income,2025,2024,cbs-gemeentelijke-indeling-2025,municipality,0072,GM0072,Harlingen,36.9,thousand_euro,CBS StatLine 70072NED Gemiddeld gestandaardiseerd inkomen,provenance/netherlands_income_manifest.json,family_mapped
netherlands,income,2025,2024,cbs-gemeentelijke-indeling-2025,municipality,0074,GM0074,Heerenveen,41.2,thousand_euro,CBS StatLine 70072NED Gemiddeld gestandaardiseerd inkomen,provenance/netherlands_income_manifest.json,family_mapped
netherlands,income,2025,2024,cbs-gemeentelijke-indeling-2025,municipality,0080,GM0080,Leeuwarden,36.6,thousand_euro,CBS StatLine 70072NED Gemiddeld gestandaardiseerd inkomen,provenance/netherlands_income_manifest.json,family_mapped
netherlands,income,2025,2024,cbs-gemeentelijke-indeling-2025,municipality,0085,GM0085,Ooststellingwerf,38.3,thousand_euro,CBS StatLine 70072NED Gemiddeld gestandaardiseerd inkomen,provenance/netherlands_income_manifest.json,family_mapped
netherlands,income,2025,2024,cbs-gemeentelijke-indeling-2025,municipality,0086,GM0086,Opsterland,41.2,thousand_euro,CBS StatLine 70072NED Gemiddeld gestandaardiseerd inkomen,provenance/netherlands_income_manifest.json,family_mapped
netherlands,income,2025,2024,cbs-gemeentelijke-indeling-2025,municipality,0090,GM0090,Smallingerland,37.8,thousand_euro,CBS StatLine 70072NED Gemiddeld gestandaardiseerd inkomen,provenance/netherlands_income_manifest.json,family_mapped
netherlands,income,2025,2024,cbs-gemeentelijke-indeling-2025,municipality,0098,GM0098,Weststellingwerf,37.8,thousand_euro,CBS StatLine 70072NED Gemiddeld gestandaardiseerd inkomen,provenance/netherlands_income_manifest.json,family_mapped
netherlands,income,2025,2024,cbs-gemeentelijke-indeling-2025,municipality,0106,GM0106,Assen,38.5,thousand_euro,CBS StatLine 70072NED Gemiddeld gestandaardiseerd inkomen,provenance/netherlands_income_manifest.json,family_mapped
netherlands,income,2025,2024,cbs-gemeentelijke-indeling-2025,municipality,0109,GM0109,Coevorden,39.6,thousand_euro,CBS StatLine 70072NED Gemiddeld gestandaardiseerd inkomen,provenance/netherlands_income_manifest.json,family_mapped
netherlands,income,2025,2024,cbs-gemeentelijke-indeling-2025,municipality,0114,GM0114,Emmen,37.2,thousand_euro,CBS StatLine 70072NED Gemiddeld gestandaardiseerd inkomen,provenance/netherlands_income_manifest.json,family_mapped
netherlands,income,2025,2024,cbs-gemeentelijke-indeling-2025,municipality,0118,GM0118,Hoogeveen,37.9,thousand_euro,CBS StatLine 70072NED Gemiddeld gestandaardiseerd inkomen,provenance/netherlands_income_manifest.json,family_mapped
netherlands,income,2025,2024,cbs-gemeentelijke-indeling-2025,municipality,0119,GM0119,Meppel,40.1,thousand_euro,CBS StatLine 70072NED Gemiddeld gestandaardiseerd inkomen,provenance/netherlands_income_manifest.json,family_mapped
netherlands,income,2025,2024,cbs-gemeentelijke-indeling-2025,municipality,0141,GM0141,Almelo,39.3,thousand_euro,CBS StatLine 70072NED Gemiddeld gestandaardiseerd inkomen,provenance/netherlands_income_manifest.json,family_mapped
netherlands,income,2025,2024,cbs-gemeentelijke-indeling-2025,municipality,0147,GM0147,Borne,43.0,thousand_euro,CBS StatLine 70072NED Gemiddeld gestandaardiseerd inkomen,provenance/netherlands_income_manifest.json,family_mapped
netherlands,income,2025,2024,cbs-gemeentelijke-indeling-2025,municipality,0148,GM0148,Dalfsen,42.9,thousand_euro,CBS StatLine 70072NED Gemiddeld gestandaardiseerd inkomen,provenance/netherlands_income_manifest.json,family_mapped
netherlands,income,2025,2024,cbs-gemeentelijke-indeling-2025,municipality,0150,GM0150,Deventer,39.5,thousand_euro,CBS StatLine 70072NED Gemiddeld gestandaardiseerd inkomen,provenance/netherlands_income_manifest.json,family_mapped
netherlands,income,2025,2024,cbs-gemeentelijke-indeling-2025,municipality,0153,GM0153,Enschede,37.2,thousand_euro,CBS StatLine 70072NED Gemiddeld gestandaardiseerd inkomen,provenance/netherlands_income_manifest.json,family_mapped
netherlands,income,2025,2024,cbs-gemeentelijke-indeling-2025,municipality,0158,GM0158,Haaksbergen,43.9,thousand_euro,CBS StatLine 70072NED Gemiddeld gestandaardiseerd inkomen,provenance/netherlands_income_manifest.json,family_mapped
netherlands,income,2025,2024,cbs-gemeentelijke-indeling-2025,municipality,0160,GM0160,Hardenberg,41.2,thousand_euro,CBS StatLine 70072NED Gemiddeld gestandaardiseerd inkomen,provenance/netherlands_income_manifest.json,family_mapped
netherlands,income,2025,2024,cbs-gemeentelijke-indeling-2025,municipality,0163,GM0163,Hellendoorn,42.7,thousand_euro,CBS StatLine 70072NED Gemiddeld gestandaardiseerd inkomen,provenance/netherlands_income_manifest.json,family_mapped
netherlands,income,2025,2024,cbs-gemeentelijke-indeling-2025,municipality,0164,GM0164,Hengelo (O.),38.6,thousand_euro,CBS StatLine 70072NED Gemiddeld gestandaardiseerd inkomen,provenance/netherlands_income_manifest.json,family_mapped
netherlands,income,2025,2024,cbs-gemeentelijke-indeling-2025,municipality,0166,GM0166,Kampen,39.2,thousand_euro,CBS StatLine 70072NED Gemiddeld gestandaardiseerd inkomen,provenance/netherlands_income_manifest.json,family_mapped
netherlands,income,2025,2024,cbs-gemeentelijke-indeling-2025,municipality,0168,GM0168,Losser,40.5,thousand_euro,CBS StatLine 70072NED Gemiddeld gestandaardiseerd inkomen,provenance/netherlands_income_manifest.json,family_mapped
netherlands,income,2025,2024,cbs-gemeentelijke-indeling-2025,municipality,0171,GM0171,Noordoostpolder,39.9,thousand_euro,CBS StatLine 70072NED Gemiddeld gestandaardiseerd inkomen,provenance/netherlands_income_manifest.json,family_mapped
netherlands,income,2025,2024,cbs-gemeentelijke-indeling-2025,municipality,0173,GM0173,Oldenzaal,41.0,thousand_euro,CBS StatLine 70072NED Gemiddeld gestandaardiseerd inkomen,provenance/netherlands_income_manifest.json,family_mapped
netherlands,income,2025,2024,cbs-gemeentelijke-indeling-2025,municipality,0175,GM0175,Ommen,42.1,thousand_euro,CBS StatLine 70072NED Gemiddeld gestandaardiseerd inkomen,provenance/netherlands_income_manifest.json,family_mapped
netherlands,income,2025,2024,cbs-gemeentelijke-indeling-2025,municipality,0177,GM0177,Raalte,42.6,thousand_euro,CBS StatLine 70072NED Gemiddeld gestandaardiseerd inkomen,provenance/netherlands_income_manifest.json,family_mapped
netherlands,income,2025,2024,cbs-gemeentelijke-indeling-2025,municipality,0180,GM0180,Staphorst,43.2,thousand_euro,CBS StatLine 70072NED Gemiddeld gestandaardiseerd inkomen,provenance/netherlands_income_manifest.json,family_mapped
netherlands,income,2025,2024,cbs-gemeentelijke-indeling-2025,municipality,0183,GM0183,Tubbergen,44.8,thousand_euro,CBS StatLine 70072NED Gemiddeld gestandaardiseerd inkomen,provenance/netherlands_income_manifest.json,family_mapped
netherlands,income,2025,2024,cbs-gemeentelijke-indeling-2025,municipality,0184,GM0184,Urk,40.4,thousand_euro,CBS StatLine 70072NED Gemiddeld gestandaardiseerd inkomen,provenance/netherlands_income_manifest.json,family_mapped
netherlands,income,2025,2024,cbs-gemeentelijke-indeling-2025,municipality,0189,GM0189,Wierden,48.6,thousand_euro,CBS StatLine 70072NED Gemiddeld gestandaardiseerd inkomen,provenance/netherlands_income_manifest.json,family_mapped
netherlands,income,2025,2024,cbs-gemeentelijke-indeling-2025,municipality,0193,GM0193,Zwolle,41.3,thousand_euro,CBS StatLine 70072NED Gemiddeld gestandaardiseerd inkomen,provenance/netherlands_income_manifest.json,family_mapped
netherlands,income,2025,2024,cbs-gemeentelijke-indeling-2025,municipality,0197,GM0197,Aalten,40.5,thousand_euro,CBS StatLine 70072NED Gemiddeld gestandaardiseerd inkomen,provenance/netherlands_income_manifest.json,family_mapped
netherlands,income,2025,2024,cbs-gemeentelijke-indeling-2025,municipality,0200,GM0200,Apeldoorn,42.7,thousand_euro,CBS StatLine 70072NED Gemiddeld gestandaardiseerd inkomen,provenance/netherlands_income_manifest.json,family_mapped
netherlands,income,2025,2024,cbs-gemeentelijke-indeling-2025,municipality,0202,GM0202,Arnhem,37.9,thousand_euro,CBS StatLine 70072NED Gemiddeld gestandaardiseerd inkomen,provenance/netherlands_income_manifest.json,family_mapped
netherlands,income,2025,2024,cbs-gemeentelijke-indeling-2025,municipality,0203,GM0203,Barneveld,44.7,thousand_euro,CBS StatLine 70072NED Gemiddeld gestandaardiseerd inkomen,provenance/netherlands_income_manifest.json,family_mapped
netherlands,income,2025,2024,cbs-gemeentelijke-indeling-2025,municipality,0209,GM0209,Beuningen,44.8,thousand_euro,CBS StatLine 70072NED Gemiddeld gestandaardiseerd inkomen,provenance/netherlands_income_manifest.json,family_mapped
netherlands,income,2025,2024,cbs-gemeentelijke-indeling-2025,municipality,0213,GM0213,Brummen,44.1,thousand_euro,CBS StatLine 70072NED Gemiddeld gestandaardiseerd inkomen,provenance/netherlands_income_manifest.json,family_mapped
netherlands,income,2025,2024,cbs-gemeentelijke-indeling-2025,municipality,0214,GM0214,Buren,45.5,thousand_euro,CBS StatLine 70072NED Gemiddeld gestandaardiseerd inkomen,provenance/netherlands_income_manifest.json,family_mapped
netherlands,income,2025,2024,cbs-gemeentelijke-indeling-2025,municipality,0216,GM0216,Culemborg,43.3,thousand_euro,CBS StatLine 70072NED Gemiddeld gestandaardiseerd inkomen,provenance/netherlands_income_manifest.json,family_mapped
netherlands,income,2025,2024,cbs-gemeentelijke-indeling-2025,municipality,0221,GM0221,Doesburg,37.7,thousand_euro,CBS StatLine 70072NED Gemiddeld gestandaardiseerd inkomen,provenance/netherlands_income_manifest.json,family_mapped
netherlands,income,2025,2024,cbs-gemeentelijke-indeling-2025,municipality,0222,GM0222,Doetinchem,41.4,thousand_euro,CBS StatLine 70072NED Gemiddeld gestandaardiseerd inkomen,provenance/netherlands_income_manifest.json,family_mapped
netherlands,income,2025,2024,cbs-gemeentelijke-indeling-2025,municipality,0225,GM0225,Druten,43.9,thousand_euro,CBS StatLine 70072NED Gemiddeld gestandaardiseerd inkomen,provenance/netherlands_income_manifest.json,family_mapped
netherlands,income,2025,2024,cbs-gemeentelijke-indeling-2025,municipality,0226,GM0226,Duiven,42.6,thousand_euro,CBS StatLine 70072NED Gemiddeld gestandaardiseerd inkomen,provenance/netherlands_income_manifest.json,family_mapped
netherlands,income,2025,2024,cbs-gemeentelijke-indeling-2025,municipality,0228,GM0228,Ede,44.0,thousand_euro,CBS StatLine 70072NED Gemiddeld gestandaardiseerd inkomen,provenance/netherlands_income_manifest.json,family_mapped
netherlands,income,2025,2024,cbs-gemeentelijke-indeling-2025,municipality,0230,GM0230,Elburg,42.5,thousand_euro,CBS StatLine 70072NED Gemiddeld gestandaardiseerd inkomen,provenance/netherlands_income_manifest.json,family_mapped
netherlands,income,2025,2024,cbs-gemeentelijke-indeling-2025,municipality,0232,GM0232,Epe,44.7,thousand_euro,CBS StatLine 70072NED Gemiddeld gestandaardiseerd inkomen,provenance/netherlands_income_manifest.json,family_mapped
netherlands,income,2025,2024,cbs-gemeentelijke-indeling-2025,municipality,0233,GM0233,Ermelo,45.6,thousand_euro,CBS StatLine 70072NED Gemiddeld gestandaardiseerd inkomen,provenance/netherlands_income_manifest.json,family_mapped
netherlands,income,2025,2024,cbs-gemeentelijke-indeling-2025,municipality,0243,GM0243,Harderwijk,42.5,thousand_euro,CBS StatLine 70072NED Gemiddeld gestandaardiseerd inkomen,provenance/netherlands_income_manifest.json,family_mapped
netherlands,income,2025,2024,cbs-gemeentelijke-indeling-2025,municipality,0244,GM0244,Hattem,43.9,thousand_euro,CBS StatLine 70072NED Gemiddeld gestandaardiseerd inkomen,provenance/netherlands_income_manifest.json,family_mapped
netherlands,income,2025,2024,cbs-gemeentelijke-indeling-2025,municipality,0246,GM0246,Heerde,43.3,thousand_euro,CBS StatLine 70072NED Gemiddeld gestandaardiseerd inkomen,provenance/netherlands_income_manifest.json,family_mapped
netherlands,income,2025,2024,cbs-gemeentelijke-indeling-2025,municipality,0252,GM0252,Heumen,47.0,thousand_euro,CBS StatLine 70072NED Gemiddeld gestandaardiseerd inkomen,provenance/netherlands_income_manifest.json,family_mapped
netherlands,income,2025,2024,cbs-gemeentelijke-indeling-2025,municipality,0262,GM0262,Lochem,52.0,thousand_euro,CBS StatLine 70072NED Gemiddeld gestandaardiseerd inkomen,provenance/netherlands_income_manifest.json,family_mapped
netherlands,income,2025,2024,cbs-gemeentelijke-indeling-2025,municipality,0263,GM0263,Maasdriel,44.9,thousand_euro,CBS StatLine 70072NED Gemiddeld gestandaardiseerd inkomen,provenance/netherlands_income_manifest.json,family_mapped
netherlands,income,2025,2024,cbs-gemeentelijke-indeling-2025,municipality,0267,GM0267,Nijkerk,46.4,thousand_euro,CBS StatLine 70072NED Gemiddeld gestandaardiseerd inkomen,provenance/netherlands_income_manifest.json,family_mapped
netherlands,income,2025,2024,cbs-gemeentelijke-indeling-2025,municipality,0268,GM0268,Nijmegen,38.6,thousand_euro,CBS StatLine 70072NED Gemiddeld gestandaardiseerd inkomen,provenance/netherlands_income_manifest.json,family_mapped
netherlands,income,2025,2024,cbs-gemeentelijke-indeling-2025,municipality,0269,GM0269,Oldebroek,40.4,thousand_euro,CBS StatLine 70072NED Gemiddeld gestandaardiseerd inkomen,provenance/netherlands_income_manifest.json,family_mapped
netherlands,income,2025,2024,cbs-gemeentelijke-indeling-2025,municipality,0273,GM0273,Putten,46.0,thousand_euro,CBS StatLine 70072NED Gemiddeld gestandaardiseerd inkomen,provenance/netherlands_income_manifest.json,family_mapped
netherlands,income,2025,2024,cbs-gemeentelijke-indeling-2025,municipality,0274,GM0274,Renkum,46.2,thousand_euro,CBS StatLine 70072NED Gemiddeld gestandaardiseerd inkomen,provenance/netherlands_income_manifest.json,family_mapped
netherlands,income,2025,2024,cbs-gemeentelijke-indeling-2025,municipality,0275,GM0275,Rheden,40.2,thousand_euro,CBS StatLine 70072NED Gemiddeld gestandaardiseerd inkomen,provenance/netherlands_income_manifest.json,family_mapped
netherlands,income,2025,2024,cbs-gemeentelijke-indeling-2025,municipality,0279,GM0279,Scherpenzeel,43.2,thousand_euro,CBS StatLine 70072NED Gemiddeld gestandaardiseerd inkomen,provenance/netherlands_income_manifest.json,family_mapped
netherlands,income,2025,2024,cbs-gemeentelijke-indeling-2025,municipality,0281,GM0281,Tiel,39.6,thousand_euro,CBS StatLine 70072NED Gemiddeld gestandaardiseerd inkomen,provenance/netherlands_income_manifest.json,family_mapped
netherlands,income,2025,2024,cbs-gemeentelijke-indeling-2025,municipality,0285,GM0285,Voorst,45.7,thousand_euro,CBS StatLine 70072NED Gemiddeld gestandaardiseerd inkomen,provenance/netherlands_income_manifest.json,family_mapped
netherlands,income,2025,2024,cbs-gemeentelijke-indeling-2025,municipality,0289,GM0289,Wageningen,39.6,thousand_euro,CBS StatLine 70072NED Gemiddeld gestandaardiseerd inkomen,provenance/netherlands_income_manifest.json,family_mapped
netherlands,income,2025,2024,cbs-gemeentelijke-indeling-2025,municipality,0293,GM0293,Westervoort,38.5,thousand_euro,CBS StatLine 70072NED Gemiddeld gestandaardiseerd inkomen,provenance/netherlands_income_manifest.json,family_mapped
netherlands,income,2025,2024,cbs-gemeentelijke-indeling-2025,municipality,0294,GM0294,Winterswijk,39.8,thousand_euro,CBS StatLine 70072NED Gemiddeld gestandaardiseerd inkomen,provenance/netherlands_income_manifest.json,family_mapped
netherlands,income,2025,2024,cbs-gemeentelijke-indeling-2025,municipality,0296,GM0296,Wijchen,42.6,thousand_euro,CBS StatLine 70072NED Gemiddeld gestandaardiseerd inkomen,provenance/netherlands_income_manifest.json,family_mapped
netherlands,income,2025,2024,cbs-gemeentelijke-indeling-2025,municipality,0297,GM0297,Zaltbommel,42.7,thousand_euro,CBS StatLine 70072NED Gemiddeld gestandaardiseerd inkomen,provenance/netherlands_income_manifest.json,family_mapped
netherlands,income,2025,2024,cbs-gemeentelijke-indeling-2025,municipality,0299,GM0299,Zevenaar,39.3,thousand_euro,CBS StatLine 70072NED Gemiddeld gestandaardiseerd inkomen,provenance/netherlands_income_manifest.json,family_mapped
netherlands,income,2025,2024,cbs-gemeentelijke-indeling-2025,municipality,0301,GM0301,Zutphen,38.5,thousand_euro,CBS StatLine 70072NED Gemiddeld gestandaardiseerd inkomen,provenance/netherlands_income_manifest.json,family_mapped
netherlands,income,2025,2024,cbs-gemeentelijke-indeling-2025,municipality,0302,GM0302,Nunspeet,43.0,thousand_euro,CBS StatLine 70072NED Gemiddeld gestandaardiseerd inkomen,provenance/netherlands_income_manifest.json,family_mapped
netherlands,income,2025,2024,cbs-gemeentelijke-indeling-2025,municipality,0303,GM0303,Dronten,41.2,thousand_euro,CBS StatLine 70072NED Gemiddeld gestandaardiseerd inkomen,provenance/netherlands_income_manifest.json,family_mapped
netherlands,income,2025,2024,cbs-gemeentelijke-indeling-2025,municipality,0307,GM0307,Amersfoort,43.9,thousand_euro,CBS StatLine 70072NED Gemiddeld gestandaardiseerd inkomen,provenance/netherlands_income_manifest.json,family_mapped
netherlands,income,2025,2024,cbs-gemeentelijke-indeling-2025,municipality,0308,GM0308,Baarn,49.8,thousand_euro,CBS StatLine 70072NED Gemiddeld gestandaardiseerd inkomen,provenance/netherlands_income_manifest.json,family_mapped
netherlands,income,2025,2024,cbs-gemeentelijke-indeling-2025,municipality,0310,GM0310,De Bilt,54.2,thousand_euro,CBS StatLine 70072NED Gemiddeld gestandaardiseerd inkomen,provenance/netherlands_income_manifest.json,family_mapped
netherlands,income,2025,2024,cbs-gemeentelijke-indeling-2025,municipality,0312,GM0312,Bunnik,50.2,thousand_euro,CBS StatLine 70072NED Gemiddeld gestandaardiseerd inkomen,provenance/netherlands_income_manifest.json,family_mapped
netherlands,income,2025,2024,cbs-gemeentelijke-indeling-2025,municipality,0313,GM0313,Bunschoten,46.1,thousand_euro,CBS StatLine 70072NED Gemiddeld gestandaardiseerd inkomen,provenance/netherlands_income_manifest.json,family_mapped
netherlands,income,2025,2024,cbs-gemeentelijke-indeling-2025,municipality,0317,GM0317,Eemnes,49.9,thousand_euro,CBS StatLine 70072NED Gemiddeld gestandaardiseerd inkomen,provenance/netherlands_income_manifest.json,family_mapped
netherlands,income,2025,2024,cbs-gemeentelijke-indeling-2025,municipality,0321,GM0321,Houten,47.7,thousand_euro,CBS StatLine 70072NED Gemiddeld gestandaardiseerd inkomen,provenance/netherlands_income_manifest.json,family_mapped
netherlands,income,2025,2024,cbs-gemeentelijke-indeling-2025,municipality,0327,GM0327,Leusden,47.4,thousand_euro,CBS StatLine 70072NED Gemiddeld gestandaardiseerd inkomen,provenance/netherlands_income_manifest.json,family_mapped
netherlands,income,2025,2024,cbs-gemeentelijke-indeling-2025,municipality,0331,GM0331,Lopik,46.9,thousand_euro,CBS StatLine 70072NED Gemiddeld gestandaardiseerd inkomen,provenance/netherlands_income_manifest.json,family_mapped
netherlands,income,2025,2024,cbs-gemeentelijke-indeling-2025,municipality,0335,GM0335,Montfoort,50.2,thousand_euro,CBS StatLine 70072NED Gemiddeld gestandaardiseerd inkomen,provenance/netherlands_income_manifest.json,family_mapped
netherlands,income,2025,2024,cbs-gemeentelijke-indeling-2025,municipality,0340,GM0340,Rhenen,46.4,thousand_euro,CBS StatLine 70072NED Gemiddeld gestandaardiseerd inkomen,provenance/netherlands_income_manifest.json,family_mapped
netherlands,income,2025,2024,cbs-gemeentelijke-indeling-2025,municipality,0342,GM0342,Soest,47.0,thousand_euro,CBS StatLine 70072NED Gemiddeld gestandaardiseerd inkomen,provenance/netherlands_income_manifest.json,family_mapped
netherlands,income,2025,2024,cbs-gemeentelijke-indeling-2025,municipality,0344,GM0344,Utrecht,43.7,thousand_euro,CBS StatLine 70072NED Gemiddeld gestandaardiseerd inkomen,provenance/netherlands_income_manifest.json,family_mapped
netherlands,income,2025,2024,cbs-gemeentelijke-indeling-2025,municipality,0345,GM0345,Veenendaal,41.5,thousand_euro,CBS StatLine 70072NED Gemiddeld gestandaardiseerd inkomen,provenance/netherlands_income_manifest.json,family_mapped
netherlands,income,2025,2024,cbs-gemeentelijke-indeling-2025,municipality,0351,GM0351,Woudenberg,45.0,thousand_euro,CBS StatLine 70072NED Gemiddeld gestandaardiseerd inkomen,provenance/netherlands_income_manifest.json,family_mapped
netherlands,income,2025,2024,cbs-gemeentelijke-indeling-2025,municipality,0352,GM0352,Wijk bij Duurstede,44.6,thousand_euro,CBS StatLine 70072NED Gemiddeld gestandaardiseerd inkomen,provenance/netherlands_income_manifest.json,family_mapped
netherlands,income,2025,2024,cbs-gemeentelijke-indeling-2025,municipality,0353,GM0353,IJsselstein,46.7,thousand_euro,CBS StatLine 70072NED Gemiddeld gestandaardiseerd inkomen,provenance/netherlands_income_manifest.json,family_mapped
netherlands,income,2025,2024,cbs-gemeentelijke-indeling-2025,municipality,0355,GM0355,Zeist,52.4,thousand_euro,CBS StatLine 70072NED Gemiddeld gestandaardiseerd inkomen,provenance/netherlands_income_manifest.json,family_mapped
netherlands,income,2025,2024,cbs-gemeentelijke-indeling-2025,municipality,0356,GM0356,Nieuwegein,40.5,thousand_euro,CBS StatLine 70072NED Gemiddeld gestandaardiseerd inkomen,provenance/netherlands_income_manifest.json,family_mapped
netherlands,income,2025,2024,cbs-gemeentelijke-indeling-2025,municipality,0358,GM0358,Aalsmeer,52.1,thousand_euro,CBS StatLine 70072NED Gemiddeld gestandaardiseerd inkomen,provenance/netherlands_income_manifest.json,family_mapped
netherlands,income,2025,2024,cbs-gemeentelijke-indeling-2025,municipality,0361,GM0361,Alkmaar,40.4,thousand_euro,CBS StatLine 70072NED Gemiddeld gestandaardiseerd inkomen,provenance/netherlands_income_manifest.json,family_mapped
netherlands,income,2025,2024,cbs-gemeentelijke-indeling-2025,municipality,0362,GM0362,Amstelveen,51.2,thousand_euro,CBS StatLine 70072NED Gemiddeld gestandaardiseerd inkomen,provenance/netherlands_income_manifest.json,family_mapped
netherlands,income,2025,2024,cbs-gemeentelijke-indeling-2025,municipality,0363,GM0363,Amsterdam,45.6,thousand_euro,CBS StatLine 70072NED Gemiddeld gestandaardiseerd inkomen,provenance/netherlands_income_manifest.json,family_mapped
netherlands,income,2025,2024,cbs-gemeentelijke-indeling-2025,municipality,0373,GM0373,Bergen (NH.),57.2,thousand_euro,CBS StatLine 70072NED Gemiddeld gestandaardiseerd inkomen,provenance/netherlands_income_manifest.json,family_mapped
netherlands,income,2025,2024,cbs-gemeentelijke-indeling-2025,municipality,0375,GM0375,Beverwijk,39.8,thousand_euro,CBS StatLine 70072NED Gemiddeld gestandaardiseerd inkomen,provenance/netherlands_income_manifest.json,family_mapped
netherlands,income,2025,2024,cbs-gemeentelijke-indeling-2025,municipality,0376,GM0376,Blaricum,93.4,thousand_euro,CBS StatLine 70072NED Gemiddeld gestandaardiseerd inkomen,provenance/netherlands_income_manifest.json,family_mapped
netherlands,income,2025,2024,cbs-gemeentelijke-indeling-2025,municipality,0377,GM0377,Bloemendaal,84.7,thousand_euro,CBS StatLine 70072NED Gemiddeld gestandaardiseerd inkomen,provenance/netherlands_income_manifest.json,family_mapped
netherlands,income,2025,2024,cbs-gemeentelijke-indeling-2025,municipality,0383,GM0383,Castricum,48.8,thousand_euro,CBS StatLine 70072NED Gemiddeld gestandaardiseerd inkomen,provenance/netherlands_income_manifest.json,family_mapped
netherlands,income,2025,2024,cbs-gemeentelijke-indeling-2025,municipality,0384,GM0384,Diemen,43.0,thousand_euro,CBS StatLine 70072NED Gemiddeld gestandaardiseerd inkomen,provenance/netherlands_income_manifest.json,family_mapped
netherlands,income,2025,2024,cbs-gemeentelijke-indeling-2025,municipality,0385,GM0385,Edam-Volendam,47.6,thousand_euro,CBS StatLine 70072NED Gemiddeld gestandaardiseerd inkomen,provenance/netherlands_income_manifest.json,family_mapped
netherlands,income,2025,2024,cbs-gemeentelijke-indeling-2025,municipality,0388,GM0388,Enkhuizen,41.0,thousand_euro,CBS StatLine 70072NED Gemiddeld gestandaardiseerd inkomen,provenance/netherlands_income_manifest.json,family_mapped
netherlands,income,2025,2024,cbs-gemeentelijke-indeling-2025,municipality,0392,GM0392,Haarlem,44.0,thousand_euro,CBS StatLine 70072NED Gemiddeld gestandaardiseerd inkomen,provenance/netherlands_income_manifest.json,family_mapped
netherlands,income,2025,2024,cbs-gemeentelijke-indeling-2025,municipality,0394,GM0394,Haarlemmermeer,46.2,thousand_euro,CBS StatLine 70072NED Gemiddeld gestandaardiseerd inkomen,provenance/netherlands_income_manifest.json,family_mapped
netherlands,income,2025,2024,cbs-gemeentelijke-indeling-2025,municipality,0396,GM0396,Heemskerk,41.5,thousand_euro,CBS StatLine 70072NED Gemiddeld gestandaardiseerd inkomen,provenance/netherlands_income_manifest.json,family_mapped
netherlands,income,2025,2024,cbs-gemeentelijke-indeling-2025,municipality,0397,GM0397,Heemstede,59.2,thousand_euro,CBS StatLine 70072NED Gemiddeld gestandaardiseerd inkomen,provenance/netherlands_income_manifest.json,family_mapped
netherlands,income,2025,2024,cbs-gemeentelijke-indeling-2025,municipality,0399,GM0399,Heiloo,49.3,thousand_euro,CBS StatLine 70072NED Gemiddeld gestandaardiseerd inkomen,provenance/netherlands_income_manifest.json,family_mapped
netherlands,income,2025,2024,cbs-gemeentelijke-indeling-2025,municipality,0400,GM0400,Den Helder,37.4,thousand_euro,CBS StatLine 70072NED Gemiddeld gestandaardiseerd inkomen,provenance/netherlands_income_manifest.json,family_mapped
netherlands,income,2025,2024,cbs-gemeentelijke-indeling-2025,municipality,0402,GM0402,Hilversum,45.0,thousand_euro,CBS StatLine 70072NED Gemiddeld gestandaardiseerd inkomen,provenance/netherlands_income_manifest.json,family_mapped
netherlands,income,2025,2024,cbs-gemeentelijke-indeling-2025,municipality,0405,GM0405,Hoorn,43.9,thousand_euro,CBS StatLine 70072NED Gemiddeld gestandaardiseerd inkomen,provenance/netherlands_income_manifest.json,family_mapped
netherlands,income,2025,2024,cbs-gemeentelijke-indeling-2025,municipality,0406,GM0406,Huizen,51.1,thousand_euro,CBS StatLine 70072NED Gemiddeld gestandaardiseerd inkomen,provenance/netherlands_income_manifest.json,family_mapped
netherlands,income,2025,2024,cbs-gemeentelijke-indeling-2025,municipality,0415,GM0415,Landsmeer,52.8,thousand_euro,CBS StatLine 70072NED Gemiddeld gestandaardiseerd inkomen,provenance/netherlands_income_manifest.json,family_mapped
netherlands,income,2025,2024,cbs-gemeentelijke-indeling-2025,municipality,0417,GM0417,Laren (NH.),154.7,thousand_euro,CBS StatLine 70072NED Gemiddeld gestandaardiseerd inkomen,provenance/netherlands_income_manifest.json,family_mapped
netherlands,income,2025,2024,cbs-gemeentelijke-indeling-2025,municipality,0420,GM0420,Medemblik,42.0,thousand_euro,CBS StatLine 70072NED Gemiddeld gestandaardiseerd inkomen,provenance/netherlands_income_manifest.json,family_mapped
netherlands,income,2025,2024,cbs-gemeentelijke-indeling-2025,municipality,0431,GM0431,Oostzaan,47.2,thousand_euro,CBS StatLine 70072NED Gemiddeld gestandaardiseerd inkomen,provenance/netherlands_income_manifest.json,family_mapped
netherlands,income,2025,2024,cbs-gemeentelijke-indeling-2025,municipality,0432,GM0432,Opmeer,42.9,thousand_euro,CBS StatLine 70072NED Gemiddeld gestandaardiseerd inkomen,provenance/netherlands_income_manifest.json,family_mapped
netherlands,income,2025,2024,cbs-gemeentelijke-indeling-2025,municipality,0437,GM0437,Ouder-Amstel,52.8,thousand_euro,CBS StatLine 70072NED Gemiddeld gestandaardiseerd inkomen,provenance/netherlands_income_manifest.json,family_mapped
netherlands,income,2025,2024,cbs-gemeentelijke-indeling-2025,municipality,0439,GM0439,Purmerend,41.0,thousand_euro,CBS StatLine 70072NED Gemiddeld gestandaardiseerd inkomen,provenance/netherlands_income_manifest.json,family_mapped
netherlands,income,2025,2024,cbs-gemeentelijke-indeling-2025,municipality,0441,GM0441,Schagen,43.2,thousand_euro,CBS StatLine 70072NED Gemiddeld gestandaardiseerd inkomen,provenance/netherlands_income_manifest.json,family_mapped
netherlands,income,2025,2024,cbs-gemeentelijke-indeling-2025,municipality,0448,GM0448,Texel,40.5,thousand_euro,CBS StatLine 70072NED Gemiddeld gestandaardiseerd inkomen,provenance/netherlands_income_manifest.json,family_mapped
netherlands,income,2025,2024,cbs-gemeentelijke-indeling-2025,municipality,0450,GM0450,Uitgeest,45.1,thousand_euro,CBS StatLine 70072NED Gemiddeld gestandaardiseerd inkomen,provenance/netherlands_income_manifest.json,family_mapped
netherlands,income,2025,2024,cbs-gemeentelijke-indeling-2025,municipality,0451,GM0451,Uithoorn,44.6,thousand_euro,CBS StatLine 70072NED Gemiddeld gestandaardiseerd inkomen,provenance/netherlands_income_manifest.json,family_mapped
netherlands,income,2025,2024,cbs-gemeentelijke-indeling-2025,municipality,0453,GM0453,Velsen,41.3,thousand_euro,CBS StatLine 70072NED Gemiddeld gestandaardiseerd inkomen,provenance/netherlands_income_manifest.json,family_mapped
netherlands,income,2025,2024,cbs-gemeentelijke-indeling-2025,municipality,0473,GM0473,Zandvoort,46.5,thousand_euro,CBS StatLine 70072NED Gemiddeld gestandaardiseerd inkomen,provenance/netherlands_income_manifest.json,family_mapped
netherlands,income,2025,2024,cbs-gemeentelijke-indeling-2025,municipality,0479,GM0479,Zaanstad,39.6,thousand_euro,CBS StatLine 70072NED Gemiddeld gestandaardiseerd inkomen,provenance/netherlands_income_manifest.json,family_mapped
netherlands,income,2025,2024,cbs-gemeentelijke-indeling-2025,municipality,0482,GM0482,Alblasserdam,41.8,thousand_euro,CBS StatLine 70072NED Gemiddeld gestandaardiseerd inkomen,provenance/netherlands_income_manifest.json,family_mapped
netherlands,income,2025,2024,cbs-gemeentelijke-indeling-2025,municipality,0484,GM0484,Alphen aan den Rijn,44.0,thousand_euro,CBS StatLine 70072NED Gemiddeld gestandaardiseerd inkomen,provenance/netherlands_income_manifest.json,family_mapped
netherlands,income,2025,2024,cbs-gemeentelijke-indeling-2025,municipality,0489,GM0489,Barendrecht,48.2,thousand_euro,CBS StatLine 70072NED Gemiddeld gestandaardiseerd inkomen,provenance/netherlands_income_manifest.json,family_mapped
netherlands,income,2025,2024,cbs-gemeentelijke-indeling-2025,municipality,0498,GM0498,Drechterland,43.8,thousand_euro,CBS StatLine 70072NED Gemiddeld gestandaardiseerd inkomen,provenance/netherlands_income_manifest.json,family_mapped
netherlands,income,2025,2024,cbs-gemeentelijke-indeling-2025,municipality,0502,GM0502,Capelle aan den IJssel,40.3,thousand_euro,CBS StatLine 70072NED Gemiddeld gestandaardiseerd inkomen,provenance/netherlands_income_manifest.json,family_mapped
netherlands,income,2025,2024,cbs-gemeentelijke-indeling-2025,municipality,0503,GM0503,Delft,40.0,thousand_euro,CBS StatLine 70072NED Gemiddeld gestandaardiseerd inkomen,provenance/netherlands_income_manifest.json,family_mapped
netherlands,income,2025,2024,cbs-gemeentelijke-indeling-2025,municipality,0505,GM0505,Dordrecht,40.6,thousand_euro,CBS StatLine 70072NED Gemiddeld gestandaardiseerd inkomen,provenance/netherlands_income_manifest.json,family_mapped
netherlands,income,2025,2024,cbs-gemeentelijke-indeling-2025,municipality,0512,GM0512,Gorinchem,41.0,thousand_euro,CBS StatLine 70072NED Gemiddeld gestandaardiseerd inkomen,provenance/netherlands_income_manifest.json,family_mapped
netherlands,income,2025,2024,cbs-gemeentelijke-indeling-2025,municipality,0513,GM0513,Gouda,40.7,thousand_euro,CBS StatLine 70072NED Gemiddeld gestandaardiseerd inkomen,provenance/netherlands_income_manifest.json,family_mapped
netherlands,income,2025,2024,cbs-gemeentelijke-indeling-2025,municipality,0518,GM0518,'s-Gravenhage,40.6,thousand_euro,CBS StatLine 70072NED Gemiddeld gestandaardiseerd inkomen,provenance/netherlands_income_manifest.json,family_mapped
netherlands,income,2025,2024,cbs-gemeentelijke-indeling-2025,municipality,0523,GM0523,Hardinxveld-Giessendam,43.9,thousand_euro,CBS StatLine 70072NED Gemiddeld gestandaardiseerd inkomen,provenance/netherlands_income_manifest.json,family_mapped
netherlands,income,2025,2024,cbs-gemeentelijke-indeling-2025,municipality,0531,GM0531,Hendrik-Ido-Ambacht,47.1,thousand_euro,CBS StatLine 70072NED Gemiddeld gestandaardiseerd inkomen,provenance/netherlands_income_manifest.json,family_mapped
netherlands,income,2025,2024,cbs-gemeentelijke-indeling-2025,municipality,0532,GM0532,Stede Broec,41.2,thousand_euro,CBS StatLine 70072NED Gemiddeld gestandaardiseerd inkomen,provenance/netherlands_income_manifest.json,family_mapped
netherlands,income,2025,2024,cbs-gemeentelijke-indeling-2025,municipality,0534,GM0534,Hillegom,42.4,thousand_euro,CBS StatLine 70072NED Gemiddeld gestandaardiseerd inkomen,provenance/netherlands_income_manifest.json,family_mapped
netherlands,income,2025,2024,cbs-gemeentelijke-indeling-2025,municipality,0537,GM0537,Katwijk,43.6,thousand_euro,CBS StatLine 70072NED Gemiddeld gestandaardiseerd inkomen,provenance/netherlands_income_manifest.json,family_mapped
netherlands,income,2025,2024,cbs-gemeentelijke-indeling-2025,municipality,0542,GM0542,Krimpen aan den IJssel,43.3,thousand_euro,CBS StatLine 70072NED Gemiddeld gestandaardiseerd inkomen,provenance/netherlands_income_manifest.json,family_mapped
netherlands,income,2025,2024,cbs-gemeentelijke-indeling-2025,municipality,0546,GM0546,Leiden,41.3,thousand_euro,CBS StatLine 70072NED Gemiddeld gestandaardiseerd inkomen,provenance/netherlands_income_manifest.json,family_mapped
netherlands,income,2025,2024,cbs-gemeentelijke-indeling-2025,municipality,0547,GM0547,Leiderdorp,45.0,thousand_euro,CBS StatLine 70072NED Gemiddeld gestandaardiseerd inkomen,provenance/netherlands_income_manifest.json,family_mapped
netherlands,income,2025,2024,cbs-gemeentelijke-indeling-2025,municipality,0553,GM0553,Lisse,44.4,thousand_euro,CBS StatLine 70072NED Gemiddeld gestandaardiseerd inkomen,provenance/netherlands_income_manifest.json,family_mapped
netherlands,income,2025,2024,cbs-gemeentelijke-indeling-2025,municipality,0556,GM0556,Maassluis,40.2,thousand_euro,CBS StatLine 70072NED Gemiddeld gestandaardiseerd inkomen,provenance/netherlands_income_manifest.json,family_mapped
netherlands,income,2025,2024,cbs-gemeentelijke-indeling-2025,municipality,0569,GM0569,Nieuwkoop,47.7,thousand_euro,CBS StatLine 70072NED Gemiddeld gestandaardiseerd inkomen,provenance/netherlands_income_manifest.json,family_mapped
netherlands,income,2025,2024,cbs-gemeentelijke-indeling-2025,municipality,0575,GM0575,Noordwijk,52.0,thousand_euro,CBS StatLine 70072NED Gemiddeld gestandaardiseerd inkomen,provenance/netherlands_income_manifest.json,family_mapped
netherlands,income,2025,2024,cbs-gemeentelijke-indeling-2025,municipality,0579,GM0579,Oegstgeest,55.0,thousand_euro,CBS StatLine 70072NED Gemiddeld gestandaardiseerd inkomen,provenance/netherlands_income_manifest.json,family_mapped
netherlands,income,2025,2024,cbs-gemeentelijke-indeling-2025,municipality,0589,GM0589,Oudewater,53.4,thousand_euro,CBS StatLine 70072NED Gemiddeld gestandaardiseerd inkomen,provenance/netherlands_income_manifest.json,family_mapped
netherlands,income,2025,2024,cbs-gemeentelijke-indeling-2025,municipality,0590,GM0590,Papendrecht,42.6,thousand_euro,CBS StatLine 70072NED Gemiddeld gestandaardiseerd inkomen,provenance/netherlands_income_manifest.json,family_mapped
netherlands,income,2025,2024,cbs-gemeentelijke-indeling-2025,municipality,0597,GM0597,Ridderkerk,41.2,thousand_euro,CBS StatLine 70072NED Gemiddeld gestandaardiseerd inkomen,provenance/netherlands_income_manifest.json,family_mapped
netherlands,income,2025,2024,cbs-gemeentelijke-indeling-2025,municipality,0599,GM0599,Rotterdam,38.7,thousand_euro,CBS StatLine 70072NED Gemiddeld gestandaardiseerd inkomen,provenance/netherlands_income_manifest.json,family_mapped
netherlands,income,2025,2024,cbs-gemeentelijke-indeling-2025,municipality,0603,GM0603,Rijswijk (ZH.),40.9,thousand_euro,CBS StatLine 70072NED Gemiddeld gestandaardiseerd inkomen,provenance/netherlands_income_manifest.json,family_mapped
netherlands,income,2025,2024,cbs-gemeentelijke-indeling-2025,municipality,0606,GM0606,Schiedam,38.6,thousand_euro,CBS StatLine 70072NED Gemiddeld gestandaardiseerd inkomen,provenance/netherlands_income_manifest.json,family_mapped
netherlands,income,2025,2024,cbs-gemeentelijke-indeling-2025,municipality,0610,GM0610,Sliedrecht,39.5,thousand_euro,CBS StatLine 70072NED Gemiddeld gestandaardiseerd inkomen,provenance/netherlands_income_manifest.json,family_mapped
netherlands,income,2025,2024,cbs-gemeentelijke-indeling-2025,municipality,0613,GM0613,Albrandswaard,51.3,thousand_euro,CBS StatLine 70072NED Gemiddeld gestandaardiseerd inkomen,provenance/netherlands_income_manifest.json,family_mapped
netherlands,income,2025,2024,cbs-gemeentelijke-indeling-2025,municipality,0622,GM0622,Vlaardingen,37.9,thousand_euro,CBS StatLine 70072NED Gemiddeld gestandaardiseerd inkomen,provenance/netherlands_income_manifest.json,family_mapped
netherlands,income,2025,2024,cbs-gemeentelijke-indeling-2025,municipality,0626,GM0626,Voorschoten,49.6,thousand_euro,CBS StatLine 70072NED Gemiddeld gestandaardiseerd inkomen,provenance/netherlands_income_manifest.json,family_mapped
netherlands,income,2025,2024,cbs-gemeentelijke-indeling-2025,municipality,0627,GM0627,Waddinxveen,43.4,thousand_euro,CBS StatLine 70072NED Gemiddeld gestandaardiseerd inkomen,provenance/netherlands_income_manifest.json,family_mapped
netherlands,income,2025,2024,cbs-gemeentelijke-indeling-2025,municipality,0629,GM0629,Wassenaar,77.7,thousand_euro,CBS StatLine 70072NED Gemiddeld gestandaardiseerd inkomen,provenance/netherlands_income_manifest.json,family_mapped
netherlands,income,2025,2024,cbs-gemeentelijke-indeling-2025,municipality,0632,GM0632,Woerden,47.3,thousand_euro,CBS StatLine 70072NED Gemiddeld gestandaardiseerd inkomen,provenance/netherlands_income_manifest.json,family_mapped
netherlands,income,2025,2024,cbs-gemeentelijke-indeling-2025,municipality,0637,GM0637,Zoetermeer,40.9,thousand_euro,CBS StatLine 70072NED Gemiddeld gestandaardiseerd inkomen,provenance/netherlands_income_manifest.json,family_mapped
netherlands,income,2025,2024,cbs-gemeentelijke-indeling-2025,municipality,0638,GM0638,Zoeterwoude,46.2,thousand_euro,CBS StatLine 70072NED Gemiddeld gestandaardiseerd inkomen,provenance/netherlands_income_manifest.json,family_mapped
netherlands,income,2025,2024,cbs-gemeentelijke-indeling-2025,municipality,0642,GM0642,Zwijndrecht,40.9,thousand_euro,CBS StatLine 70072NED Gemiddeld gestandaardiseerd inkomen,provenance/netherlands_income_manifest.json,family_mapped
netherlands,income,2025,2024,cbs-gemeentelijke-indeling-2025,municipality,0654,GM0654,Borsele,45.1,thousand_euro,CBS StatLine 70072NED Gemiddeld gestandaardiseerd inkomen,provenance/netherlands_income_manifest.json,family_mapped
netherlands,income,2025,2024,cbs-gemeentelijke-indeling-2025,municipality,0664,GM0664,Goes,45.1,thousand_euro,CBS StatLine 70072NED Gemiddeld gestandaardiseerd inkomen,provenance/netherlands_income_manifest.json,family_mapped
netherlands,income,2025,2024,cbs-gemeentelijke-indeling-2025,municipality,0668,GM0668,West Maas en Waal,43.0,thousand_euro,CBS StatLine 70072NED Gemiddeld gestandaardiseerd inkomen,provenance/netherlands_income_manifest.json,family_mapped
netherlands,income,2025,2024,cbs-gemeentelijke-indeling-2025,municipality,0677,GM0677,Hulst,42.3,thousand_euro,CBS StatLine 70072NED Gemiddeld gestandaardiseerd inkomen,provenance/netherlands_income_manifest.json,family_mapped
netherlands,income,2025,2024,cbs-gemeentelijke-indeling-2025,municipality,0678,GM0678,Kapelle,42.5,thousand_euro,CBS StatLine 70072NED Gemiddeld gestandaardiseerd inkomen,provenance/netherlands_income_manifest.json,family_mapped
netherlands,income,2025,2024,cbs-gemeentelijke-indeling-2025,municipality,0687,GM0687,Middelburg (Z.),39.9,thousand_euro,CBS StatLine 70072NED Gemiddeld gestandaardiseerd inkomen,provenance/netherlands_income_manifest.json,family_mapped
netherlands,income,2025,2024,cbs-gemeentelijke-indeling-2025,municipality,0703,GM0703,Reimerswaal,42.6,thousand_euro,CBS StatLine 70072NED Gemiddeld gestandaardiseerd inkomen,provenance/netherlands_income_manifest.json,family_mapped
netherlands,income,2025,2024,cbs-gemeentelijke-indeling-2025,municipality,0715,GM0715,Terneuzen,39.1,thousand_euro,CBS StatLine 70072NED Gemiddeld gestandaardiseerd inkomen,provenance/netherlands_income_manifest.json,family_mapped
netherlands,income,2025,2024,cbs-gemeentelijke-indeling-2025,municipality,0716,GM0716,Tholen,40.5,thousand_euro,CBS StatLine 70072NED Gemiddeld gestandaardiseerd inkomen,provenance/netherlands_income_manifest.json,family_mapped
netherlands,income,2025,2024,cbs-gemeentelijke-indeling-2025,municipality,0717,GM0717,Veere,44.7,thousand_euro,CBS StatLine 70072NED Gemiddeld gestandaardiseerd inkomen,provenance/netherlands_income_manifest.json,family_mapped
netherlands,income,2025,2024,cbs-gemeentelijke-indeling-2025,municipality,0718,GM0718,Vlissingen,36.6,thousand_euro,CBS StatLine 70072NED Gemiddeld gestandaardiseerd inkomen,provenance/netherlands_income_manifest.json,family_mapped
netherlands,income,2025,2024,cbs-gemeentelijke-indeling-2025,municipality,0736,GM0736,De Ronde Venen,52.9,thousand_euro,CBS StatLine 70072NED Gemiddeld gestandaardiseerd inkomen,provenance/netherlands_income_manifest.json,family_mapped
netherlands,income,2025,2024,cbs-gemeentelijke-indeling-2025,municipality,0737,GM0737,Tytsjerksteradiel,39.9,thousand_euro,CBS StatLine 70072NED Gemiddeld gestandaardiseerd inkomen,provenance/netherlands_income_manifest.json,family_mapped
netherlands,income,2025,2024,cbs-gemeentelijke-indeling-2025,municipality,0743,GM0743,Asten,44.1,thousand_euro,CBS StatLine 70072NED Gemiddeld gestandaardiseerd inkomen,provenance/netherlands_income_manifest.json,family_mapped
netherlands,income,2025,2024,cbs-gemeentelijke-indeling-2025,municipality,0744,GM0744,Baarle-Nassau,42.4,thousand_euro,CBS StatLine 70072NED Gemiddeld gestandaardiseerd inkomen,provenance/netherlands_income_manifest.json,family_mapped
netherlands,income,2025,2024,cbs-gemeentelijke-indeling-2025,municipality,0748,GM0748,Bergen op Zoom,40.1,thousand_euro,CBS StatLine 70072NED Gemiddeld gestandaardiseerd inkomen,provenance/netherlands_income_manifest.json,family_mapped
netherlands,income,2025,2024,cbs-gemeentelijke-indeling-2025,municipality,0753,GM0753,Best,47.0,thousand_euro,CBS StatLine 70072NED Gemiddeld gestandaardiseerd inkomen,provenance/netherlands_income_manifest.json,family_mapped
netherlands,income,2025,2024,cbs-gemeentelijke-indeling-2025,municipality,0755,GM0755,Boekel,43.8,thousand_euro,CBS StatLine 70072NED Gemiddeld gestandaardiseerd inkomen,provenance/netherlands_income_manifest.json,family_mapped
netherlands,income,2025,2024,cbs-gemeentelijke-indeling-2025,municipality,0757,GM0757,Boxtel,43.9,thousand_euro,CBS StatLine 70072NED Gemiddeld gestandaardiseerd inkomen,provenance/netherlands_income_manifest.json,family_mapped
netherlands,income,2025,2024,cbs-gemeentelijke-indeling-2025,municipality,0758,GM0758,Breda,44.3,thousand_euro,CBS StatLine 70072NED Gemiddeld gestandaardiseerd inkomen,provenance/netherlands_income_manifest.json,family_mapped
netherlands,income,2025,2024,cbs-gemeentelijke-indeling-2025,municipality,0762,GM0762,Deurne,42.0,thousand_euro,CBS StatLine 70072NED Gemiddeld gestandaardiseerd inkomen,provenance/netherlands_income_manifest.json,family_mapped
netherlands,income,2025,2024,cbs-gemeentelijke-indeling-2025,municipality,0765,GM0765,Pekela,34.4,thousand_euro,CBS StatLine 70072NED Gemiddeld gestandaardiseerd inkomen,provenance/netherlands_income_manifest.json,family_mapped
netherlands,income,2025,2024,cbs-gemeentelijke-indeling-2025,municipality,0766,GM0766,Dongen,42.3,thousand_euro,CBS StatLine 70072NED Gemiddeld gestandaardiseerd inkomen,provenance/netherlands_income_manifest.json,family_mapped
netherlands,income,2025,2024,cbs-gemeentelijke-indeling-2025,municipality,0770,GM0770,Eersel,48.7,thousand_euro,CBS StatLine 70072NED Gemiddeld gestandaardiseerd inkomen,provenance/netherlands_income_manifest.json,family_mapped
netherlands,income,2025,2024,cbs-gemeentelijke-indeling-2025,municipality,0772,GM0772,Eindhoven,41.6,thousand_euro,CBS StatLine 70072NED Gemiddeld gestandaardiseerd inkomen,provenance/netherlands_income_manifest.json,family_mapped
netherlands,income,2025,2024,cbs-gemeentelijke-indeling-2025,municipality,0777,GM0777,Etten-Leur,42.1,thousand_euro,CBS StatLine 70072NED Gemiddeld gestandaardiseerd inkomen,provenance/netherlands_income_manifest.json,family_mapped
netherlands,income,2025,2024,cbs-gemeentelijke-indeling-2025,municipality,0779,GM0779,Geertruidenberg,43.4,thousand_euro,CBS StatLine 70072NED Gemiddeld gestandaardiseerd inkomen,provenance/netherlands_income_manifest.json,family_mapped
netherlands,income,2025,2024,cbs-gemeentelijke-indeling-2025,municipality,0784,GM0784,Gilze en Rijen,42.1,thousand_euro,CBS StatLine 70072NED Gemiddeld gestandaardiseerd inkomen,provenance/netherlands_income_manifest.json,family_mapped
netherlands,income,2025,2024,cbs-gemeentelijke-indeling-2025,municipality,0785,GM0785,Goirle,45.0,thousand_euro,CBS StatLine 70072NED Gemiddeld gestandaardiseerd inkomen,provenance/netherlands_income_manifest.json,family_mapped
netherlands,income,2025,2024,cbs-gemeentelijke-indeling-2025,municipality,0794,GM0794,Helmond,39.7,thousand_euro,CBS StatLine 70072NED Gemiddeld gestandaardiseerd inkomen,provenance/netherlands_income_manifest.json,family_mapped
netherlands,income,2025,2024,cbs-gemeentelijke-indeling-2025,municipality,0796,GM0796,'s-Hertogenbosch,44.3,thousand_euro,CBS StatLine 70072NED Gemiddeld gestandaardiseerd inkomen,provenance/netherlands_income_manifest.json,family_mapped
netherlands,income,2025,2024,cbs-gemeentelijke-indeling-2025,municipality,0797,GM0797,Heusden,44.9,thousand_euro,CBS StatLine 70072NED Gemiddeld gestandaardiseerd inkomen,provenance/netherlands_income_manifest.json,family_mapped
netherlands,income,2025,2024,cbs-gemeentelijke-indeling-2025,municipality,0798,GM0798,Hilvarenbeek,47.2,thousand_euro,CBS StatLine 70072NED Gemiddeld gestandaardiseerd inkomen,provenance/netherlands_income_manifest.json,family_mapped
netherlands,income,2025,2024,cbs-gemeentelijke-indeling-2025,municipality,0809,GM0809,Loon op Zand,43.1,thousand_euro,CBS StatLine 70072NED Gemiddeld gestandaardiseerd inkomen,provenance/netherlands_income_manifest.json,family_mapped
netherlands,income,2025,2024,cbs-gemeentelijke-indeling-2025,municipality,0820,GM0820,"Nuenen, Gerwen en Nederwetten",50.3,thousand_euro,CBS StatLine 70072NED Gemiddeld gestandaardiseerd inkomen,provenance/netherlands_income_manifest.json,family_mapped
netherlands,income,2025,2024,cbs-gemeentelijke-indeling-2025,municipality,0823,GM0823,Oirschot,48.4,thousand_euro,CBS StatLine 70072NED Gemiddeld gestandaardiseerd inkomen,provenance/netherlands_income_manifest.json,family_mapped
netherlands,income,2025,2024,cbs-gemeentelijke-indeling-2025,municipality,0824,GM0824,Oisterwijk,52.8,thousand_euro,CBS StatLine 70072NED Gemiddeld gestandaardiseerd inkomen,provenance/netherlands_income_manifest.json,family_mapped
netherlands,income,2025,2024,cbs-gemeentelijke-indeling-2025,municipality,0826,GM0826,Oosterhout,43.9,thousand_euro,CBS StatLine 70072NED Gemiddeld gestandaardiseerd inkomen,provenance/netherlands_income_manifest.json,family_mapped
netherlands,income,2025,2024,cbs-gemeentelijke-indeling-2025,municipality,0828,GM0828,Oss,42.1,thousand_euro,CBS StatLine 70072NED Gemiddeld gestandaardiseerd inkomen,provenance/netherlands_income_manifest.json,family_mapped
netherlands,income,2025,2024,cbs-gemeentelijke-indeling-2025,municipality,0840,GM0840,Rucphen,41.0,thousand_euro,CBS StatLine 70072NED Gemiddeld gestandaardiseerd inkomen,provenance/netherlands_income_manifest.json,family_mapped
netherlands,income,2025,2024,cbs-gemeentelijke-indeling-2025,municipality,0845,GM0845,Sint-Michielsgestel,47.7,thousand_euro,CBS StatLine 70072NED Gemiddeld gestandaardiseerd inkomen,provenance/netherlands_income_manifest.json,family_mapped
netherlands,income,2025,2024,cbs-gemeentelijke-indeling-2025,municipality,0847,GM0847,Someren,47.5,thousand_euro,CBS StatLine 70072NED Gemiddeld gestandaardiseerd inkomen,provenance/netherlands_income_manifest.json,family_mapped
netherlands,income,2025,2024,cbs-gemeentelijke-indeling-2025,municipality,0848,GM0848,Son en Breugel,50.2,thousand_euro,CBS StatLine 70072NED Gemiddeld gestandaardiseerd inkomen,provenance/netherlands_income_manifest.json,family_mapped
netherlands,income,2025,2024,cbs-gemeentelijke-indeling-2025,municipality,0851,GM0851,Steenbergen,42.3,thousand_euro,CBS StatLine 70072NED Gemiddeld gestandaardiseerd inkomen,provenance/netherlands_income_manifest.json,family_mapped
netherlands,income,2025,2024,cbs-gemeentelijke-indeling-2025,municipality,0852,GM0852,Waterland,49.3,thousand_euro,CBS StatLine 70072NED Gemiddeld gestandaardiseerd inkomen,provenance/netherlands_income_manifest.json,family_mapped
netherlands,income,2025,2024,cbs-gemeentelijke-indeling-2025,municipality,0855,GM0855,Tilburg,38.7,thousand_euro,CBS StatLine 70072NED Gemiddeld gestandaardiseerd inkomen,provenance/netherlands_income_manifest.json,family_mapped
netherlands,income,2025,2024,cbs-gemeentelijke-indeling-2025,municipality,0858,GM0858,Valkenswaard,42.2,thousand_euro,CBS StatLine 70072NED Gemiddeld gestandaardiseerd inkomen,provenance/netherlands_income_manifest.json,family_mapped
netherlands,income,2025,2024,cbs-gemeentelijke-indeling-2025,municipality,0861,GM0861,Veldhoven,45.1,thousand_euro,CBS StatLine 70072NED Gemiddeld gestandaardiseerd inkomen,provenance/netherlands_income_manifest.json,family_mapped
netherlands,income,2025,2024,cbs-gemeentelijke-indeling-2025,municipality,0865,GM0865,Vught,58.7,thousand_euro,CBS StatLine 70072NED Gemiddeld gestandaardiseerd inkomen,provenance/netherlands_income_manifest.json,family_mapped
netherlands,income,2025,2024,cbs-gemeentelijke-indeling-2025,municipality,0866,GM0866,Waalre,60.4,thousand_euro,CBS StatLine 70072NED Gemiddeld gestandaardiseerd inkomen,provenance/netherlands_income_manifest.json,family_mapped
netherlands,income,2025,2024,cbs-gemeentelijke-indeling-2025,municipality,0867,GM0867,Waalwijk,40.8,thousand_euro,CBS StatLine 70072NED Gemiddeld gestandaardiseerd inkomen,provenance/netherlands_income_manifest.json,family_mapped
netherlands,income,2025,2024,cbs-gemeentelijke-indeling-2025,municipality,0873,GM0873,Woensdrecht,42.6,thousand_euro,CBS StatLine 70072NED Gemiddeld gestandaardiseerd inkomen,provenance/netherlands_income_manifest.json,family_mapped
netherlands,income,2025,2024,cbs-gemeentelijke-indeling-2025,municipality,0879,GM0879,Zundert,43.5,thousand_euro,CBS StatLine 70072NED Gemiddeld gestandaardiseerd inkomen,provenance/netherlands_income_manifest.json,family_mapped
netherlands,income,2025,2024,cbs-gemeentelijke-indeling-2025,municipality,0880,GM0880,Wormerland,43.2,thousand_euro,CBS StatLine 70072NED Gemiddeld gestandaardiseerd inkomen,provenance/netherlands_income_manifest.json,family_mapped
netherlands,income,2025,2024,cbs-gemeentelijke-indeling-2025,municipality,0882,GM0882,Landgraaf,37.3,thousand_euro,CBS StatLine 70072NED Gemiddeld gestandaardiseerd inkomen,provenance/netherlands_income_manifest.json,family_mapped
netherlands,income,2025,2024,cbs-gemeentelijke-indeling-2025,municipality,0888,GM0888,Beek (L.),40.5,thousand_euro,CBS StatLine 70072NED Gemiddeld gestandaardiseerd inkomen,provenance/netherlands_income_manifest.json,family_mapped
netherlands,income,2025,2024,cbs-gemeentelijke-indeling-2025,municipality,0889,GM0889,Beesel,38.6,thousand_euro,CBS StatLine 70072NED Gemiddeld gestandaardiseerd inkomen,provenance/netherlands_income_manifest.json,family_mapped
netherlands,income,2025,2024,cbs-gemeentelijke-indeling-2025,municipality,0893,GM0893,Bergen (L.),40.2,thousand_euro,CBS StatLine 70072NED Gemiddeld gestandaardiseerd inkomen,provenance/netherlands_income_manifest.json,family_mapped
netherlands,income,2025,2024,cbs-gemeentelijke-indeling-2025,municipality,0899,GM0899,Brunssum,35.9,thousand_euro,CBS StatLine 70072NED Gemiddeld gestandaardiseerd inkomen,provenance/netherlands_income_manifest.json,family_mapped
netherlands,income,2025,2024,cbs-gemeentelijke-indeling-2025,municipality,0907,GM0907,Gennep,40.8,thousand_euro,CBS StatLine 70072NED Gemiddeld gestandaardiseerd inkomen,provenance/netherlands_income_manifest.json,family_mapped
netherlands,income,2025,2024,cbs-gemeentelijke-indeling-2025,municipality,0917,GM0917,Heerlen,34.3,thousand_euro,CBS StatLine 70072NED Gemiddeld gestandaardiseerd inkomen,provenance/netherlands_income_manifest.json,family_mapped
netherlands,income,2025,2024,cbs-gemeentelijke-indeling-2025,municipality,0928,GM0928,Kerkrade,34.1,thousand_euro,CBS StatLine 70072NED Gemiddeld gestandaardiseerd inkomen,provenance/netherlands_income_manifest.json,family_mapped
netherlands,income,2025,2024,cbs-gemeentelijke-indeling-2025,municipality,0935,GM0935,Maastricht,39.0,thousand_euro,CBS StatLine 70072NED Gemiddeld gestandaardiseerd inkomen,provenance/netherlands_income_manifest.json,family_mapped
netherlands,income,2025,2024,cbs-gemeentelijke-indeling-2025,municipality,0938,GM0938,Meerssen,44.5,thousand_euro,CBS StatLine 70072NED Gemiddeld gestandaardiseerd inkomen,provenance/netherlands_income_manifest.json,family_mapped
netherlands,income,2025,2024,cbs-gemeentelijke-indeling-2025,municipality,0944,GM0944,Mook en Middelaar,60.9,thousand_euro,CBS StatLine 70072NED Gemiddeld gestandaardiseerd inkomen,provenance/netherlands_income_manifest.json,family_mapped
netherlands,income,2025,2024,cbs-gemeentelijke-indeling-2025,municipality,0946,GM0946,Nederweert,42.5,thousand_euro,CBS StatLine 70072NED Gemiddeld gestandaardiseerd inkomen,provenance/netherlands_income_manifest.json,family_mapped
netherlands,income,2025,2024,cbs-gemeentelijke-indeling-2025,municipality,0957,GM0957,Roermond,39.0,thousand_euro,CBS StatLine 70072NED Gemiddeld gestandaardiseerd inkomen,provenance/netherlands_income_manifest.json,family_mapped
netherlands,income,2025,2024,cbs-gemeentelijke-indeling-2025,municipality,0965,GM0965,Simpelveld,39.3,thousand_euro,CBS StatLine 70072NED Gemiddeld gestandaardiseerd inkomen,provenance/netherlands_income_manifest.json,family_mapped
netherlands,income,2025,2024,cbs-gemeentelijke-indeling-2025,municipality,0971,GM0971,Stein (L.),40.1,thousand_euro,CBS StatLine 70072NED Gemiddeld gestandaardiseerd inkomen,provenance/netherlands_income_manifest.json,family_mapped
netherlands,income,2025,2024,cbs-gemeentelijke-indeling-2025,municipality,0981,GM0981,Vaals,34.7,thousand_euro,CBS StatLine 70072NED Gemiddeld gestandaardiseerd inkomen,provenance/netherlands_income_manifest.json,family_mapped
netherlands,income,2025,2024,cbs-gemeentelijke-indeling-2025,municipality,0983,GM0983,Venlo,38.7,thousand_euro,CBS StatLine 70072NED Gemiddeld gestandaardiseerd inkomen,provenance/netherlands_income_manifest.json,family_mapped
netherlands,income,2025,2024,cbs-gemeentelijke-indeling-2025,municipality,0984,GM0984,Venray,40.7,thousand_euro,CBS StatLine 70072NED Gemiddeld gestandaardiseerd inkomen,provenance/netherlands_income_manifest.json,family_mapped
netherlands,income,2025,2024,cbs-gemeentelijke-indeling-2025,municipality,0986,GM0986,Voerendaal,42.5,thousand_euro,CBS StatLine 70072NED Gemiddeld gestandaardiseerd inkomen,provenance/netherlands_income_manifest.json,family_mapped
netherlands,income,2025,2024,cbs-gemeentelijke-indeling-2025,municipality,0988,GM0988,Weert,41.4,thousand_euro,CBS StatLine 70072NED Gemiddeld gestandaardiseerd inkomen,provenance/netherlands_income_manifest.json,family_mapped
netherlands,income,2025,2024,cbs-gemeentelijke-indeling-2025,municipality,0994,GM0994,Valkenburg aan de Geul,40.6,thousand_euro,CBS StatLine 70072NED Gemiddeld gestandaardiseerd inkomen,provenance/netherlands_income_manifest.json,family_mapped
netherlands,income,2025,2024,cbs-gemeentelijke-indeling-2025,municipality,0995,GM0995,Lelystad,38.8,thousand_euro,CBS StatLine 70072NED Gemiddeld gestandaardiseerd inkomen,provenance/netherlands_income_manifest.json,family_mapped
netherlands,income,2025,2024,cbs-gemeentelijke-indeling-2025,municipality,1507,GM1507,Horst aan de Maas,42.6,thousand_euro,CBS StatLine 70072NED Gemiddeld gestandaardiseerd inkomen,provenance/netherlands_income_manifest.json,family_mapped
netherlands,income,2025,2024,cbs-gemeentelijke-indeling-2025,municipality,1509,GM1509,Oude IJsselstreek,40.2,thousand_euro,CBS StatLine 70072NED Gemiddeld gestandaardiseerd inkomen,provenance/netherlands_income_manifest.json,family_mapped
netherlands,income,2025,2024,cbs-gemeentelijke-indeling-2025,municipality,1525,GM1525,Teylingen,50.6,thousand_euro,CBS StatLine 70072NED Gemiddeld gestandaardiseerd inkomen,provenance/netherlands_income_manifest.json,family_mapped
netherlands,income,2025,2024,cbs-gemeentelijke-indeling-2025,municipality,1581,GM1581,Utrechtse Heuvelrug,50.6,thousand_euro,CBS StatLine 70072NED Gemiddeld gestandaardiseerd inkomen,provenance/netherlands_income_manifest.json,family_mapped
netherlands,income,2025,2024,cbs-gemeentelijke-indeling-2025,municipality,1586,GM1586,Oost Gelre,42.7,thousand_euro,CBS StatLine 70072NED Gemiddeld gestandaardiseerd inkomen,provenance/netherlands_income_manifest.json,family_mapped
netherlands,income,2025,2024,cbs-gemeentelijke-indeling-2025,municipality,1598,GM1598,Koggenland,43.9,thousand_euro,CBS StatLine 70072NED Gemiddeld gestandaardiseerd inkomen,provenance/netherlands_income_manifest.json,family_mapped
netherlands,income,2025,2024,cbs-gemeentelijke-indeling-2025,municipality,1621,GM1621,Lansingerland,53.3,thousand_euro,CBS StatLine 70072NED Gemiddeld gestandaardiseerd inkomen,provenance/netherlands_income_manifest.json,family_mapped
netherlands,income,2025,2024,cbs-gemeentelijke-indeling-2025,municipality,1640,GM1640,Leudal,42.4,thousand_euro,CBS StatLine 70072NED Gemiddeld gestandaardiseerd inkomen,provenance/netherlands_income_manifest.json,family_mapped
netherlands,income,2025,2024,cbs-gemeentelijke-indeling-2025,municipality,1641,GM1641,Maasgouw,43.1,thousand_euro,CBS StatLine 70072NED Gemiddeld gestandaardiseerd inkomen,provenance/netherlands_income_manifest.json,family_mapped
netherlands,income,2025,2024,cbs-gemeentelijke-indeling-2025,municipality,1652,GM1652,Gemert-Bakel,41.9,thousand_euro,CBS StatLine 70072NED Gemiddeld gestandaardiseerd inkomen,provenance/netherlands_income_manifest.json,family_mapped
netherlands,income,2025,2024,cbs-gemeentelijke-indeling-2025,municipality,1655,GM1655,Halderberge,41.6,thousand_euro,CBS StatLine 70072NED Gemiddeld gestandaardiseerd inkomen,provenance/netherlands_income_manifest.json,family_mapped
netherlands,income,2025,2024,cbs-gemeentelijke-indeling-2025,municipality,1658,GM1658,Heeze-Leende,50.4,thousand_euro,CBS StatLine 70072NED Gemiddeld gestandaardiseerd inkomen,provenance/netherlands_income_manifest.json,family_mapped
netherlands,income,2025,2024,cbs-gemeentelijke-indeling-2025,municipality,1659,GM1659,Laarbeek,43.8,thousand_euro,CBS StatLine 70072NED Gemiddeld gestandaardiseerd inkomen,provenance/netherlands_income_manifest.json,family_mapped
netherlands,income,2025,2024,cbs-gemeentelijke-indeling-2025,municipality,1667,GM1667,Reusel-De Mierden,43.4,thousand_euro,CBS StatLine 70072NED Gemiddeld gestandaardiseerd inkomen,provenance/netherlands_income_manifest.json,family_mapped
netherlands,income,2025,2024,cbs-gemeentelijke-indeling-2025,municipality,1669,GM1669,Roerdalen,41.7,thousand_euro,CBS StatLine 70072NED Gemiddeld gestandaardiseerd inkomen,provenance/netherlands_income_manifest.json,family_mapped
netherlands,income,2025,2024,cbs-gemeentelijke-indeling-2025,municipality,1674,GM1674,Roosendaal,39.6,thousand_euro,CBS StatLine 70072NED Gemiddeld gestandaardiseerd inkomen,provenance/netherlands_income_manifest.json,family_mapped
netherlands,income,2025,2024,cbs-gemeentelijke-indeling-2025,municipality,1676,GM1676,Schouwen-Duiveland,44.0,thousand_euro,CBS StatLine 70072NED Gemiddeld gestandaardiseerd inkomen,provenance/netherlands_income_manifest.json,family_mapped
netherlands,income,2025,2024,cbs-gemeentelijke-indeling-2025,municipality,1680,GM1680,Aa en Hunze,42.6,thousand_euro,CBS StatLine 70072NED Gemiddeld gestandaardiseerd inkomen,provenance/netherlands_income_manifest.json,family_mapped
netherlands,income,2025,2024,cbs-gemeentelijke-indeling-2025,municipality,1681,GM1681,Borger-Odoorn,40.0,thousand_euro,CBS StatLine 70072NED Gemiddeld gestandaardiseerd inkomen,provenance/netherlands_income_manifest.json,family_mapped
netherlands,income,2025,2024,cbs-gemeentelijke-indeling-2025,municipality,1690,GM1690,De Wolden,43.5,thousand_euro,CBS StatLine 70072NED Gemiddeld gestandaardiseerd inkomen,provenance/netherlands_income_manifest.json,family_mapped
netherlands,income,2025,2024,cbs-gemeentelijke-indeling-2025,municipality,1695,GM1695,Noord-Beveland,40.8,thousand_euro,CBS StatLine 70072NED Gemiddeld gestandaardiseerd inkomen,provenance/netherlands_income_manifest.json,family_mapped
netherlands,income,2025,2024,cbs-gemeentelijke-indeling-2025,municipality,1696,GM1696,Wijdemeren,57.0,thousand_euro,CBS StatLine 70072NED Gemiddeld gestandaardiseerd inkomen,provenance/netherlands_income_manifest.json,family_mapped
netherlands,income,2025,2024,cbs-gemeentelijke-indeling-2025,municipality,1699,GM1699,Noordenveld,42.1,thousand_euro,CBS StatLine 70072NED Gemiddeld gestandaardiseerd inkomen,provenance/netherlands_income_manifest.json,family_mapped
netherlands,income,2025,2024,cbs-gemeentelijke-indeling-2025,municipality,1700,GM1700,Twenterand,42.1,thousand_euro,CBS StatLine 70072NED Gemiddeld gestandaardiseerd inkomen,provenance/netherlands_income_manifest.json,family_mapped
netherlands,income,2025,2024,cbs-gemeentelijke-indeling-2025,municipality,1701,GM1701,Westerveld,43.6,thousand_euro,CBS StatLine 70072NED Gemiddeld gestandaardiseerd inkomen,provenance/netherlands_income_manifest.json,family_mapped
netherlands,income,2025,2024,cbs-gemeentelijke-indeling-2025,municipality,1705,GM1705,Lingewaard,43.0,thousand_euro,CBS StatLine 70072NED Gemiddeld gestandaardiseerd inkomen,provenance/netherlands_income_manifest.json,family_mapped
netherlands,income,2025,2024,cbs-gemeentelijke-indeling-2025,municipality,1706,GM1706,Cranendonck,43.9,thousand_euro,CBS StatLine 70072NED Gemiddeld gestandaardiseerd inkomen,provenance/netherlands_income_manifest.json,family_mapped
netherlands,income,2025,2024,cbs-gemeentelijke-indeling-2025,municipality,1708,GM1708,Steenwijkerland,40.4,thousand_euro,CBS StatLine 70072NED Gemiddeld gestandaardiseerd inkomen,provenance/netherlands_income_manifest.json,family_mapped
netherlands,income,2025,2024,cbs-gemeentelijke-indeling-2025,municipality,1709,GM1709,Moerdijk,41.9,thousand_euro,CBS StatLine 70072NED Gemiddeld gestandaardiseerd inkomen,provenance/netherlands_income_manifest.json,family_mapped
netherlands,income,2025,2024,cbs-gemeentelijke-indeling-2025,municipality,1711,GM1711,Echt-Susteren,40.9,thousand_euro,CBS StatLine 70072NED Gemiddeld gestandaardiseerd inkomen,provenance/netherlands_income_manifest.json,family_mapped
netherlands,income,2025,2024,cbs-gemeentelijke-indeling-2025,municipality,1714,GM1714,Sluis,40.3,thousand_euro,CBS StatLine 70072NED Gemiddeld gestandaardiseerd inkomen,provenance/netherlands_income_manifest.json,family_mapped
netherlands,income,2025,2024,cbs-gemeentelijke-indeling-2025,municipality,1719,GM1719,Drimmelen,44.5,thousand_euro,CBS StatLine 70072NED Gemiddeld gestandaardiseerd inkomen,provenance/netherlands_income_manifest.json,family_mapped
netherlands,income,2025,2024,cbs-gemeentelijke-indeling-2025,municipality,1721,GM1721,Bernheze,47.8,thousand_euro,CBS StatLine 70072NED Gemiddeld gestandaardiseerd inkomen,provenance/netherlands_income_manifest.json,family_mapped
netherlands,income,2025,2024,cbs-gemeentelijke-indeling-2025,municipality,1723,GM1723,Alphen-Chaam,48.3,thousand_euro,CBS StatLine 70072NED Gemiddeld gestandaardiseerd inkomen,provenance/netherlands_income_manifest.json,family_mapped
netherlands,income,2025,2024,cbs-gemeentelijke-indeling-2025,municipality,1724,GM1724,Bergeijk,46.3,thousand_euro,CBS StatLine 70072NED Gemiddeld gestandaardiseerd inkomen,provenance/netherlands_income_manifest.json,family_mapped
netherlands,income,2025,2024,cbs-gemeentelijke-indeling-2025,municipality,1728,GM1728,Bladel,43.7,thousand_euro,CBS StatLine 70072NED Gemiddeld gestandaardiseerd inkomen,provenance/netherlands_income_manifest.json,family_mapped
netherlands,income,2025,2024,cbs-gemeentelijke-indeling-2025,municipality,1729,GM1729,Gulpen-Wittem,40.6,thousand_euro,CBS StatLine 70072NED Gemiddeld gestandaardiseerd inkomen,provenance/netherlands_income_manifest.json,family_mapped
netherlands,income,2025,2024,cbs-gemeentelijke-indeling-2025,municipality,1730,GM1730,Tynaarlo,45.4,thousand_euro,CBS StatLine 70072NED Gemiddeld gestandaardiseerd inkomen,provenance/netherlands_income_manifest.json,family_mapped
netherlands,income,2025,2024,cbs-gemeentelijke-indeling-2025,municipality,1731,GM1731,Midden-Drenthe,40.7,thousand_euro,CBS StatLine 70072NED Gemiddeld gestandaardiseerd inkomen,provenance/netherlands_income_manifest.json,family_mapped
netherlands,income,2025,2024,cbs-gemeentelijke-indeling-2025,municipality,1734,GM1734,Overbetuwe,44.4,thousand_euro,CBS StatLine 70072NED Gemiddeld gestandaardiseerd inkomen,provenance/netherlands_income_manifest.json,family_mapped
netherlands,income,2025,2024,cbs-gemeentelijke-indeling-2025,municipality,1735,GM1735,Hof van Twente,43.0,thousand_euro,CBS StatLine 70072NED Gemiddeld gestandaardiseerd inkomen,provenance/netherlands_income_manifest.json,family_mapped
netherlands,income,2025,2024,cbs-gemeentelijke-indeling-2025,municipality,1740,GM1740,Neder-Betuwe,40.9,thousand_euro,CBS StatLine 70072NED Gemiddeld gestandaardiseerd inkomen,provenance/netherlands_income_manifest.json,family_mapped
netherlands,income,2025,2024,cbs-gemeentelijke-indeling-2025,municipality,1742,GM1742,Rijssen-Holten,46.4,thousand_euro,CBS StatLine 70072NED Gemiddeld gestandaardiseerd inkomen,provenance/netherlands_income_manifest.json,family_mapped
netherlands,income,2025,2024,cbs-gemeentelijke-indeling-2025,municipality,1771,GM1771,Geldrop-Mierlo,44.6,thousand_euro,CBS StatLine 70072NED Gemiddeld gestandaardiseerd inkomen,provenance/netherlands_income_manifest.json,family_mapped
netherlands,income,2025,2024,cbs-gemeentelijke-indeling-2025,municipality,1773,GM1773,Olst-Wijhe,43.6,thousand_euro,CBS StatLine 70072NED Gemiddeld gestandaardiseerd inkomen,provenance/netherlands_income_manifest.json,family_mapped
netherlands,income,2025,2024,cbs-gemeentelijke-indeling-2025,municipality,1774,GM1774,Dinkelland,46.3,thousand_euro,CBS StatLine 70072NED Gemiddeld gestandaardiseerd inkomen,provenance/netherlands_income_manifest.json,family_mapped
netherlands,income,2025,2024,cbs-gemeentelijke-indeling-2025,municipality,1783,GM1783,Westland,48.4,thousand_euro,CBS StatLine 70072NED Gemiddeld gestandaardiseerd inkomen,provenance/netherlands_income_manifest.json,family_mapped
netherlands,income,2025,2024,cbs-gemeentelijke-indeling-2025,municipality,1842,GM1842,Midden-Delfland,55.3,thousand_euro,CBS StatLine 70072NED Gemiddeld gestandaardiseerd inkomen,provenance/netherlands_income_manifest.json,family_mapped
netherlands,income,2025,2024,cbs-gemeentelijke-indeling-2025,municipality,1859,GM1859,Berkelland,40.2,thousand_euro,CBS StatLine 70072NED Gemiddeld gestandaardiseerd inkomen,provenance/netherlands_income_manifest.json,family_mapped
netherlands,income,2025,2024,cbs-gemeentelijke-indeling-2025,municipality,1876,GM1876,Bronckhorst,44.1,thousand_euro,CBS StatLine 70072NED Gemiddeld gestandaardiseerd inkomen,provenance/netherlands_income_manifest.json,family_mapped
netherlands,income,2025,2024,cbs-gemeentelijke-indeling-2025,municipality,1883,GM1883,Sittard-Geleen,38.2,thousand_euro,CBS StatLine 70072NED Gemiddeld gestandaardiseerd inkomen,provenance/netherlands_income_manifest.json,family_mapped
netherlands,income,2025,2024,cbs-gemeentelijke-indeling-2025,municipality,1884,GM1884,Kaag en Braassem,47.9,thousand_euro,CBS StatLine 70072NED Gemiddeld gestandaardiseerd inkomen,provenance/netherlands_income_manifest.json,family_mapped
netherlands,income,2025,2024,cbs-gemeentelijke-indeling-2025,municipality,1891,GM1891,Dantumadiel,36.8,thousand_euro,CBS StatLine 70072NED Gemiddeld gestandaardiseerd inkomen,provenance/netherlands_income_manifest.json,family_mapped
netherlands,income,2025,2024,cbs-gemeentelijke-indeling-2025,municipality,1892,GM1892,Zuidplas,48.2,thousand_euro,CBS StatLine 70072NED Gemiddeld gestandaardiseerd inkomen,provenance/netherlands_income_manifest.json,family_mapped
netherlands,income,2025,2024,cbs-gemeentelijke-indeling-2025,municipality,1894,GM1894,Peel en Maas,41.1,thousand_euro,CBS StatLine 70072NED Gemiddeld gestandaardiseerd inkomen,provenance/netherlands_income_manifest.json,family_mapped
netherlands,income,2025,2024,cbs-gemeentelijke-indeling-2025,municipality,1895,GM1895,Oldambt,35.7,thousand_euro,CBS StatLine 70072NED Gemiddeld gestandaardiseerd inkomen,provenance/netherlands_income_manifest.json,family_mapped
netherlands,income,2025,2024,cbs-gemeentelijke-indeling-2025,municipality,1896,GM1896,Zwartewaterland,45.2,thousand_euro,CBS StatLine 70072NED Gemiddeld gestandaardiseerd inkomen,provenance/netherlands_income_manifest.json,family_mapped
netherlands,income,2025,2024,cbs-gemeentelijke-indeling-2025,municipality,1900,GM1900,Súdwest-Fryslân,38.9,thousand_euro,CBS StatLine 70072NED Gemiddeld gestandaardiseerd inkomen,provenance/netherlands_income_manifest.json,family_mapped
netherlands,income,2025,2024,cbs-gemeentelijke-indeling-2025,municipality,1901,GM1901,Bodegraven-Reeuwijk,51.1,thousand_euro,CBS StatLine 70072NED Gemiddeld gestandaardiseerd inkomen,provenance/netherlands_income_manifest.json,family_mapped
netherlands,income,2025,2024,cbs-gemeentelijke-indeling-2025,municipality,1903,GM1903,Eijsden-Margraten,45.1,thousand_euro,CBS StatLine 70072NED Gemiddeld gestandaardiseerd inkomen,provenance/netherlands_income_manifest.json,family_mapped
netherlands,income,2025,2024,cbs-gemeentelijke-indeling-2025,municipality,1904,GM1904,Stichtse Vecht,50.8,thousand_euro,CBS StatLine 70072NED Gemiddeld gestandaardiseerd inkomen,provenance/netherlands_income_manifest.json,family_mapped
netherlands,income,2025,2024,cbs-gemeentelijke-indeling-2025,municipality,1911,GM1911,Hollands Kroon,41.1,thousand_euro,CBS StatLine 70072NED Gemiddeld gestandaardiseerd inkomen,provenance/netherlands_income_manifest.json,family_mapped
netherlands,income,2025,2024,cbs-gemeentelijke-indeling-2025,municipality,1916,GM1916,Leidschendam-Voorburg,45.8,thousand_euro,CBS StatLine 70072NED Gemiddeld gestandaardiseerd inkomen,provenance/netherlands_income_manifest.json,family_mapped
netherlands,income,2025,2024,cbs-gemeentelijke-indeling-2025,municipality,1924,GM1924,Goeree-Overflakkee,44.4,thousand_euro,CBS StatLine 70072NED Gemiddeld gestandaardiseerd inkomen,provenance/netherlands_income_manifest.json,family_mapped
netherlands,income,2025,2024,cbs-gemeentelijke-indeling-2025,municipality,1926,GM1926,Pijnacker-Nootdorp,49.4,thousand_euro,CBS StatLine 70072NED Gemiddeld gestandaardiseerd inkomen,provenance/netherlands_income_manifest.json,family_mapped
netherlands,income,2025,2024,cbs-gemeentelijke-indeling-2025,municipality,1930,GM1930,Nissewaard,39.6,thousand_euro,CBS StatLine 70072NED Gemiddeld gestandaardiseerd inkomen,provenance/netherlands_income_manifest.json,family_mapped
netherlands,income,2025,2024,cbs-gemeentelijke-indeling-2025,municipality,1931,GM1931,Krimpenerwaard,45.4,thousand_euro,CBS StatLine 70072NED Gemiddeld gestandaardiseerd inkomen,provenance/netherlands_income_manifest.json,family_mapped
netherlands,income,2025,2024,cbs-gemeentelijke-indeling-2025,municipality,1940,GM1940,De Fryske Marren,41.0,thousand_euro,CBS StatLine 70072NED Gemiddeld gestandaardiseerd inkomen,provenance/netherlands_income_manifest.json,family_mapped
netherlands,income,2025,2024,cbs-gemeentelijke-indeling-2025,municipality,1942,GM1942,Gooise Meren,57.9,thousand_euro,CBS StatLine 70072NED Gemiddeld gestandaardiseerd inkomen,provenance/netherlands_income_manifest.json,family_mapped
netherlands,income,2025,2024,cbs-gemeentelijke-indeling-2025,municipality,1945,GM1945,Berg en Dal,42.8,thousand_euro,CBS StatLine 70072NED Gemiddeld gestandaardiseerd inkomen,provenance/netherlands_income_manifest.json,family_mapped
netherlands,income,2025,2024,cbs-gemeentelijke-indeling-2025,municipality,1948,GM1948,Meierijstad,45.7,thousand_euro,CBS StatLine 70072NED Gemiddeld gestandaardiseerd inkomen,provenance/netherlands_income_manifest.json,family_mapped
netherlands,income,2025,2024,cbs-gemeentelijke-indeling-2025,municipality,1949,GM1949,Waadhoeke,37.9,thousand_euro,CBS StatLine 70072NED Gemiddeld gestandaardiseerd inkomen,provenance/netherlands_income_manifest.json,family_mapped
netherlands,income,2025,2024,cbs-gemeentelijke-indeling-2025,municipality,1950,GM1950,Westerwolde,37.1,thousand_euro,CBS StatLine 70072NED Gemiddeld gestandaardiseerd inkomen,provenance/netherlands_income_manifest.json,family_mapped
netherlands,income,2025,2024,cbs-gemeentelijke-indeling-2025,municipality,1952,GM1952,Midden-Groningen,36.7,thousand_euro,CBS StatLine 70072NED Gemiddeld gestandaardiseerd inkomen,provenance/netherlands_income_manifest.json,family_mapped
netherlands,income,2025,2024,cbs-gemeentelijke-indeling-2025,municipality,1954,GM1954,Beekdaelen,42.2,thousand_euro,CBS StatLine 70072NED Gemiddeld gestandaardiseerd inkomen,provenance/netherlands_income_manifest.json,family_mapped
netherlands,income,2025,2024,cbs-gemeentelijke-indeling-2025,municipality,1955,GM1955,Montferland,41.0,thousand_euro,CBS StatLine 70072NED Gemiddeld gestandaardiseerd inkomen,provenance/netherlands_income_manifest.json,family_mapped
netherlands,income,2025,2024,cbs-gemeentelijke-indeling-2025,municipality,1959,GM1959,Altena,43.3,thousand_euro,CBS StatLine 70072NED Gemiddeld gestandaardiseerd inkomen,provenance/netherlands_income_manifest.json,family_mapped
netherlands,income,2025,2024,cbs-gemeentelijke-indeling-2025,municipality,1960,GM1960,West Betuwe,47.2,thousand_euro,CBS StatLine 70072NED Gemiddeld gestandaardiseerd inkomen,provenance/netherlands_income_manifest.json,family_mapped
netherlands,income,2025,2024,cbs-gemeentelijke-indeling-2025,municipality,1961,GM1961,Vijfheerenlanden,43.4,thousand_euro,CBS StatLine 70072NED Gemiddeld gestandaardiseerd inkomen,provenance/netherlands_income_manifest.json,family_mapped
netherlands,income,2025,2024,cbs-gemeentelijke-indeling-2025,municipality,1963,GM1963,Hoeksche Waard,50.0,thousand_euro,CBS StatLine 70072NED Gemiddeld gestandaardiseerd inkomen,provenance/netherlands_income_manifest.json,family_mapped
netherlands,income,2025,2024,cbs-gemeentelijke-indeling-2025,municipality,1966,GM1966,Het Hogeland,37.2,thousand_euro,CBS StatLine 70072NED Gemiddeld gestandaardiseerd inkomen,provenance/netherlands_income_manifest.json,family_mapped
netherlands,income,2025,2024,cbs-gemeentelijke-indeling-2025,municipality,1969,GM1969,Westerkwartier,40.6,thousand_euro,CBS StatLine 70072NED Gemiddeld gestandaardiseerd inkomen,provenance/netherlands_income_manifest.json,family_mapped
netherlands,income,2025,2024,cbs-gemeentelijke-indeling-2025,municipality,1970,GM1970,Noardeast-Fryslân,36.7,thousand_euro,CBS StatLine 70072NED Gemiddeld gestandaardiseerd inkomen,provenance/netherlands_income_manifest.json,family_mapped
netherlands,income,2025,2024,cbs-gemeentelijke-indeling-2025,municipality,1978,GM1978,Molenlanden,49.6,thousand_euro,CBS StatLine 70072NED Gemiddeld gestandaardiseerd inkomen,provenance/netherlands_income_manifest.json,family_mapped
netherlands,income,2025,2024,cbs-gemeentelijke-indeling-2025,municipality,1979,GM1979,Eemsdelta,36.2,thousand_euro,CBS StatLine 70072NED Gemiddeld gestandaardiseerd inkomen,provenance/netherlands_income_manifest.json,family_mapped
netherlands,income,2025,2024,cbs-gemeentelijke-indeling-2025,municipality,1980,GM1980,Dijk en Waard,43.1,thousand_euro,CBS StatLine 70072NED Gemiddeld gestandaardiseerd inkomen,provenance/netherlands_income_manifest.json,family_mapped
netherlands,income,2025,2024,cbs-gemeentelijke-indeling-2025,municipality,1982,GM1982,Land van Cuijk,42.4,thousand_euro,CBS StatLine 70072NED Gemiddeld gestandaardiseerd inkomen,provenance/netherlands_income_manifest.json,family_mapped
netherlands,income,2025,2024,cbs-gemeentelijke-indeling-2025,municipality,1991,GM1991,Maashorst,44.7,thousand_euro,CBS StatLine 70072NED Gemiddeld gestandaardiseerd inkomen,provenance/netherlands_income_manifest.json,family_mapped
netherlands,income,2025,2024,cbs-gemeentelijke-indeling-2025,municipality,1992,GM1992,Voorne aan Zee,47.1,thousand_euro,CBS StatLine 70072NED Gemiddeld gestandaardiseerd inkomen,provenance/netherlands_income_manifest.json,family_mapped
