country_id,factor_id,year,reference_period,geography_version,public_geography_type,public_geography_id,cbs_gm_code,municipality,value,unit,source_name,provenance_ref,comparability_status
netherlands,one_person_households,2023,2023,cbs-gemeentelijke-indeling-2023,municipality,0014,GM0014,Groningen,59.5,percent,CBS StatLine 70072NED Eenpersoonshuishoudens,provenance/netherlands_one_person_households_manifest.json,country_local
netherlands,one_person_households,2023,2023,cbs-gemeentelijke-indeling-2023,municipality,0034,GM0034,Almere,32.9,percent,CBS StatLine 70072NED Eenpersoonshuishoudens,provenance/netherlands_one_person_households_manifest.json,country_local
netherlands,one_person_households,2023,2023,cbs-gemeentelijke-indeling-2023,municipality,0037,GM0037,Stadskanaal,36.8,percent,CBS StatLine 70072NED Eenpersoonshuishoudens,provenance/netherlands_one_person_households_manifest.json,country_local
netherlands,one_person_households,2023,2023,cbs-gemeentelijke-indeling-2023,municipality,0047,GM0047,Veendam,35.7,percent,CBS StatLine 70072NED Eenpersoonshuishoudens,provenance/netherlands_one_person_households_manifest.json,country_local
netherlands,one_person_households,2023,2023,cbs-gemeentelijke-indeling-2023,municipality,0050,GM0050,Zeewolde,31.6,percent,CBS StatLine 70072NED Eenpersoonshuishoudens,provenance/netherlands_one_person_households_manifest.json,country_local
netherlands,one_person_households,2023,2023,cbs-gemeentelijke-indeling-2023,municipality,0059,GM0059,Achtkarspelen,31.9,percent,CBS StatLine 70072NED Eenpersoonshuishoudens,provenance/netherlands_one_person_households_manifest.json,country_local
netherlands,one_person_households,2023,2023,cbs-gemeentelijke-indeling-2023,municipality,0060,GM0060,Ameland,41.7,percent,CBS StatLine 70072NED Eenpersoonshuishoudens,provenance/netherlands_one_person_households_manifest.json,country_local
netherlands,one_person_households,2023,2023,cbs-gemeentelijke-indeling-2023,municipality,0072,GM0072,Harlingen,40.2,percent,CBS StatLine 70072NED Eenpersoonshuishoudens,provenance/netherlands_one_person_households_manifest.json,country_local
netherlands,one_person_households,2023,2023,cbs-gemeentelijke-indeling-2023,municipality,0074,GM0074,Heerenveen,37.0,percent,CBS StatLine 70072NED Eenpersoonshuishoudens,provenance/netherlands_one_person_households_manifest.json,country_local
netherlands,one_person_households,2023,2023,cbs-gemeentelijke-indeling-2023,municipality,0080,GM0080,Leeuwarden,47.7,percent,CBS StatLine 70072NED Eenpersoonshuishoudens,provenance/netherlands_one_person_households_manifest.json,country_local
netherlands,one_person_households,2023,2023,cbs-gemeentelijke-indeling-2023,municipality,0085,GM0085,Ooststellingwerf,33.6,percent,CBS StatLine 70072NED Eenpersoonshuishoudens,provenance/netherlands_one_person_households_manifest.json,country_local
netherlands,one_person_households,2023,2023,cbs-gemeentelijke-indeling-2023,municipality,0086,GM0086,Opsterland,31.2,percent,CBS StatLine 70072NED Eenpersoonshuishoudens,provenance/netherlands_one_person_households_manifest.json,country_local
netherlands,one_person_households,2023,2023,cbs-gemeentelijke-indeling-2023,municipality,0088,GM0088,Schiermonnikoog,56.6,percent,CBS StatLine 70072NED Eenpersoonshuishoudens,provenance/netherlands_one_person_households_manifest.json,country_local
netherlands,one_person_households,2023,2023,cbs-gemeentelijke-indeling-2023,municipality,0090,GM0090,Smallingerland,37.5,percent,CBS StatLine 70072NED Eenpersoonshuishoudens,provenance/netherlands_one_person_households_manifest.json,country_local
netherlands,one_person_households,2023,2023,cbs-gemeentelijke-indeling-2023,municipality,0093,GM0093,Terschelling,47.2,percent,CBS StatLine 70072NED Eenpersoonshuishoudens,provenance/netherlands_one_person_households_manifest.json,country_local
netherlands,one_person_households,2023,2023,cbs-gemeentelijke-indeling-2023,municipality,0096,GM0096,Vlieland,58.3,percent,CBS StatLine 70072NED Eenpersoonshuishoudens,provenance/netherlands_one_person_households_manifest.json,country_local
netherlands,one_person_households,2023,2023,cbs-gemeentelijke-indeling-2023,municipality,0098,GM0098,Weststellingwerf,33.1,percent,CBS StatLine 70072NED Eenpersoonshuishoudens,provenance/netherlands_one_person_households_manifest.json,country_local
netherlands,one_person_households,2023,2023,cbs-gemeentelijke-indeling-2023,municipality,0106,GM0106,Assen,40.0,percent,CBS StatLine 70072NED Eenpersoonshuishoudens,provenance/netherlands_one_person_households_manifest.json,country_local
netherlands,one_person_households,2023,2023,cbs-gemeentelijke-indeling-2023,municipality,0109,GM0109,Coevorden,32.2,percent,CBS StatLine 70072NED Eenpersoonshuishoudens,provenance/netherlands_one_person_households_manifest.json,country_local
netherlands,one_person_households,2023,2023,cbs-gemeentelijke-indeling-2023,municipality,0114,GM0114,Emmen,35.5,percent,CBS StatLine 70072NED Eenpersoonshuishoudens,provenance/netherlands_one_person_households_manifest.json,country_local
netherlands,one_person_households,2023,2023,cbs-gemeentelijke-indeling-2023,municipality,0118,GM0118,Hoogeveen,35.5,percent,CBS StatLine 70072NED Eenpersoonshuishoudens,provenance/netherlands_one_person_households_manifest.json,country_local
netherlands,one_person_households,2023,2023,cbs-gemeentelijke-indeling-2023,municipality,0119,GM0119,Meppel,38.1,percent,CBS StatLine 70072NED Eenpersoonshuishoudens,provenance/netherlands_one_person_households_manifest.json,country_local
netherlands,one_person_households,2023,2023,cbs-gemeentelijke-indeling-2023,municipality,0141,GM0141,Almelo,37.6,percent,CBS StatLine 70072NED Eenpersoonshuishoudens,provenance/netherlands_one_person_households_manifest.json,country_local
netherlands,one_person_households,2023,2023,cbs-gemeentelijke-indeling-2023,municipality,0147,GM0147,Borne,28.8,percent,CBS StatLine 70072NED Eenpersoonshuishoudens,provenance/netherlands_one_person_households_manifest.json,country_local
netherlands,one_person_households,2023,2023,cbs-gemeentelijke-indeling-2023,municipality,0148,GM0148,Dalfsen,28.1,percent,CBS StatLine 70072NED Eenpersoonshuishoudens,provenance/netherlands_one_person_households_manifest.json,country_local
netherlands,one_person_households,2023,2023,cbs-gemeentelijke-indeling-2023,municipality,0150,GM0150,Deventer,39.9,percent,CBS StatLine 70072NED Eenpersoonshuishoudens,provenance/netherlands_one_person_households_manifest.json,country_local
netherlands,one_person_households,2023,2023,cbs-gemeentelijke-indeling-2023,municipality,0153,GM0153,Enschede,47.3,percent,CBS StatLine 70072NED Eenpersoonshuishoudens,provenance/netherlands_one_person_households_manifest.json,country_local
netherlands,one_person_households,2023,2023,cbs-gemeentelijke-indeling-2023,municipality,0158,GM0158,Haaksbergen,30.4,percent,CBS StatLine 70072NED Eenpersoonshuishoudens,provenance/netherlands_one_person_households_manifest.json,country_local
netherlands,one_person_households,2023,2023,cbs-gemeentelijke-indeling-2023,municipality,0160,GM0160,Hardenberg,29.4,percent,CBS StatLine 70072NED Eenpersoonshuishoudens,provenance/netherlands_one_person_households_manifest.json,country_local
netherlands,one_person_households,2023,2023,cbs-gemeentelijke-indeling-2023,municipality,0163,GM0163,Hellendoorn,29.1,percent,CBS StatLine 70072NED Eenpersoonshuishoudens,provenance/netherlands_one_person_households_manifest.json,country_local
netherlands,one_person_households,2023,2023,cbs-gemeentelijke-indeling-2023,municipality,0164,GM0164,Hengelo,40.9,percent,CBS StatLine 70072NED Eenpersoonshuishoudens,provenance/netherlands_one_person_households_manifest.json,country_local
netherlands,one_person_households,2023,2023,cbs-gemeentelijke-indeling-2023,municipality,0166,GM0166,Kampen,32.3,percent,CBS StatLine 70072NED Eenpersoonshuishoudens,provenance/netherlands_one_person_households_manifest.json,country_local
netherlands,one_person_households,2023,2023,cbs-gemeentelijke-indeling-2023,municipality,0168,GM0168,Losser,28.1,percent,CBS StatLine 70072NED Eenpersoonshuishoudens,provenance/netherlands_one_person_households_manifest.json,country_local
netherlands,one_person_households,2023,2023,cbs-gemeentelijke-indeling-2023,municipality,0171,GM0171,Noordoostpolder,32.9,percent,CBS StatLine 70072NED Eenpersoonshuishoudens,provenance/netherlands_one_person_households_manifest.json,country_local
netherlands,one_person_households,2023,2023,cbs-gemeentelijke-indeling-2023,municipality,0173,GM0173,Oldenzaal,35.5,percent,CBS StatLine 70072NED Eenpersoonshuishoudens,provenance/netherlands_one_person_households_manifest.json,country_local
netherlands,one_person_households,2023,2023,cbs-gemeentelijke-indeling-2023,municipality,0175,GM0175,Ommen,31.4,percent,CBS StatLine 70072NED Eenpersoonshuishoudens,provenance/netherlands_one_person_households_manifest.json,country_local
netherlands,one_person_households,2023,2023,cbs-gemeentelijke-indeling-2023,municipality,0177,GM0177,Raalte,30.0,percent,CBS StatLine 70072NED Eenpersoonshuishoudens,provenance/netherlands_one_person_households_manifest.json,country_local
netherlands,one_person_households,2023,2023,cbs-gemeentelijke-indeling-2023,municipality,0180,GM0180,Staphorst,25.9,percent,CBS StatLine 70072NED Eenpersoonshuishoudens,provenance/netherlands_one_person_households_manifest.json,country_local
netherlands,one_person_households,2023,2023,cbs-gemeentelijke-indeling-2023,municipality,0183,GM0183,Tubbergen,26.4,percent,CBS StatLine 70072NED Eenpersoonshuishoudens,provenance/netherlands_one_person_households_manifest.json,country_local
netherlands,one_person_households,2023,2023,cbs-gemeentelijke-indeling-2023,municipality,0184,GM0184,Urk,21.7,percent,CBS StatLine 70072NED Eenpersoonshuishoudens,provenance/netherlands_one_person_households_manifest.json,country_local
netherlands,one_person_households,2023,2023,cbs-gemeentelijke-indeling-2023,municipality,0189,GM0189,Wierden,26.5,percent,CBS StatLine 70072NED Eenpersoonshuishoudens,provenance/netherlands_one_person_households_manifest.json,country_local
netherlands,one_person_households,2023,2023,cbs-gemeentelijke-indeling-2023,municipality,0193,GM0193,Zwolle,42.2,percent,CBS StatLine 70072NED Eenpersoonshuishoudens,provenance/netherlands_one_person_households_manifest.json,country_local
netherlands,one_person_households,2023,2023,cbs-gemeentelijke-indeling-2023,municipality,0197,GM0197,Aalten,30.8,percent,CBS StatLine 70072NED Eenpersoonshuishoudens,provenance/netherlands_one_person_households_manifest.json,country_local
netherlands,one_person_households,2023,2023,cbs-gemeentelijke-indeling-2023,municipality,0200,GM0200,Apeldoorn,37.4,percent,CBS StatLine 70072NED Eenpersoonshuishoudens,provenance/netherlands_one_person_households_manifest.json,country_local
netherlands,one_person_households,2023,2023,cbs-gemeentelijke-indeling-2023,municipality,0202,GM0202,Arnhem,48.7,percent,CBS StatLine 70072NED Eenpersoonshuishoudens,provenance/netherlands_one_person_households_manifest.json,country_local
netherlands,one_person_households,2023,2023,cbs-gemeentelijke-indeling-2023,municipality,0203,GM0203,Barneveld,28.4,percent,CBS StatLine 70072NED Eenpersoonshuishoudens,provenance/netherlands_one_person_households_manifest.json,country_local
netherlands,one_person_households,2023,2023,cbs-gemeentelijke-indeling-2023,municipality,0209,GM0209,Beuningen,29.9,percent,CBS StatLine 70072NED Eenpersoonshuishoudens,provenance/netherlands_one_person_households_manifest.json,country_local
netherlands,one_person_households,2023,2023,cbs-gemeentelijke-indeling-2023,municipality,0213,GM0213,Brummen,30.4,percent,CBS StatLine 70072NED Eenpersoonshuishoudens,provenance/netherlands_one_person_households_manifest.json,country_local
netherlands,one_person_households,2023,2023,cbs-gemeentelijke-indeling-2023,municipality,0214,GM0214,Buren,27.1,percent,CBS StatLine 70072NED Eenpersoonshuishoudens,provenance/netherlands_one_person_households_manifest.json,country_local
netherlands,one_person_households,2023,2023,cbs-gemeentelijke-indeling-2023,municipality,0216,GM0216,Culemborg,33.8,percent,CBS StatLine 70072NED Eenpersoonshuishoudens,provenance/netherlands_one_person_households_manifest.json,country_local
netherlands,one_person_households,2023,2023,cbs-gemeentelijke-indeling-2023,municipality,0221,GM0221,Doesburg,37.0,percent,CBS StatLine 70072NED Eenpersoonshuishoudens,provenance/netherlands_one_person_households_manifest.json,country_local
netherlands,one_person_households,2023,2023,cbs-gemeentelijke-indeling-2023,municipality,0222,GM0222,Doetinchem,36.0,percent,CBS StatLine 70072NED Eenpersoonshuishoudens,provenance/netherlands_one_person_households_manifest.json,country_local
netherlands,one_person_households,2023,2023,cbs-gemeentelijke-indeling-2023,municipality,0225,GM0225,Druten,29.9,percent,CBS StatLine 70072NED Eenpersoonshuishoudens,provenance/netherlands_one_person_households_manifest.json,country_local
netherlands,one_person_households,2023,2023,cbs-gemeentelijke-indeling-2023,municipality,0226,GM0226,Duiven,28.9,percent,CBS StatLine 70072NED Eenpersoonshuishoudens,provenance/netherlands_one_person_households_manifest.json,country_local
netherlands,one_person_households,2023,2023,cbs-gemeentelijke-indeling-2023,municipality,0228,GM0228,Ede,35.1,percent,CBS StatLine 70072NED Eenpersoonshuishoudens,provenance/netherlands_one_person_households_manifest.json,country_local
netherlands,one_person_households,2023,2023,cbs-gemeentelijke-indeling-2023,municipality,0230,GM0230,Elburg,28.7,percent,CBS StatLine 70072NED Eenpersoonshuishoudens,provenance/netherlands_one_person_households_manifest.json,country_local
netherlands,one_person_households,2023,2023,cbs-gemeentelijke-indeling-2023,municipality,0232,GM0232,Epe,31.5,percent,CBS StatLine 70072NED Eenpersoonshuishoudens,provenance/netherlands_one_person_households_manifest.json,country_local
netherlands,one_person_households,2023,2023,cbs-gemeentelijke-indeling-2023,municipality,0233,GM0233,Ermelo,34.6,percent,CBS StatLine 70072NED Eenpersoonshuishoudens,provenance/netherlands_one_person_households_manifest.json,country_local
netherlands,one_person_households,2023,2023,cbs-gemeentelijke-indeling-2023,municipality,0243,GM0243,Harderwijk,34.0,percent,CBS StatLine 70072NED Eenpersoonshuishoudens,provenance/netherlands_one_person_households_manifest.json,country_local
netherlands,one_person_households,2023,2023,cbs-gemeentelijke-indeling-2023,municipality,0244,GM0244,Hattem,30.8,percent,CBS StatLine 70072NED Eenpersoonshuishoudens,provenance/netherlands_one_person_households_manifest.json,country_local
netherlands,one_person_households,2023,2023,cbs-gemeentelijke-indeling-2023,municipality,0246,GM0246,Heerde,28.0,percent,CBS StatLine 70072NED Eenpersoonshuishoudens,provenance/netherlands_one_person_households_manifest.json,country_local
netherlands,one_person_households,2023,2023,cbs-gemeentelijke-indeling-2023,municipality,0252,GM0252,Heumen,32.3,percent,CBS StatLine 70072NED Eenpersoonshuishoudens,provenance/netherlands_one_person_households_manifest.json,country_local
netherlands,one_person_households,2023,2023,cbs-gemeentelijke-indeling-2023,municipality,0262,GM0262,Lochem,31.6,percent,CBS StatLine 70072NED Eenpersoonshuishoudens,provenance/netherlands_one_person_households_manifest.json,country_local
netherlands,one_person_households,2023,2023,cbs-gemeentelijke-indeling-2023,municipality,0263,GM0263,Maasdriel,32.5,percent,CBS StatLine 70072NED Eenpersoonshuishoudens,provenance/netherlands_one_person_households_manifest.json,country_local
netherlands,one_person_households,2023,2023,cbs-gemeentelijke-indeling-2023,municipality,0267,GM0267,Nijkerk,29.5,percent,CBS StatLine 70072NED Eenpersoonshuishoudens,provenance/netherlands_one_person_households_manifest.json,country_local
netherlands,one_person_households,2023,2023,cbs-gemeentelijke-indeling-2023,municipality,0268,GM0268,Nijmegen,54.2,percent,CBS StatLine 70072NED Eenpersoonshuishoudens,provenance/netherlands_one_person_households_manifest.json,country_local
netherlands,one_person_households,2023,2023,cbs-gemeentelijke-indeling-2023,municipality,0269,GM0269,Oldebroek,26.4,percent,CBS StatLine 70072NED Eenpersoonshuishoudens,provenance/netherlands_one_person_households_manifest.json,country_local
netherlands,one_person_households,2023,2023,cbs-gemeentelijke-indeling-2023,municipality,0273,GM0273,Putten,28.6,percent,CBS StatLine 70072NED Eenpersoonshuishoudens,provenance/netherlands_one_person_households_manifest.json,country_local
netherlands,one_person_households,2023,2023,cbs-gemeentelijke-indeling-2023,municipality,0274,GM0274,Renkum,38.1,percent,CBS StatLine 70072NED Eenpersoonshuishoudens,provenance/netherlands_one_person_households_manifest.json,country_local
netherlands,one_person_households,2023,2023,cbs-gemeentelijke-indeling-2023,municipality,0275,GM0275,Rheden,41.7,percent,CBS StatLine 70072NED Eenpersoonshuishoudens,provenance/netherlands_one_person_households_manifest.json,country_local
netherlands,one_person_households,2023,2023,cbs-gemeentelijke-indeling-2023,municipality,0277,GM0277,Rozendaal,20.7,percent,CBS StatLine 70072NED Eenpersoonshuishoudens,provenance/netherlands_one_person_households_manifest.json,country_local
netherlands,one_person_households,2023,2023,cbs-gemeentelijke-indeling-2023,municipality,0279,GM0279,Scherpenzeel,30.7,percent,CBS StatLine 70072NED Eenpersoonshuishoudens,provenance/netherlands_one_person_households_manifest.json,country_local
netherlands,one_person_households,2023,2023,cbs-gemeentelijke-indeling-2023,municipality,0281,GM0281,Tiel,38.7,percent,CBS StatLine 70072NED Eenpersoonshuishoudens,provenance/netherlands_one_person_households_manifest.json,country_local
netherlands,one_person_households,2023,2023,cbs-gemeentelijke-indeling-2023,municipality,0285,GM0285,Voorst,28.4,percent,CBS StatLine 70072NED Eenpersoonshuishoudens,provenance/netherlands_one_person_households_manifest.json,country_local
netherlands,one_person_households,2023,2023,cbs-gemeentelijke-indeling-2023,municipality,0289,GM0289,Wageningen,61.8,percent,CBS StatLine 70072NED Eenpersoonshuishoudens,provenance/netherlands_one_person_households_manifest.json,country_local
netherlands,one_person_households,2023,2023,cbs-gemeentelijke-indeling-2023,municipality,0293,GM0293,Westervoort,31.0,percent,CBS StatLine 70072NED Eenpersoonshuishoudens,provenance/netherlands_one_person_households_manifest.json,country_local
netherlands,one_person_households,2023,2023,cbs-gemeentelijke-indeling-2023,municipality,0294,GM0294,Winterswijk,34.1,percent,CBS StatLine 70072NED Eenpersoonshuishoudens,provenance/netherlands_one_person_households_manifest.json,country_local
netherlands,one_person_households,2023,2023,cbs-gemeentelijke-indeling-2023,municipality,0296,GM0296,Wijchen,31.3,percent,CBS StatLine 70072NED Eenpersoonshuishoudens,provenance/netherlands_one_person_households_manifest.json,country_local
netherlands,one_person_households,2023,2023,cbs-gemeentelijke-indeling-2023,municipality,0297,GM0297,Zaltbommel,31.8,percent,CBS StatLine 70072NED Eenpersoonshuishoudens,provenance/netherlands_one_person_households_manifest.json,country_local
netherlands,one_person_households,2023,2023,cbs-gemeentelijke-indeling-2023,municipality,0299,GM0299,Zevenaar,33.5,percent,CBS StatLine 70072NED Eenpersoonshuishoudens,provenance/netherlands_one_person_households_manifest.json,country_local
netherlands,one_person_households,2023,2023,cbs-gemeentelijke-indeling-2023,municipality,0301,GM0301,Zutphen,39.9,percent,CBS StatLine 70072NED Eenpersoonshuishoudens,provenance/netherlands_one_person_households_manifest.json,country_local
netherlands,one_person_households,2023,2023,cbs-gemeentelijke-indeling-2023,municipality,0302,GM0302,Nunspeet,29.4,percent,CBS StatLine 70072NED Eenpersoonshuishoudens,provenance/netherlands_one_person_households_manifest.json,country_local
netherlands,one_person_households,2023,2023,cbs-gemeentelijke-indeling-2023,municipality,0303,GM0303,Dronten,31.4,percent,CBS StatLine 70072NED Eenpersoonshuishoudens,provenance/netherlands_one_person_households_manifest.json,country_local
netherlands,one_person_households,2023,2023,cbs-gemeentelijke-indeling-2023,municipality,0307,GM0307,Amersfoort,37.5,percent,CBS StatLine 70072NED Eenpersoonshuishoudens,provenance/netherlands_one_person_households_manifest.json,country_local
netherlands,one_person_households,2023,2023,cbs-gemeentelijke-indeling-2023,municipality,0308,GM0308,Baarn,39.1,percent,CBS StatLine 70072NED Eenpersoonshuishoudens,provenance/netherlands_one_person_households_manifest.json,country_local
netherlands,one_person_households,2023,2023,cbs-gemeentelijke-indeling-2023,municipality,0310,GM0310,De Bilt,37.1,percent,CBS StatLine 70072NED Eenpersoonshuishoudens,provenance/netherlands_one_person_households_manifest.json,country_local
netherlands,one_person_households,2023,2023,cbs-gemeentelijke-indeling-2023,municipality,0312,GM0312,Bunnik,32.4,percent,CBS StatLine 70072NED Eenpersoonshuishoudens,provenance/netherlands_one_person_households_manifest.json,country_local
netherlands,one_person_households,2023,2023,cbs-gemeentelijke-indeling-2023,municipality,0313,GM0313,Bunschoten,26.9,percent,CBS StatLine 70072NED Eenpersoonshuishoudens,provenance/netherlands_one_person_households_manifest.json,country_local
netherlands,one_person_households,2023,2023,cbs-gemeentelijke-indeling-2023,municipality,0317,GM0317,Eemnes,30.7,percent,CBS StatLine 70072NED Eenpersoonshuishoudens,provenance/netherlands_one_person_households_manifest.json,country_local
netherlands,one_person_households,2023,2023,cbs-gemeentelijke-indeling-2023,municipality,0321,GM0321,Houten,29.0,percent,CBS StatLine 70072NED Eenpersoonshuishoudens,provenance/netherlands_one_person_households_manifest.json,country_local
netherlands,one_person_households,2023,2023,cbs-gemeentelijke-indeling-2023,municipality,0327,GM0327,Leusden,32.2,percent,CBS StatLine 70072NED Eenpersoonshuishoudens,provenance/netherlands_one_person_households_manifest.json,country_local
netherlands,one_person_households,2023,2023,cbs-gemeentelijke-indeling-2023,municipality,0331,GM0331,Lopik,27.3,percent,CBS StatLine 70072NED Eenpersoonshuishoudens,provenance/netherlands_one_person_households_manifest.json,country_local
netherlands,one_person_households,2023,2023,cbs-gemeentelijke-indeling-2023,municipality,0335,GM0335,Montfoort,29.3,percent,CBS StatLine 70072NED Eenpersoonshuishoudens,provenance/netherlands_one_person_households_manifest.json,country_local
netherlands,one_person_households,2023,2023,cbs-gemeentelijke-indeling-2023,municipality,0339,GM0339,Renswoude,29.1,percent,CBS StatLine 70072NED Eenpersoonshuishoudens,provenance/netherlands_one_person_households_manifest.json,country_local
netherlands,one_person_households,2023,2023,cbs-gemeentelijke-indeling-2023,municipality,0340,GM0340,Rhenen,31.7,percent,CBS StatLine 70072NED Eenpersoonshuishoudens,provenance/netherlands_one_person_households_manifest.json,country_local
netherlands,one_person_households,2023,2023,cbs-gemeentelijke-indeling-2023,municipality,0342,GM0342,Soest,34.4,percent,CBS StatLine 70072NED Eenpersoonshuishoudens,provenance/netherlands_one_person_households_manifest.json,country_local
netherlands,one_person_households,2023,2023,cbs-gemeentelijke-indeling-2023,municipality,0344,GM0344,Utrecht,50.8,percent,CBS StatLine 70072NED Eenpersoonshuishoudens,provenance/netherlands_one_person_households_manifest.json,country_local
netherlands,one_person_households,2023,2023,cbs-gemeentelijke-indeling-2023,municipality,0345,GM0345,Veenendaal,33.4,percent,CBS StatLine 70072NED Eenpersoonshuishoudens,provenance/netherlands_one_person_households_manifest.json,country_local
netherlands,one_person_households,2023,2023,cbs-gemeentelijke-indeling-2023,municipality,0351,GM0351,Woudenberg,27.3,percent,CBS StatLine 70072NED Eenpersoonshuishoudens,provenance/netherlands_one_person_households_manifest.json,country_local
netherlands,one_person_households,2023,2023,cbs-gemeentelijke-indeling-2023,municipality,0352,GM0352,Wijk bij Duurstede,29.5,percent,CBS StatLine 70072NED Eenpersoonshuishoudens,provenance/netherlands_one_person_households_manifest.json,country_local
netherlands,one_person_households,2023,2023,cbs-gemeentelijke-indeling-2023,municipality,0353,GM0353,IJsselstein,32.2,percent,CBS StatLine 70072NED Eenpersoonshuishoudens,provenance/netherlands_one_person_households_manifest.json,country_local
netherlands,one_person_households,2023,2023,cbs-gemeentelijke-indeling-2023,municipality,0355,GM0355,Zeist,41.6,percent,CBS StatLine 70072NED Eenpersoonshuishoudens,provenance/netherlands_one_person_households_manifest.json,country_local
netherlands,one_person_households,2023,2023,cbs-gemeentelijke-indeling-2023,municipality,0356,GM0356,Nieuwegein,37.6,percent,CBS StatLine 70072NED Eenpersoonshuishoudens,provenance/netherlands_one_person_households_manifest.json,country_local
netherlands,one_person_households,2023,2023,cbs-gemeentelijke-indeling-2023,municipality,0358,GM0358,Aalsmeer,33.2,percent,CBS StatLine 70072NED Eenpersoonshuishoudens,provenance/netherlands_one_person_households_manifest.json,country_local
netherlands,one_person_households,2023,2023,cbs-gemeentelijke-indeling-2023,municipality,0361,GM0361,Alkmaar,41.6,percent,CBS StatLine 70072NED Eenpersoonshuishoudens,provenance/netherlands_one_person_households_manifest.json,country_local
netherlands,one_person_households,2023,2023,cbs-gemeentelijke-indeling-2023,municipality,0362,GM0362,Amstelveen,43.8,percent,CBS StatLine 70072NED Eenpersoonshuishoudens,provenance/netherlands_one_person_households_manifest.json,country_local
netherlands,one_person_households,2023,2023,cbs-gemeentelijke-indeling-2023,municipality,0363,GM0363,Amsterdam,54.9,percent,CBS StatLine 70072NED Eenpersoonshuishoudens,provenance/netherlands_one_person_households_manifest.json,country_local
netherlands,one_person_households,2023,2023,cbs-gemeentelijke-indeling-2023,municipality,0373,GM0373,Bergen (NH.),38.2,percent,CBS StatLine 70072NED Eenpersoonshuishoudens,provenance/netherlands_one_person_households_manifest.json,country_local
netherlands,one_person_households,2023,2023,cbs-gemeentelijke-indeling-2023,municipality,0375,GM0375,Beverwijk,39.0,percent,CBS StatLine 70072NED Eenpersoonshuishoudens,provenance/netherlands_one_person_households_manifest.json,country_local
netherlands,one_person_households,2023,2023,cbs-gemeentelijke-indeling-2023,municipality,0376,GM0376,Blaricum,29.8,percent,CBS StatLine 70072NED Eenpersoonshuishoudens,provenance/netherlands_one_person_households_manifest.json,country_local
netherlands,one_person_households,2023,2023,cbs-gemeentelijke-indeling-2023,municipality,0377,GM0377,Bloemendaal,32.0,percent,CBS StatLine 70072NED Eenpersoonshuishoudens,provenance/netherlands_one_person_households_manifest.json,country_local
netherlands,one_person_households,2023,2023,cbs-gemeentelijke-indeling-2023,municipality,0383,GM0383,Castricum,33.3,percent,CBS StatLine 70072NED Eenpersoonshuishoudens,provenance/netherlands_one_person_households_manifest.json,country_local
netherlands,one_person_households,2023,2023,cbs-gemeentelijke-indeling-2023,municipality,0384,GM0384,Diemen,46.9,percent,CBS StatLine 70072NED Eenpersoonshuishoudens,provenance/netherlands_one_person_households_manifest.json,country_local
netherlands,one_person_households,2023,2023,cbs-gemeentelijke-indeling-2023,municipality,0385,GM0385,Edam-Volendam,29.3,percent,CBS StatLine 70072NED Eenpersoonshuishoudens,provenance/netherlands_one_person_households_manifest.json,country_local
netherlands,one_person_households,2023,2023,cbs-gemeentelijke-indeling-2023,municipality,0388,GM0388,Enkhuizen,39.3,percent,CBS StatLine 70072NED Eenpersoonshuishoudens,provenance/netherlands_one_person_households_manifest.json,country_local
netherlands,one_person_households,2023,2023,cbs-gemeentelijke-indeling-2023,municipality,0392,GM0392,Haarlem,44.0,percent,CBS StatLine 70072NED Eenpersoonshuishoudens,provenance/netherlands_one_person_households_manifest.json,country_local
netherlands,one_person_households,2023,2023,cbs-gemeentelijke-indeling-2023,municipality,0394,GM0394,Haarlemmermeer,31.8,percent,CBS StatLine 70072NED Eenpersoonshuishoudens,provenance/netherlands_one_person_households_manifest.json,country_local
netherlands,one_person_households,2023,2023,cbs-gemeentelijke-indeling-2023,municipality,0396,GM0396,Heemskerk,34.7,percent,CBS StatLine 70072NED Eenpersoonshuishoudens,provenance/netherlands_one_person_households_manifest.json,country_local
netherlands,one_person_households,2023,2023,cbs-gemeentelijke-indeling-2023,municipality,0397,GM0397,Heemstede,36.8,percent,CBS StatLine 70072NED Eenpersoonshuishoudens,provenance/netherlands_one_person_households_manifest.json,country_local
netherlands,one_person_households,2023,2023,cbs-gemeentelijke-indeling-2023,municipality,0399,GM0399,Heiloo,35.2,percent,CBS StatLine 70072NED Eenpersoonshuishoudens,provenance/netherlands_one_person_households_manifest.json,country_local
netherlands,one_person_households,2023,2023,cbs-gemeentelijke-indeling-2023,municipality,0400,GM0400,Den Helder,41.7,percent,CBS StatLine 70072NED Eenpersoonshuishoudens,provenance/netherlands_one_person_households_manifest.json,country_local
netherlands,one_person_households,2023,2023,cbs-gemeentelijke-indeling-2023,municipality,0402,GM0402,Hilversum,42.7,percent,CBS StatLine 70072NED Eenpersoonshuishoudens,provenance/netherlands_one_person_households_manifest.json,country_local
netherlands,one_person_households,2023,2023,cbs-gemeentelijke-indeling-2023,municipality,0405,GM0405,Hoorn,37.7,percent,CBS StatLine 70072NED Eenpersoonshuishoudens,provenance/netherlands_one_person_households_manifest.json,country_local
netherlands,one_person_households,2023,2023,cbs-gemeentelijke-indeling-2023,municipality,0406,GM0406,Huizen,36.4,percent,CBS StatLine 70072NED Eenpersoonshuishoudens,provenance/netherlands_one_person_households_manifest.json,country_local
netherlands,one_person_households,2023,2023,cbs-gemeentelijke-indeling-2023,municipality,0415,GM0415,Landsmeer,29.3,percent,CBS StatLine 70072NED Eenpersoonshuishoudens,provenance/netherlands_one_person_households_manifest.json,country_local
netherlands,one_person_households,2023,2023,cbs-gemeentelijke-indeling-2023,municipality,0417,GM0417,Laren,38.2,percent,CBS StatLine 70072NED Eenpersoonshuishoudens,provenance/netherlands_one_person_households_manifest.json,country_local
netherlands,one_person_households,2023,2023,cbs-gemeentelijke-indeling-2023,municipality,0420,GM0420,Medemblik,32.1,percent,CBS StatLine 70072NED Eenpersoonshuishoudens,provenance/netherlands_one_person_households_manifest.json,country_local
netherlands,one_person_households,2023,2023,cbs-gemeentelijke-indeling-2023,municipality,0431,GM0431,Oostzaan,29.4,percent,CBS StatLine 70072NED Eenpersoonshuishoudens,provenance/netherlands_one_person_households_manifest.json,country_local
netherlands,one_person_households,2023,2023,cbs-gemeentelijke-indeling-2023,municipality,0432,GM0432,Opmeer,33.5,percent,CBS StatLine 70072NED Eenpersoonshuishoudens,provenance/netherlands_one_person_households_manifest.json,country_local
netherlands,one_person_households,2023,2023,cbs-gemeentelijke-indeling-2023,municipality,0437,GM0437,Ouder-Amstel,37.0,percent,CBS StatLine 70072NED Eenpersoonshuishoudens,provenance/netherlands_one_person_households_manifest.json,country_local
netherlands,one_person_households,2023,2023,cbs-gemeentelijke-indeling-2023,municipality,0439,GM0439,Purmerend,35.6,percent,CBS StatLine 70072NED Eenpersoonshuishoudens,provenance/netherlands_one_person_households_manifest.json,country_local
netherlands,one_person_households,2023,2023,cbs-gemeentelijke-indeling-2023,municipality,0441,GM0441,Schagen,34.8,percent,CBS StatLine 70072NED Eenpersoonshuishoudens,provenance/netherlands_one_person_households_manifest.json,country_local
netherlands,one_person_households,2023,2023,cbs-gemeentelijke-indeling-2023,municipality,0448,GM0448,Texel,40.4,percent,CBS StatLine 70072NED Eenpersoonshuishoudens,provenance/netherlands_one_person_households_manifest.json,country_local
netherlands,one_person_households,2023,2023,cbs-gemeentelijke-indeling-2023,municipality,0450,GM0450,Uitgeest,29.2,percent,CBS StatLine 70072NED Eenpersoonshuishoudens,provenance/netherlands_one_person_households_manifest.json,country_local
netherlands,one_person_households,2023,2023,cbs-gemeentelijke-indeling-2023,municipality,0451,GM0451,Uithoorn,33.7,percent,CBS StatLine 70072NED Eenpersoonshuishoudens,provenance/netherlands_one_person_households_manifest.json,country_local
netherlands,one_person_households,2023,2023,cbs-gemeentelijke-indeling-2023,municipality,0453,GM0453,Velsen,37.0,percent,CBS StatLine 70072NED Eenpersoonshuishoudens,provenance/netherlands_one_person_households_manifest.json,country_local
netherlands,one_person_households,2023,2023,cbs-gemeentelijke-indeling-2023,municipality,0473,GM0473,Zandvoort,44.6,percent,CBS StatLine 70072NED Eenpersoonshuishoudens,provenance/netherlands_one_person_households_manifest.json,country_local
netherlands,one_person_households,2023,2023,cbs-gemeentelijke-indeling-2023,municipality,0479,GM0479,Zaanstad,37.5,percent,CBS StatLine 70072NED Eenpersoonshuishoudens,provenance/netherlands_one_person_households_manifest.json,country_local
netherlands,one_person_households,2023,2023,cbs-gemeentelijke-indeling-2023,municipality,0482,GM0482,Alblasserdam,32.5,percent,CBS StatLine 70072NED Eenpersoonshuishoudens,provenance/netherlands_one_person_households_manifest.json,country_local
netherlands,one_person_households,2023,2023,cbs-gemeentelijke-indeling-2023,municipality,0484,GM0484,Alphen aan den Rijn,33.9,percent,CBS StatLine 70072NED Eenpersoonshuishoudens,provenance/netherlands_one_person_households_manifest.json,country_local
netherlands,one_person_households,2023,2023,cbs-gemeentelijke-indeling-2023,municipality,0489,GM0489,Barendrecht,26.7,percent,CBS StatLine 70072NED Eenpersoonshuishoudens,provenance/netherlands_one_person_households_manifest.json,country_local
netherlands,one_person_households,2023,2023,cbs-gemeentelijke-indeling-2023,municipality,0498,GM0498,Drechterland,30.2,percent,CBS StatLine 70072NED Eenpersoonshuishoudens,provenance/netherlands_one_person_households_manifest.json,country_local
netherlands,one_person_households,2023,2023,cbs-gemeentelijke-indeling-2023,municipality,0502,GM0502,Capelle aan den IJssel,39.8,percent,CBS StatLine 70072NED Eenpersoonshuishoudens,provenance/netherlands_one_person_households_manifest.json,country_local
netherlands,one_person_households,2023,2023,cbs-gemeentelijke-indeling-2023,municipality,0503,GM0503,Delft,57.8,percent,CBS StatLine 70072NED Eenpersoonshuishoudens,provenance/netherlands_one_person_households_manifest.json,country_local
netherlands,one_person_households,2023,2023,cbs-gemeentelijke-indeling-2023,municipality,0505,GM0505,Dordrecht,40.4,percent,CBS StatLine 70072NED Eenpersoonshuishoudens,provenance/netherlands_one_person_households_manifest.json,country_local
netherlands,one_person_households,2023,2023,cbs-gemeentelijke-indeling-2023,municipality,0512,GM0512,Gorinchem,38.4,percent,CBS StatLine 70072NED Eenpersoonshuishoudens,provenance/netherlands_one_person_households_manifest.json,country_local
netherlands,one_person_households,2023,2023,cbs-gemeentelijke-indeling-2023,municipality,0513,GM0513,Gouda,40.0,percent,CBS StatLine 70072NED Eenpersoonshuishoudens,provenance/netherlands_one_person_households_manifest.json,country_local
netherlands,one_person_households,2023,2023,cbs-gemeentelijke-indeling-2023,municipality,0518,GM0518,'s-Gravenhage,49.3,percent,CBS StatLine 70072NED Eenpersoonshuishoudens,provenance/netherlands_one_person_households_manifest.json,country_local
netherlands,one_person_households,2023,2023,cbs-gemeentelijke-indeling-2023,municipality,0523,GM0523,Hardinxveld-Giessendam,29.2,percent,CBS StatLine 70072NED Eenpersoonshuishoudens,provenance/netherlands_one_person_households_manifest.json,country_local
netherlands,one_person_households,2023,2023,cbs-gemeentelijke-indeling-2023,municipality,0531,GM0531,Hendrik-Ido-Ambacht,26.5,percent,CBS StatLine 70072NED Eenpersoonshuishoudens,provenance/netherlands_one_person_households_manifest.json,country_local
netherlands,one_person_households,2023,2023,cbs-gemeentelijke-indeling-2023,municipality,0532,GM0532,Stede Broec,30.3,percent,CBS StatLine 70072NED Eenpersoonshuishoudens,provenance/netherlands_one_person_households_manifest.json,country_local
netherlands,one_person_households,2023,2023,cbs-gemeentelijke-indeling-2023,municipality,0534,GM0534,Hillegom,35.6,percent,CBS StatLine 70072NED Eenpersoonshuishoudens,provenance/netherlands_one_person_households_manifest.json,country_local
netherlands,one_person_households,2023,2023,cbs-gemeentelijke-indeling-2023,municipality,0537,GM0537,Katwijk,31.8,percent,CBS StatLine 70072NED Eenpersoonshuishoudens,provenance/netherlands_one_person_households_manifest.json,country_local
netherlands,one_person_households,2023,2023,cbs-gemeentelijke-indeling-2023,municipality,0542,GM0542,Krimpen aan den IJssel,31.3,percent,CBS StatLine 70072NED Eenpersoonshuishoudens,provenance/netherlands_one_person_households_manifest.json,country_local
netherlands,one_person_households,2023,2023,cbs-gemeentelijke-indeling-2023,municipality,0546,GM0546,Leiden,54.6,percent,CBS StatLine 70072NED Eenpersoonshuishoudens,provenance/netherlands_one_person_households_manifest.json,country_local
netherlands,one_person_households,2023,2023,cbs-gemeentelijke-indeling-2023,municipality,0547,GM0547,Leiderdorp,35.5,percent,CBS StatLine 70072NED Eenpersoonshuishoudens,provenance/netherlands_one_person_households_manifest.json,country_local
netherlands,one_person_households,2023,2023,cbs-gemeentelijke-indeling-2023,municipality,0553,GM0553,Lisse,34.7,percent,CBS StatLine 70072NED Eenpersoonshuishoudens,provenance/netherlands_one_person_households_manifest.json,country_local
netherlands,one_person_households,2023,2023,cbs-gemeentelijke-indeling-2023,municipality,0556,GM0556,Maassluis,34.4,percent,CBS StatLine 70072NED Eenpersoonshuishoudens,provenance/netherlands_one_person_households_manifest.json,country_local
netherlands,one_person_households,2023,2023,cbs-gemeentelijke-indeling-2023,municipality,0569,GM0569,Nieuwkoop,28.5,percent,CBS StatLine 70072NED Eenpersoonshuishoudens,provenance/netherlands_one_person_households_manifest.json,country_local
netherlands,one_person_households,2023,2023,cbs-gemeentelijke-indeling-2023,municipality,0575,GM0575,Noordwijk,37.3,percent,CBS StatLine 70072NED Eenpersoonshuishoudens,provenance/netherlands_one_person_households_manifest.json,country_local
netherlands,one_person_households,2023,2023,cbs-gemeentelijke-indeling-2023,municipality,0579,GM0579,Oegstgeest,34.5,percent,CBS StatLine 70072NED Eenpersoonshuishoudens,provenance/netherlands_one_person_households_manifest.json,country_local
netherlands,one_person_households,2023,2023,cbs-gemeentelijke-indeling-2023,municipality,0589,GM0589,Oudewater,32.5,percent,CBS StatLine 70072NED Eenpersoonshuishoudens,provenance/netherlands_one_person_households_manifest.json,country_local
netherlands,one_person_households,2023,2023,cbs-gemeentelijke-indeling-2023,municipality,0590,GM0590,Papendrecht,33.3,percent,CBS StatLine 70072NED Eenpersoonshuishoudens,provenance/netherlands_one_person_households_manifest.json,country_local
netherlands,one_person_households,2023,2023,cbs-gemeentelijke-indeling-2023,municipality,0597,GM0597,Ridderkerk,34.7,percent,CBS StatLine 70072NED Eenpersoonshuishoudens,provenance/netherlands_one_person_households_manifest.json,country_local
netherlands,one_person_households,2023,2023,cbs-gemeentelijke-indeling-2023,municipality,0599,GM0599,Rotterdam,49.3,percent,CBS StatLine 70072NED Eenpersoonshuishoudens,provenance/netherlands_one_person_households_manifest.json,country_local
netherlands,one_person_households,2023,2023,cbs-gemeentelijke-indeling-2023,municipality,0603,GM0603,Rijswijk,42.0,percent,CBS StatLine 70072NED Eenpersoonshuishoudens,provenance/netherlands_one_person_households_manifest.json,country_local
netherlands,one_person_households,2023,2023,cbs-gemeentelijke-indeling-2023,municipality,0606,GM0606,Schiedam,41.5,percent,CBS StatLine 70072NED Eenpersoonshuishoudens,provenance/netherlands_one_person_households_manifest.json,country_local
netherlands,one_person_households,2023,2023,cbs-gemeentelijke-indeling-2023,municipality,0610,GM0610,Sliedrecht,34.9,percent,CBS StatLine 70072NED Eenpersoonshuishoudens,provenance/netherlands_one_person_households_manifest.json,country_local
netherlands,one_person_households,2023,2023,cbs-gemeentelijke-indeling-2023,municipality,0613,GM0613,Albrandswaard,27.3,percent,CBS StatLine 70072NED Eenpersoonshuishoudens,provenance/netherlands_one_person_households_manifest.json,country_local
netherlands,one_person_households,2023,2023,cbs-gemeentelijke-indeling-2023,municipality,0622,GM0622,Vlaardingen,41.2,percent,CBS StatLine 70072NED Eenpersoonshuishoudens,provenance/netherlands_one_person_households_manifest.json,country_local
netherlands,one_person_households,2023,2023,cbs-gemeentelijke-indeling-2023,municipality,0626,GM0626,Voorschoten,34.9,percent,CBS StatLine 70072NED Eenpersoonshuishoudens,provenance/netherlands_one_person_households_manifest.json,country_local
netherlands,one_person_households,2023,2023,cbs-gemeentelijke-indeling-2023,municipality,0627,GM0627,Waddinxveen,28.6,percent,CBS StatLine 70072NED Eenpersoonshuishoudens,provenance/netherlands_one_person_households_manifest.json,country_local
netherlands,one_person_households,2023,2023,cbs-gemeentelijke-indeling-2023,municipality,0629,GM0629,Wassenaar,36.2,percent,CBS StatLine 70072NED Eenpersoonshuishoudens,provenance/netherlands_one_person_households_manifest.json,country_local
netherlands,one_person_households,2023,2023,cbs-gemeentelijke-indeling-2023,municipality,0632,GM0632,Woerden,32.5,percent,CBS StatLine 70072NED Eenpersoonshuishoudens,provenance/netherlands_one_person_households_manifest.json,country_local
netherlands,one_person_households,2023,2023,cbs-gemeentelijke-indeling-2023,municipality,0637,GM0637,Zoetermeer,35.2,percent,CBS StatLine 70072NED Eenpersoonshuishoudens,provenance/netherlands_one_person_households_manifest.json,country_local
netherlands,one_person_households,2023,2023,cbs-gemeentelijke-indeling-2023,municipality,0638,GM0638,Zoeterwoude,29.0,percent,CBS StatLine 70072NED Eenpersoonshuishoudens,provenance/netherlands_one_person_households_manifest.json,country_local
netherlands,one_person_households,2023,2023,cbs-gemeentelijke-indeling-2023,municipality,0642,GM0642,Zwijndrecht,36.2,percent,CBS StatLine 70072NED Eenpersoonshuishoudens,provenance/netherlands_one_person_households_manifest.json,country_local
netherlands,one_person_households,2023,2023,cbs-gemeentelijke-indeling-2023,municipality,0654,GM0654,Borsele,30.3,percent,CBS StatLine 70072NED Eenpersoonshuishoudens,provenance/netherlands_one_person_households_manifest.json,country_local
netherlands,one_person_households,2023,2023,cbs-gemeentelijke-indeling-2023,municipality,0664,GM0664,Goes,39.7,percent,CBS StatLine 70072NED Eenpersoonshuishoudens,provenance/netherlands_one_person_households_manifest.json,country_local
netherlands,one_person_households,2023,2023,cbs-gemeentelijke-indeling-2023,municipality,0668,GM0668,West Maas en Waal,29.9,percent,CBS StatLine 70072NED Eenpersoonshuishoudens,provenance/netherlands_one_person_households_manifest.json,country_local
netherlands,one_person_households,2023,2023,cbs-gemeentelijke-indeling-2023,municipality,0677,GM0677,Hulst,34.6,percent,CBS StatLine 70072NED Eenpersoonshuishoudens,provenance/netherlands_one_person_households_manifest.json,country_local
netherlands,one_person_households,2023,2023,cbs-gemeentelijke-indeling-2023,municipality,0678,GM0678,Kapelle,29.2,percent,CBS StatLine 70072NED Eenpersoonshuishoudens,provenance/netherlands_one_person_households_manifest.json,country_local
netherlands,one_person_households,2023,2023,cbs-gemeentelijke-indeling-2023,municipality,0687,GM0687,Middelburg,42.3,percent,CBS StatLine 70072NED Eenpersoonshuishoudens,provenance/netherlands_one_person_households_manifest.json,country_local
netherlands,one_person_households,2023,2023,cbs-gemeentelijke-indeling-2023,municipality,0703,GM0703,Reimerswaal,32.7,percent,CBS StatLine 70072NED Eenpersoonshuishoudens,provenance/netherlands_one_person_households_manifest.json,country_local
netherlands,one_person_households,2023,2023,cbs-gemeentelijke-indeling-2023,municipality,0715,GM0715,Terneuzen,38.1,percent,CBS StatLine 70072NED Eenpersoonshuishoudens,provenance/netherlands_one_person_households_manifest.json,country_local
netherlands,one_person_households,2023,2023,cbs-gemeentelijke-indeling-2023,municipality,0716,GM0716,Tholen,30.7,percent,CBS StatLine 70072NED Eenpersoonshuishoudens,provenance/netherlands_one_person_households_manifest.json,country_local
netherlands,one_person_households,2023,2023,cbs-gemeentelijke-indeling-2023,municipality,0717,GM0717,Veere,31.9,percent,CBS StatLine 70072NED Eenpersoonshuishoudens,provenance/netherlands_one_person_households_manifest.json,country_local
netherlands,one_person_households,2023,2023,cbs-gemeentelijke-indeling-2023,municipality,0718,GM0718,Vlissingen,45.5,percent,CBS StatLine 70072NED Eenpersoonshuishoudens,provenance/netherlands_one_person_households_manifest.json,country_local
netherlands,one_person_households,2023,2023,cbs-gemeentelijke-indeling-2023,municipality,0736,GM0736,De Ronde Venen,31.3,percent,CBS StatLine 70072NED Eenpersoonshuishoudens,provenance/netherlands_one_person_households_manifest.json,country_local
netherlands,one_person_households,2023,2023,cbs-gemeentelijke-indeling-2023,municipality,0737,GM0737,Tytsjerksteradiel,31.9,percent,CBS StatLine 70072NED Eenpersoonshuishoudens,provenance/netherlands_one_person_households_manifest.json,country_local
netherlands,one_person_households,2023,2023,cbs-gemeentelijke-indeling-2023,municipality,0743,GM0743,Asten,31.9,percent,CBS StatLine 70072NED Eenpersoonshuishoudens,provenance/netherlands_one_person_households_manifest.json,country_local
netherlands,one_person_households,2023,2023,cbs-gemeentelijke-indeling-2023,municipality,0744,GM0744,Baarle-Nassau,32.7,percent,CBS StatLine 70072NED Eenpersoonshuishoudens,provenance/netherlands_one_person_households_manifest.json,country_local
netherlands,one_person_households,2023,2023,cbs-gemeentelijke-indeling-2023,municipality,0748,GM0748,Bergen op Zoom,35.7,percent,CBS StatLine 70072NED Eenpersoonshuishoudens,provenance/netherlands_one_person_households_manifest.json,country_local
netherlands,one_person_households,2023,2023,cbs-gemeentelijke-indeling-2023,municipality,0753,GM0753,Best,31.2,percent,CBS StatLine 70072NED Eenpersoonshuishoudens,provenance/netherlands_one_person_households_manifest.json,country_local
netherlands,one_person_households,2023,2023,cbs-gemeentelijke-indeling-2023,municipality,0755,GM0755,Boekel,27.5,percent,CBS StatLine 70072NED Eenpersoonshuishoudens,provenance/netherlands_one_person_households_manifest.json,country_local
netherlands,one_person_households,2023,2023,cbs-gemeentelijke-indeling-2023,municipality,0757,GM0757,Boxtel,35.7,percent,CBS StatLine 70072NED Eenpersoonshuishoudens,provenance/netherlands_one_person_households_manifest.json,country_local
netherlands,one_person_households,2023,2023,cbs-gemeentelijke-indeling-2023,municipality,0758,GM0758,Breda,43.4,percent,CBS StatLine 70072NED Eenpersoonshuishoudens,provenance/netherlands_one_person_households_manifest.json,country_local
netherlands,one_person_households,2023,2023,cbs-gemeentelijke-indeling-2023,municipality,0762,GM0762,Deurne,32.4,percent,CBS StatLine 70072NED Eenpersoonshuishoudens,provenance/netherlands_one_person_households_manifest.json,country_local
netherlands,one_person_households,2023,2023,cbs-gemeentelijke-indeling-2023,municipality,0765,GM0765,Pekela,34.7,percent,CBS StatLine 70072NED Eenpersoonshuishoudens,provenance/netherlands_one_person_households_manifest.json,country_local
netherlands,one_person_households,2023,2023,cbs-gemeentelijke-indeling-2023,municipality,0766,GM0766,Dongen,32.2,percent,CBS StatLine 70072NED Eenpersoonshuishoudens,provenance/netherlands_one_person_households_manifest.json,country_local
netherlands,one_person_households,2023,2023,cbs-gemeentelijke-indeling-2023,municipality,0770,GM0770,Eersel,30.1,percent,CBS StatLine 70072NED Eenpersoonshuishoudens,provenance/netherlands_one_person_households_manifest.json,country_local
netherlands,one_person_households,2023,2023,cbs-gemeentelijke-indeling-2023,municipality,0772,GM0772,Eindhoven,49.2,percent,CBS StatLine 70072NED Eenpersoonshuishoudens,provenance/netherlands_one_person_households_manifest.json,country_local
netherlands,one_person_households,2023,2023,cbs-gemeentelijke-indeling-2023,municipality,0777,GM0777,Etten-Leur,32.2,percent,CBS StatLine 70072NED Eenpersoonshuishoudens,provenance/netherlands_one_person_households_manifest.json,country_local
netherlands,one_person_households,2023,2023,cbs-gemeentelijke-indeling-2023,municipality,0779,GM0779,Geertruidenberg,32.0,percent,CBS StatLine 70072NED Eenpersoonshuishoudens,provenance/netherlands_one_person_households_manifest.json,country_local
netherlands,one_person_households,2023,2023,cbs-gemeentelijke-indeling-2023,municipality,0784,GM0784,Gilze en Rijen,30.5,percent,CBS StatLine 70072NED Eenpersoonshuishoudens,provenance/netherlands_one_person_households_manifest.json,country_local
netherlands,one_person_households,2023,2023,cbs-gemeentelijke-indeling-2023,municipality,0785,GM0785,Goirle,29.4,percent,CBS StatLine 70072NED Eenpersoonshuishoudens,provenance/netherlands_one_person_households_manifest.json,country_local
netherlands,one_person_households,2023,2023,cbs-gemeentelijke-indeling-2023,municipality,0794,GM0794,Helmond,35.8,percent,CBS StatLine 70072NED Eenpersoonshuishoudens,provenance/netherlands_one_person_households_manifest.json,country_local
netherlands,one_person_households,2023,2023,cbs-gemeentelijke-indeling-2023,municipality,0796,GM0796,'s-Hertogenbosch,41.3,percent,CBS StatLine 70072NED Eenpersoonshuishoudens,provenance/netherlands_one_person_households_manifest.json,country_local
netherlands,one_person_households,2023,2023,cbs-gemeentelijke-indeling-2023,municipality,0797,GM0797,Heusden,30.2,percent,CBS StatLine 70072NED Eenpersoonshuishoudens,provenance/netherlands_one_person_households_manifest.json,country_local
netherlands,one_person_households,2023,2023,cbs-gemeentelijke-indeling-2023,municipality,0798,GM0798,Hilvarenbeek,29.3,percent,CBS StatLine 70072NED Eenpersoonshuishoudens,provenance/netherlands_one_person_households_manifest.json,country_local
netherlands,one_person_households,2023,2023,cbs-gemeentelijke-indeling-2023,municipality,0809,GM0809,Loon op Zand,30.4,percent,CBS StatLine 70072NED Eenpersoonshuishoudens,provenance/netherlands_one_person_households_manifest.json,country_local
netherlands,one_person_households,2023,2023,cbs-gemeentelijke-indeling-2023,municipality,0820,GM0820,"Nuenen, Gerwen en Nederwetten",29.1,percent,CBS StatLine 70072NED Eenpersoonshuishoudens,provenance/netherlands_one_person_households_manifest.json,country_local
netherlands,one_person_households,2023,2023,cbs-gemeentelijke-indeling-2023,municipality,0823,GM0823,Oirschot,29.0,percent,CBS StatLine 70072NED Eenpersoonshuishoudens,provenance/netherlands_one_person_households_manifest.json,country_local
netherlands,one_person_households,2023,2023,cbs-gemeentelijke-indeling-2023,municipality,0824,GM0824,Oisterwijk,32.4,percent,CBS StatLine 70072NED Eenpersoonshuishoudens,provenance/netherlands_one_person_households_manifest.json,country_local
netherlands,one_person_households,2023,2023,cbs-gemeentelijke-indeling-2023,municipality,0826,GM0826,Oosterhout,33.6,percent,CBS StatLine 70072NED Eenpersoonshuishoudens,provenance/netherlands_one_person_households_manifest.json,country_local
netherlands,one_person_households,2023,2023,cbs-gemeentelijke-indeling-2023,municipality,0828,GM0828,Oss,35.7,percent,CBS StatLine 70072NED Eenpersoonshuishoudens,provenance/netherlands_one_person_households_manifest.json,country_local
netherlands,one_person_households,2023,2023,cbs-gemeentelijke-indeling-2023,municipality,0840,GM0840,Rucphen,29.2,percent,CBS StatLine 70072NED Eenpersoonshuishoudens,provenance/netherlands_one_person_households_manifest.json,country_local
netherlands,one_person_households,2023,2023,cbs-gemeentelijke-indeling-2023,municipality,0845,GM0845,Sint-Michielsgestel,28.7,percent,CBS StatLine 70072NED Eenpersoonshuishoudens,provenance/netherlands_one_person_households_manifest.json,country_local
netherlands,one_person_households,2023,2023,cbs-gemeentelijke-indeling-2023,municipality,0847,GM0847,Someren,29.5,percent,CBS StatLine 70072NED Eenpersoonshuishoudens,provenance/netherlands_one_person_households_manifest.json,country_local
netherlands,one_person_households,2023,2023,cbs-gemeentelijke-indeling-2023,municipality,0848,GM0848,Son en Breugel,29.4,percent,CBS StatLine 70072NED Eenpersoonshuishoudens,provenance/netherlands_one_person_households_manifest.json,country_local
netherlands,one_person_households,2023,2023,cbs-gemeentelijke-indeling-2023,municipality,0851,GM0851,Steenbergen,33.2,percent,CBS StatLine 70072NED Eenpersoonshuishoudens,provenance/netherlands_one_person_households_manifest.json,country_local
netherlands,one_person_households,2023,2023,cbs-gemeentelijke-indeling-2023,municipality,0852,GM0852,Waterland,32.3,percent,CBS StatLine 70072NED Eenpersoonshuishoudens,provenance/netherlands_one_person_households_manifest.json,country_local
netherlands,one_person_households,2023,2023,cbs-gemeentelijke-indeling-2023,municipality,0855,GM0855,Tilburg,46.7,percent,CBS StatLine 70072NED Eenpersoonshuishoudens,provenance/netherlands_one_person_households_manifest.json,country_local
netherlands,one_person_households,2023,2023,cbs-gemeentelijke-indeling-2023,municipality,0858,GM0858,Valkenswaard,36.4,percent,CBS StatLine 70072NED Eenpersoonshuishoudens,provenance/netherlands_one_person_households_manifest.json,country_local
netherlands,one_person_households,2023,2023,cbs-gemeentelijke-indeling-2023,municipality,0861,GM0861,Veldhoven,33.4,percent,CBS StatLine 70072NED Eenpersoonshuishoudens,provenance/netherlands_one_person_households_manifest.json,country_local
netherlands,one_person_households,2023,2023,cbs-gemeentelijke-indeling-2023,municipality,0865,GM0865,Vught,33.0,percent,CBS StatLine 70072NED Eenpersoonshuishoudens,provenance/netherlands_one_person_households_manifest.json,country_local
netherlands,one_person_households,2023,2023,cbs-gemeentelijke-indeling-2023,municipality,0866,GM0866,Waalre,31.8,percent,CBS StatLine 70072NED Eenpersoonshuishoudens,provenance/netherlands_one_person_households_manifest.json,country_local
netherlands,one_person_households,2023,2023,cbs-gemeentelijke-indeling-2023,municipality,0867,GM0867,Waalwijk,35.5,percent,CBS StatLine 70072NED Eenpersoonshuishoudens,provenance/netherlands_one_person_households_manifest.json,country_local
netherlands,one_person_households,2023,2023,cbs-gemeentelijke-indeling-2023,municipality,0873,GM0873,Woensdrecht,30.3,percent,CBS StatLine 70072NED Eenpersoonshuishoudens,provenance/netherlands_one_person_households_manifest.json,country_local
netherlands,one_person_households,2023,2023,cbs-gemeentelijke-indeling-2023,municipality,0879,GM0879,Zundert,32.0,percent,CBS StatLine 70072NED Eenpersoonshuishoudens,provenance/netherlands_one_person_households_manifest.json,country_local
netherlands,one_person_households,2023,2023,cbs-gemeentelijke-indeling-2023,municipality,0880,GM0880,Wormerland,32.7,percent,CBS StatLine 70072NED Eenpersoonshuishoudens,provenance/netherlands_one_person_households_manifest.json,country_local
netherlands,one_person_households,2023,2023,cbs-gemeentelijke-indeling-2023,municipality,0882,GM0882,Landgraaf,35.8,percent,CBS StatLine 70072NED Eenpersoonshuishoudens,provenance/netherlands_one_person_households_manifest.json,country_local
netherlands,one_person_households,2023,2023,cbs-gemeentelijke-indeling-2023,municipality,0888,GM0888,Beek,33.3,percent,CBS StatLine 70072NED Eenpersoonshuishoudens,provenance/netherlands_one_person_households_manifest.json,country_local
netherlands,one_person_households,2023,2023,cbs-gemeentelijke-indeling-2023,municipality,0889,GM0889,Beesel,31.3,percent,CBS StatLine 70072NED Eenpersoonshuishoudens,provenance/netherlands_one_person_households_manifest.json,country_local
netherlands,one_person_households,2023,2023,cbs-gemeentelijke-indeling-2023,municipality,0893,GM0893,Bergen (L.),29.0,percent,CBS StatLine 70072NED Eenpersoonshuishoudens,provenance/netherlands_one_person_households_manifest.json,country_local
netherlands,one_person_households,2023,2023,cbs-gemeentelijke-indeling-2023,municipality,0899,GM0899,Brunssum,39.8,percent,CBS StatLine 70072NED Eenpersoonshuishoudens,provenance/netherlands_one_person_households_manifest.json,country_local
netherlands,one_person_households,2023,2023,cbs-gemeentelijke-indeling-2023,municipality,0907,GM0907,Gennep,34.1,percent,CBS StatLine 70072NED Eenpersoonshuishoudens,provenance/netherlands_one_person_households_manifest.json,country_local
netherlands,one_person_households,2023,2023,cbs-gemeentelijke-indeling-2023,municipality,0917,GM0917,Heerlen,47.3,percent,CBS StatLine 70072NED Eenpersoonshuishoudens,provenance/netherlands_one_person_households_manifest.json,country_local
netherlands,one_person_households,2023,2023,cbs-gemeentelijke-indeling-2023,municipality,0928,GM0928,Kerkrade,42.4,percent,CBS StatLine 70072NED Eenpersoonshuishoudens,provenance/netherlands_one_person_households_manifest.json,country_local
netherlands,one_person_households,2023,2023,cbs-gemeentelijke-indeling-2023,municipality,0935,GM0935,Maastricht,56.2,percent,CBS StatLine 70072NED Eenpersoonshuishoudens,provenance/netherlands_one_person_households_manifest.json,country_local
netherlands,one_person_households,2023,2023,cbs-gemeentelijke-indeling-2023,municipality,0938,GM0938,Meerssen,32.2,percent,CBS StatLine 70072NED Eenpersoonshuishoudens,provenance/netherlands_one_person_households_manifest.json,country_local
netherlands,one_person_households,2023,2023,cbs-gemeentelijke-indeling-2023,municipality,0944,GM0944,Mook en Middelaar,31.6,percent,CBS StatLine 70072NED Eenpersoonshuishoudens,provenance/netherlands_one_person_households_manifest.json,country_local
netherlands,one_person_households,2023,2023,cbs-gemeentelijke-indeling-2023,municipality,0946,GM0946,Nederweert,29.8,percent,CBS StatLine 70072NED Eenpersoonshuishoudens,provenance/netherlands_one_person_households_manifest.json,country_local
netherlands,one_person_households,2023,2023,cbs-gemeentelijke-indeling-2023,municipality,0957,GM0957,Roermond,41.7,percent,CBS StatLine 70072NED Eenpersoonshuishoudens,provenance/netherlands_one_person_households_manifest.json,country_local
netherlands,one_person_households,2023,2023,cbs-gemeentelijke-indeling-2023,municipality,0965,GM0965,Simpelveld,34.9,percent,CBS StatLine 70072NED Eenpersoonshuishoudens,provenance/netherlands_one_person_households_manifest.json,country_local
netherlands,one_person_households,2023,2023,cbs-gemeentelijke-indeling-2023,municipality,0971,GM0971,Stein,32.2,percent,CBS StatLine 70072NED Eenpersoonshuishoudens,provenance/netherlands_one_person_households_manifest.json,country_local
netherlands,one_person_households,2023,2023,cbs-gemeentelijke-indeling-2023,municipality,0981,GM0981,Vaals,50.5,percent,CBS StatLine 70072NED Eenpersoonshuishoudens,provenance/netherlands_one_person_households_manifest.json,country_local
netherlands,one_person_households,2023,2023,cbs-gemeentelijke-indeling-2023,municipality,0983,GM0983,Venlo,39.3,percent,CBS StatLine 70072NED Eenpersoonshuishoudens,provenance/netherlands_one_person_households_manifest.json,country_local
netherlands,one_person_households,2023,2023,cbs-gemeentelijke-indeling-2023,municipality,0984,GM0984,Venray,34.7,percent,CBS StatLine 70072NED Eenpersoonshuishoudens,provenance/netherlands_one_person_households_manifest.json,country_local
netherlands,one_person_households,2023,2023,cbs-gemeentelijke-indeling-2023,municipality,0986,GM0986,Voerendaal,30.6,percent,CBS StatLine 70072NED Eenpersoonshuishoudens,provenance/netherlands_one_person_households_manifest.json,country_local
netherlands,one_person_households,2023,2023,cbs-gemeentelijke-indeling-2023,municipality,0988,GM0988,Weert,37.3,percent,CBS StatLine 70072NED Eenpersoonshuishoudens,provenance/netherlands_one_person_households_manifest.json,country_local
netherlands,one_person_households,2023,2023,cbs-gemeentelijke-indeling-2023,municipality,0994,GM0994,Valkenburg aan de Geul,38.9,percent,CBS StatLine 70072NED Eenpersoonshuishoudens,provenance/netherlands_one_person_households_manifest.json,country_local
netherlands,one_person_households,2023,2023,cbs-gemeentelijke-indeling-2023,municipality,0995,GM0995,Lelystad,36.1,percent,CBS StatLine 70072NED Eenpersoonshuishoudens,provenance/netherlands_one_person_households_manifest.json,country_local
netherlands,one_person_households,2023,2023,cbs-gemeentelijke-indeling-2023,municipality,1507,GM1507,Horst aan de Maas,31.8,percent,CBS StatLine 70072NED Eenpersoonshuishoudens,provenance/netherlands_one_person_households_manifest.json,country_local
netherlands,one_person_households,2023,2023,cbs-gemeentelijke-indeling-2023,municipality,1509,GM1509,Oude IJsselstreek,32.5,percent,CBS StatLine 70072NED Eenpersoonshuishoudens,provenance/netherlands_one_person_households_manifest.json,country_local
netherlands,one_person_households,2023,2023,cbs-gemeentelijke-indeling-2023,municipality,1525,GM1525,Teylingen,31.9,percent,CBS StatLine 70072NED Eenpersoonshuishoudens,provenance/netherlands_one_person_households_manifest.json,country_local
netherlands,one_person_households,2023,2023,cbs-gemeentelijke-indeling-2023,municipality,1581,GM1581,Utrechtse Heuvelrug,35.6,percent,CBS StatLine 70072NED Eenpersoonshuishoudens,provenance/netherlands_one_person_households_manifest.json,country_local
netherlands,one_person_households,2023,2023,cbs-gemeentelijke-indeling-2023,municipality,1586,GM1586,Oost Gelre,30.3,percent,CBS StatLine 70072NED Eenpersoonshuishoudens,provenance/netherlands_one_person_households_manifest.json,country_local
netherlands,one_person_households,2023,2023,cbs-gemeentelijke-indeling-2023,municipality,1598,GM1598,Koggenland,29.6,percent,CBS StatLine 70072NED Eenpersoonshuishoudens,provenance/netherlands_one_person_households_manifest.json,country_local
netherlands,one_person_households,2023,2023,cbs-gemeentelijke-indeling-2023,municipality,1621,GM1621,Lansingerland,23.7,percent,CBS StatLine 70072NED Eenpersoonshuishoudens,provenance/netherlands_one_person_households_manifest.json,country_local
netherlands,one_person_households,2023,2023,cbs-gemeentelijke-indeling-2023,municipality,1640,GM1640,Leudal,30.9,percent,CBS StatLine 70072NED Eenpersoonshuishoudens,provenance/netherlands_one_person_households_manifest.json,country_local
netherlands,one_person_households,2023,2023,cbs-gemeentelijke-indeling-2023,municipality,1641,GM1641,Maasgouw,32.0,percent,CBS StatLine 70072NED Eenpersoonshuishoudens,provenance/netherlands_one_person_households_manifest.json,country_local
netherlands,one_person_households,2023,2023,cbs-gemeentelijke-indeling-2023,municipality,1652,GM1652,Gemert-Bakel,30.7,percent,CBS StatLine 70072NED Eenpersoonshuishoudens,provenance/netherlands_one_person_households_manifest.json,country_local
netherlands,one_person_households,2023,2023,cbs-gemeentelijke-indeling-2023,municipality,1655,GM1655,Halderberge,29.6,percent,CBS StatLine 70072NED Eenpersoonshuishoudens,provenance/netherlands_one_person_households_manifest.json,country_local
netherlands,one_person_households,2023,2023,cbs-gemeentelijke-indeling-2023,municipality,1658,GM1658,Heeze-Leende,29.1,percent,CBS StatLine 70072NED Eenpersoonshuishoudens,provenance/netherlands_one_person_households_manifest.json,country_local
netherlands,one_person_households,2023,2023,cbs-gemeentelijke-indeling-2023,municipality,1659,GM1659,Laarbeek,28.9,percent,CBS StatLine 70072NED Eenpersoonshuishoudens,provenance/netherlands_one_person_households_manifest.json,country_local
netherlands,one_person_households,2023,2023,cbs-gemeentelijke-indeling-2023,municipality,1667,GM1667,Reusel-De Mierden,29.6,percent,CBS StatLine 70072NED Eenpersoonshuishoudens,provenance/netherlands_one_person_households_manifest.json,country_local
netherlands,one_person_households,2023,2023,cbs-gemeentelijke-indeling-2023,municipality,1669,GM1669,Roerdalen,31.8,percent,CBS StatLine 70072NED Eenpersoonshuishoudens,provenance/netherlands_one_person_households_manifest.json,country_local
netherlands,one_person_households,2023,2023,cbs-gemeentelijke-indeling-2023,municipality,1674,GM1674,Roosendaal,37.8,percent,CBS StatLine 70072NED Eenpersoonshuishoudens,provenance/netherlands_one_person_households_manifest.json,country_local
netherlands,one_person_households,2023,2023,cbs-gemeentelijke-indeling-2023,municipality,1676,GM1676,Schouwen-Duiveland,34.8,percent,CBS StatLine 70072NED Eenpersoonshuishoudens,provenance/netherlands_one_person_households_manifest.json,country_local
netherlands,one_person_households,2023,2023,cbs-gemeentelijke-indeling-2023,municipality,1680,GM1680,Aa en Hunze,29.3,percent,CBS StatLine 70072NED Eenpersoonshuishoudens,provenance/netherlands_one_person_households_manifest.json,country_local
netherlands,one_person_households,2023,2023,cbs-gemeentelijke-indeling-2023,municipality,1681,GM1681,Borger-Odoorn,29.1,percent,CBS StatLine 70072NED Eenpersoonshuishoudens,provenance/netherlands_one_person_households_manifest.json,country_local
netherlands,one_person_households,2023,2023,cbs-gemeentelijke-indeling-2023,municipality,1690,GM1690,De Wolden,28.5,percent,CBS StatLine 70072NED Eenpersoonshuishoudens,provenance/netherlands_one_person_households_manifest.json,country_local
netherlands,one_person_households,2023,2023,cbs-gemeentelijke-indeling-2023,municipality,1695,GM1695,Noord-Beveland,37.8,percent,CBS StatLine 70072NED Eenpersoonshuishoudens,provenance/netherlands_one_person_households_manifest.json,country_local
netherlands,one_person_households,2023,2023,cbs-gemeentelijke-indeling-2023,municipality,1696,GM1696,Wijdemeren,32.5,percent,CBS StatLine 70072NED Eenpersoonshuishoudens,provenance/netherlands_one_person_households_manifest.json,country_local
netherlands,one_person_households,2023,2023,cbs-gemeentelijke-indeling-2023,municipality,1699,GM1699,Noordenveld,32.0,percent,CBS StatLine 70072NED Eenpersoonshuishoudens,provenance/netherlands_one_person_households_manifest.json,country_local
netherlands,one_person_households,2023,2023,cbs-gemeentelijke-indeling-2023,municipality,1700,GM1700,Twenterand,27.1,percent,CBS StatLine 70072NED Eenpersoonshuishoudens,provenance/netherlands_one_person_households_manifest.json,country_local
netherlands,one_person_households,2023,2023,cbs-gemeentelijke-indeling-2023,municipality,1701,GM1701,Westerveld,32.1,percent,CBS StatLine 70072NED Eenpersoonshuishoudens,provenance/netherlands_one_person_households_manifest.json,country_local
netherlands,one_person_households,2023,2023,cbs-gemeentelijke-indeling-2023,municipality,1705,GM1705,Lingewaard,28.2,percent,CBS StatLine 70072NED Eenpersoonshuishoudens,provenance/netherlands_one_person_households_manifest.json,country_local
netherlands,one_person_households,2023,2023,cbs-gemeentelijke-indeling-2023,municipality,1706,GM1706,Cranendonck,30.0,percent,CBS StatLine 70072NED Eenpersoonshuishoudens,provenance/netherlands_one_person_households_manifest.json,country_local
netherlands,one_person_households,2023,2023,cbs-gemeentelijke-indeling-2023,municipality,1708,GM1708,Steenwijkerland,34.0,percent,CBS StatLine 70072NED Eenpersoonshuishoudens,provenance/netherlands_one_person_households_manifest.json,country_local
netherlands,one_person_households,2023,2023,cbs-gemeentelijke-indeling-2023,municipality,1709,GM1709,Moerdijk,31.4,percent,CBS StatLine 70072NED Eenpersoonshuishoudens,provenance/netherlands_one_person_households_manifest.json,country_local
netherlands,one_person_households,2023,2023,cbs-gemeentelijke-indeling-2023,municipality,1711,GM1711,Echt-Susteren,33.1,percent,CBS StatLine 70072NED Eenpersoonshuishoudens,provenance/netherlands_one_person_households_manifest.json,country_local
netherlands,one_person_households,2023,2023,cbs-gemeentelijke-indeling-2023,municipality,1714,GM1714,Sluis,38.4,percent,CBS StatLine 70072NED Eenpersoonshuishoudens,provenance/netherlands_one_person_households_manifest.json,country_local
netherlands,one_person_households,2023,2023,cbs-gemeentelijke-indeling-2023,municipality,1719,GM1719,Drimmelen,30.6,percent,CBS StatLine 70072NED Eenpersoonshuishoudens,provenance/netherlands_one_person_households_manifest.json,country_local
netherlands,one_person_households,2023,2023,cbs-gemeentelijke-indeling-2023,municipality,1721,GM1721,Bernheze,28.8,percent,CBS StatLine 70072NED Eenpersoonshuishoudens,provenance/netherlands_one_person_households_manifest.json,country_local
netherlands,one_person_households,2023,2023,cbs-gemeentelijke-indeling-2023,municipality,1723,GM1723,Alphen-Chaam,26.6,percent,CBS StatLine 70072NED Eenpersoonshuishoudens,provenance/netherlands_one_person_households_manifest.json,country_local
netherlands,one_person_households,2023,2023,cbs-gemeentelijke-indeling-2023,municipality,1724,GM1724,Bergeijk,29.1,percent,CBS StatLine 70072NED Eenpersoonshuishoudens,provenance/netherlands_one_person_households_manifest.json,country_local
netherlands,one_person_households,2023,2023,cbs-gemeentelijke-indeling-2023,municipality,1728,GM1728,Bladel,30.6,percent,CBS StatLine 70072NED Eenpersoonshuishoudens,provenance/netherlands_one_person_households_manifest.json,country_local
netherlands,one_person_households,2023,2023,cbs-gemeentelijke-indeling-2023,municipality,1729,GM1729,Gulpen-Wittem,33.7,percent,CBS StatLine 70072NED Eenpersoonshuishoudens,provenance/netherlands_one_person_households_manifest.json,country_local
netherlands,one_person_households,2023,2023,cbs-gemeentelijke-indeling-2023,municipality,1730,GM1730,Tynaarlo,30.0,percent,CBS StatLine 70072NED Eenpersoonshuishoudens,provenance/netherlands_one_person_households_manifest.json,country_local
netherlands,one_person_households,2023,2023,cbs-gemeentelijke-indeling-2023,municipality,1731,GM1731,Midden-Drenthe,30.6,percent,CBS StatLine 70072NED Eenpersoonshuishoudens,provenance/netherlands_one_person_households_manifest.json,country_local
netherlands,one_person_households,2023,2023,cbs-gemeentelijke-indeling-2023,municipality,1734,GM1734,Overbetuwe,28.2,percent,CBS StatLine 70072NED Eenpersoonshuishoudens,provenance/netherlands_one_person_households_manifest.json,country_local
netherlands,one_person_households,2023,2023,cbs-gemeentelijke-indeling-2023,municipality,1735,GM1735,Hof van Twente,31.2,percent,CBS StatLine 70072NED Eenpersoonshuishoudens,provenance/netherlands_one_person_households_manifest.json,country_local
netherlands,one_person_households,2023,2023,cbs-gemeentelijke-indeling-2023,municipality,1740,GM1740,Neder-Betuwe,28.4,percent,CBS StatLine 70072NED Eenpersoonshuishoudens,provenance/netherlands_one_person_households_manifest.json,country_local
netherlands,one_person_households,2023,2023,cbs-gemeentelijke-indeling-2023,municipality,1742,GM1742,Rijssen-Holten,26.5,percent,CBS StatLine 70072NED Eenpersoonshuishoudens,provenance/netherlands_one_person_households_manifest.json,country_local
netherlands,one_person_households,2023,2023,cbs-gemeentelijke-indeling-2023,municipality,1771,GM1771,Geldrop-Mierlo,34.1,percent,CBS StatLine 70072NED Eenpersoonshuishoudens,provenance/netherlands_one_person_households_manifest.json,country_local
netherlands,one_person_households,2023,2023,cbs-gemeentelijke-indeling-2023,municipality,1773,GM1773,Olst-Wijhe,28.6,percent,CBS StatLine 70072NED Eenpersoonshuishoudens,provenance/netherlands_one_person_households_manifest.json,country_local
netherlands,one_person_households,2023,2023,cbs-gemeentelijke-indeling-2023,municipality,1774,GM1774,Dinkelland,27.0,percent,CBS StatLine 70072NED Eenpersoonshuishoudens,provenance/netherlands_one_person_households_manifest.json,country_local
netherlands,one_person_households,2023,2023,cbs-gemeentelijke-indeling-2023,municipality,1783,GM1783,Westland,33.1,percent,CBS StatLine 70072NED Eenpersoonshuishoudens,provenance/netherlands_one_person_households_manifest.json,country_local
netherlands,one_person_households,2023,2023,cbs-gemeentelijke-indeling-2023,municipality,1842,GM1842,Midden-Delfland,27.4,percent,CBS StatLine 70072NED Eenpersoonshuishoudens,provenance/netherlands_one_person_households_manifest.json,country_local
netherlands,one_person_households,2023,2023,cbs-gemeentelijke-indeling-2023,municipality,1859,GM1859,Berkelland,30.6,percent,CBS StatLine 70072NED Eenpersoonshuishoudens,provenance/netherlands_one_person_households_manifest.json,country_local
netherlands,one_person_households,2023,2023,cbs-gemeentelijke-indeling-2023,municipality,1876,GM1876,Bronckhorst,28.9,percent,CBS StatLine 70072NED Eenpersoonshuishoudens,provenance/netherlands_one_person_households_manifest.json,country_local
netherlands,one_person_households,2023,2023,cbs-gemeentelijke-indeling-2023,municipality,1883,GM1883,Sittard-Geleen,41.3,percent,CBS StatLine 70072NED Eenpersoonshuishoudens,provenance/netherlands_one_person_households_manifest.json,country_local
netherlands,one_person_households,2023,2023,cbs-gemeentelijke-indeling-2023,municipality,1884,GM1884,Kaag en Braassem,30.3,percent,CBS StatLine 70072NED Eenpersoonshuishoudens,provenance/netherlands_one_person_households_manifest.json,country_local
netherlands,one_person_households,2023,2023,cbs-gemeentelijke-indeling-2023,municipality,1891,GM1891,Dantumadiel,30.6,percent,CBS StatLine 70072NED Eenpersoonshuishoudens,provenance/netherlands_one_person_households_manifest.json,country_local
netherlands,one_person_households,2023,2023,cbs-gemeentelijke-indeling-2023,municipality,1892,GM1892,Zuidplas,27.0,percent,CBS StatLine 70072NED Eenpersoonshuishoudens,provenance/netherlands_one_person_households_manifest.json,country_local
netherlands,one_person_households,2023,2023,cbs-gemeentelijke-indeling-2023,municipality,1894,GM1894,Peel en Maas,31.2,percent,CBS StatLine 70072NED Eenpersoonshuishoudens,provenance/netherlands_one_person_households_manifest.json,country_local
netherlands,one_person_households,2023,2023,cbs-gemeentelijke-indeling-2023,municipality,1895,GM1895,Oldambt,38.7,percent,CBS StatLine 70072NED Eenpersoonshuishoudens,provenance/netherlands_one_person_households_manifest.json,country_local
netherlands,one_person_households,2023,2023,cbs-gemeentelijke-indeling-2023,municipality,1896,GM1896,Zwartewaterland,26.9,percent,CBS StatLine 70072NED Eenpersoonshuishoudens,provenance/netherlands_one_person_households_manifest.json,country_local
netherlands,one_person_households,2023,2023,cbs-gemeentelijke-indeling-2023,municipality,1900,GM1900,Súdwest-Fryslân,36.3,percent,CBS StatLine 70072NED Eenpersoonshuishoudens,provenance/netherlands_one_person_households_manifest.json,country_local
netherlands,one_person_households,2023,2023,cbs-gemeentelijke-indeling-2023,municipality,1901,GM1901,Bodegraven-Reeuwijk,29.5,percent,CBS StatLine 70072NED Eenpersoonshuishoudens,provenance/netherlands_one_person_households_manifest.json,country_local
netherlands,one_person_households,2023,2023,cbs-gemeentelijke-indeling-2023,municipality,1903,GM1903,Eijsden-Margraten,28.3,percent,CBS StatLine 70072NED Eenpersoonshuishoudens,provenance/netherlands_one_person_households_manifest.json,country_local
netherlands,one_person_households,2023,2023,cbs-gemeentelijke-indeling-2023,municipality,1904,GM1904,Stichtse Vecht,33.6,percent,CBS StatLine 70072NED Eenpersoonshuishoudens,provenance/netherlands_one_person_households_manifest.json,country_local
netherlands,one_person_households,2023,2023,cbs-gemeentelijke-indeling-2023,municipality,1911,GM1911,Hollands Kroon,32.6,percent,CBS StatLine 70072NED Eenpersoonshuishoudens,provenance/netherlands_one_person_households_manifest.json,country_local
netherlands,one_person_households,2023,2023,cbs-gemeentelijke-indeling-2023,municipality,1916,GM1916,Leidschendam-Voorburg,42.1,percent,CBS StatLine 70072NED Eenpersoonshuishoudens,provenance/netherlands_one_person_households_manifest.json,country_local
netherlands,one_person_households,2023,2023,cbs-gemeentelijke-indeling-2023,municipality,1924,GM1924,Goeree-Overflakkee,31.2,percent,CBS StatLine 70072NED Eenpersoonshuishoudens,provenance/netherlands_one_person_households_manifest.json,country_local
netherlands,one_person_households,2023,2023,cbs-gemeentelijke-indeling-2023,municipality,1926,GM1926,Pijnacker-Nootdorp,26.0,percent,CBS StatLine 70072NED Eenpersoonshuishoudens,provenance/netherlands_one_person_households_manifest.json,country_local
netherlands,one_person_households,2023,2023,cbs-gemeentelijke-indeling-2023,municipality,1930,GM1930,Nissewaard,34.5,percent,CBS StatLine 70072NED Eenpersoonshuishoudens,provenance/netherlands_one_person_households_manifest.json,country_local
netherlands,one_person_households,2023,2023,cbs-gemeentelijke-indeling-2023,municipality,1931,GM1931,Krimpenerwaard,31.5,percent,CBS StatLine 70072NED Eenpersoonshuishoudens,provenance/netherlands_one_person_households_manifest.json,country_local
netherlands,one_person_households,2023,2023,cbs-gemeentelijke-indeling-2023,municipality,1940,GM1940,De Fryske Marren,32.2,percent,CBS StatLine 70072NED Eenpersoonshuishoudens,provenance/netherlands_one_person_households_manifest.json,country_local
netherlands,one_person_households,2023,2023,cbs-gemeentelijke-indeling-2023,municipality,1942,GM1942,Gooise Meren,38.9,percent,CBS StatLine 70072NED Eenpersoonshuishoudens,provenance/netherlands_one_person_households_manifest.json,country_local
netherlands,one_person_households,2023,2023,cbs-gemeentelijke-indeling-2023,municipality,1945,GM1945,Berg en Dal,35.7,percent,CBS StatLine 70072NED Eenpersoonshuishoudens,provenance/netherlands_one_person_households_manifest.json,country_local
netherlands,one_person_households,2023,2023,cbs-gemeentelijke-indeling-2023,municipality,1948,GM1948,Meierijstad,31.3,percent,CBS StatLine 70072NED Eenpersoonshuishoudens,provenance/netherlands_one_person_households_manifest.json,country_local
netherlands,one_person_households,2023,2023,cbs-gemeentelijke-indeling-2023,municipality,1949,GM1949,Waadhoeke,34.6,percent,CBS StatLine 70072NED Eenpersoonshuishoudens,provenance/netherlands_one_person_households_manifest.json,country_local
netherlands,one_person_households,2023,2023,cbs-gemeentelijke-indeling-2023,municipality,1950,GM1950,Westerwolde,32.8,percent,CBS StatLine 70072NED Eenpersoonshuishoudens,provenance/netherlands_one_person_households_manifest.json,country_local
netherlands,one_person_households,2023,2023,cbs-gemeentelijke-indeling-2023,municipality,1952,GM1952,Midden-Groningen,36.3,percent,CBS StatLine 70072NED Eenpersoonshuishoudens,provenance/netherlands_one_person_households_manifest.json,country_local
netherlands,one_person_households,2023,2023,cbs-gemeentelijke-indeling-2023,municipality,1954,GM1954,Beekdaelen,31.2,percent,CBS StatLine 70072NED Eenpersoonshuishoudens,provenance/netherlands_one_person_households_manifest.json,country_local
netherlands,one_person_households,2023,2023,cbs-gemeentelijke-indeling-2023,municipality,1955,GM1955,Montferland,30.6,percent,CBS StatLine 70072NED Eenpersoonshuishoudens,provenance/netherlands_one_person_households_manifest.json,country_local
netherlands,one_person_households,2023,2023,cbs-gemeentelijke-indeling-2023,municipality,1959,GM1959,Altena,28.6,percent,CBS StatLine 70072NED Eenpersoonshuishoudens,provenance/netherlands_one_person_households_manifest.json,country_local
netherlands,one_person_households,2023,2023,cbs-gemeentelijke-indeling-2023,municipality,1960,GM1960,West Betuwe,27.3,percent,CBS StatLine 70072NED Eenpersoonshuishoudens,provenance/netherlands_one_person_households_manifest.json,country_local
netherlands,one_person_households,2023,2023,cbs-gemeentelijke-indeling-2023,municipality,1961,GM1961,Vijfheerenlanden,29.7,percent,CBS StatLine 70072NED Eenpersoonshuishoudens,provenance/netherlands_one_person_households_manifest.json,country_local
netherlands,one_person_households,2023,2023,cbs-gemeentelijke-indeling-2023,municipality,1963,GM1963,Hoeksche Waard,29.9,percent,CBS StatLine 70072NED Eenpersoonshuishoudens,provenance/netherlands_one_person_households_manifest.json,country_local
netherlands,one_person_households,2023,2023,cbs-gemeentelijke-indeling-2023,municipality,1966,GM1966,Het Hogeland,35.4,percent,CBS StatLine 70072NED Eenpersoonshuishoudens,provenance/netherlands_one_person_households_manifest.json,country_local
netherlands,one_person_households,2023,2023,cbs-gemeentelijke-indeling-2023,municipality,1969,GM1969,Westerkwartier,29.8,percent,CBS StatLine 70072NED Eenpersoonshuishoudens,provenance/netherlands_one_person_households_manifest.json,country_local
netherlands,one_person_households,2023,2023,cbs-gemeentelijke-indeling-2023,municipality,1970,GM1970,Noardeast-Fryslân,34.2,percent,CBS StatLine 70072NED Eenpersoonshuishoudens,provenance/netherlands_one_person_households_manifest.json,country_local
netherlands,one_person_households,2023,2023,cbs-gemeentelijke-indeling-2023,municipality,1978,GM1978,Molenlanden,26.7,percent,CBS StatLine 70072NED Eenpersoonshuishoudens,provenance/netherlands_one_person_households_manifest.json,country_local
netherlands,one_person_households,2023,2023,cbs-gemeentelijke-indeling-2023,municipality,1979,GM1979,Eemsdelta,38.2,percent,CBS StatLine 70072NED Eenpersoonshuishoudens,provenance/netherlands_one_person_households_manifest.json,country_local
netherlands,one_person_households,2023,2023,cbs-gemeentelijke-indeling-2023,municipality,1980,GM1980,Dijk en Waard,30.6,percent,CBS StatLine 70072NED Eenpersoonshuishoudens,provenance/netherlands_one_person_households_manifest.json,country_local
netherlands,one_person_households,2023,2023,cbs-gemeentelijke-indeling-2023,municipality,1982,GM1982,Land van Cuijk,31.1,percent,CBS StatLine 70072NED Eenpersoonshuishoudens,provenance/netherlands_one_person_households_manifest.json,country_local
netherlands,one_person_households,2023,2023,cbs-gemeentelijke-indeling-2023,municipality,1991,GM1991,Maashorst,33.7,percent,CBS StatLine 70072NED Eenpersoonshuishoudens,provenance/netherlands_one_person_households_manifest.json,country_local
netherlands,one_person_households,2023,2023,cbs-gemeentelijke-indeling-2023,municipality,1992,GM1992,Voorne aan Zee,33.2,percent,CBS StatLine 70072NED Eenpersoonshuishoudens,provenance/netherlands_one_person_households_manifest.json,country_local
netherlands,one_person_households,2025,2025,cbs-gemeentelijke-indeling-2025,municipality,0014,GM0014,Groningen,60.7,percent,CBS StatLine 70072NED Eenpersoonshuishoudens,provenance/netherlands_one_person_households_manifest.json,country_local
netherlands,one_person_households,2025,2025,cbs-gemeentelijke-indeling-2025,municipality,0034,GM0034,Almere,33.8,percent,CBS StatLine 70072NED Eenpersoonshuishoudens,provenance/netherlands_one_person_households_manifest.json,country_local
netherlands,one_person_households,2025,2025,cbs-gemeentelijke-indeling-2025,municipality,0037,GM0037,Stadskanaal,37.1,percent,CBS StatLine 70072NED Eenpersoonshuishoudens,provenance/netherlands_one_person_households_manifest.json,country_local
netherlands,one_person_households,2025,2025,cbs-gemeentelijke-indeling-2025,municipality,0047,GM0047,Veendam,35.9,percent,CBS StatLine 70072NED Eenpersoonshuishoudens,provenance/netherlands_one_person_households_manifest.json,country_local
netherlands,one_person_households,2025,2025,cbs-gemeentelijke-indeling-2025,municipality,0050,GM0050,Zeewolde,32.9,percent,CBS StatLine 70072NED Eenpersoonshuishoudens,provenance/netherlands_one_person_households_manifest.json,country_local
netherlands,one_person_households,2025,2025,cbs-gemeentelijke-indeling-2025,municipality,0059,GM0059,Achtkarspelen,32.3,percent,CBS StatLine 70072NED Eenpersoonshuishoudens,provenance/netherlands_one_person_households_manifest.json,country_local
netherlands,one_person_households,2025,2025,cbs-gemeentelijke-indeling-2025,municipality,0060,GM0060,Ameland,41.1,percent,CBS StatLine 70072NED Eenpersoonshuishoudens,provenance/netherlands_one_person_households_manifest.json,country_local
netherlands,one_person_households,2025,2025,cbs-gemeentelijke-indeling-2025,municipality,0072,GM0072,Harlingen,40.5,percent,CBS StatLine 70072NED Eenpersoonshuishoudens,provenance/netherlands_one_person_households_manifest.json,country_local
netherlands,one_person_households,2025,2025,cbs-gemeentelijke-indeling-2025,municipality,0074,GM0074,Heerenveen,38.1,percent,CBS StatLine 70072NED Eenpersoonshuishoudens,provenance/netherlands_one_person_households_manifest.json,country_local
netherlands,one_person_households,2025,2025,cbs-gemeentelijke-indeling-2025,municipality,0080,GM0080,Leeuwarden,49.0,percent,CBS StatLine 70072NED Eenpersoonshuishoudens,provenance/netherlands_one_person_households_manifest.json,country_local
netherlands,one_person_households,2025,2025,cbs-gemeentelijke-indeling-2025,municipality,0085,GM0085,Ooststellingwerf,34.5,percent,CBS StatLine 70072NED Eenpersoonshuishoudens,provenance/netherlands_one_person_households_manifest.json,country_local
netherlands,one_person_households,2025,2025,cbs-gemeentelijke-indeling-2025,municipality,0086,GM0086,Opsterland,31.7,percent,CBS StatLine 70072NED Eenpersoonshuishoudens,provenance/netherlands_one_person_households_manifest.json,country_local
netherlands,one_person_households,2025,2025,cbs-gemeentelijke-indeling-2025,municipality,0088,GM0088,Schiermonnikoog,57.9,percent,CBS StatLine 70072NED Eenpersoonshuishoudens,provenance/netherlands_one_person_households_manifest.json,country_local
netherlands,one_person_households,2025,2025,cbs-gemeentelijke-indeling-2025,municipality,0090,GM0090,Smallingerland,38.3,percent,CBS StatLine 70072NED Eenpersoonshuishoudens,provenance/netherlands_one_person_households_manifest.json,country_local
netherlands,one_person_households,2025,2025,cbs-gemeentelijke-indeling-2025,municipality,0093,GM0093,Terschelling,48.6,percent,CBS StatLine 70072NED Eenpersoonshuishoudens,provenance/netherlands_one_person_households_manifest.json,country_local
netherlands,one_person_households,2025,2025,cbs-gemeentelijke-indeling-2025,municipality,0096,GM0096,Vlieland,57.7,percent,CBS StatLine 70072NED Eenpersoonshuishoudens,provenance/netherlands_one_person_households_manifest.json,country_local
netherlands,one_person_households,2025,2025,cbs-gemeentelijke-indeling-2025,municipality,0098,GM0098,Weststellingwerf,34.0,percent,CBS StatLine 70072NED Eenpersoonshuishoudens,provenance/netherlands_one_person_households_manifest.json,country_local
netherlands,one_person_households,2025,2025,cbs-gemeentelijke-indeling-2025,municipality,0106,GM0106,Assen,40.7,percent,CBS StatLine 70072NED Eenpersoonshuishoudens,provenance/netherlands_one_person_households_manifest.json,country_local
netherlands,one_person_households,2025,2025,cbs-gemeentelijke-indeling-2025,municipality,0109,GM0109,Coevorden,32.9,percent,CBS StatLine 70072NED Eenpersoonshuishoudens,provenance/netherlands_one_person_households_manifest.json,country_local
netherlands,one_person_households,2025,2025,cbs-gemeentelijke-indeling-2025,municipality,0114,GM0114,Emmen,36.5,percent,CBS StatLine 70072NED Eenpersoonshuishoudens,provenance/netherlands_one_person_households_manifest.json,country_local
netherlands,one_person_households,2025,2025,cbs-gemeentelijke-indeling-2025,municipality,0118,GM0118,Hoogeveen,36.4,percent,CBS StatLine 70072NED Eenpersoonshuishoudens,provenance/netherlands_one_person_households_manifest.json,country_local
netherlands,one_person_households,2025,2025,cbs-gemeentelijke-indeling-2025,municipality,0119,GM0119,Meppel,39.5,percent,CBS StatLine 70072NED Eenpersoonshuishoudens,provenance/netherlands_one_person_households_manifest.json,country_local
netherlands,one_person_households,2025,2025,cbs-gemeentelijke-indeling-2025,municipality,0141,GM0141,Almelo,38.0,percent,CBS StatLine 70072NED Eenpersoonshuishoudens,provenance/netherlands_one_person_households_manifest.json,country_local
netherlands,one_person_households,2025,2025,cbs-gemeentelijke-indeling-2025,municipality,0147,GM0147,Borne,29.1,percent,CBS StatLine 70072NED Eenpersoonshuishoudens,provenance/netherlands_one_person_households_manifest.json,country_local
netherlands,one_person_households,2025,2025,cbs-gemeentelijke-indeling-2025,municipality,0148,GM0148,Dalfsen,28.5,percent,CBS StatLine 70072NED Eenpersoonshuishoudens,provenance/netherlands_one_person_households_manifest.json,country_local
netherlands,one_person_households,2025,2025,cbs-gemeentelijke-indeling-2025,municipality,0150,GM0150,Deventer,40.3,percent,CBS StatLine 70072NED Eenpersoonshuishoudens,provenance/netherlands_one_person_households_manifest.json,country_local
netherlands,one_person_households,2025,2025,cbs-gemeentelijke-indeling-2025,municipality,0153,GM0153,Enschede,47.9,percent,CBS StatLine 70072NED Eenpersoonshuishoudens,provenance/netherlands_one_person_households_manifest.json,country_local
netherlands,one_person_households,2025,2025,cbs-gemeentelijke-indeling-2025,municipality,0158,GM0158,Haaksbergen,30.7,percent,CBS StatLine 70072NED Eenpersoonshuishoudens,provenance/netherlands_one_person_households_manifest.json,country_local
netherlands,one_person_households,2025,2025,cbs-gemeentelijke-indeling-2025,municipality,0160,GM0160,Hardenberg,29.8,percent,CBS StatLine 70072NED Eenpersoonshuishoudens,provenance/netherlands_one_person_households_manifest.json,country_local
netherlands,one_person_households,2025,2025,cbs-gemeentelijke-indeling-2025,municipality,0163,GM0163,Hellendoorn,29.5,percent,CBS StatLine 70072NED Eenpersoonshuishoudens,provenance/netherlands_one_person_households_manifest.json,country_local
netherlands,one_person_households,2025,2025,cbs-gemeentelijke-indeling-2025,municipality,0164,GM0164,Hengelo (O.),41.2,percent,CBS StatLine 70072NED Eenpersoonshuishoudens,provenance/netherlands_one_person_households_manifest.json,country_local
netherlands,one_person_households,2025,2025,cbs-gemeentelijke-indeling-2025,municipality,0166,GM0166,Kampen,32.7,percent,CBS StatLine 70072NED Eenpersoonshuishoudens,provenance/netherlands_one_person_households_manifest.json,country_local
netherlands,one_person_households,2025,2025,cbs-gemeentelijke-indeling-2025,municipality,0168,GM0168,Losser,28.9,percent,CBS StatLine 70072NED Eenpersoonshuishoudens,provenance/netherlands_one_person_households_manifest.json,country_local
netherlands,one_person_households,2025,2025,cbs-gemeentelijke-indeling-2025,municipality,0171,GM0171,Noordoostpolder,34.2,percent,CBS StatLine 70072NED Eenpersoonshuishoudens,provenance/netherlands_one_person_households_manifest.json,country_local
netherlands,one_person_households,2025,2025,cbs-gemeentelijke-indeling-2025,municipality,0173,GM0173,Oldenzaal,36.1,percent,CBS StatLine 70072NED Eenpersoonshuishoudens,provenance/netherlands_one_person_households_manifest.json,country_local
netherlands,one_person_households,2025,2025,cbs-gemeentelijke-indeling-2025,municipality,0175,GM0175,Ommen,31.4,percent,CBS StatLine 70072NED Eenpersoonshuishoudens,provenance/netherlands_one_person_households_manifest.json,country_local
netherlands,one_person_households,2025,2025,cbs-gemeentelijke-indeling-2025,municipality,0177,GM0177,Raalte,30.8,percent,CBS StatLine 70072NED Eenpersoonshuishoudens,provenance/netherlands_one_person_households_manifest.json,country_local
netherlands,one_person_households,2025,2025,cbs-gemeentelijke-indeling-2025,municipality,0180,GM0180,Staphorst,26.7,percent,CBS StatLine 70072NED Eenpersoonshuishoudens,provenance/netherlands_one_person_households_manifest.json,country_local
netherlands,one_person_households,2025,2025,cbs-gemeentelijke-indeling-2025,municipality,0183,GM0183,Tubbergen,26.6,percent,CBS StatLine 70072NED Eenpersoonshuishoudens,provenance/netherlands_one_person_households_manifest.json,country_local
netherlands,one_person_households,2025,2025,cbs-gemeentelijke-indeling-2025,municipality,0184,GM0184,Urk,22.2,percent,CBS StatLine 70072NED Eenpersoonshuishoudens,provenance/netherlands_one_person_households_manifest.json,country_local
netherlands,one_person_households,2025,2025,cbs-gemeentelijke-indeling-2025,municipality,0189,GM0189,Wierden,27.4,percent,CBS StatLine 70072NED Eenpersoonshuishoudens,provenance/netherlands_one_person_households_manifest.json,country_local
netherlands,one_person_households,2025,2025,cbs-gemeentelijke-indeling-2025,municipality,0193,GM0193,Zwolle,43.0,percent,CBS StatLine 70072NED Eenpersoonshuishoudens,provenance/netherlands_one_person_households_manifest.json,country_local
netherlands,one_person_households,2025,2025,cbs-gemeentelijke-indeling-2025,municipality,0197,GM0197,Aalten,31.4,percent,CBS StatLine 70072NED Eenpersoonshuishoudens,provenance/netherlands_one_person_households_manifest.json,country_local
netherlands,one_person_households,2025,2025,cbs-gemeentelijke-indeling-2025,municipality,0200,GM0200,Apeldoorn,37.8,percent,CBS StatLine 70072NED Eenpersoonshuishoudens,provenance/netherlands_one_person_households_manifest.json,country_local
netherlands,one_person_households,2025,2025,cbs-gemeentelijke-indeling-2025,municipality,0202,GM0202,Arnhem,48.8,percent,CBS StatLine 70072NED Eenpersoonshuishoudens,provenance/netherlands_one_person_households_manifest.json,country_local
netherlands,one_person_households,2025,2025,cbs-gemeentelijke-indeling-2025,municipality,0203,GM0203,Barneveld,28.5,percent,CBS StatLine 70072NED Eenpersoonshuishoudens,provenance/netherlands_one_person_households_manifest.json,country_local
netherlands,one_person_households,2025,2025,cbs-gemeentelijke-indeling-2025,municipality,0209,GM0209,Beuningen,30.0,percent,CBS StatLine 70072NED Eenpersoonshuishoudens,provenance/netherlands_one_person_households_manifest.json,country_local
netherlands,one_person_households,2025,2025,cbs-gemeentelijke-indeling-2025,municipality,0213,GM0213,Brummen,30.7,percent,CBS StatLine 70072NED Eenpersoonshuishoudens,provenance/netherlands_one_person_households_manifest.json,country_local
netherlands,one_person_households,2025,2025,cbs-gemeentelijke-indeling-2025,municipality,0214,GM0214,Buren,29.2,percent,CBS StatLine 70072NED Eenpersoonshuishoudens,provenance/netherlands_one_person_households_manifest.json,country_local
netherlands,one_person_households,2025,2025,cbs-gemeentelijke-indeling-2025,municipality,0216,GM0216,Culemborg,34.4,percent,CBS StatLine 70072NED Eenpersoonshuishoudens,provenance/netherlands_one_person_households_manifest.json,country_local
netherlands,one_person_households,2025,2025,cbs-gemeentelijke-indeling-2025,municipality,0221,GM0221,Doesburg,37.7,percent,CBS StatLine 70072NED Eenpersoonshuishoudens,provenance/netherlands_one_person_households_manifest.json,country_local
netherlands,one_person_households,2025,2025,cbs-gemeentelijke-indeling-2025,municipality,0222,GM0222,Doetinchem,36.4,percent,CBS StatLine 70072NED Eenpersoonshuishoudens,provenance/netherlands_one_person_households_manifest.json,country_local
netherlands,one_person_households,2025,2025,cbs-gemeentelijke-indeling-2025,municipality,0225,GM0225,Druten,30.8,percent,CBS StatLine 70072NED Eenpersoonshuishoudens,provenance/netherlands_one_person_households_manifest.json,country_local
netherlands,one_person_households,2025,2025,cbs-gemeentelijke-indeling-2025,municipality,0226,GM0226,Duiven,29.6,percent,CBS StatLine 70072NED Eenpersoonshuishoudens,provenance/netherlands_one_person_households_manifest.json,country_local
netherlands,one_person_households,2025,2025,cbs-gemeentelijke-indeling-2025,municipality,0228,GM0228,Ede,35.9,percent,CBS StatLine 70072NED Eenpersoonshuishoudens,provenance/netherlands_one_person_households_manifest.json,country_local
netherlands,one_person_households,2025,2025,cbs-gemeentelijke-indeling-2025,municipality,0230,GM0230,Elburg,28.9,percent,CBS StatLine 70072NED Eenpersoonshuishoudens,provenance/netherlands_one_person_households_manifest.json,country_local
netherlands,one_person_households,2025,2025,cbs-gemeentelijke-indeling-2025,municipality,0232,GM0232,Epe,32.1,percent,CBS StatLine 70072NED Eenpersoonshuishoudens,provenance/netherlands_one_person_households_manifest.json,country_local
netherlands,one_person_households,2025,2025,cbs-gemeentelijke-indeling-2025,municipality,0233,GM0233,Ermelo,34.6,percent,CBS StatLine 70072NED Eenpersoonshuishoudens,provenance/netherlands_one_person_households_manifest.json,country_local
netherlands,one_person_households,2025,2025,cbs-gemeentelijke-indeling-2025,municipality,0243,GM0243,Harderwijk,34.6,percent,CBS StatLine 70072NED Eenpersoonshuishoudens,provenance/netherlands_one_person_households_manifest.json,country_local
netherlands,one_person_households,2025,2025,cbs-gemeentelijke-indeling-2025,municipality,0244,GM0244,Hattem,29.9,percent,CBS StatLine 70072NED Eenpersoonshuishoudens,provenance/netherlands_one_person_households_manifest.json,country_local
netherlands,one_person_households,2025,2025,cbs-gemeentelijke-indeling-2025,municipality,0246,GM0246,Heerde,28.0,percent,CBS StatLine 70072NED Eenpersoonshuishoudens,provenance/netherlands_one_person_households_manifest.json,country_local
netherlands,one_person_households,2025,2025,cbs-gemeentelijke-indeling-2025,municipality,0252,GM0252,Heumen,32.7,percent,CBS StatLine 70072NED Eenpersoonshuishoudens,provenance/netherlands_one_person_households_manifest.json,country_local
netherlands,one_person_households,2025,2025,cbs-gemeentelijke-indeling-2025,municipality,0262,GM0262,Lochem,31.7,percent,CBS StatLine 70072NED Eenpersoonshuishoudens,provenance/netherlands_one_person_households_manifest.json,country_local
netherlands,one_person_households,2025,2025,cbs-gemeentelijke-indeling-2025,municipality,0263,GM0263,Maasdriel,31.9,percent,CBS StatLine 70072NED Eenpersoonshuishoudens,provenance/netherlands_one_person_households_manifest.json,country_local
netherlands,one_person_households,2025,2025,cbs-gemeentelijke-indeling-2025,municipality,0267,GM0267,Nijkerk,30.0,percent,CBS StatLine 70072NED Eenpersoonshuishoudens,provenance/netherlands_one_person_households_manifest.json,country_local
netherlands,one_person_households,2025,2025,cbs-gemeentelijke-indeling-2025,municipality,0268,GM0268,Nijmegen,55.5,percent,CBS StatLine 70072NED Eenpersoonshuishoudens,provenance/netherlands_one_person_households_manifest.json,country_local
netherlands,one_person_households,2025,2025,cbs-gemeentelijke-indeling-2025,municipality,0269,GM0269,Oldebroek,26.5,percent,CBS StatLine 70072NED Eenpersoonshuishoudens,provenance/netherlands_one_person_households_manifest.json,country_local
netherlands,one_person_households,2025,2025,cbs-gemeentelijke-indeling-2025,municipality,0273,GM0273,Putten,28.8,percent,CBS StatLine 70072NED Eenpersoonshuishoudens,provenance/netherlands_one_person_households_manifest.json,country_local
netherlands,one_person_households,2025,2025,cbs-gemeentelijke-indeling-2025,municipality,0274,GM0274,Renkum,39.2,percent,CBS StatLine 70072NED Eenpersoonshuishoudens,provenance/netherlands_one_person_households_manifest.json,country_local
netherlands,one_person_households,2025,2025,cbs-gemeentelijke-indeling-2025,municipality,0275,GM0275,Rheden,42.4,percent,CBS StatLine 70072NED Eenpersoonshuishoudens,provenance/netherlands_one_person_households_manifest.json,country_local
netherlands,one_person_households,2025,2025,cbs-gemeentelijke-indeling-2025,municipality,0277,GM0277,Rozendaal,23.9,percent,CBS StatLine 70072NED Eenpersoonshuishoudens,provenance/netherlands_one_person_households_manifest.json,country_local
netherlands,one_person_households,2025,2025,cbs-gemeentelijke-indeling-2025,municipality,0279,GM0279,Scherpenzeel,30.4,percent,CBS StatLine 70072NED Eenpersoonshuishoudens,provenance/netherlands_one_person_households_manifest.json,country_local
netherlands,one_person_households,2025,2025,cbs-gemeentelijke-indeling-2025,municipality,0281,GM0281,Tiel,37.8,percent,CBS StatLine 70072NED Eenpersoonshuishoudens,provenance/netherlands_one_person_households_manifest.json,country_local
netherlands,one_person_households,2025,2025,cbs-gemeentelijke-indeling-2025,municipality,0285,GM0285,Voorst,29.2,percent,CBS StatLine 70072NED Eenpersoonshuishoudens,provenance/netherlands_one_person_households_manifest.json,country_local
netherlands,one_person_households,2025,2025,cbs-gemeentelijke-indeling-2025,municipality,0289,GM0289,Wageningen,63.6,percent,CBS StatLine 70072NED Eenpersoonshuishoudens,provenance/netherlands_one_person_households_manifest.json,country_local
netherlands,one_person_households,2025,2025,cbs-gemeentelijke-indeling-2025,municipality,0293,GM0293,Westervoort,31.0,percent,CBS StatLine 70072NED Eenpersoonshuishoudens,provenance/netherlands_one_person_households_manifest.json,country_local
netherlands,one_person_households,2025,2025,cbs-gemeentelijke-indeling-2025,municipality,0294,GM0294,Winterswijk,34.9,percent,CBS StatLine 70072NED Eenpersoonshuishoudens,provenance/netherlands_one_person_households_manifest.json,country_local
netherlands,one_person_households,2025,2025,cbs-gemeentelijke-indeling-2025,municipality,0296,GM0296,Wijchen,31.7,percent,CBS StatLine 70072NED Eenpersoonshuishoudens,provenance/netherlands_one_person_households_manifest.json,country_local
netherlands,one_person_households,2025,2025,cbs-gemeentelijke-indeling-2025,municipality,0297,GM0297,Zaltbommel,32.9,percent,CBS StatLine 70072NED Eenpersoonshuishoudens,provenance/netherlands_one_person_households_manifest.json,country_local
netherlands,one_person_households,2025,2025,cbs-gemeentelijke-indeling-2025,municipality,0299,GM0299,Zevenaar,34.1,percent,CBS StatLine 70072NED Eenpersoonshuishoudens,provenance/netherlands_one_person_households_manifest.json,country_local
netherlands,one_person_households,2025,2025,cbs-gemeentelijke-indeling-2025,municipality,0301,GM0301,Zutphen,40.6,percent,CBS StatLine 70072NED Eenpersoonshuishoudens,provenance/netherlands_one_person_households_manifest.json,country_local
netherlands,one_person_households,2025,2025,cbs-gemeentelijke-indeling-2025,municipality,0302,GM0302,Nunspeet,29.4,percent,CBS StatLine 70072NED Eenpersoonshuishoudens,provenance/netherlands_one_person_households_manifest.json,country_local
netherlands,one_person_households,2025,2025,cbs-gemeentelijke-indeling-2025,municipality,0303,GM0303,Dronten,33.8,percent,CBS StatLine 70072NED Eenpersoonshuishoudens,provenance/netherlands_one_person_households_manifest.json,country_local
netherlands,one_person_households,2025,2025,cbs-gemeentelijke-indeling-2025,municipality,0307,GM0307,Amersfoort,38.0,percent,CBS StatLine 70072NED Eenpersoonshuishoudens,provenance/netherlands_one_person_households_manifest.json,country_local
netherlands,one_person_households,2025,2025,cbs-gemeentelijke-indeling-2025,municipality,0308,GM0308,Baarn,39.3,percent,CBS StatLine 70072NED Eenpersoonshuishoudens,provenance/netherlands_one_person_households_manifest.json,country_local
netherlands,one_person_households,2025,2025,cbs-gemeentelijke-indeling-2025,municipality,0310,GM0310,De Bilt,37.4,percent,CBS StatLine 70072NED Eenpersoonshuishoudens,provenance/netherlands_one_person_households_manifest.json,country_local
netherlands,one_person_households,2025,2025,cbs-gemeentelijke-indeling-2025,municipality,0312,GM0312,Bunnik,33.0,percent,CBS StatLine 70072NED Eenpersoonshuishoudens,provenance/netherlands_one_person_households_manifest.json,country_local
netherlands,one_person_households,2025,2025,cbs-gemeentelijke-indeling-2025,municipality,0313,GM0313,Bunschoten,27.3,percent,CBS StatLine 70072NED Eenpersoonshuishoudens,provenance/netherlands_one_person_households_manifest.json,country_local
netherlands,one_person_households,2025,2025,cbs-gemeentelijke-indeling-2025,municipality,0317,GM0317,Eemnes,31.3,percent,CBS StatLine 70072NED Eenpersoonshuishoudens,provenance/netherlands_one_person_households_manifest.json,country_local
netherlands,one_person_households,2025,2025,cbs-gemeentelijke-indeling-2025,municipality,0321,GM0321,Houten,29.4,percent,CBS StatLine 70072NED Eenpersoonshuishoudens,provenance/netherlands_one_person_households_manifest.json,country_local
netherlands,one_person_households,2025,2025,cbs-gemeentelijke-indeling-2025,municipality,0327,GM0327,Leusden,32.4,percent,CBS StatLine 70072NED Eenpersoonshuishoudens,provenance/netherlands_one_person_households_manifest.json,country_local
netherlands,one_person_households,2025,2025,cbs-gemeentelijke-indeling-2025,municipality,0331,GM0331,Lopik,27.6,percent,CBS StatLine 70072NED Eenpersoonshuishoudens,provenance/netherlands_one_person_households_manifest.json,country_local
netherlands,one_person_households,2025,2025,cbs-gemeentelijke-indeling-2025,municipality,0335,GM0335,Montfoort,29.8,percent,CBS StatLine 70072NED Eenpersoonshuishoudens,provenance/netherlands_one_person_households_manifest.json,country_local
netherlands,one_person_households,2025,2025,cbs-gemeentelijke-indeling-2025,municipality,0339,GM0339,Renswoude,27.7,percent,CBS StatLine 70072NED Eenpersoonshuishoudens,provenance/netherlands_one_person_households_manifest.json,country_local
netherlands,one_person_households,2025,2025,cbs-gemeentelijke-indeling-2025,municipality,0340,GM0340,Rhenen,32.1,percent,CBS StatLine 70072NED Eenpersoonshuishoudens,provenance/netherlands_one_person_households_manifest.json,country_local
netherlands,one_person_households,2025,2025,cbs-gemeentelijke-indeling-2025,municipality,0342,GM0342,Soest,34.8,percent,CBS StatLine 70072NED Eenpersoonshuishoudens,provenance/netherlands_one_person_households_manifest.json,country_local
netherlands,one_person_households,2025,2025,cbs-gemeentelijke-indeling-2025,municipality,0344,GM0344,Utrecht,51.6,percent,CBS StatLine 70072NED Eenpersoonshuishoudens,provenance/netherlands_one_person_households_manifest.json,country_local
netherlands,one_person_households,2025,2025,cbs-gemeentelijke-indeling-2025,municipality,0345,GM0345,Veenendaal,34.5,percent,CBS StatLine 70072NED Eenpersoonshuishoudens,provenance/netherlands_one_person_households_manifest.json,country_local
netherlands,one_person_households,2025,2025,cbs-gemeentelijke-indeling-2025,municipality,0351,GM0351,Woudenberg,28.6,percent,CBS StatLine 70072NED Eenpersoonshuishoudens,provenance/netherlands_one_person_households_manifest.json,country_local
netherlands,one_person_households,2025,2025,cbs-gemeentelijke-indeling-2025,municipality,0352,GM0352,Wijk bij Duurstede,30.4,percent,CBS StatLine 70072NED Eenpersoonshuishoudens,provenance/netherlands_one_person_households_manifest.json,country_local
netherlands,one_person_households,2025,2025,cbs-gemeentelijke-indeling-2025,municipality,0353,GM0353,IJsselstein,32.8,percent,CBS StatLine 70072NED Eenpersoonshuishoudens,provenance/netherlands_one_person_households_manifest.json,country_local
netherlands,one_person_households,2025,2025,cbs-gemeentelijke-indeling-2025,municipality,0355,GM0355,Zeist,41.8,percent,CBS StatLine 70072NED Eenpersoonshuishoudens,provenance/netherlands_one_person_households_manifest.json,country_local
netherlands,one_person_households,2025,2025,cbs-gemeentelijke-indeling-2025,municipality,0356,GM0356,Nieuwegein,38.8,percent,CBS StatLine 70072NED Eenpersoonshuishoudens,provenance/netherlands_one_person_households_manifest.json,country_local
netherlands,one_person_households,2025,2025,cbs-gemeentelijke-indeling-2025,municipality,0358,GM0358,Aalsmeer,34.3,percent,CBS StatLine 70072NED Eenpersoonshuishoudens,provenance/netherlands_one_person_households_manifest.json,country_local
netherlands,one_person_households,2025,2025,cbs-gemeentelijke-indeling-2025,municipality,0361,GM0361,Alkmaar,42.1,percent,CBS StatLine 70072NED Eenpersoonshuishoudens,provenance/netherlands_one_person_households_manifest.json,country_local
netherlands,one_person_households,2025,2025,cbs-gemeentelijke-indeling-2025,municipality,0362,GM0362,Amstelveen,43.9,percent,CBS StatLine 70072NED Eenpersoonshuishoudens,provenance/netherlands_one_person_households_manifest.json,country_local
netherlands,one_person_households,2025,2025,cbs-gemeentelijke-indeling-2025,municipality,0363,GM0363,Amsterdam,55.0,percent,CBS StatLine 70072NED Eenpersoonshuishoudens,provenance/netherlands_one_person_households_manifest.json,country_local
netherlands,one_person_households,2025,2025,cbs-gemeentelijke-indeling-2025,municipality,0373,GM0373,Bergen (NH.),39.3,percent,CBS StatLine 70072NED Eenpersoonshuishoudens,provenance/netherlands_one_person_households_manifest.json,country_local
netherlands,one_person_households,2025,2025,cbs-gemeentelijke-indeling-2025,municipality,0375,GM0375,Beverwijk,39.8,percent,CBS StatLine 70072NED Eenpersoonshuishoudens,provenance/netherlands_one_person_households_manifest.json,country_local
netherlands,one_person_households,2025,2025,cbs-gemeentelijke-indeling-2025,municipality,0376,GM0376,Blaricum,31.6,percent,CBS StatLine 70072NED Eenpersoonshuishoudens,provenance/netherlands_one_person_households_manifest.json,country_local
netherlands,one_person_households,2025,2025,cbs-gemeentelijke-indeling-2025,municipality,0377,GM0377,Bloemendaal,33.0,percent,CBS StatLine 70072NED Eenpersoonshuishoudens,provenance/netherlands_one_person_households_manifest.json,country_local
netherlands,one_person_households,2025,2025,cbs-gemeentelijke-indeling-2025,municipality,0383,GM0383,Castricum,34.5,percent,CBS StatLine 70072NED Eenpersoonshuishoudens,provenance/netherlands_one_person_households_manifest.json,country_local
netherlands,one_person_households,2025,2025,cbs-gemeentelijke-indeling-2025,municipality,0384,GM0384,Diemen,46.5,percent,CBS StatLine 70072NED Eenpersoonshuishoudens,provenance/netherlands_one_person_households_manifest.json,country_local
netherlands,one_person_households,2025,2025,cbs-gemeentelijke-indeling-2025,municipality,0385,GM0385,Edam-Volendam,29.8,percent,CBS StatLine 70072NED Eenpersoonshuishoudens,provenance/netherlands_one_person_households_manifest.json,country_local
netherlands,one_person_households,2025,2025,cbs-gemeentelijke-indeling-2025,municipality,0388,GM0388,Enkhuizen,39.7,percent,CBS StatLine 70072NED Eenpersoonshuishoudens,provenance/netherlands_one_person_households_manifest.json,country_local
netherlands,one_person_households,2025,2025,cbs-gemeentelijke-indeling-2025,municipality,0392,GM0392,Haarlem,43.9,percent,CBS StatLine 70072NED Eenpersoonshuishoudens,provenance/netherlands_one_person_households_manifest.json,country_local
netherlands,one_person_households,2025,2025,cbs-gemeentelijke-indeling-2025,municipality,0394,GM0394,Haarlemmermeer,32.7,percent,CBS StatLine 70072NED Eenpersoonshuishoudens,provenance/netherlands_one_person_households_manifest.json,country_local
netherlands,one_person_households,2025,2025,cbs-gemeentelijke-indeling-2025,municipality,0396,GM0396,Heemskerk,34.9,percent,CBS StatLine 70072NED Eenpersoonshuishoudens,provenance/netherlands_one_person_households_manifest.json,country_local
netherlands,one_person_households,2025,2025,cbs-gemeentelijke-indeling-2025,municipality,0397,GM0397,Heemstede,36.8,percent,CBS StatLine 70072NED Eenpersoonshuishoudens,provenance/netherlands_one_person_households_manifest.json,country_local
netherlands,one_person_households,2025,2025,cbs-gemeentelijke-indeling-2025,municipality,0399,GM0399,Heiloo,36.1,percent,CBS StatLine 70072NED Eenpersoonshuishoudens,provenance/netherlands_one_person_households_manifest.json,country_local
netherlands,one_person_households,2025,2025,cbs-gemeentelijke-indeling-2025,municipality,0400,GM0400,Den Helder,42.2,percent,CBS StatLine 70072NED Eenpersoonshuishoudens,provenance/netherlands_one_person_households_manifest.json,country_local
netherlands,one_person_households,2025,2025,cbs-gemeentelijke-indeling-2025,municipality,0402,GM0402,Hilversum,42.7,percent,CBS StatLine 70072NED Eenpersoonshuishoudens,provenance/netherlands_one_person_households_manifest.json,country_local
netherlands,one_person_households,2025,2025,cbs-gemeentelijke-indeling-2025,municipality,0405,GM0405,Hoorn,38.3,percent,CBS StatLine 70072NED Eenpersoonshuishoudens,provenance/netherlands_one_person_households_manifest.json,country_local
netherlands,one_person_households,2025,2025,cbs-gemeentelijke-indeling-2025,municipality,0406,GM0406,Huizen,36.6,percent,CBS StatLine 70072NED Eenpersoonshuishoudens,provenance/netherlands_one_person_households_manifest.json,country_local
netherlands,one_person_households,2025,2025,cbs-gemeentelijke-indeling-2025,municipality,0415,GM0415,Landsmeer,30.0,percent,CBS StatLine 70072NED Eenpersoonshuishoudens,provenance/netherlands_one_person_households_manifest.json,country_local
netherlands,one_person_households,2025,2025,cbs-gemeentelijke-indeling-2025,municipality,0417,GM0417,Laren (NH.),37.9,percent,CBS StatLine 70072NED Eenpersoonshuishoudens,provenance/netherlands_one_person_households_manifest.json,country_local
netherlands,one_person_households,2025,2025,cbs-gemeentelijke-indeling-2025,municipality,0420,GM0420,Medemblik,32.6,percent,CBS StatLine 70072NED Eenpersoonshuishoudens,provenance/netherlands_one_person_households_manifest.json,country_local
netherlands,one_person_households,2025,2025,cbs-gemeentelijke-indeling-2025,municipality,0431,GM0431,Oostzaan,30.1,percent,CBS StatLine 70072NED Eenpersoonshuishoudens,provenance/netherlands_one_person_households_manifest.json,country_local
netherlands,one_person_households,2025,2025,cbs-gemeentelijke-indeling-2025,municipality,0432,GM0432,Opmeer,34.8,percent,CBS StatLine 70072NED Eenpersoonshuishoudens,provenance/netherlands_one_person_households_manifest.json,country_local
netherlands,one_person_households,2025,2025,cbs-gemeentelijke-indeling-2025,municipality,0437,GM0437,Ouder-Amstel,37.6,percent,CBS StatLine 70072NED Eenpersoonshuishoudens,provenance/netherlands_one_person_households_manifest.json,country_local
netherlands,one_person_households,2025,2025,cbs-gemeentelijke-indeling-2025,municipality,0439,GM0439,Purmerend,36.1,percent,CBS StatLine 70072NED Eenpersoonshuishoudens,provenance/netherlands_one_person_households_manifest.json,country_local
netherlands,one_person_households,2025,2025,cbs-gemeentelijke-indeling-2025,municipality,0441,GM0441,Schagen,35.9,percent,CBS StatLine 70072NED Eenpersoonshuishoudens,provenance/netherlands_one_person_households_manifest.json,country_local
netherlands,one_person_households,2025,2025,cbs-gemeentelijke-indeling-2025,municipality,0448,GM0448,Texel,41.5,percent,CBS StatLine 70072NED Eenpersoonshuishoudens,provenance/netherlands_one_person_households_manifest.json,country_local
netherlands,one_person_households,2025,2025,cbs-gemeentelijke-indeling-2025,municipality,0450,GM0450,Uitgeest,30.4,percent,CBS StatLine 70072NED Eenpersoonshuishoudens,provenance/netherlands_one_person_households_manifest.json,country_local
netherlands,one_person_households,2025,2025,cbs-gemeentelijke-indeling-2025,municipality,0451,GM0451,Uithoorn,34.1,percent,CBS StatLine 70072NED Eenpersoonshuishoudens,provenance/netherlands_one_person_households_manifest.json,country_local
netherlands,one_person_households,2025,2025,cbs-gemeentelijke-indeling-2025,municipality,0453,GM0453,Velsen,37.6,percent,CBS StatLine 70072NED Eenpersoonshuishoudens,provenance/netherlands_one_person_households_manifest.json,country_local
netherlands,one_person_households,2025,2025,cbs-gemeentelijke-indeling-2025,municipality,0473,GM0473,Zandvoort,45.6,percent,CBS StatLine 70072NED Eenpersoonshuishoudens,provenance/netherlands_one_person_households_manifest.json,country_local
netherlands,one_person_households,2025,2025,cbs-gemeentelijke-indeling-2025,municipality,0479,GM0479,Zaanstad,37.9,percent,CBS StatLine 70072NED Eenpersoonshuishoudens,provenance/netherlands_one_person_households_manifest.json,country_local
netherlands,one_person_households,2025,2025,cbs-gemeentelijke-indeling-2025,municipality,0482,GM0482,Alblasserdam,32.8,percent,CBS StatLine 70072NED Eenpersoonshuishoudens,provenance/netherlands_one_person_households_manifest.json,country_local
netherlands,one_person_households,2025,2025,cbs-gemeentelijke-indeling-2025,municipality,0484,GM0484,Alphen aan den Rijn,33.9,percent,CBS StatLine 70072NED Eenpersoonshuishoudens,provenance/netherlands_one_person_households_manifest.json,country_local
netherlands,one_person_households,2025,2025,cbs-gemeentelijke-indeling-2025,municipality,0489,GM0489,Barendrecht,27.2,percent,CBS StatLine 70072NED Eenpersoonshuishoudens,provenance/netherlands_one_person_households_manifest.json,country_local
netherlands,one_person_households,2025,2025,cbs-gemeentelijke-indeling-2025,municipality,0498,GM0498,Drechterland,30.2,percent,CBS StatLine 70072NED Eenpersoonshuishoudens,provenance/netherlands_one_person_households_manifest.json,country_local
netherlands,one_person_households,2025,2025,cbs-gemeentelijke-indeling-2025,municipality,0502,GM0502,Capelle aan den IJssel,40.3,percent,CBS StatLine 70072NED Eenpersoonshuishoudens,provenance/netherlands_one_person_households_manifest.json,country_local
netherlands,one_person_households,2025,2025,cbs-gemeentelijke-indeling-2025,municipality,0503,GM0503,Delft,58.8,percent,CBS StatLine 70072NED Eenpersoonshuishoudens,provenance/netherlands_one_person_households_manifest.json,country_local
netherlands,one_person_households,2025,2025,cbs-gemeentelijke-indeling-2025,municipality,0505,GM0505,Dordrecht,41.2,percent,CBS StatLine 70072NED Eenpersoonshuishoudens,provenance/netherlands_one_person_households_manifest.json,country_local
netherlands,one_person_households,2025,2025,cbs-gemeentelijke-indeling-2025,municipality,0512,GM0512,Gorinchem,38.8,percent,CBS StatLine 70072NED Eenpersoonshuishoudens,provenance/netherlands_one_person_households_manifest.json,country_local
netherlands,one_person_households,2025,2025,cbs-gemeentelijke-indeling-2025,municipality,0513,GM0513,Gouda,39.9,percent,CBS StatLine 70072NED Eenpersoonshuishoudens,provenance/netherlands_one_person_households_manifest.json,country_local
netherlands,one_person_households,2025,2025,cbs-gemeentelijke-indeling-2025,municipality,0518,GM0518,'s-Gravenhage,49.3,percent,CBS StatLine 70072NED Eenpersoonshuishoudens,provenance/netherlands_one_person_households_manifest.json,country_local
netherlands,one_person_households,2025,2025,cbs-gemeentelijke-indeling-2025,municipality,0523,GM0523,Hardinxveld-Giessendam,29.6,percent,CBS StatLine 70072NED Eenpersoonshuishoudens,provenance/netherlands_one_person_households_manifest.json,country_local
netherlands,one_person_households,2025,2025,cbs-gemeentelijke-indeling-2025,municipality,0531,GM0531,Hendrik-Ido-Ambacht,26.8,percent,CBS StatLine 70072NED Eenpersoonshuishoudens,provenance/netherlands_one_person_households_manifest.json,country_local
netherlands,one_person_households,2025,2025,cbs-gemeentelijke-indeling-2025,municipality,0532,GM0532,Stede Broec,30.9,percent,CBS StatLine 70072NED Eenpersoonshuishoudens,provenance/netherlands_one_person_households_manifest.json,country_local
netherlands,one_person_households,2025,2025,cbs-gemeentelijke-indeling-2025,municipality,0534,GM0534,Hillegom,35.7,percent,CBS StatLine 70072NED Eenpersoonshuishoudens,provenance/netherlands_one_person_households_manifest.json,country_local
netherlands,one_person_households,2025,2025,cbs-gemeentelijke-indeling-2025,municipality,0537,GM0537,Katwijk,32.4,percent,CBS StatLine 70072NED Eenpersoonshuishoudens,provenance/netherlands_one_person_households_manifest.json,country_local
netherlands,one_person_households,2025,2025,cbs-gemeentelijke-indeling-2025,municipality,0542,GM0542,Krimpen aan den IJssel,32.8,percent,CBS StatLine 70072NED Eenpersoonshuishoudens,provenance/netherlands_one_person_households_manifest.json,country_local
netherlands,one_person_households,2025,2025,cbs-gemeentelijke-indeling-2025,municipality,0546,GM0546,Leiden,56.8,percent,CBS StatLine 70072NED Eenpersoonshuishoudens,provenance/netherlands_one_person_households_manifest.json,country_local
netherlands,one_person_households,2025,2025,cbs-gemeentelijke-indeling-2025,municipality,0547,GM0547,Leiderdorp,36.8,percent,CBS StatLine 70072NED Eenpersoonshuishoudens,provenance/netherlands_one_person_households_manifest.json,country_local
netherlands,one_person_households,2025,2025,cbs-gemeentelijke-indeling-2025,municipality,0553,GM0553,Lisse,36.0,percent,CBS StatLine 70072NED Eenpersoonshuishoudens,provenance/netherlands_one_person_households_manifest.json,country_local
netherlands,one_person_households,2025,2025,cbs-gemeentelijke-indeling-2025,municipality,0556,GM0556,Maassluis,34.3,percent,CBS StatLine 70072NED Eenpersoonshuishoudens,provenance/netherlands_one_person_households_manifest.json,country_local
netherlands,one_person_households,2025,2025,cbs-gemeentelijke-indeling-2025,municipality,0569,GM0569,Nieuwkoop,29.2,percent,CBS StatLine 70072NED Eenpersoonshuishoudens,provenance/netherlands_one_person_households_manifest.json,country_local
netherlands,one_person_households,2025,2025,cbs-gemeentelijke-indeling-2025,municipality,0575,GM0575,Noordwijk,38.1,percent,CBS StatLine 70072NED Eenpersoonshuishoudens,provenance/netherlands_one_person_households_manifest.json,country_local
netherlands,one_person_households,2025,2025,cbs-gemeentelijke-indeling-2025,municipality,0579,GM0579,Oegstgeest,34.3,percent,CBS StatLine 70072NED Eenpersoonshuishoudens,provenance/netherlands_one_person_households_manifest.json,country_local
netherlands,one_person_households,2025,2025,cbs-gemeentelijke-indeling-2025,municipality,0589,GM0589,Oudewater,33.3,percent,CBS StatLine 70072NED Eenpersoonshuishoudens,provenance/netherlands_one_person_households_manifest.json,country_local
netherlands,one_person_households,2025,2025,cbs-gemeentelijke-indeling-2025,municipality,0590,GM0590,Papendrecht,33.3,percent,CBS StatLine 70072NED Eenpersoonshuishoudens,provenance/netherlands_one_person_households_manifest.json,country_local
netherlands,one_person_households,2025,2025,cbs-gemeentelijke-indeling-2025,municipality,0597,GM0597,Ridderkerk,35.1,percent,CBS StatLine 70072NED Eenpersoonshuishoudens,provenance/netherlands_one_person_households_manifest.json,country_local
netherlands,one_person_households,2025,2025,cbs-gemeentelijke-indeling-2025,municipality,0599,GM0599,Rotterdam,49.4,percent,CBS StatLine 70072NED Eenpersoonshuishoudens,provenance/netherlands_one_person_households_manifest.json,country_local
netherlands,one_person_households,2025,2025,cbs-gemeentelijke-indeling-2025,municipality,0603,GM0603,Rijswijk (ZH.),43.5,percent,CBS StatLine 70072NED Eenpersoonshuishoudens,provenance/netherlands_one_person_households_manifest.json,country_local
netherlands,one_person_households,2025,2025,cbs-gemeentelijke-indeling-2025,municipality,0606,GM0606,Schiedam,41.8,percent,CBS StatLine 70072NED Eenpersoonshuishoudens,provenance/netherlands_one_person_households_manifest.json,country_local
netherlands,one_person_households,2025,2025,cbs-gemeentelijke-indeling-2025,municipality,0610,GM0610,Sliedrecht,35.0,percent,CBS StatLine 70072NED Eenpersoonshuishoudens,provenance/netherlands_one_person_households_manifest.json,country_local
netherlands,one_person_households,2025,2025,cbs-gemeentelijke-indeling-2025,municipality,0613,GM0613,Albrandswaard,27.5,percent,CBS StatLine 70072NED Eenpersoonshuishoudens,provenance/netherlands_one_person_households_manifest.json,country_local
netherlands,one_person_households,2025,2025,cbs-gemeentelijke-indeling-2025,municipality,0622,GM0622,Vlaardingen,41.3,percent,CBS StatLine 70072NED Eenpersoonshuishoudens,provenance/netherlands_one_person_households_manifest.json,country_local
netherlands,one_person_households,2025,2025,cbs-gemeentelijke-indeling-2025,municipality,0626,GM0626,Voorschoten,35.6,percent,CBS StatLine 70072NED Eenpersoonshuishoudens,provenance/netherlands_one_person_households_manifest.json,country_local
netherlands,one_person_households,2025,2025,cbs-gemeentelijke-indeling-2025,municipality,0627,GM0627,Waddinxveen,27.9,percent,CBS StatLine 70072NED Eenpersoonshuishoudens,provenance/netherlands_one_person_households_manifest.json,country_local
netherlands,one_person_households,2025,2025,cbs-gemeentelijke-indeling-2025,municipality,0629,GM0629,Wassenaar,36.8,percent,CBS StatLine 70072NED Eenpersoonshuishoudens,provenance/netherlands_one_person_households_manifest.json,country_local
netherlands,one_person_households,2025,2025,cbs-gemeentelijke-indeling-2025,municipality,0632,GM0632,Woerden,32.9,percent,CBS StatLine 70072NED Eenpersoonshuishoudens,provenance/netherlands_one_person_households_manifest.json,country_local
netherlands,one_person_households,2025,2025,cbs-gemeentelijke-indeling-2025,municipality,0637,GM0637,Zoetermeer,35.9,percent,CBS StatLine 70072NED Eenpersoonshuishoudens,provenance/netherlands_one_person_households_manifest.json,country_local
netherlands,one_person_households,2025,2025,cbs-gemeentelijke-indeling-2025,municipality,0638,GM0638,Zoeterwoude,32.3,percent,CBS StatLine 70072NED Eenpersoonshuishoudens,provenance/netherlands_one_person_households_manifest.json,country_local
netherlands,one_person_households,2025,2025,cbs-gemeentelijke-indeling-2025,municipality,0642,GM0642,Zwijndrecht,36.9,percent,CBS StatLine 70072NED Eenpersoonshuishoudens,provenance/netherlands_one_person_households_manifest.json,country_local
netherlands,one_person_households,2025,2025,cbs-gemeentelijke-indeling-2025,municipality,0654,GM0654,Borsele,31.1,percent,CBS StatLine 70072NED Eenpersoonshuishoudens,provenance/netherlands_one_person_households_manifest.json,country_local
netherlands,one_person_households,2025,2025,cbs-gemeentelijke-indeling-2025,municipality,0664,GM0664,Goes,40.1,percent,CBS StatLine 70072NED Eenpersoonshuishoudens,provenance/netherlands_one_person_households_manifest.json,country_local
netherlands,one_person_households,2025,2025,cbs-gemeentelijke-indeling-2025,municipality,0668,GM0668,West Maas en Waal,29.8,percent,CBS StatLine 70072NED Eenpersoonshuishoudens,provenance/netherlands_one_person_households_manifest.json,country_local
netherlands,one_person_households,2025,2025,cbs-gemeentelijke-indeling-2025,municipality,0677,GM0677,Hulst,35.4,percent,CBS StatLine 70072NED Eenpersoonshuishoudens,provenance/netherlands_one_person_households_manifest.json,country_local
netherlands,one_person_households,2025,2025,cbs-gemeentelijke-indeling-2025,municipality,0678,GM0678,Kapelle,29.9,percent,CBS StatLine 70072NED Eenpersoonshuishoudens,provenance/netherlands_one_person_households_manifest.json,country_local
netherlands,one_person_households,2025,2025,cbs-gemeentelijke-indeling-2025,municipality,0687,GM0687,Middelburg (Z.),42.9,percent,CBS StatLine 70072NED Eenpersoonshuishoudens,provenance/netherlands_one_person_households_manifest.json,country_local
netherlands,one_person_households,2025,2025,cbs-gemeentelijke-indeling-2025,municipality,0703,GM0703,Reimerswaal,33.5,percent,CBS StatLine 70072NED Eenpersoonshuishoudens,provenance/netherlands_one_person_households_manifest.json,country_local
netherlands,one_person_households,2025,2025,cbs-gemeentelijke-indeling-2025,municipality,0715,GM0715,Terneuzen,38.4,percent,CBS StatLine 70072NED Eenpersoonshuishoudens,provenance/netherlands_one_person_households_manifest.json,country_local
netherlands,one_person_households,2025,2025,cbs-gemeentelijke-indeling-2025,municipality,0716,GM0716,Tholen,31.2,percent,CBS StatLine 70072NED Eenpersoonshuishoudens,provenance/netherlands_one_person_households_manifest.json,country_local
netherlands,one_person_households,2025,2025,cbs-gemeentelijke-indeling-2025,municipality,0717,GM0717,Veere,32.8,percent,CBS StatLine 70072NED Eenpersoonshuishoudens,provenance/netherlands_one_person_households_manifest.json,country_local
netherlands,one_person_households,2025,2025,cbs-gemeentelijke-indeling-2025,municipality,0718,GM0718,Vlissingen,45.7,percent,CBS StatLine 70072NED Eenpersoonshuishoudens,provenance/netherlands_one_person_households_manifest.json,country_local
netherlands,one_person_households,2025,2025,cbs-gemeentelijke-indeling-2025,municipality,0736,GM0736,De Ronde Venen,31.9,percent,CBS StatLine 70072NED Eenpersoonshuishoudens,provenance/netherlands_one_person_households_manifest.json,country_local
netherlands,one_person_households,2025,2025,cbs-gemeentelijke-indeling-2025,municipality,0737,GM0737,Tytsjerksteradiel,32.5,percent,CBS StatLine 70072NED Eenpersoonshuishoudens,provenance/netherlands_one_person_households_manifest.json,country_local
netherlands,one_person_households,2025,2025,cbs-gemeentelijke-indeling-2025,municipality,0743,GM0743,Asten,32.0,percent,CBS StatLine 70072NED Eenpersoonshuishoudens,provenance/netherlands_one_person_households_manifest.json,country_local
netherlands,one_person_households,2025,2025,cbs-gemeentelijke-indeling-2025,municipality,0744,GM0744,Baarle-Nassau,34.3,percent,CBS StatLine 70072NED Eenpersoonshuishoudens,provenance/netherlands_one_person_households_manifest.json,country_local
netherlands,one_person_households,2025,2025,cbs-gemeentelijke-indeling-2025,municipality,0748,GM0748,Bergen op Zoom,36.3,percent,CBS StatLine 70072NED Eenpersoonshuishoudens,provenance/netherlands_one_person_households_manifest.json,country_local
netherlands,one_person_households,2025,2025,cbs-gemeentelijke-indeling-2025,municipality,0753,GM0753,Best,31.5,percent,CBS StatLine 70072NED Eenpersoonshuishoudens,provenance/netherlands_one_person_households_manifest.json,country_local
netherlands,one_person_households,2025,2025,cbs-gemeentelijke-indeling-2025,municipality,0755,GM0755,Boekel,28.0,percent,CBS StatLine 70072NED Eenpersoonshuishoudens,provenance/netherlands_one_person_households_manifest.json,country_local
netherlands,one_person_households,2025,2025,cbs-gemeentelijke-indeling-2025,municipality,0757,GM0757,Boxtel,35.8,percent,CBS StatLine 70072NED Eenpersoonshuishoudens,provenance/netherlands_one_person_households_manifest.json,country_local
netherlands,one_person_households,2025,2025,cbs-gemeentelijke-indeling-2025,municipality,0758,GM0758,Breda,44.0,percent,CBS StatLine 70072NED Eenpersoonshuishoudens,provenance/netherlands_one_person_households_manifest.json,country_local
netherlands,one_person_households,2025,2025,cbs-gemeentelijke-indeling-2025,municipality,0762,GM0762,Deurne,33.4,percent,CBS StatLine 70072NED Eenpersoonshuishoudens,provenance/netherlands_one_person_households_manifest.json,country_local
netherlands,one_person_households,2025,2025,cbs-gemeentelijke-indeling-2025,municipality,0765,GM0765,Pekela,35.5,percent,CBS StatLine 70072NED Eenpersoonshuishoudens,provenance/netherlands_one_person_households_manifest.json,country_local
netherlands,one_person_households,2025,2025,cbs-gemeentelijke-indeling-2025,municipality,0766,GM0766,Dongen,32.8,percent,CBS StatLine 70072NED Eenpersoonshuishoudens,provenance/netherlands_one_person_households_manifest.json,country_local
netherlands,one_person_households,2025,2025,cbs-gemeentelijke-indeling-2025,municipality,0770,GM0770,Eersel,31.3,percent,CBS StatLine 70072NED Eenpersoonshuishoudens,provenance/netherlands_one_person_households_manifest.json,country_local
netherlands,one_person_households,2025,2025,cbs-gemeentelijke-indeling-2025,municipality,0772,GM0772,Eindhoven,50.2,percent,CBS StatLine 70072NED Eenpersoonshuishoudens,provenance/netherlands_one_person_households_manifest.json,country_local
netherlands,one_person_households,2025,2025,cbs-gemeentelijke-indeling-2025,municipality,0777,GM0777,Etten-Leur,33.0,percent,CBS StatLine 70072NED Eenpersoonshuishoudens,provenance/netherlands_one_person_households_manifest.json,country_local
netherlands,one_person_households,2025,2025,cbs-gemeentelijke-indeling-2025,municipality,0779,GM0779,Geertruidenberg,32.5,percent,CBS StatLine 70072NED Eenpersoonshuishoudens,provenance/netherlands_one_person_households_manifest.json,country_local
netherlands,one_person_households,2025,2025,cbs-gemeentelijke-indeling-2025,municipality,0784,GM0784,Gilze en Rijen,31.7,percent,CBS StatLine 70072NED Eenpersoonshuishoudens,provenance/netherlands_one_person_households_manifest.json,country_local
netherlands,one_person_households,2025,2025,cbs-gemeentelijke-indeling-2025,municipality,0785,GM0785,Goirle,30.3,percent,CBS StatLine 70072NED Eenpersoonshuishoudens,provenance/netherlands_one_person_households_manifest.json,country_local
netherlands,one_person_households,2025,2025,cbs-gemeentelijke-indeling-2025,municipality,0794,GM0794,Helmond,36.2,percent,CBS StatLine 70072NED Eenpersoonshuishoudens,provenance/netherlands_one_person_households_manifest.json,country_local
netherlands,one_person_households,2025,2025,cbs-gemeentelijke-indeling-2025,municipality,0796,GM0796,'s-Hertogenbosch,41.6,percent,CBS StatLine 70072NED Eenpersoonshuishoudens,provenance/netherlands_one_person_households_manifest.json,country_local
netherlands,one_person_households,2025,2025,cbs-gemeentelijke-indeling-2025,municipality,0797,GM0797,Heusden,31.0,percent,CBS StatLine 70072NED Eenpersoonshuishoudens,provenance/netherlands_one_person_households_manifest.json,country_local
netherlands,one_person_households,2025,2025,cbs-gemeentelijke-indeling-2025,municipality,0798,GM0798,Hilvarenbeek,29.4,percent,CBS StatLine 70072NED Eenpersoonshuishoudens,provenance/netherlands_one_person_households_manifest.json,country_local
netherlands,one_person_households,2025,2025,cbs-gemeentelijke-indeling-2025,municipality,0809,GM0809,Loon op Zand,31.2,percent,CBS StatLine 70072NED Eenpersoonshuishoudens,provenance/netherlands_one_person_households_manifest.json,country_local
netherlands,one_person_households,2025,2025,cbs-gemeentelijke-indeling-2025,municipality,0820,GM0820,"Nuenen, Gerwen en Nederwetten",30.1,percent,CBS StatLine 70072NED Eenpersoonshuishoudens,provenance/netherlands_one_person_households_manifest.json,country_local
netherlands,one_person_households,2025,2025,cbs-gemeentelijke-indeling-2025,municipality,0823,GM0823,Oirschot,29.6,percent,CBS StatLine 70072NED Eenpersoonshuishoudens,provenance/netherlands_one_person_households_manifest.json,country_local
netherlands,one_person_households,2025,2025,cbs-gemeentelijke-indeling-2025,municipality,0824,GM0824,Oisterwijk,33.7,percent,CBS StatLine 70072NED Eenpersoonshuishoudens,provenance/netherlands_one_person_households_manifest.json,country_local
netherlands,one_person_households,2025,2025,cbs-gemeentelijke-indeling-2025,municipality,0826,GM0826,Oosterhout,33.9,percent,CBS StatLine 70072NED Eenpersoonshuishoudens,provenance/netherlands_one_person_households_manifest.json,country_local
netherlands,one_person_households,2025,2025,cbs-gemeentelijke-indeling-2025,municipality,0828,GM0828,Oss,36.4,percent,CBS StatLine 70072NED Eenpersoonshuishoudens,provenance/netherlands_one_person_households_manifest.json,country_local
netherlands,one_person_households,2025,2025,cbs-gemeentelijke-indeling-2025,municipality,0840,GM0840,Rucphen,29.2,percent,CBS StatLine 70072NED Eenpersoonshuishoudens,provenance/netherlands_one_person_households_manifest.json,country_local
netherlands,one_person_households,2025,2025,cbs-gemeentelijke-indeling-2025,municipality,0845,GM0845,Sint-Michielsgestel,29.3,percent,CBS StatLine 70072NED Eenpersoonshuishoudens,provenance/netherlands_one_person_households_manifest.json,country_local
netherlands,one_person_households,2025,2025,cbs-gemeentelijke-indeling-2025,municipality,0847,GM0847,Someren,29.0,percent,CBS StatLine 70072NED Eenpersoonshuishoudens,provenance/netherlands_one_person_households_manifest.json,country_local
netherlands,one_person_households,2025,2025,cbs-gemeentelijke-indeling-2025,municipality,0848,GM0848,Son en Breugel,29.7,percent,CBS StatLine 70072NED Eenpersoonshuishoudens,provenance/netherlands_one_person_households_manifest.json,country_local
netherlands,one_person_households,2025,2025,cbs-gemeentelijke-indeling-2025,municipality,0851,GM0851,Steenbergen,33.5,percent,CBS StatLine 70072NED Eenpersoonshuishoudens,provenance/netherlands_one_person_households_manifest.json,country_local
netherlands,one_person_households,2025,2025,cbs-gemeentelijke-indeling-2025,municipality,0852,GM0852,Waterland,33.5,percent,CBS StatLine 70072NED Eenpersoonshuishoudens,provenance/netherlands_one_person_households_manifest.json,country_local
netherlands,one_person_households,2025,2025,cbs-gemeentelijke-indeling-2025,municipality,0855,GM0855,Tilburg,47.2,percent,CBS StatLine 70072NED Eenpersoonshuishoudens,provenance/netherlands_one_person_households_manifest.json,country_local
netherlands,one_person_households,2025,2025,cbs-gemeentelijke-indeling-2025,municipality,0858,GM0858,Valkenswaard,36.4,percent,CBS StatLine 70072NED Eenpersoonshuishoudens,provenance/netherlands_one_person_households_manifest.json,country_local
netherlands,one_person_households,2025,2025,cbs-gemeentelijke-indeling-2025,municipality,0861,GM0861,Veldhoven,34.0,percent,CBS StatLine 70072NED Eenpersoonshuishoudens,provenance/netherlands_one_person_households_manifest.json,country_local
netherlands,one_person_households,2025,2025,cbs-gemeentelijke-indeling-2025,municipality,0865,GM0865,Vught,33.5,percent,CBS StatLine 70072NED Eenpersoonshuishoudens,provenance/netherlands_one_person_households_manifest.json,country_local
netherlands,one_person_households,2025,2025,cbs-gemeentelijke-indeling-2025,municipality,0866,GM0866,Waalre,31.8,percent,CBS StatLine 70072NED Eenpersoonshuishoudens,provenance/netherlands_one_person_households_manifest.json,country_local
netherlands,one_person_households,2025,2025,cbs-gemeentelijke-indeling-2025,municipality,0867,GM0867,Waalwijk,37.5,percent,CBS StatLine 70072NED Eenpersoonshuishoudens,provenance/netherlands_one_person_households_manifest.json,country_local
netherlands,one_person_households,2025,2025,cbs-gemeentelijke-indeling-2025,municipality,0873,GM0873,Woensdrecht,30.7,percent,CBS StatLine 70072NED Eenpersoonshuishoudens,provenance/netherlands_one_person_households_manifest.json,country_local
netherlands,one_person_households,2025,2025,cbs-gemeentelijke-indeling-2025,municipality,0879,GM0879,Zundert,33.1,percent,CBS StatLine 70072NED Eenpersoonshuishoudens,provenance/netherlands_one_person_households_manifest.json,country_local
netherlands,one_person_households,2025,2025,cbs-gemeentelijke-indeling-2025,municipality,0880,GM0880,Wormerland,34.0,percent,CBS StatLine 70072NED Eenpersoonshuishoudens,provenance/netherlands_one_person_households_manifest.json,country_local
netherlands,one_person_households,2025,2025,cbs-gemeentelijke-indeling-2025,municipality,0882,GM0882,Landgraaf,37.2,percent,CBS StatLine 70072NED Eenpersoonshuishoudens,provenance/netherlands_one_person_households_manifest.json,country_local
netherlands,one_person_households,2025,2025,cbs-gemeentelijke-indeling-2025,municipality,0888,GM0888,Beek (L.),34.2,percent,CBS StatLine 70072NED Eenpersoonshuishoudens,provenance/netherlands_one_person_households_manifest.json,country_local
netherlands,one_person_households,2025,2025,cbs-gemeentelijke-indeling-2025,municipality,0889,GM0889,Beesel,32.0,percent,CBS StatLine 70072NED Eenpersoonshuishoudens,provenance/netherlands_one_person_households_manifest.json,country_local
netherlands,one_person_households,2025,2025,cbs-gemeentelijke-indeling-2025,municipality,0893,GM0893,Bergen (L.),29.1,percent,CBS StatLine 70072NED Eenpersoonshuishoudens,provenance/netherlands_one_person_households_manifest.json,country_local
netherlands,one_person_households,2025,2025,cbs-gemeentelijke-indeling-2025,municipality,0899,GM0899,Brunssum,40.8,percent,CBS StatLine 70072NED Eenpersoonshuishoudens,provenance/netherlands_one_person_households_manifest.json,country_local
netherlands,one_person_households,2025,2025,cbs-gemeentelijke-indeling-2025,municipality,0907,GM0907,Gennep,34.8,percent,CBS StatLine 70072NED Eenpersoonshuishoudens,provenance/netherlands_one_person_households_manifest.json,country_local
netherlands,one_person_households,2025,2025,cbs-gemeentelijke-indeling-2025,municipality,0917,GM0917,Heerlen,47.7,percent,CBS StatLine 70072NED Eenpersoonshuishoudens,provenance/netherlands_one_person_households_manifest.json,country_local
netherlands,one_person_households,2025,2025,cbs-gemeentelijke-indeling-2025,municipality,0928,GM0928,Kerkrade,42.8,percent,CBS StatLine 70072NED Eenpersoonshuishoudens,provenance/netherlands_one_person_households_manifest.json,country_local
netherlands,one_person_households,2025,2025,cbs-gemeentelijke-indeling-2025,municipality,0935,GM0935,Maastricht,57.8,percent,CBS StatLine 70072NED Eenpersoonshuishoudens,provenance/netherlands_one_person_households_manifest.json,country_local
netherlands,one_person_households,2025,2025,cbs-gemeentelijke-indeling-2025,municipality,0938,GM0938,Meerssen,32.8,percent,CBS StatLine 70072NED Eenpersoonshuishoudens,provenance/netherlands_one_person_households_manifest.json,country_local
netherlands,one_person_households,2025,2025,cbs-gemeentelijke-indeling-2025,municipality,0944,GM0944,Mook en Middelaar,33.3,percent,CBS StatLine 70072NED Eenpersoonshuishoudens,provenance/netherlands_one_person_households_manifest.json,country_local
netherlands,one_person_households,2025,2025,cbs-gemeentelijke-indeling-2025,municipality,0946,GM0946,Nederweert,32.0,percent,CBS StatLine 70072NED Eenpersoonshuishoudens,provenance/netherlands_one_person_households_manifest.json,country_local
netherlands,one_person_households,2025,2025,cbs-gemeentelijke-indeling-2025,municipality,0957,GM0957,Roermond,41.7,percent,CBS StatLine 70072NED Eenpersoonshuishoudens,provenance/netherlands_one_person_households_manifest.json,country_local
netherlands,one_person_households,2025,2025,cbs-gemeentelijke-indeling-2025,municipality,0965,GM0965,Simpelveld,35.0,percent,CBS StatLine 70072NED Eenpersoonshuishoudens,provenance/netherlands_one_person_households_manifest.json,country_local
netherlands,one_person_households,2025,2025,cbs-gemeentelijke-indeling-2025,municipality,0971,GM0971,Stein (L.),32.9,percent,CBS StatLine 70072NED Eenpersoonshuishoudens,provenance/netherlands_one_person_households_manifest.json,country_local
netherlands,one_person_households,2025,2025,cbs-gemeentelijke-indeling-2025,municipality,0981,GM0981,Vaals,50.4,percent,CBS StatLine 70072NED Eenpersoonshuishoudens,provenance/netherlands_one_person_households_manifest.json,country_local
netherlands,one_person_households,2025,2025,cbs-gemeentelijke-indeling-2025,municipality,0983,GM0983,Venlo,39.9,percent,CBS StatLine 70072NED Eenpersoonshuishoudens,provenance/netherlands_one_person_households_manifest.json,country_local
netherlands,one_person_households,2025,2025,cbs-gemeentelijke-indeling-2025,municipality,0984,GM0984,Venray,35.9,percent,CBS StatLine 70072NED Eenpersoonshuishoudens,provenance/netherlands_one_person_households_manifest.json,country_local
netherlands,one_person_households,2025,2025,cbs-gemeentelijke-indeling-2025,municipality,0986,GM0986,Voerendaal,30.3,percent,CBS StatLine 70072NED Eenpersoonshuishoudens,provenance/netherlands_one_person_households_manifest.json,country_local
netherlands,one_person_households,2025,2025,cbs-gemeentelijke-indeling-2025,municipality,0988,GM0988,Weert,37.4,percent,CBS StatLine 70072NED Eenpersoonshuishoudens,provenance/netherlands_one_person_households_manifest.json,country_local
netherlands,one_person_households,2025,2025,cbs-gemeentelijke-indeling-2025,municipality,0994,GM0994,Valkenburg aan de Geul,39.9,percent,CBS StatLine 70072NED Eenpersoonshuishoudens,provenance/netherlands_one_person_households_manifest.json,country_local
netherlands,one_person_households,2025,2025,cbs-gemeentelijke-indeling-2025,municipality,0995,GM0995,Lelystad,35.4,percent,CBS StatLine 70072NED Eenpersoonshuishoudens,provenance/netherlands_one_person_households_manifest.json,country_local
netherlands,one_person_households,2025,2025,cbs-gemeentelijke-indeling-2025,municipality,1507,GM1507,Horst aan de Maas,32.7,percent,CBS StatLine 70072NED Eenpersoonshuishoudens,provenance/netherlands_one_person_households_manifest.json,country_local
netherlands,one_person_households,2025,2025,cbs-gemeentelijke-indeling-2025,municipality,1509,GM1509,Oude IJsselstreek,32.6,percent,CBS StatLine 70072NED Eenpersoonshuishoudens,provenance/netherlands_one_person_households_manifest.json,country_local
netherlands,one_person_households,2025,2025,cbs-gemeentelijke-indeling-2025,municipality,1525,GM1525,Teylingen,32.3,percent,CBS StatLine 70072NED Eenpersoonshuishoudens,provenance/netherlands_one_person_households_manifest.json,country_local
netherlands,one_person_households,2025,2025,cbs-gemeentelijke-indeling-2025,municipality,1581,GM1581,Utrechtse Heuvelrug,36.2,percent,CBS StatLine 70072NED Eenpersoonshuishoudens,provenance/netherlands_one_person_households_manifest.json,country_local
netherlands,one_person_households,2025,2025,cbs-gemeentelijke-indeling-2025,municipality,1586,GM1586,Oost Gelre,31.2,percent,CBS StatLine 70072NED Eenpersoonshuishoudens,provenance/netherlands_one_person_households_manifest.json,country_local
netherlands,one_person_households,2025,2025,cbs-gemeentelijke-indeling-2025,municipality,1598,GM1598,Koggenland,31.0,percent,CBS StatLine 70072NED Eenpersoonshuishoudens,provenance/netherlands_one_person_households_manifest.json,country_local
netherlands,one_person_households,2025,2025,cbs-gemeentelijke-indeling-2025,municipality,1621,GM1621,Lansingerland,24.8,percent,CBS StatLine 70072NED Eenpersoonshuishoudens,provenance/netherlands_one_person_households_manifest.json,country_local
netherlands,one_person_households,2025,2025,cbs-gemeentelijke-indeling-2025,municipality,1640,GM1640,Leudal,31.8,percent,CBS StatLine 70072NED Eenpersoonshuishoudens,provenance/netherlands_one_person_households_manifest.json,country_local
netherlands,one_person_households,2025,2025,cbs-gemeentelijke-indeling-2025,municipality,1641,GM1641,Maasgouw,32.7,percent,CBS StatLine 70072NED Eenpersoonshuishoudens,provenance/netherlands_one_person_households_manifest.json,country_local
netherlands,one_person_households,2025,2025,cbs-gemeentelijke-indeling-2025,municipality,1652,GM1652,Gemert-Bakel,31.1,percent,CBS StatLine 70072NED Eenpersoonshuishoudens,provenance/netherlands_one_person_households_manifest.json,country_local
netherlands,one_person_households,2025,2025,cbs-gemeentelijke-indeling-2025,municipality,1655,GM1655,Halderberge,30.4,percent,CBS StatLine 70072NED Eenpersoonshuishoudens,provenance/netherlands_one_person_households_manifest.json,country_local
netherlands,one_person_households,2025,2025,cbs-gemeentelijke-indeling-2025,municipality,1658,GM1658,Heeze-Leende,29.7,percent,CBS StatLine 70072NED Eenpersoonshuishoudens,provenance/netherlands_one_person_households_manifest.json,country_local
netherlands,one_person_households,2025,2025,cbs-gemeentelijke-indeling-2025,municipality,1659,GM1659,Laarbeek,29.5,percent,CBS StatLine 70072NED Eenpersoonshuishoudens,provenance/netherlands_one_person_households_manifest.json,country_local
netherlands,one_person_households,2025,2025,cbs-gemeentelijke-indeling-2025,municipality,1667,GM1667,Reusel-De Mierden,30.6,percent,CBS StatLine 70072NED Eenpersoonshuishoudens,provenance/netherlands_one_person_households_manifest.json,country_local
netherlands,one_person_households,2025,2025,cbs-gemeentelijke-indeling-2025,municipality,1669,GM1669,Roerdalen,33.0,percent,CBS StatLine 70072NED Eenpersoonshuishoudens,provenance/netherlands_one_person_households_manifest.json,country_local
netherlands,one_person_households,2025,2025,cbs-gemeentelijke-indeling-2025,municipality,1674,GM1674,Roosendaal,39.0,percent,CBS StatLine 70072NED Eenpersoonshuishoudens,provenance/netherlands_one_person_households_manifest.json,country_local
netherlands,one_person_households,2025,2025,cbs-gemeentelijke-indeling-2025,municipality,1676,GM1676,Schouwen-Duiveland,35.4,percent,CBS StatLine 70072NED Eenpersoonshuishoudens,provenance/netherlands_one_person_households_manifest.json,country_local
netherlands,one_person_households,2025,2025,cbs-gemeentelijke-indeling-2025,municipality,1680,GM1680,Aa en Hunze,29.7,percent,CBS StatLine 70072NED Eenpersoonshuishoudens,provenance/netherlands_one_person_households_manifest.json,country_local
netherlands,one_person_households,2025,2025,cbs-gemeentelijke-indeling-2025,municipality,1681,GM1681,Borger-Odoorn,30.1,percent,CBS StatLine 70072NED Eenpersoonshuishoudens,provenance/netherlands_one_person_households_manifest.json,country_local
netherlands,one_person_households,2025,2025,cbs-gemeentelijke-indeling-2025,municipality,1690,GM1690,De Wolden,28.7,percent,CBS StatLine 70072NED Eenpersoonshuishoudens,provenance/netherlands_one_person_households_manifest.json,country_local
netherlands,one_person_households,2025,2025,cbs-gemeentelijke-indeling-2025,municipality,1695,GM1695,Noord-Beveland,37.9,percent,CBS StatLine 70072NED Eenpersoonshuishoudens,provenance/netherlands_one_person_households_manifest.json,country_local
netherlands,one_person_households,2025,2025,cbs-gemeentelijke-indeling-2025,municipality,1696,GM1696,Wijdemeren,33.0,percent,CBS StatLine 70072NED Eenpersoonshuishoudens,provenance/netherlands_one_person_households_manifest.json,country_local
netherlands,one_person_households,2025,2025,cbs-gemeentelijke-indeling-2025,municipality,1699,GM1699,Noordenveld,32.7,percent,CBS StatLine 70072NED Eenpersoonshuishoudens,provenance/netherlands_one_person_households_manifest.json,country_local
netherlands,one_person_households,2025,2025,cbs-gemeentelijke-indeling-2025,municipality,1700,GM1700,Twenterand,27.7,percent,CBS StatLine 70072NED Eenpersoonshuishoudens,provenance/netherlands_one_person_households_manifest.json,country_local
netherlands,one_person_households,2025,2025,cbs-gemeentelijke-indeling-2025,municipality,1701,GM1701,Westerveld,32.1,percent,CBS StatLine 70072NED Eenpersoonshuishoudens,provenance/netherlands_one_person_households_manifest.json,country_local
netherlands,one_person_households,2025,2025,cbs-gemeentelijke-indeling-2025,municipality,1705,GM1705,Lingewaard,29.2,percent,CBS StatLine 70072NED Eenpersoonshuishoudens,provenance/netherlands_one_person_households_manifest.json,country_local
netherlands,one_person_households,2025,2025,cbs-gemeentelijke-indeling-2025,municipality,1706,GM1706,Cranendonck,31.2,percent,CBS StatLine 70072NED Eenpersoonshuishoudens,provenance/netherlands_one_person_households_manifest.json,country_local
netherlands,one_person_households,2025,2025,cbs-gemeentelijke-indeling-2025,municipality,1708,GM1708,Steenwijkerland,34.5,percent,CBS StatLine 70072NED Eenpersoonshuishoudens,provenance/netherlands_one_person_households_manifest.json,country_local
netherlands,one_person_households,2025,2025,cbs-gemeentelijke-indeling-2025,municipality,1709,GM1709,Moerdijk,31.5,percent,CBS StatLine 70072NED Eenpersoonshuishoudens,provenance/netherlands_one_person_households_manifest.json,country_local
netherlands,one_person_households,2025,2025,cbs-gemeentelijke-indeling-2025,municipality,1711,GM1711,Echt-Susteren,33.8,percent,CBS StatLine 70072NED Eenpersoonshuishoudens,provenance/netherlands_one_person_households_manifest.json,country_local
netherlands,one_person_households,2025,2025,cbs-gemeentelijke-indeling-2025,municipality,1714,GM1714,Sluis,39.4,percent,CBS StatLine 70072NED Eenpersoonshuishoudens,provenance/netherlands_one_person_households_manifest.json,country_local
netherlands,one_person_households,2025,2025,cbs-gemeentelijke-indeling-2025,municipality,1719,GM1719,Drimmelen,30.9,percent,CBS StatLine 70072NED Eenpersoonshuishoudens,provenance/netherlands_one_person_households_manifest.json,country_local
netherlands,one_person_households,2025,2025,cbs-gemeentelijke-indeling-2025,municipality,1721,GM1721,Bernheze,29.2,percent,CBS StatLine 70072NED Eenpersoonshuishoudens,provenance/netherlands_one_person_households_manifest.json,country_local
netherlands,one_person_households,2025,2025,cbs-gemeentelijke-indeling-2025,municipality,1723,GM1723,Alphen-Chaam,27.4,percent,CBS StatLine 70072NED Eenpersoonshuishoudens,provenance/netherlands_one_person_households_manifest.json,country_local
netherlands,one_person_households,2025,2025,cbs-gemeentelijke-indeling-2025,municipality,1724,GM1724,Bergeijk,30.2,percent,CBS StatLine 70072NED Eenpersoonshuishoudens,provenance/netherlands_one_person_households_manifest.json,country_local
netherlands,one_person_households,2025,2025,cbs-gemeentelijke-indeling-2025,municipality,1728,GM1728,Bladel,31.7,percent,CBS StatLine 70072NED Eenpersoonshuishoudens,provenance/netherlands_one_person_households_manifest.json,country_local
netherlands,one_person_households,2025,2025,cbs-gemeentelijke-indeling-2025,municipality,1729,GM1729,Gulpen-Wittem,33.6,percent,CBS StatLine 70072NED Eenpersoonshuishoudens,provenance/netherlands_one_person_households_manifest.json,country_local
netherlands,one_person_households,2025,2025,cbs-gemeentelijke-indeling-2025,municipality,1730,GM1730,Tynaarlo,30.6,percent,CBS StatLine 70072NED Eenpersoonshuishoudens,provenance/netherlands_one_person_households_manifest.json,country_local
netherlands,one_person_households,2025,2025,cbs-gemeentelijke-indeling-2025,municipality,1731,GM1731,Midden-Drenthe,30.9,percent,CBS StatLine 70072NED Eenpersoonshuishoudens,provenance/netherlands_one_person_households_manifest.json,country_local
netherlands,one_person_households,2025,2025,cbs-gemeentelijke-indeling-2025,municipality,1734,GM1734,Overbetuwe,28.5,percent,CBS StatLine 70072NED Eenpersoonshuishoudens,provenance/netherlands_one_person_households_manifest.json,country_local
netherlands,one_person_households,2025,2025,cbs-gemeentelijke-indeling-2025,municipality,1735,GM1735,Hof van Twente,31.7,percent,CBS StatLine 70072NED Eenpersoonshuishoudens,provenance/netherlands_one_person_households_manifest.json,country_local
netherlands,one_person_households,2025,2025,cbs-gemeentelijke-indeling-2025,municipality,1740,GM1740,Neder-Betuwe,27.5,percent,CBS StatLine 70072NED Eenpersoonshuishoudens,provenance/netherlands_one_person_households_manifest.json,country_local
netherlands,one_person_households,2025,2025,cbs-gemeentelijke-indeling-2025,municipality,1742,GM1742,Rijssen-Holten,26.5,percent,CBS StatLine 70072NED Eenpersoonshuishoudens,provenance/netherlands_one_person_households_manifest.json,country_local
netherlands,one_person_households,2025,2025,cbs-gemeentelijke-indeling-2025,municipality,1771,GM1771,Geldrop-Mierlo,34.6,percent,CBS StatLine 70072NED Eenpersoonshuishoudens,provenance/netherlands_one_person_households_manifest.json,country_local
netherlands,one_person_households,2025,2025,cbs-gemeentelijke-indeling-2025,municipality,1773,GM1773,Olst-Wijhe,29.7,percent,CBS StatLine 70072NED Eenpersoonshuishoudens,provenance/netherlands_one_person_households_manifest.json,country_local
netherlands,one_person_households,2025,2025,cbs-gemeentelijke-indeling-2025,municipality,1774,GM1774,Dinkelland,27.7,percent,CBS StatLine 70072NED Eenpersoonshuishoudens,provenance/netherlands_one_person_households_manifest.json,country_local
netherlands,one_person_households,2025,2025,cbs-gemeentelijke-indeling-2025,municipality,1783,GM1783,Westland,33.7,percent,CBS StatLine 70072NED Eenpersoonshuishoudens,provenance/netherlands_one_person_households_manifest.json,country_local
netherlands,one_person_households,2025,2025,cbs-gemeentelijke-indeling-2025,municipality,1842,GM1842,Midden-Delfland,28.8,percent,CBS StatLine 70072NED Eenpersoonshuishoudens,provenance/netherlands_one_person_households_manifest.json,country_local
netherlands,one_person_households,2025,2025,cbs-gemeentelijke-indeling-2025,municipality,1859,GM1859,Berkelland,31.2,percent,CBS StatLine 70072NED Eenpersoonshuishoudens,provenance/netherlands_one_person_households_manifest.json,country_local
netherlands,one_person_households,2025,2025,cbs-gemeentelijke-indeling-2025,municipality,1876,GM1876,Bronckhorst,29.5,percent,CBS StatLine 70072NED Eenpersoonshuishoudens,provenance/netherlands_one_person_households_manifest.json,country_local
netherlands,one_person_households,2025,2025,cbs-gemeentelijke-indeling-2025,municipality,1883,GM1883,Sittard-Geleen,42.1,percent,CBS StatLine 70072NED Eenpersoonshuishoudens,provenance/netherlands_one_person_households_manifest.json,country_local
netherlands,one_person_households,2025,2025,cbs-gemeentelijke-indeling-2025,municipality,1884,GM1884,Kaag en Braassem,31.6,percent,CBS StatLine 70072NED Eenpersoonshuishoudens,provenance/netherlands_one_person_households_manifest.json,country_local
netherlands,one_person_households,2025,2025,cbs-gemeentelijke-indeling-2025,municipality,1891,GM1891,Dantumadiel,31.5,percent,CBS StatLine 70072NED Eenpersoonshuishoudens,provenance/netherlands_one_person_households_manifest.json,country_local
netherlands,one_person_households,2025,2025,cbs-gemeentelijke-indeling-2025,municipality,1892,GM1892,Zuidplas,27.8,percent,CBS StatLine 70072NED Eenpersoonshuishoudens,provenance/netherlands_one_person_households_manifest.json,country_local
netherlands,one_person_households,2025,2025,cbs-gemeentelijke-indeling-2025,municipality,1894,GM1894,Peel en Maas,32.5,percent,CBS StatLine 70072NED Eenpersoonshuishoudens,provenance/netherlands_one_person_households_manifest.json,country_local
netherlands,one_person_households,2025,2025,cbs-gemeentelijke-indeling-2025,municipality,1895,GM1895,Oldambt,38.5,percent,CBS StatLine 70072NED Eenpersoonshuishoudens,provenance/netherlands_one_person_households_manifest.json,country_local
netherlands,one_person_households,2025,2025,cbs-gemeentelijke-indeling-2025,municipality,1896,GM1896,Zwartewaterland,27.7,percent,CBS StatLine 70072NED Eenpersoonshuishoudens,provenance/netherlands_one_person_households_manifest.json,country_local
netherlands,one_person_households,2025,2025,cbs-gemeentelijke-indeling-2025,municipality,1900,GM1900,Súdwest-Fryslân,37.0,percent,CBS StatLine 70072NED Eenpersoonshuishoudens,provenance/netherlands_one_person_households_manifest.json,country_local
netherlands,one_person_households,2025,2025,cbs-gemeentelijke-indeling-2025,municipality,1901,GM1901,Bodegraven-Reeuwijk,30.4,percent,CBS StatLine 70072NED Eenpersoonshuishoudens,provenance/netherlands_one_person_households_manifest.json,country_local
netherlands,one_person_households,2025,2025,cbs-gemeentelijke-indeling-2025,municipality,1903,GM1903,Eijsden-Margraten,29.7,percent,CBS StatLine 70072NED Eenpersoonshuishoudens,provenance/netherlands_one_person_households_manifest.json,country_local
netherlands,one_person_households,2025,2025,cbs-gemeentelijke-indeling-2025,municipality,1904,GM1904,Stichtse Vecht,34.1,percent,CBS StatLine 70072NED Eenpersoonshuishoudens,provenance/netherlands_one_person_households_manifest.json,country_local
netherlands,one_person_households,2025,2025,cbs-gemeentelijke-indeling-2025,municipality,1911,GM1911,Hollands Kroon,34.9,percent,CBS StatLine 70072NED Eenpersoonshuishoudens,provenance/netherlands_one_person_households_manifest.json,country_local
netherlands,one_person_households,2025,2025,cbs-gemeentelijke-indeling-2025,municipality,1916,GM1916,Leidschendam-Voorburg,41.9,percent,CBS StatLine 70072NED Eenpersoonshuishoudens,provenance/netherlands_one_person_households_manifest.json,country_local
netherlands,one_person_households,2025,2025,cbs-gemeentelijke-indeling-2025,municipality,1924,GM1924,Goeree-Overflakkee,31.8,percent,CBS StatLine 70072NED Eenpersoonshuishoudens,provenance/netherlands_one_person_households_manifest.json,country_local
netherlands,one_person_households,2025,2025,cbs-gemeentelijke-indeling-2025,municipality,1926,GM1926,Pijnacker-Nootdorp,26.5,percent,CBS StatLine 70072NED Eenpersoonshuishoudens,provenance/netherlands_one_person_households_manifest.json,country_local
netherlands,one_person_households,2025,2025,cbs-gemeentelijke-indeling-2025,municipality,1930,GM1930,Nissewaard,34.9,percent,CBS StatLine 70072NED Eenpersoonshuishoudens,provenance/netherlands_one_person_households_manifest.json,country_local
netherlands,one_person_households,2025,2025,cbs-gemeentelijke-indeling-2025,municipality,1931,GM1931,Krimpenerwaard,32.1,percent,CBS StatLine 70072NED Eenpersoonshuishoudens,provenance/netherlands_one_person_households_manifest.json,country_local
netherlands,one_person_households,2025,2025,cbs-gemeentelijke-indeling-2025,municipality,1940,GM1940,De Fryske Marren,32.8,percent,CBS StatLine 70072NED Eenpersoonshuishoudens,provenance/netherlands_one_person_households_manifest.json,country_local
netherlands,one_person_households,2025,2025,cbs-gemeentelijke-indeling-2025,municipality,1942,GM1942,Gooise Meren,39.2,percent,CBS StatLine 70072NED Eenpersoonshuishoudens,provenance/netherlands_one_person_households_manifest.json,country_local
netherlands,one_person_households,2025,2025,cbs-gemeentelijke-indeling-2025,municipality,1945,GM1945,Berg en Dal,36.3,percent,CBS StatLine 70072NED Eenpersoonshuishoudens,provenance/netherlands_one_person_households_manifest.json,country_local
netherlands,one_person_households,2025,2025,cbs-gemeentelijke-indeling-2025,municipality,1948,GM1948,Meierijstad,32.5,percent,CBS StatLine 70072NED Eenpersoonshuishoudens,provenance/netherlands_one_person_households_manifest.json,country_local
netherlands,one_person_households,2025,2025,cbs-gemeentelijke-indeling-2025,municipality,1949,GM1949,Waadhoeke,35.0,percent,CBS StatLine 70072NED Eenpersoonshuishoudens,provenance/netherlands_one_person_households_manifest.json,country_local
netherlands,one_person_households,2025,2025,cbs-gemeentelijke-indeling-2025,municipality,1950,GM1950,Westerwolde,33.7,percent,CBS StatLine 70072NED Eenpersoonshuishoudens,provenance/netherlands_one_person_households_manifest.json,country_local
netherlands,one_person_households,2025,2025,cbs-gemeentelijke-indeling-2025,municipality,1952,GM1952,Midden-Groningen,37.1,percent,CBS StatLine 70072NED Eenpersoonshuishoudens,provenance/netherlands_one_person_households_manifest.json,country_local
netherlands,one_person_households,2025,2025,cbs-gemeentelijke-indeling-2025,municipality,1954,GM1954,Beekdaelen,32.5,percent,CBS StatLine 70072NED Eenpersoonshuishoudens,provenance/netherlands_one_person_households_manifest.json,country_local
netherlands,one_person_households,2025,2025,cbs-gemeentelijke-indeling-2025,municipality,1955,GM1955,Montferland,31.0,percent,CBS StatLine 70072NED Eenpersoonshuishoudens,provenance/netherlands_one_person_households_manifest.json,country_local
netherlands,one_person_households,2025,2025,cbs-gemeentelijke-indeling-2025,municipality,1959,GM1959,Altena,29.9,percent,CBS StatLine 70072NED Eenpersoonshuishoudens,provenance/netherlands_one_person_households_manifest.json,country_local
netherlands,one_person_households,2025,2025,cbs-gemeentelijke-indeling-2025,municipality,1960,GM1960,West Betuwe,28.2,percent,CBS StatLine 70072NED Eenpersoonshuishoudens,provenance/netherlands_one_person_households_manifest.json,country_local
netherlands,one_person_households,2025,2025,cbs-gemeentelijke-indeling-2025,municipality,1961,GM1961,Vijfheerenlanden,29.7,percent,CBS StatLine 70072NED Eenpersoonshuishoudens,provenance/netherlands_one_person_households_manifest.json,country_local
netherlands,one_person_households,2025,2025,cbs-gemeentelijke-indeling-2025,municipality,1963,GM1963,Hoeksche Waard,30.7,percent,CBS StatLine 70072NED Eenpersoonshuishoudens,provenance/netherlands_one_person_households_manifest.json,country_local
netherlands,one_person_households,2025,2025,cbs-gemeentelijke-indeling-2025,municipality,1966,GM1966,Het Hogeland,36.1,percent,CBS StatLine 70072NED Eenpersoonshuishoudens,provenance/netherlands_one_person_households_manifest.json,country_local
netherlands,one_person_households,2025,2025,cbs-gemeentelijke-indeling-2025,municipality,1969,GM1969,Westerkwartier,30.4,percent,CBS StatLine 70072NED Eenpersoonshuishoudens,provenance/netherlands_one_person_households_manifest.json,country_local
netherlands,one_person_households,2025,2025,cbs-gemeentelijke-indeling-2025,municipality,1970,GM1970,Noardeast-Fryslân,35.2,percent,CBS StatLine 70072NED Eenpersoonshuishoudens,provenance/netherlands_one_person_households_manifest.json,country_local
netherlands,one_person_households,2025,2025,cbs-gemeentelijke-indeling-2025,municipality,1978,GM1978,Molenlanden,27.1,percent,CBS StatLine 70072NED Eenpersoonshuishoudens,provenance/netherlands_one_person_households_manifest.json,country_local
netherlands,one_person_households,2025,2025,cbs-gemeentelijke-indeling-2025,municipality,1979,GM1979,Eemsdelta,38.6,percent,CBS StatLine 70072NED Eenpersoonshuishoudens,provenance/netherlands_one_person_households_manifest.json,country_local
netherlands,one_person_households,2025,2025,cbs-gemeentelijke-indeling-2025,municipality,1980,GM1980,Dijk en Waard,31.7,percent,CBS StatLine 70072NED Eenpersoonshuishoudens,provenance/netherlands_one_person_households_manifest.json,country_local
netherlands,one_person_households,2025,2025,cbs-gemeentelijke-indeling-2025,municipality,1982,GM1982,Land van Cuijk,32.5,percent,CBS StatLine 70072NED Eenpersoonshuishoudens,provenance/netherlands_one_person_households_manifest.json,country_local
netherlands,one_person_households,2025,2025,cbs-gemeentelijke-indeling-2025,municipality,1991,GM1991,Maashorst,34.6,percent,CBS StatLine 70072NED Eenpersoonshuishoudens,provenance/netherlands_one_person_households_manifest.json,country_local
netherlands,one_person_households,2025,2025,cbs-gemeentelijke-indeling-2025,municipality,1992,GM1992,Voorne aan Zee,33.8,percent,CBS StatLine 70072NED Eenpersoonshuishoudens,provenance/netherlands_one_person_households_manifest.json,country_local
