country_id,factor_id,year,reference_period,geography_version,public_geography_type,public_geography_id,cbs_gm_code,municipality,value,unit,source_name,provenance_ref,comparability_status
netherlands,owner_occupied,2023,2023,cbs-gemeentelijke-indeling-2023,municipality,0014,GM0014,Groningen,40.0,percent,CBS StatLine 70072NED Koopwoningen,provenance/netherlands_owner_occupied_manifest.json,country_local
netherlands,owner_occupied,2023,2023,cbs-gemeentelijke-indeling-2023,municipality,0034,GM0034,Almere,62.9,percent,CBS StatLine 70072NED Koopwoningen,provenance/netherlands_owner_occupied_manifest.json,country_local
netherlands,owner_occupied,2023,2023,cbs-gemeentelijke-indeling-2023,municipality,0037,GM0037,Stadskanaal,60.3,percent,CBS StatLine 70072NED Koopwoningen,provenance/netherlands_owner_occupied_manifest.json,country_local
netherlands,owner_occupied,2023,2023,cbs-gemeentelijke-indeling-2023,municipality,0047,GM0047,Veendam,65.1,percent,CBS StatLine 70072NED Koopwoningen,provenance/netherlands_owner_occupied_manifest.json,country_local
netherlands,owner_occupied,2023,2023,cbs-gemeentelijke-indeling-2023,municipality,0050,GM0050,Zeewolde,70.1,percent,CBS StatLine 70072NED Koopwoningen,provenance/netherlands_owner_occupied_manifest.json,country_local
netherlands,owner_occupied,2023,2023,cbs-gemeentelijke-indeling-2023,municipality,0059,GM0059,Achtkarspelen,63.9,percent,CBS StatLine 70072NED Koopwoningen,provenance/netherlands_owner_occupied_manifest.json,country_local
netherlands,owner_occupied,2023,2023,cbs-gemeentelijke-indeling-2023,municipality,0060,GM0060,Ameland,65.7,percent,CBS StatLine 70072NED Koopwoningen,provenance/netherlands_owner_occupied_manifest.json,country_local
netherlands,owner_occupied,2023,2023,cbs-gemeentelijke-indeling-2023,municipality,0072,GM0072,Harlingen,55.8,percent,CBS StatLine 70072NED Koopwoningen,provenance/netherlands_owner_occupied_manifest.json,country_local
netherlands,owner_occupied,2023,2023,cbs-gemeentelijke-indeling-2023,municipality,0074,GM0074,Heerenveen,60.0,percent,CBS StatLine 70072NED Koopwoningen,provenance/netherlands_owner_occupied_manifest.json,country_local
netherlands,owner_occupied,2023,2023,cbs-gemeentelijke-indeling-2023,municipality,0080,GM0080,Leeuwarden,50.7,percent,CBS StatLine 70072NED Koopwoningen,provenance/netherlands_owner_occupied_manifest.json,country_local
netherlands,owner_occupied,2023,2023,cbs-gemeentelijke-indeling-2023,municipality,0085,GM0085,Ooststellingwerf,67.3,percent,CBS StatLine 70072NED Koopwoningen,provenance/netherlands_owner_occupied_manifest.json,country_local
netherlands,owner_occupied,2023,2023,cbs-gemeentelijke-indeling-2023,municipality,0086,GM0086,Opsterland,70.1,percent,CBS StatLine 70072NED Koopwoningen,provenance/netherlands_owner_occupied_manifest.json,country_local
netherlands,owner_occupied,2023,2023,cbs-gemeentelijke-indeling-2023,municipality,0088,GM0088,Schiermonnikoog,53.4,percent,CBS StatLine 70072NED Koopwoningen,provenance/netherlands_owner_occupied_manifest.json,country_local
netherlands,owner_occupied,2023,2023,cbs-gemeentelijke-indeling-2023,municipality,0090,GM0090,Smallingerland,59.7,percent,CBS StatLine 70072NED Koopwoningen,provenance/netherlands_owner_occupied_manifest.json,country_local
netherlands,owner_occupied,2023,2023,cbs-gemeentelijke-indeling-2023,municipality,0093,GM0093,Terschelling,63.0,percent,CBS StatLine 70072NED Koopwoningen,provenance/netherlands_owner_occupied_manifest.json,country_local
netherlands,owner_occupied,2023,2023,cbs-gemeentelijke-indeling-2023,municipality,0096,GM0096,Vlieland,36.7,percent,CBS StatLine 70072NED Koopwoningen,provenance/netherlands_owner_occupied_manifest.json,country_local
netherlands,owner_occupied,2023,2023,cbs-gemeentelijke-indeling-2023,municipality,0098,GM0098,Weststellingwerf,65.2,percent,CBS StatLine 70072NED Koopwoningen,provenance/netherlands_owner_occupied_manifest.json,country_local
netherlands,owner_occupied,2023,2023,cbs-gemeentelijke-indeling-2023,municipality,0106,GM0106,Assen,58.5,percent,CBS StatLine 70072NED Koopwoningen,provenance/netherlands_owner_occupied_manifest.json,country_local
netherlands,owner_occupied,2023,2023,cbs-gemeentelijke-indeling-2023,municipality,0109,GM0109,Coevorden,69.4,percent,CBS StatLine 70072NED Koopwoningen,provenance/netherlands_owner_occupied_manifest.json,country_local
netherlands,owner_occupied,2023,2023,cbs-gemeentelijke-indeling-2023,municipality,0114,GM0114,Emmen,62.5,percent,CBS StatLine 70072NED Koopwoningen,provenance/netherlands_owner_occupied_manifest.json,country_local
netherlands,owner_occupied,2023,2023,cbs-gemeentelijke-indeling-2023,municipality,0118,GM0118,Hoogeveen,61.1,percent,CBS StatLine 70072NED Koopwoningen,provenance/netherlands_owner_occupied_manifest.json,country_local
netherlands,owner_occupied,2023,2023,cbs-gemeentelijke-indeling-2023,municipality,0119,GM0119,Meppel,57.6,percent,CBS StatLine 70072NED Koopwoningen,provenance/netherlands_owner_occupied_manifest.json,country_local
netherlands,owner_occupied,2023,2023,cbs-gemeentelijke-indeling-2023,municipality,0141,GM0141,Almelo,54.4,percent,CBS StatLine 70072NED Koopwoningen,provenance/netherlands_owner_occupied_manifest.json,country_local
netherlands,owner_occupied,2023,2023,cbs-gemeentelijke-indeling-2023,municipality,0147,GM0147,Borne,69.9,percent,CBS StatLine 70072NED Koopwoningen,provenance/netherlands_owner_occupied_manifest.json,country_local
netherlands,owner_occupied,2023,2023,cbs-gemeentelijke-indeling-2023,municipality,0148,GM0148,Dalfsen,74.4,percent,CBS StatLine 70072NED Koopwoningen,provenance/netherlands_owner_occupied_manifest.json,country_local
netherlands,owner_occupied,2023,2023,cbs-gemeentelijke-indeling-2023,municipality,0150,GM0150,Deventer,55.3,percent,CBS StatLine 70072NED Koopwoningen,provenance/netherlands_owner_occupied_manifest.json,country_local
netherlands,owner_occupied,2023,2023,cbs-gemeentelijke-indeling-2023,municipality,0153,GM0153,Enschede,47.7,percent,CBS StatLine 70072NED Koopwoningen,provenance/netherlands_owner_occupied_manifest.json,country_local
netherlands,owner_occupied,2023,2023,cbs-gemeentelijke-indeling-2023,municipality,0158,GM0158,Haaksbergen,69.6,percent,CBS StatLine 70072NED Koopwoningen,provenance/netherlands_owner_occupied_manifest.json,country_local
netherlands,owner_occupied,2023,2023,cbs-gemeentelijke-indeling-2023,municipality,0160,GM0160,Hardenberg,70.2,percent,CBS StatLine 70072NED Koopwoningen,provenance/netherlands_owner_occupied_manifest.json,country_local
netherlands,owner_occupied,2023,2023,cbs-gemeentelijke-indeling-2023,municipality,0163,GM0163,Hellendoorn,72.7,percent,CBS StatLine 70072NED Koopwoningen,provenance/netherlands_owner_occupied_manifest.json,country_local
netherlands,owner_occupied,2023,2023,cbs-gemeentelijke-indeling-2023,municipality,0164,GM0164,Hengelo,56.6,percent,CBS StatLine 70072NED Koopwoningen,provenance/netherlands_owner_occupied_manifest.json,country_local
netherlands,owner_occupied,2023,2023,cbs-gemeentelijke-indeling-2023,municipality,0166,GM0166,Kampen,63.3,percent,CBS StatLine 70072NED Koopwoningen,provenance/netherlands_owner_occupied_manifest.json,country_local
netherlands,owner_occupied,2023,2023,cbs-gemeentelijke-indeling-2023,municipality,0168,GM0168,Losser,70.0,percent,CBS StatLine 70072NED Koopwoningen,provenance/netherlands_owner_occupied_manifest.json,country_local
netherlands,owner_occupied,2023,2023,cbs-gemeentelijke-indeling-2023,municipality,0171,GM0171,Noordoostpolder,65.8,percent,CBS StatLine 70072NED Koopwoningen,provenance/netherlands_owner_occupied_manifest.json,country_local
netherlands,owner_occupied,2023,2023,cbs-gemeentelijke-indeling-2023,municipality,0173,GM0173,Oldenzaal,62.2,percent,CBS StatLine 70072NED Koopwoningen,provenance/netherlands_owner_occupied_manifest.json,country_local
netherlands,owner_occupied,2023,2023,cbs-gemeentelijke-indeling-2023,municipality,0175,GM0175,Ommen,70.9,percent,CBS StatLine 70072NED Koopwoningen,provenance/netherlands_owner_occupied_manifest.json,country_local
netherlands,owner_occupied,2023,2023,cbs-gemeentelijke-indeling-2023,municipality,0177,GM0177,Raalte,69.0,percent,CBS StatLine 70072NED Koopwoningen,provenance/netherlands_owner_occupied_manifest.json,country_local
netherlands,owner_occupied,2023,2023,cbs-gemeentelijke-indeling-2023,municipality,0180,GM0180,Staphorst,78.2,percent,CBS StatLine 70072NED Koopwoningen,provenance/netherlands_owner_occupied_manifest.json,country_local
netherlands,owner_occupied,2023,2023,cbs-gemeentelijke-indeling-2023,municipality,0183,GM0183,Tubbergen,72.0,percent,CBS StatLine 70072NED Koopwoningen,provenance/netherlands_owner_occupied_manifest.json,country_local
netherlands,owner_occupied,2023,2023,cbs-gemeentelijke-indeling-2023,municipality,0184,GM0184,Urk,77.8,percent,CBS StatLine 70072NED Koopwoningen,provenance/netherlands_owner_occupied_manifest.json,country_local
netherlands,owner_occupied,2023,2023,cbs-gemeentelijke-indeling-2023,municipality,0189,GM0189,Wierden,73.0,percent,CBS StatLine 70072NED Koopwoningen,provenance/netherlands_owner_occupied_manifest.json,country_local
netherlands,owner_occupied,2023,2023,cbs-gemeentelijke-indeling-2023,municipality,0193,GM0193,Zwolle,52.9,percent,CBS StatLine 70072NED Koopwoningen,provenance/netherlands_owner_occupied_manifest.json,country_local
netherlands,owner_occupied,2023,2023,cbs-gemeentelijke-indeling-2023,municipality,0197,GM0197,Aalten,71.6,percent,CBS StatLine 70072NED Koopwoningen,provenance/netherlands_owner_occupied_manifest.json,country_local
netherlands,owner_occupied,2023,2023,cbs-gemeentelijke-indeling-2023,municipality,0200,GM0200,Apeldoorn,59.9,percent,CBS StatLine 70072NED Koopwoningen,provenance/netherlands_owner_occupied_manifest.json,country_local
netherlands,owner_occupied,2023,2023,cbs-gemeentelijke-indeling-2023,municipality,0202,GM0202,Arnhem,42.7,percent,CBS StatLine 70072NED Koopwoningen,provenance/netherlands_owner_occupied_manifest.json,country_local
netherlands,owner_occupied,2023,2023,cbs-gemeentelijke-indeling-2023,municipality,0203,GM0203,Barneveld,68.0,percent,CBS StatLine 70072NED Koopwoningen,provenance/netherlands_owner_occupied_manifest.json,country_local
netherlands,owner_occupied,2023,2023,cbs-gemeentelijke-indeling-2023,municipality,0209,GM0209,Beuningen,70.1,percent,CBS StatLine 70072NED Koopwoningen,provenance/netherlands_owner_occupied_manifest.json,country_local
netherlands,owner_occupied,2023,2023,cbs-gemeentelijke-indeling-2023,municipality,0213,GM0213,Brummen,63.0,percent,CBS StatLine 70072NED Koopwoningen,provenance/netherlands_owner_occupied_manifest.json,country_local
netherlands,owner_occupied,2023,2023,cbs-gemeentelijke-indeling-2023,municipality,0214,GM0214,Buren,74.9,percent,CBS StatLine 70072NED Koopwoningen,provenance/netherlands_owner_occupied_manifest.json,country_local
netherlands,owner_occupied,2023,2023,cbs-gemeentelijke-indeling-2023,municipality,0216,GM0216,Culemborg,63.5,percent,CBS StatLine 70072NED Koopwoningen,provenance/netherlands_owner_occupied_manifest.json,country_local
netherlands,owner_occupied,2023,2023,cbs-gemeentelijke-indeling-2023,municipality,0221,GM0221,Doesburg,53.5,percent,CBS StatLine 70072NED Koopwoningen,provenance/netherlands_owner_occupied_manifest.json,country_local
netherlands,owner_occupied,2023,2023,cbs-gemeentelijke-indeling-2023,municipality,0222,GM0222,Doetinchem,59.5,percent,CBS StatLine 70072NED Koopwoningen,provenance/netherlands_owner_occupied_manifest.json,country_local
netherlands,owner_occupied,2023,2023,cbs-gemeentelijke-indeling-2023,municipality,0225,GM0225,Druten,65.4,percent,CBS StatLine 70072NED Koopwoningen,provenance/netherlands_owner_occupied_manifest.json,country_local
netherlands,owner_occupied,2023,2023,cbs-gemeentelijke-indeling-2023,municipality,0226,GM0226,Duiven,67.0,percent,CBS StatLine 70072NED Koopwoningen,provenance/netherlands_owner_occupied_manifest.json,country_local
netherlands,owner_occupied,2023,2023,cbs-gemeentelijke-indeling-2023,municipality,0228,GM0228,Ede,64.7,percent,CBS StatLine 70072NED Koopwoningen,provenance/netherlands_owner_occupied_manifest.json,country_local
netherlands,owner_occupied,2023,2023,cbs-gemeentelijke-indeling-2023,municipality,0230,GM0230,Elburg,65.4,percent,CBS StatLine 70072NED Koopwoningen,provenance/netherlands_owner_occupied_manifest.json,country_local
netherlands,owner_occupied,2023,2023,cbs-gemeentelijke-indeling-2023,municipality,0232,GM0232,Epe,64.9,percent,CBS StatLine 70072NED Koopwoningen,provenance/netherlands_owner_occupied_manifest.json,country_local
netherlands,owner_occupied,2023,2023,cbs-gemeentelijke-indeling-2023,municipality,0233,GM0233,Ermelo,62.3,percent,CBS StatLine 70072NED Koopwoningen,provenance/netherlands_owner_occupied_manifest.json,country_local
netherlands,owner_occupied,2023,2023,cbs-gemeentelijke-indeling-2023,municipality,0243,GM0243,Harderwijk,58.6,percent,CBS StatLine 70072NED Koopwoningen,provenance/netherlands_owner_occupied_manifest.json,country_local
netherlands,owner_occupied,2023,2023,cbs-gemeentelijke-indeling-2023,municipality,0244,GM0244,Hattem,66.1,percent,CBS StatLine 70072NED Koopwoningen,provenance/netherlands_owner_occupied_manifest.json,country_local
netherlands,owner_occupied,2023,2023,cbs-gemeentelijke-indeling-2023,municipality,0246,GM0246,Heerde,68.9,percent,CBS StatLine 70072NED Koopwoningen,provenance/netherlands_owner_occupied_manifest.json,country_local
netherlands,owner_occupied,2023,2023,cbs-gemeentelijke-indeling-2023,municipality,0252,GM0252,Heumen,71.5,percent,CBS StatLine 70072NED Koopwoningen,provenance/netherlands_owner_occupied_manifest.json,country_local
netherlands,owner_occupied,2023,2023,cbs-gemeentelijke-indeling-2023,municipality,0262,GM0262,Lochem,71.0,percent,CBS StatLine 70072NED Koopwoningen,provenance/netherlands_owner_occupied_manifest.json,country_local
netherlands,owner_occupied,2023,2023,cbs-gemeentelijke-indeling-2023,municipality,0263,GM0263,Maasdriel,71.3,percent,CBS StatLine 70072NED Koopwoningen,provenance/netherlands_owner_occupied_manifest.json,country_local
netherlands,owner_occupied,2023,2023,cbs-gemeentelijke-indeling-2023,municipality,0267,GM0267,Nijkerk,69.9,percent,CBS StatLine 70072NED Koopwoningen,provenance/netherlands_owner_occupied_manifest.json,country_local
netherlands,owner_occupied,2023,2023,cbs-gemeentelijke-indeling-2023,municipality,0268,GM0268,Nijmegen,43.6,percent,CBS StatLine 70072NED Koopwoningen,provenance/netherlands_owner_occupied_manifest.json,country_local
netherlands,owner_occupied,2023,2023,cbs-gemeentelijke-indeling-2023,municipality,0269,GM0269,Oldebroek,69.1,percent,CBS StatLine 70072NED Koopwoningen,provenance/netherlands_owner_occupied_manifest.json,country_local
netherlands,owner_occupied,2023,2023,cbs-gemeentelijke-indeling-2023,municipality,0273,GM0273,Putten,67.0,percent,CBS StatLine 70072NED Koopwoningen,provenance/netherlands_owner_occupied_manifest.json,country_local
netherlands,owner_occupied,2023,2023,cbs-gemeentelijke-indeling-2023,municipality,0274,GM0274,Renkum,63.2,percent,CBS StatLine 70072NED Koopwoningen,provenance/netherlands_owner_occupied_manifest.json,country_local
netherlands,owner_occupied,2023,2023,cbs-gemeentelijke-indeling-2023,municipality,0275,GM0275,Rheden,55.4,percent,CBS StatLine 70072NED Koopwoningen,provenance/netherlands_owner_occupied_manifest.json,country_local
netherlands,owner_occupied,2023,2023,cbs-gemeentelijke-indeling-2023,municipality,0277,GM0277,Rozendaal,89.4,percent,CBS StatLine 70072NED Koopwoningen,provenance/netherlands_owner_occupied_manifest.json,country_local
netherlands,owner_occupied,2023,2023,cbs-gemeentelijke-indeling-2023,municipality,0279,GM0279,Scherpenzeel,72.7,percent,CBS StatLine 70072NED Koopwoningen,provenance/netherlands_owner_occupied_manifest.json,country_local
netherlands,owner_occupied,2023,2023,cbs-gemeentelijke-indeling-2023,municipality,0281,GM0281,Tiel,56.4,percent,CBS StatLine 70072NED Koopwoningen,provenance/netherlands_owner_occupied_manifest.json,country_local
netherlands,owner_occupied,2023,2023,cbs-gemeentelijke-indeling-2023,municipality,0285,GM0285,Voorst,67.2,percent,CBS StatLine 70072NED Koopwoningen,provenance/netherlands_owner_occupied_manifest.json,country_local
netherlands,owner_occupied,2023,2023,cbs-gemeentelijke-indeling-2023,municipality,0289,GM0289,Wageningen,42.1,percent,CBS StatLine 70072NED Koopwoningen,provenance/netherlands_owner_occupied_manifest.json,country_local
netherlands,owner_occupied,2023,2023,cbs-gemeentelijke-indeling-2023,municipality,0293,GM0293,Westervoort,59.9,percent,CBS StatLine 70072NED Koopwoningen,provenance/netherlands_owner_occupied_manifest.json,country_local
netherlands,owner_occupied,2023,2023,cbs-gemeentelijke-indeling-2023,municipality,0294,GM0294,Winterswijk,70.4,percent,CBS StatLine 70072NED Koopwoningen,provenance/netherlands_owner_occupied_manifest.json,country_local
netherlands,owner_occupied,2023,2023,cbs-gemeentelijke-indeling-2023,municipality,0296,GM0296,Wijchen,68.0,percent,CBS StatLine 70072NED Koopwoningen,provenance/netherlands_owner_occupied_manifest.json,country_local
netherlands,owner_occupied,2023,2023,cbs-gemeentelijke-indeling-2023,municipality,0297,GM0297,Zaltbommel,67.4,percent,CBS StatLine 70072NED Koopwoningen,provenance/netherlands_owner_occupied_manifest.json,country_local
netherlands,owner_occupied,2023,2023,cbs-gemeentelijke-indeling-2023,municipality,0299,GM0299,Zevenaar,64.0,percent,CBS StatLine 70072NED Koopwoningen,provenance/netherlands_owner_occupied_manifest.json,country_local
netherlands,owner_occupied,2023,2023,cbs-gemeentelijke-indeling-2023,municipality,0301,GM0301,Zutphen,55.6,percent,CBS StatLine 70072NED Koopwoningen,provenance/netherlands_owner_occupied_manifest.json,country_local
netherlands,owner_occupied,2023,2023,cbs-gemeentelijke-indeling-2023,municipality,0302,GM0302,Nunspeet,65.3,percent,CBS StatLine 70072NED Koopwoningen,provenance/netherlands_owner_occupied_manifest.json,country_local
netherlands,owner_occupied,2023,2023,cbs-gemeentelijke-indeling-2023,municipality,0303,GM0303,Dronten,68.1,percent,CBS StatLine 70072NED Koopwoningen,provenance/netherlands_owner_occupied_manifest.json,country_local
netherlands,owner_occupied,2023,2023,cbs-gemeentelijke-indeling-2023,municipality,0307,GM0307,Amersfoort,57.8,percent,CBS StatLine 70072NED Koopwoningen,provenance/netherlands_owner_occupied_manifest.json,country_local
netherlands,owner_occupied,2023,2023,cbs-gemeentelijke-indeling-2023,municipality,0308,GM0308,Baarn,61.6,percent,CBS StatLine 70072NED Koopwoningen,provenance/netherlands_owner_occupied_manifest.json,country_local
netherlands,owner_occupied,2023,2023,cbs-gemeentelijke-indeling-2023,municipality,0310,GM0310,De Bilt,60.6,percent,CBS StatLine 70072NED Koopwoningen,provenance/netherlands_owner_occupied_manifest.json,country_local
netherlands,owner_occupied,2023,2023,cbs-gemeentelijke-indeling-2023,municipality,0312,GM0312,Bunnik,73.4,percent,CBS StatLine 70072NED Koopwoningen,provenance/netherlands_owner_occupied_manifest.json,country_local
netherlands,owner_occupied,2023,2023,cbs-gemeentelijke-indeling-2023,municipality,0313,GM0313,Bunschoten,73.6,percent,CBS StatLine 70072NED Koopwoningen,provenance/netherlands_owner_occupied_manifest.json,country_local
netherlands,owner_occupied,2023,2023,cbs-gemeentelijke-indeling-2023,municipality,0317,GM0317,Eemnes,72.1,percent,CBS StatLine 70072NED Koopwoningen,provenance/netherlands_owner_occupied_manifest.json,country_local
netherlands,owner_occupied,2023,2023,cbs-gemeentelijke-indeling-2023,municipality,0321,GM0321,Houten,66.7,percent,CBS StatLine 70072NED Koopwoningen,provenance/netherlands_owner_occupied_manifest.json,country_local
netherlands,owner_occupied,2023,2023,cbs-gemeentelijke-indeling-2023,municipality,0327,GM0327,Leusden,70.8,percent,CBS StatLine 70072NED Koopwoningen,provenance/netherlands_owner_occupied_manifest.json,country_local
netherlands,owner_occupied,2023,2023,cbs-gemeentelijke-indeling-2023,municipality,0331,GM0331,Lopik,74.1,percent,CBS StatLine 70072NED Koopwoningen,provenance/netherlands_owner_occupied_manifest.json,country_local
netherlands,owner_occupied,2023,2023,cbs-gemeentelijke-indeling-2023,municipality,0335,GM0335,Montfoort,74.5,percent,CBS StatLine 70072NED Koopwoningen,provenance/netherlands_owner_occupied_manifest.json,country_local
netherlands,owner_occupied,2023,2023,cbs-gemeentelijke-indeling-2023,municipality,0339,GM0339,Renswoude,73.4,percent,CBS StatLine 70072NED Koopwoningen,provenance/netherlands_owner_occupied_manifest.json,country_local
netherlands,owner_occupied,2023,2023,cbs-gemeentelijke-indeling-2023,municipality,0340,GM0340,Rhenen,65.0,percent,CBS StatLine 70072NED Koopwoningen,provenance/netherlands_owner_occupied_manifest.json,country_local
netherlands,owner_occupied,2023,2023,cbs-gemeentelijke-indeling-2023,municipality,0342,GM0342,Soest,64.3,percent,CBS StatLine 70072NED Koopwoningen,provenance/netherlands_owner_occupied_manifest.json,country_local
netherlands,owner_occupied,2023,2023,cbs-gemeentelijke-indeling-2023,municipality,0344,GM0344,Utrecht,43.9,percent,CBS StatLine 70072NED Koopwoningen,provenance/netherlands_owner_occupied_manifest.json,country_local
netherlands,owner_occupied,2023,2023,cbs-gemeentelijke-indeling-2023,municipality,0345,GM0345,Veenendaal,59.7,percent,CBS StatLine 70072NED Koopwoningen,provenance/netherlands_owner_occupied_manifest.json,country_local
netherlands,owner_occupied,2023,2023,cbs-gemeentelijke-indeling-2023,municipality,0351,GM0351,Woudenberg,70.6,percent,CBS StatLine 70072NED Koopwoningen,provenance/netherlands_owner_occupied_manifest.json,country_local
netherlands,owner_occupied,2023,2023,cbs-gemeentelijke-indeling-2023,municipality,0352,GM0352,Wijk bij Duurstede,70.5,percent,CBS StatLine 70072NED Koopwoningen,provenance/netherlands_owner_occupied_manifest.json,country_local
netherlands,owner_occupied,2023,2023,cbs-gemeentelijke-indeling-2023,municipality,0353,GM0353,IJsselstein,63.9,percent,CBS StatLine 70072NED Koopwoningen,provenance/netherlands_owner_occupied_manifest.json,country_local
netherlands,owner_occupied,2023,2023,cbs-gemeentelijke-indeling-2023,municipality,0355,GM0355,Zeist,52.1,percent,CBS StatLine 70072NED Koopwoningen,provenance/netherlands_owner_occupied_manifest.json,country_local
netherlands,owner_occupied,2023,2023,cbs-gemeentelijke-indeling-2023,municipality,0356,GM0356,Nieuwegein,57.9,percent,CBS StatLine 70072NED Koopwoningen,provenance/netherlands_owner_occupied_manifest.json,country_local
netherlands,owner_occupied,2023,2023,cbs-gemeentelijke-indeling-2023,municipality,0358,GM0358,Aalsmeer,64.5,percent,CBS StatLine 70072NED Koopwoningen,provenance/netherlands_owner_occupied_manifest.json,country_local
netherlands,owner_occupied,2023,2023,cbs-gemeentelijke-indeling-2023,municipality,0361,GM0361,Alkmaar,58.1,percent,CBS StatLine 70072NED Koopwoningen,provenance/netherlands_owner_occupied_manifest.json,country_local
netherlands,owner_occupied,2023,2023,cbs-gemeentelijke-indeling-2023,municipality,0362,GM0362,Amstelveen,46.9,percent,CBS StatLine 70072NED Koopwoningen,provenance/netherlands_owner_occupied_manifest.json,country_local
netherlands,owner_occupied,2023,2023,cbs-gemeentelijke-indeling-2023,municipality,0363,GM0363,Amsterdam,29.5,percent,CBS StatLine 70072NED Koopwoningen,provenance/netherlands_owner_occupied_manifest.json,country_local
netherlands,owner_occupied,2023,2023,cbs-gemeentelijke-indeling-2023,municipality,0373,GM0373,Bergen (NH.),67.2,percent,CBS StatLine 70072NED Koopwoningen,provenance/netherlands_owner_occupied_manifest.json,country_local
netherlands,owner_occupied,2023,2023,cbs-gemeentelijke-indeling-2023,municipality,0375,GM0375,Beverwijk,53.9,percent,CBS StatLine 70072NED Koopwoningen,provenance/netherlands_owner_occupied_manifest.json,country_local
netherlands,owner_occupied,2023,2023,cbs-gemeentelijke-indeling-2023,municipality,0376,GM0376,Blaricum,69.5,percent,CBS StatLine 70072NED Koopwoningen,provenance/netherlands_owner_occupied_manifest.json,country_local
netherlands,owner_occupied,2023,2023,cbs-gemeentelijke-indeling-2023,municipality,0377,GM0377,Bloemendaal,71.2,percent,CBS StatLine 70072NED Koopwoningen,provenance/netherlands_owner_occupied_manifest.json,country_local
netherlands,owner_occupied,2023,2023,cbs-gemeentelijke-indeling-2023,municipality,0383,GM0383,Castricum,75.2,percent,CBS StatLine 70072NED Koopwoningen,provenance/netherlands_owner_occupied_manifest.json,country_local
netherlands,owner_occupied,2023,2023,cbs-gemeentelijke-indeling-2023,municipality,0384,GM0384,Diemen,39.2,percent,CBS StatLine 70072NED Koopwoningen,provenance/netherlands_owner_occupied_manifest.json,country_local
netherlands,owner_occupied,2023,2023,cbs-gemeentelijke-indeling-2023,municipality,0385,GM0385,Edam-Volendam,77.1,percent,CBS StatLine 70072NED Koopwoningen,provenance/netherlands_owner_occupied_manifest.json,country_local
netherlands,owner_occupied,2023,2023,cbs-gemeentelijke-indeling-2023,municipality,0388,GM0388,Enkhuizen,60.9,percent,CBS StatLine 70072NED Koopwoningen,provenance/netherlands_owner_occupied_manifest.json,country_local
netherlands,owner_occupied,2023,2023,cbs-gemeentelijke-indeling-2023,municipality,0392,GM0392,Haarlem,52.4,percent,CBS StatLine 70072NED Koopwoningen,provenance/netherlands_owner_occupied_manifest.json,country_local
netherlands,owner_occupied,2023,2023,cbs-gemeentelijke-indeling-2023,municipality,0394,GM0394,Haarlemmermeer,66.5,percent,CBS StatLine 70072NED Koopwoningen,provenance/netherlands_owner_occupied_manifest.json,country_local
netherlands,owner_occupied,2023,2023,cbs-gemeentelijke-indeling-2023,municipality,0396,GM0396,Heemskerk,59.6,percent,CBS StatLine 70072NED Koopwoningen,provenance/netherlands_owner_occupied_manifest.json,country_local
netherlands,owner_occupied,2023,2023,cbs-gemeentelijke-indeling-2023,municipality,0397,GM0397,Heemstede,65.4,percent,CBS StatLine 70072NED Koopwoningen,provenance/netherlands_owner_occupied_manifest.json,country_local
netherlands,owner_occupied,2023,2023,cbs-gemeentelijke-indeling-2023,municipality,0399,GM0399,Heiloo,73.3,percent,CBS StatLine 70072NED Koopwoningen,provenance/netherlands_owner_occupied_manifest.json,country_local
netherlands,owner_occupied,2023,2023,cbs-gemeentelijke-indeling-2023,municipality,0400,GM0400,Den Helder,54.6,percent,CBS StatLine 70072NED Koopwoningen,provenance/netherlands_owner_occupied_manifest.json,country_local
netherlands,owner_occupied,2023,2023,cbs-gemeentelijke-indeling-2023,municipality,0402,GM0402,Hilversum,53.7,percent,CBS StatLine 70072NED Koopwoningen,provenance/netherlands_owner_occupied_manifest.json,country_local
netherlands,owner_occupied,2023,2023,cbs-gemeentelijke-indeling-2023,municipality,0405,GM0405,Hoorn,60.2,percent,CBS StatLine 70072NED Koopwoningen,provenance/netherlands_owner_occupied_manifest.json,country_local
netherlands,owner_occupied,2023,2023,cbs-gemeentelijke-indeling-2023,municipality,0406,GM0406,Huizen,58.5,percent,CBS StatLine 70072NED Koopwoningen,provenance/netherlands_owner_occupied_manifest.json,country_local
netherlands,owner_occupied,2023,2023,cbs-gemeentelijke-indeling-2023,municipality,0415,GM0415,Landsmeer,66.2,percent,CBS StatLine 70072NED Koopwoningen,provenance/netherlands_owner_occupied_manifest.json,country_local
netherlands,owner_occupied,2023,2023,cbs-gemeentelijke-indeling-2023,municipality,0417,GM0417,Laren,67.7,percent,CBS StatLine 70072NED Koopwoningen,provenance/netherlands_owner_occupied_manifest.json,country_local
netherlands,owner_occupied,2023,2023,cbs-gemeentelijke-indeling-2023,municipality,0420,GM0420,Medemblik,69.8,percent,CBS StatLine 70072NED Koopwoningen,provenance/netherlands_owner_occupied_manifest.json,country_local
netherlands,owner_occupied,2023,2023,cbs-gemeentelijke-indeling-2023,municipality,0431,GM0431,Oostzaan,67.0,percent,CBS StatLine 70072NED Koopwoningen,provenance/netherlands_owner_occupied_manifest.json,country_local
netherlands,owner_occupied,2023,2023,cbs-gemeentelijke-indeling-2023,municipality,0432,GM0432,Opmeer,75.4,percent,CBS StatLine 70072NED Koopwoningen,provenance/netherlands_owner_occupied_manifest.json,country_local
netherlands,owner_occupied,2023,2023,cbs-gemeentelijke-indeling-2023,municipality,0437,GM0437,Ouder-Amstel,55.1,percent,CBS StatLine 70072NED Koopwoningen,provenance/netherlands_owner_occupied_manifest.json,country_local
netherlands,owner_occupied,2023,2023,cbs-gemeentelijke-indeling-2023,municipality,0439,GM0439,Purmerend,59.7,percent,CBS StatLine 70072NED Koopwoningen,provenance/netherlands_owner_occupied_manifest.json,country_local
netherlands,owner_occupied,2023,2023,cbs-gemeentelijke-indeling-2023,municipality,0441,GM0441,Schagen,69.4,percent,CBS StatLine 70072NED Koopwoningen,provenance/netherlands_owner_occupied_manifest.json,country_local
netherlands,owner_occupied,2023,2023,cbs-gemeentelijke-indeling-2023,municipality,0448,GM0448,Texel,65.9,percent,CBS StatLine 70072NED Koopwoningen,provenance/netherlands_owner_occupied_manifest.json,country_local
netherlands,owner_occupied,2023,2023,cbs-gemeentelijke-indeling-2023,municipality,0450,GM0450,Uitgeest,72.7,percent,CBS StatLine 70072NED Koopwoningen,provenance/netherlands_owner_occupied_manifest.json,country_local
netherlands,owner_occupied,2023,2023,cbs-gemeentelijke-indeling-2023,municipality,0451,GM0451,Uithoorn,59.7,percent,CBS StatLine 70072NED Koopwoningen,provenance/netherlands_owner_occupied_manifest.json,country_local
netherlands,owner_occupied,2023,2023,cbs-gemeentelijke-indeling-2023,municipality,0453,GM0453,Velsen,56.2,percent,CBS StatLine 70072NED Koopwoningen,provenance/netherlands_owner_occupied_manifest.json,country_local
netherlands,owner_occupied,2023,2023,cbs-gemeentelijke-indeling-2023,municipality,0473,GM0473,Zandvoort,53.6,percent,CBS StatLine 70072NED Koopwoningen,provenance/netherlands_owner_occupied_manifest.json,country_local
netherlands,owner_occupied,2023,2023,cbs-gemeentelijke-indeling-2023,municipality,0479,GM0479,Zaanstad,54.3,percent,CBS StatLine 70072NED Koopwoningen,provenance/netherlands_owner_occupied_manifest.json,country_local
netherlands,owner_occupied,2023,2023,cbs-gemeentelijke-indeling-2023,municipality,0482,GM0482,Alblasserdam,61.9,percent,CBS StatLine 70072NED Koopwoningen,provenance/netherlands_owner_occupied_manifest.json,country_local
netherlands,owner_occupied,2023,2023,cbs-gemeentelijke-indeling-2023,municipality,0484,GM0484,Alphen aan den Rijn,63.6,percent,CBS StatLine 70072NED Koopwoningen,provenance/netherlands_owner_occupied_manifest.json,country_local
netherlands,owner_occupied,2023,2023,cbs-gemeentelijke-indeling-2023,municipality,0489,GM0489,Barendrecht,69.4,percent,CBS StatLine 70072NED Koopwoningen,provenance/netherlands_owner_occupied_manifest.json,country_local
netherlands,owner_occupied,2023,2023,cbs-gemeentelijke-indeling-2023,municipality,0498,GM0498,Drechterland,73.6,percent,CBS StatLine 70072NED Koopwoningen,provenance/netherlands_owner_occupied_manifest.json,country_local
netherlands,owner_occupied,2023,2023,cbs-gemeentelijke-indeling-2023,municipality,0502,GM0502,Capelle aan den IJssel,53.7,percent,CBS StatLine 70072NED Koopwoningen,provenance/netherlands_owner_occupied_manifest.json,country_local
netherlands,owner_occupied,2023,2023,cbs-gemeentelijke-indeling-2023,municipality,0503,GM0503,Delft,37.1,percent,CBS StatLine 70072NED Koopwoningen,provenance/netherlands_owner_occupied_manifest.json,country_local
netherlands,owner_occupied,2023,2023,cbs-gemeentelijke-indeling-2023,municipality,0505,GM0505,Dordrecht,57.8,percent,CBS StatLine 70072NED Koopwoningen,provenance/netherlands_owner_occupied_manifest.json,country_local
netherlands,owner_occupied,2023,2023,cbs-gemeentelijke-indeling-2023,municipality,0512,GM0512,Gorinchem,49.2,percent,CBS StatLine 70072NED Koopwoningen,provenance/netherlands_owner_occupied_manifest.json,country_local
netherlands,owner_occupied,2023,2023,cbs-gemeentelijke-indeling-2023,municipality,0513,GM0513,Gouda,55.6,percent,CBS StatLine 70072NED Koopwoningen,provenance/netherlands_owner_occupied_manifest.json,country_local
netherlands,owner_occupied,2023,2023,cbs-gemeentelijke-indeling-2023,municipality,0518,GM0518,'s-Gravenhage,41.5,percent,CBS StatLine 70072NED Koopwoningen,provenance/netherlands_owner_occupied_manifest.json,country_local
netherlands,owner_occupied,2023,2023,cbs-gemeentelijke-indeling-2023,municipality,0523,GM0523,Hardinxveld-Giessendam,65.4,percent,CBS StatLine 70072NED Koopwoningen,provenance/netherlands_owner_occupied_manifest.json,country_local
netherlands,owner_occupied,2023,2023,cbs-gemeentelijke-indeling-2023,municipality,0531,GM0531,Hendrik-Ido-Ambacht,71.8,percent,CBS StatLine 70072NED Koopwoningen,provenance/netherlands_owner_occupied_manifest.json,country_local
netherlands,owner_occupied,2023,2023,cbs-gemeentelijke-indeling-2023,municipality,0532,GM0532,Stede Broec,69.7,percent,CBS StatLine 70072NED Koopwoningen,provenance/netherlands_owner_occupied_manifest.json,country_local
netherlands,owner_occupied,2023,2023,cbs-gemeentelijke-indeling-2023,municipality,0534,GM0534,Hillegom,66.8,percent,CBS StatLine 70072NED Koopwoningen,provenance/netherlands_owner_occupied_manifest.json,country_local
netherlands,owner_occupied,2023,2023,cbs-gemeentelijke-indeling-2023,municipality,0537,GM0537,Katwijk,64.9,percent,CBS StatLine 70072NED Koopwoningen,provenance/netherlands_owner_occupied_manifest.json,country_local
netherlands,owner_occupied,2023,2023,cbs-gemeentelijke-indeling-2023,municipality,0542,GM0542,Krimpen aan den IJssel,60.0,percent,CBS StatLine 70072NED Koopwoningen,provenance/netherlands_owner_occupied_manifest.json,country_local
netherlands,owner_occupied,2023,2023,cbs-gemeentelijke-indeling-2023,municipality,0546,GM0546,Leiden,41.3,percent,CBS StatLine 70072NED Koopwoningen,provenance/netherlands_owner_occupied_manifest.json,country_local
netherlands,owner_occupied,2023,2023,cbs-gemeentelijke-indeling-2023,municipality,0547,GM0547,Leiderdorp,63.7,percent,CBS StatLine 70072NED Koopwoningen,provenance/netherlands_owner_occupied_manifest.json,country_local
netherlands,owner_occupied,2023,2023,cbs-gemeentelijke-indeling-2023,municipality,0553,GM0553,Lisse,64.2,percent,CBS StatLine 70072NED Koopwoningen,provenance/netherlands_owner_occupied_manifest.json,country_local
netherlands,owner_occupied,2023,2023,cbs-gemeentelijke-indeling-2023,municipality,0556,GM0556,Maassluis,54.1,percent,CBS StatLine 70072NED Koopwoningen,provenance/netherlands_owner_occupied_manifest.json,country_local
netherlands,owner_occupied,2023,2023,cbs-gemeentelijke-indeling-2023,municipality,0569,GM0569,Nieuwkoop,72.5,percent,CBS StatLine 70072NED Koopwoningen,provenance/netherlands_owner_occupied_manifest.json,country_local
netherlands,owner_occupied,2023,2023,cbs-gemeentelijke-indeling-2023,municipality,0575,GM0575,Noordwijk,63.3,percent,CBS StatLine 70072NED Koopwoningen,provenance/netherlands_owner_occupied_manifest.json,country_local
netherlands,owner_occupied,2023,2023,cbs-gemeentelijke-indeling-2023,municipality,0579,GM0579,Oegstgeest,71.8,percent,CBS StatLine 70072NED Koopwoningen,provenance/netherlands_owner_occupied_manifest.json,country_local
netherlands,owner_occupied,2023,2023,cbs-gemeentelijke-indeling-2023,municipality,0589,GM0589,Oudewater,69.6,percent,CBS StatLine 70072NED Koopwoningen,provenance/netherlands_owner_occupied_manifest.json,country_local
netherlands,owner_occupied,2023,2023,cbs-gemeentelijke-indeling-2023,municipality,0590,GM0590,Papendrecht,65.1,percent,CBS StatLine 70072NED Koopwoningen,provenance/netherlands_owner_occupied_manifest.json,country_local
netherlands,owner_occupied,2023,2023,cbs-gemeentelijke-indeling-2023,municipality,0597,GM0597,Ridderkerk,57.0,percent,CBS StatLine 70072NED Koopwoningen,provenance/netherlands_owner_occupied_manifest.json,country_local
netherlands,owner_occupied,2023,2023,cbs-gemeentelijke-indeling-2023,municipality,0599,GM0599,Rotterdam,34.3,percent,CBS StatLine 70072NED Koopwoningen,provenance/netherlands_owner_occupied_manifest.json,country_local
netherlands,owner_occupied,2023,2023,cbs-gemeentelijke-indeling-2023,municipality,0603,GM0603,Rijswijk,49.3,percent,CBS StatLine 70072NED Koopwoningen,provenance/netherlands_owner_occupied_manifest.json,country_local
netherlands,owner_occupied,2023,2023,cbs-gemeentelijke-indeling-2023,municipality,0606,GM0606,Schiedam,48.8,percent,CBS StatLine 70072NED Koopwoningen,provenance/netherlands_owner_occupied_manifest.json,country_local
netherlands,owner_occupied,2023,2023,cbs-gemeentelijke-indeling-2023,municipality,0610,GM0610,Sliedrecht,57.8,percent,CBS StatLine 70072NED Koopwoningen,provenance/netherlands_owner_occupied_manifest.json,country_local
netherlands,owner_occupied,2023,2023,cbs-gemeentelijke-indeling-2023,municipality,0613,GM0613,Albrandswaard,69.7,percent,CBS StatLine 70072NED Koopwoningen,provenance/netherlands_owner_occupied_manifest.json,country_local
netherlands,owner_occupied,2023,2023,cbs-gemeentelijke-indeling-2023,municipality,0622,GM0622,Vlaardingen,46.8,percent,CBS StatLine 70072NED Koopwoningen,provenance/netherlands_owner_occupied_manifest.json,country_local
netherlands,owner_occupied,2023,2023,cbs-gemeentelijke-indeling-2023,municipality,0626,GM0626,Voorschoten,63.8,percent,CBS StatLine 70072NED Koopwoningen,provenance/netherlands_owner_occupied_manifest.json,country_local
netherlands,owner_occupied,2023,2023,cbs-gemeentelijke-indeling-2023,municipality,0627,GM0627,Waddinxveen,65.7,percent,CBS StatLine 70072NED Koopwoningen,provenance/netherlands_owner_occupied_manifest.json,country_local
netherlands,owner_occupied,2023,2023,cbs-gemeentelijke-indeling-2023,municipality,0629,GM0629,Wassenaar,57.6,percent,CBS StatLine 70072NED Koopwoningen,provenance/netherlands_owner_occupied_manifest.json,country_local
netherlands,owner_occupied,2023,2023,cbs-gemeentelijke-indeling-2023,municipality,0632,GM0632,Woerden,66.0,percent,CBS StatLine 70072NED Koopwoningen,provenance/netherlands_owner_occupied_manifest.json,country_local
netherlands,owner_occupied,2023,2023,cbs-gemeentelijke-indeling-2023,municipality,0637,GM0637,Zoetermeer,55.2,percent,CBS StatLine 70072NED Koopwoningen,provenance/netherlands_owner_occupied_manifest.json,country_local
netherlands,owner_occupied,2023,2023,cbs-gemeentelijke-indeling-2023,municipality,0638,GM0638,Zoeterwoude,71.8,percent,CBS StatLine 70072NED Koopwoningen,provenance/netherlands_owner_occupied_manifest.json,country_local
netherlands,owner_occupied,2023,2023,cbs-gemeentelijke-indeling-2023,municipality,0642,GM0642,Zwijndrecht,56.5,percent,CBS StatLine 70072NED Koopwoningen,provenance/netherlands_owner_occupied_manifest.json,country_local
netherlands,owner_occupied,2023,2023,cbs-gemeentelijke-indeling-2023,municipality,0654,GM0654,Borsele,74.7,percent,CBS StatLine 70072NED Koopwoningen,provenance/netherlands_owner_occupied_manifest.json,country_local
netherlands,owner_occupied,2023,2023,cbs-gemeentelijke-indeling-2023,municipality,0664,GM0664,Goes,60.1,percent,CBS StatLine 70072NED Koopwoningen,provenance/netherlands_owner_occupied_manifest.json,country_local
netherlands,owner_occupied,2023,2023,cbs-gemeentelijke-indeling-2023,municipality,0668,GM0668,West Maas en Waal,71.6,percent,CBS StatLine 70072NED Koopwoningen,provenance/netherlands_owner_occupied_manifest.json,country_local
netherlands,owner_occupied,2023,2023,cbs-gemeentelijke-indeling-2023,municipality,0677,GM0677,Hulst,73.8,percent,CBS StatLine 70072NED Koopwoningen,provenance/netherlands_owner_occupied_manifest.json,country_local
netherlands,owner_occupied,2023,2023,cbs-gemeentelijke-indeling-2023,municipality,0678,GM0678,Kapelle,76.6,percent,CBS StatLine 70072NED Koopwoningen,provenance/netherlands_owner_occupied_manifest.json,country_local
netherlands,owner_occupied,2023,2023,cbs-gemeentelijke-indeling-2023,municipality,0687,GM0687,Middelburg,60.1,percent,CBS StatLine 70072NED Koopwoningen,provenance/netherlands_owner_occupied_manifest.json,country_local
netherlands,owner_occupied,2023,2023,cbs-gemeentelijke-indeling-2023,municipality,0703,GM0703,Reimerswaal,70.5,percent,CBS StatLine 70072NED Koopwoningen,provenance/netherlands_owner_occupied_manifest.json,country_local
netherlands,owner_occupied,2023,2023,cbs-gemeentelijke-indeling-2023,municipality,0715,GM0715,Terneuzen,67.9,percent,CBS StatLine 70072NED Koopwoningen,provenance/netherlands_owner_occupied_manifest.json,country_local
netherlands,owner_occupied,2023,2023,cbs-gemeentelijke-indeling-2023,municipality,0716,GM0716,Tholen,71.9,percent,CBS StatLine 70072NED Koopwoningen,provenance/netherlands_owner_occupied_manifest.json,country_local
netherlands,owner_occupied,2023,2023,cbs-gemeentelijke-indeling-2023,municipality,0717,GM0717,Veere,78.9,percent,CBS StatLine 70072NED Koopwoningen,provenance/netherlands_owner_occupied_manifest.json,country_local
netherlands,owner_occupied,2023,2023,cbs-gemeentelijke-indeling-2023,municipality,0718,GM0718,Vlissingen,56.2,percent,CBS StatLine 70072NED Koopwoningen,provenance/netherlands_owner_occupied_manifest.json,country_local
netherlands,owner_occupied,2023,2023,cbs-gemeentelijke-indeling-2023,municipality,0736,GM0736,De Ronde Venen,66.5,percent,CBS StatLine 70072NED Koopwoningen,provenance/netherlands_owner_occupied_manifest.json,country_local
netherlands,owner_occupied,2023,2023,cbs-gemeentelijke-indeling-2023,municipality,0737,GM0737,Tytsjerksteradiel,72.1,percent,CBS StatLine 70072NED Koopwoningen,provenance/netherlands_owner_occupied_manifest.json,country_local
netherlands,owner_occupied,2023,2023,cbs-gemeentelijke-indeling-2023,municipality,0743,GM0743,Asten,70.7,percent,CBS StatLine 70072NED Koopwoningen,provenance/netherlands_owner_occupied_manifest.json,country_local
netherlands,owner_occupied,2023,2023,cbs-gemeentelijke-indeling-2023,municipality,0744,GM0744,Baarle-Nassau,69.8,percent,CBS StatLine 70072NED Koopwoningen,provenance/netherlands_owner_occupied_manifest.json,country_local
netherlands,owner_occupied,2023,2023,cbs-gemeentelijke-indeling-2023,municipality,0748,GM0748,Bergen op Zoom,58.9,percent,CBS StatLine 70072NED Koopwoningen,provenance/netherlands_owner_occupied_manifest.json,country_local
netherlands,owner_occupied,2023,2023,cbs-gemeentelijke-indeling-2023,municipality,0753,GM0753,Best,70.7,percent,CBS StatLine 70072NED Koopwoningen,provenance/netherlands_owner_occupied_manifest.json,country_local
netherlands,owner_occupied,2023,2023,cbs-gemeentelijke-indeling-2023,municipality,0755,GM0755,Boekel,74.7,percent,CBS StatLine 70072NED Koopwoningen,provenance/netherlands_owner_occupied_manifest.json,country_local
netherlands,owner_occupied,2023,2023,cbs-gemeentelijke-indeling-2023,municipality,0757,GM0757,Boxtel,62.3,percent,CBS StatLine 70072NED Koopwoningen,provenance/netherlands_owner_occupied_manifest.json,country_local
netherlands,owner_occupied,2023,2023,cbs-gemeentelijke-indeling-2023,municipality,0758,GM0758,Breda,54.8,percent,CBS StatLine 70072NED Koopwoningen,provenance/netherlands_owner_occupied_manifest.json,country_local
netherlands,owner_occupied,2023,2023,cbs-gemeentelijke-indeling-2023,municipality,0762,GM0762,Deurne,66.1,percent,CBS StatLine 70072NED Koopwoningen,provenance/netherlands_owner_occupied_manifest.json,country_local
netherlands,owner_occupied,2023,2023,cbs-gemeentelijke-indeling-2023,municipality,0765,GM0765,Pekela,63.6,percent,CBS StatLine 70072NED Koopwoningen,provenance/netherlands_owner_occupied_manifest.json,country_local
netherlands,owner_occupied,2023,2023,cbs-gemeentelijke-indeling-2023,municipality,0766,GM0766,Dongen,70.2,percent,CBS StatLine 70072NED Koopwoningen,provenance/netherlands_owner_occupied_manifest.json,country_local
netherlands,owner_occupied,2023,2023,cbs-gemeentelijke-indeling-2023,municipality,0770,GM0770,Eersel,73.9,percent,CBS StatLine 70072NED Koopwoningen,provenance/netherlands_owner_occupied_manifest.json,country_local
netherlands,owner_occupied,2023,2023,cbs-gemeentelijke-indeling-2023,municipality,0772,GM0772,Eindhoven,43.4,percent,CBS StatLine 70072NED Koopwoningen,provenance/netherlands_owner_occupied_manifest.json,country_local
netherlands,owner_occupied,2023,2023,cbs-gemeentelijke-indeling-2023,municipality,0777,GM0777,Etten-Leur,63.8,percent,CBS StatLine 70072NED Koopwoningen,provenance/netherlands_owner_occupied_manifest.json,country_local
netherlands,owner_occupied,2023,2023,cbs-gemeentelijke-indeling-2023,municipality,0779,GM0779,Geertruidenberg,62.0,percent,CBS StatLine 70072NED Koopwoningen,provenance/netherlands_owner_occupied_manifest.json,country_local
netherlands,owner_occupied,2023,2023,cbs-gemeentelijke-indeling-2023,municipality,0784,GM0784,Gilze en Rijen,64.1,percent,CBS StatLine 70072NED Koopwoningen,provenance/netherlands_owner_occupied_manifest.json,country_local
netherlands,owner_occupied,2023,2023,cbs-gemeentelijke-indeling-2023,municipality,0785,GM0785,Goirle,71.0,percent,CBS StatLine 70072NED Koopwoningen,provenance/netherlands_owner_occupied_manifest.json,country_local
netherlands,owner_occupied,2023,2023,cbs-gemeentelijke-indeling-2023,municipality,0794,GM0794,Helmond,53.7,percent,CBS StatLine 70072NED Koopwoningen,provenance/netherlands_owner_occupied_manifest.json,country_local
netherlands,owner_occupied,2023,2023,cbs-gemeentelijke-indeling-2023,municipality,0796,GM0796,'s-Hertogenbosch,52.2,percent,CBS StatLine 70072NED Koopwoningen,provenance/netherlands_owner_occupied_manifest.json,country_local
netherlands,owner_occupied,2023,2023,cbs-gemeentelijke-indeling-2023,municipality,0797,GM0797,Heusden,67.6,percent,CBS StatLine 70072NED Koopwoningen,provenance/netherlands_owner_occupied_manifest.json,country_local
netherlands,owner_occupied,2023,2023,cbs-gemeentelijke-indeling-2023,municipality,0798,GM0798,Hilvarenbeek,75.3,percent,CBS StatLine 70072NED Koopwoningen,provenance/netherlands_owner_occupied_manifest.json,country_local
netherlands,owner_occupied,2023,2023,cbs-gemeentelijke-indeling-2023,municipality,0809,GM0809,Loon op Zand,64.9,percent,CBS StatLine 70072NED Koopwoningen,provenance/netherlands_owner_occupied_manifest.json,country_local
netherlands,owner_occupied,2023,2023,cbs-gemeentelijke-indeling-2023,municipality,0820,GM0820,"Nuenen, Gerwen en Nederwetten",75.4,percent,CBS StatLine 70072NED Koopwoningen,provenance/netherlands_owner_occupied_manifest.json,country_local
netherlands,owner_occupied,2023,2023,cbs-gemeentelijke-indeling-2023,municipality,0823,GM0823,Oirschot,75.4,percent,CBS StatLine 70072NED Koopwoningen,provenance/netherlands_owner_occupied_manifest.json,country_local
netherlands,owner_occupied,2023,2023,cbs-gemeentelijke-indeling-2023,municipality,0824,GM0824,Oisterwijk,68.2,percent,CBS StatLine 70072NED Koopwoningen,provenance/netherlands_owner_occupied_manifest.json,country_local
netherlands,owner_occupied,2023,2023,cbs-gemeentelijke-indeling-2023,municipality,0826,GM0826,Oosterhout,60.9,percent,CBS StatLine 70072NED Koopwoningen,provenance/netherlands_owner_occupied_manifest.json,country_local
netherlands,owner_occupied,2023,2023,cbs-gemeentelijke-indeling-2023,municipality,0828,GM0828,Oss,62.6,percent,CBS StatLine 70072NED Koopwoningen,provenance/netherlands_owner_occupied_manifest.json,country_local
netherlands,owner_occupied,2023,2023,cbs-gemeentelijke-indeling-2023,municipality,0840,GM0840,Rucphen,66.8,percent,CBS StatLine 70072NED Koopwoningen,provenance/netherlands_owner_occupied_manifest.json,country_local
netherlands,owner_occupied,2023,2023,cbs-gemeentelijke-indeling-2023,municipality,0845,GM0845,Sint-Michielsgestel,74.9,percent,CBS StatLine 70072NED Koopwoningen,provenance/netherlands_owner_occupied_manifest.json,country_local
netherlands,owner_occupied,2023,2023,cbs-gemeentelijke-indeling-2023,municipality,0847,GM0847,Someren,72.0,percent,CBS StatLine 70072NED Koopwoningen,provenance/netherlands_owner_occupied_manifest.json,country_local
netherlands,owner_occupied,2023,2023,cbs-gemeentelijke-indeling-2023,municipality,0848,GM0848,Son en Breugel,74.6,percent,CBS StatLine 70072NED Koopwoningen,provenance/netherlands_owner_occupied_manifest.json,country_local
netherlands,owner_occupied,2023,2023,cbs-gemeentelijke-indeling-2023,municipality,0851,GM0851,Steenbergen,70.0,percent,CBS StatLine 70072NED Koopwoningen,provenance/netherlands_owner_occupied_manifest.json,country_local
netherlands,owner_occupied,2023,2023,cbs-gemeentelijke-indeling-2023,municipality,0852,GM0852,Waterland,69.8,percent,CBS StatLine 70072NED Koopwoningen,provenance/netherlands_owner_occupied_manifest.json,country_local
netherlands,owner_occupied,2023,2023,cbs-gemeentelijke-indeling-2023,municipality,0855,GM0855,Tilburg,49.7,percent,CBS StatLine 70072NED Koopwoningen,provenance/netherlands_owner_occupied_manifest.json,country_local
netherlands,owner_occupied,2023,2023,cbs-gemeentelijke-indeling-2023,municipality,0858,GM0858,Valkenswaard,60.1,percent,CBS StatLine 70072NED Koopwoningen,provenance/netherlands_owner_occupied_manifest.json,country_local
netherlands,owner_occupied,2023,2023,cbs-gemeentelijke-indeling-2023,municipality,0861,GM0861,Veldhoven,66.8,percent,CBS StatLine 70072NED Koopwoningen,provenance/netherlands_owner_occupied_manifest.json,country_local
netherlands,owner_occupied,2023,2023,cbs-gemeentelijke-indeling-2023,municipality,0865,GM0865,Vught,64.6,percent,CBS StatLine 70072NED Koopwoningen,provenance/netherlands_owner_occupied_manifest.json,country_local
netherlands,owner_occupied,2023,2023,cbs-gemeentelijke-indeling-2023,municipality,0866,GM0866,Waalre,74.4,percent,CBS StatLine 70072NED Koopwoningen,provenance/netherlands_owner_occupied_manifest.json,country_local
netherlands,owner_occupied,2023,2023,cbs-gemeentelijke-indeling-2023,municipality,0867,GM0867,Waalwijk,60.1,percent,CBS StatLine 70072NED Koopwoningen,provenance/netherlands_owner_occupied_manifest.json,country_local
netherlands,owner_occupied,2023,2023,cbs-gemeentelijke-indeling-2023,municipality,0873,GM0873,Woensdrecht,72.4,percent,CBS StatLine 70072NED Koopwoningen,provenance/netherlands_owner_occupied_manifest.json,country_local
netherlands,owner_occupied,2023,2023,cbs-gemeentelijke-indeling-2023,municipality,0879,GM0879,Zundert,74.7,percent,CBS StatLine 70072NED Koopwoningen,provenance/netherlands_owner_occupied_manifest.json,country_local
netherlands,owner_occupied,2023,2023,cbs-gemeentelijke-indeling-2023,municipality,0880,GM0880,Wormerland,63.7,percent,CBS StatLine 70072NED Koopwoningen,provenance/netherlands_owner_occupied_manifest.json,country_local
netherlands,owner_occupied,2023,2023,cbs-gemeentelijke-indeling-2023,municipality,0882,GM0882,Landgraaf,63.2,percent,CBS StatLine 70072NED Koopwoningen,provenance/netherlands_owner_occupied_manifest.json,country_local
netherlands,owner_occupied,2023,2023,cbs-gemeentelijke-indeling-2023,municipality,0888,GM0888,Beek,69.9,percent,CBS StatLine 70072NED Koopwoningen,provenance/netherlands_owner_occupied_manifest.json,country_local
netherlands,owner_occupied,2023,2023,cbs-gemeentelijke-indeling-2023,municipality,0889,GM0889,Beesel,67.1,percent,CBS StatLine 70072NED Koopwoningen,provenance/netherlands_owner_occupied_manifest.json,country_local
netherlands,owner_occupied,2023,2023,cbs-gemeentelijke-indeling-2023,municipality,0893,GM0893,Bergen (L.),71.0,percent,CBS StatLine 70072NED Koopwoningen,provenance/netherlands_owner_occupied_manifest.json,country_local
netherlands,owner_occupied,2023,2023,cbs-gemeentelijke-indeling-2023,municipality,0899,GM0899,Brunssum,61.1,percent,CBS StatLine 70072NED Koopwoningen,provenance/netherlands_owner_occupied_manifest.json,country_local
netherlands,owner_occupied,2023,2023,cbs-gemeentelijke-indeling-2023,municipality,0907,GM0907,Gennep,66.1,percent,CBS StatLine 70072NED Koopwoningen,provenance/netherlands_owner_occupied_manifest.json,country_local
netherlands,owner_occupied,2023,2023,cbs-gemeentelijke-indeling-2023,municipality,0917,GM0917,Heerlen,46.5,percent,CBS StatLine 70072NED Koopwoningen,provenance/netherlands_owner_occupied_manifest.json,country_local
netherlands,owner_occupied,2023,2023,cbs-gemeentelijke-indeling-2023,municipality,0928,GM0928,Kerkrade,52.4,percent,CBS StatLine 70072NED Koopwoningen,provenance/netherlands_owner_occupied_manifest.json,country_local
netherlands,owner_occupied,2023,2023,cbs-gemeentelijke-indeling-2023,municipality,0935,GM0935,Maastricht,38.5,percent,CBS StatLine 70072NED Koopwoningen,provenance/netherlands_owner_occupied_manifest.json,country_local
netherlands,owner_occupied,2023,2023,cbs-gemeentelijke-indeling-2023,municipality,0938,GM0938,Meerssen,72.2,percent,CBS StatLine 70072NED Koopwoningen,provenance/netherlands_owner_occupied_manifest.json,country_local
netherlands,owner_occupied,2023,2023,cbs-gemeentelijke-indeling-2023,municipality,0944,GM0944,Mook en Middelaar,74.7,percent,CBS StatLine 70072NED Koopwoningen,provenance/netherlands_owner_occupied_manifest.json,country_local
netherlands,owner_occupied,2023,2023,cbs-gemeentelijke-indeling-2023,municipality,0946,GM0946,Nederweert,70.8,percent,CBS StatLine 70072NED Koopwoningen,provenance/netherlands_owner_occupied_manifest.json,country_local
netherlands,owner_occupied,2023,2023,cbs-gemeentelijke-indeling-2023,municipality,0957,GM0957,Roermond,54.3,percent,CBS StatLine 70072NED Koopwoningen,provenance/netherlands_owner_occupied_manifest.json,country_local
netherlands,owner_occupied,2023,2023,cbs-gemeentelijke-indeling-2023,municipality,0965,GM0965,Simpelveld,63.1,percent,CBS StatLine 70072NED Koopwoningen,provenance/netherlands_owner_occupied_manifest.json,country_local
netherlands,owner_occupied,2023,2023,cbs-gemeentelijke-indeling-2023,municipality,0971,GM0971,Stein,72.0,percent,CBS StatLine 70072NED Koopwoningen,provenance/netherlands_owner_occupied_manifest.json,country_local
netherlands,owner_occupied,2023,2023,cbs-gemeentelijke-indeling-2023,municipality,0981,GM0981,Vaals,43.9,percent,CBS StatLine 70072NED Koopwoningen,provenance/netherlands_owner_occupied_manifest.json,country_local
netherlands,owner_occupied,2023,2023,cbs-gemeentelijke-indeling-2023,municipality,0983,GM0983,Venlo,58.5,percent,CBS StatLine 70072NED Koopwoningen,provenance/netherlands_owner_occupied_manifest.json,country_local
netherlands,owner_occupied,2023,2023,cbs-gemeentelijke-indeling-2023,municipality,0984,GM0984,Venray,64.2,percent,CBS StatLine 70072NED Koopwoningen,provenance/netherlands_owner_occupied_manifest.json,country_local
netherlands,owner_occupied,2023,2023,cbs-gemeentelijke-indeling-2023,municipality,0986,GM0986,Voerendaal,70.4,percent,CBS StatLine 70072NED Koopwoningen,provenance/netherlands_owner_occupied_manifest.json,country_local
netherlands,owner_occupied,2023,2023,cbs-gemeentelijke-indeling-2023,municipality,0988,GM0988,Weert,65.4,percent,CBS StatLine 70072NED Koopwoningen,provenance/netherlands_owner_occupied_manifest.json,country_local
netherlands,owner_occupied,2023,2023,cbs-gemeentelijke-indeling-2023,municipality,0994,GM0994,Valkenburg aan de Geul,60.1,percent,CBS StatLine 70072NED Koopwoningen,provenance/netherlands_owner_occupied_manifest.json,country_local
netherlands,owner_occupied,2023,2023,cbs-gemeentelijke-indeling-2023,municipality,0995,GM0995,Lelystad,61.9,percent,CBS StatLine 70072NED Koopwoningen,provenance/netherlands_owner_occupied_manifest.json,country_local
netherlands,owner_occupied,2023,2023,cbs-gemeentelijke-indeling-2023,municipality,1507,GM1507,Horst aan de Maas,75.3,percent,CBS StatLine 70072NED Koopwoningen,provenance/netherlands_owner_occupied_manifest.json,country_local
netherlands,owner_occupied,2023,2023,cbs-gemeentelijke-indeling-2023,municipality,1509,GM1509,Oude IJsselstreek,66.1,percent,CBS StatLine 70072NED Koopwoningen,provenance/netherlands_owner_occupied_manifest.json,country_local
netherlands,owner_occupied,2023,2023,cbs-gemeentelijke-indeling-2023,municipality,1525,GM1525,Teylingen,65.8,percent,CBS StatLine 70072NED Koopwoningen,provenance/netherlands_owner_occupied_manifest.json,country_local
netherlands,owner_occupied,2023,2023,cbs-gemeentelijke-indeling-2023,municipality,1581,GM1581,Utrechtse Heuvelrug,64.4,percent,CBS StatLine 70072NED Koopwoningen,provenance/netherlands_owner_occupied_manifest.json,country_local
netherlands,owner_occupied,2023,2023,cbs-gemeentelijke-indeling-2023,municipality,1586,GM1586,Oost Gelre,74.4,percent,CBS StatLine 70072NED Koopwoningen,provenance/netherlands_owner_occupied_manifest.json,country_local
netherlands,owner_occupied,2023,2023,cbs-gemeentelijke-indeling-2023,municipality,1598,GM1598,Koggenland,78.5,percent,CBS StatLine 70072NED Koopwoningen,provenance/netherlands_owner_occupied_manifest.json,country_local
netherlands,owner_occupied,2023,2023,cbs-gemeentelijke-indeling-2023,municipality,1621,GM1621,Lansingerland,73.7,percent,CBS StatLine 70072NED Koopwoningen,provenance/netherlands_owner_occupied_manifest.json,country_local
netherlands,owner_occupied,2023,2023,cbs-gemeentelijke-indeling-2023,municipality,1640,GM1640,Leudal,77.4,percent,CBS StatLine 70072NED Koopwoningen,provenance/netherlands_owner_occupied_manifest.json,country_local
netherlands,owner_occupied,2023,2023,cbs-gemeentelijke-indeling-2023,municipality,1641,GM1641,Maasgouw,74.0,percent,CBS StatLine 70072NED Koopwoningen,provenance/netherlands_owner_occupied_manifest.json,country_local
netherlands,owner_occupied,2023,2023,cbs-gemeentelijke-indeling-2023,municipality,1652,GM1652,Gemert-Bakel,68.5,percent,CBS StatLine 70072NED Koopwoningen,provenance/netherlands_owner_occupied_manifest.json,country_local
netherlands,owner_occupied,2023,2023,cbs-gemeentelijke-indeling-2023,municipality,1655,GM1655,Halderberge,65.3,percent,CBS StatLine 70072NED Koopwoningen,provenance/netherlands_owner_occupied_manifest.json,country_local
netherlands,owner_occupied,2023,2023,cbs-gemeentelijke-indeling-2023,municipality,1658,GM1658,Heeze-Leende,77.3,percent,CBS StatLine 70072NED Koopwoningen,provenance/netherlands_owner_occupied_manifest.json,country_local
netherlands,owner_occupied,2023,2023,cbs-gemeentelijke-indeling-2023,municipality,1659,GM1659,Laarbeek,69.5,percent,CBS StatLine 70072NED Koopwoningen,provenance/netherlands_owner_occupied_manifest.json,country_local
netherlands,owner_occupied,2023,2023,cbs-gemeentelijke-indeling-2023,municipality,1667,GM1667,Reusel-De Mierden,76.7,percent,CBS StatLine 70072NED Koopwoningen,provenance/netherlands_owner_occupied_manifest.json,country_local
netherlands,owner_occupied,2023,2023,cbs-gemeentelijke-indeling-2023,municipality,1669,GM1669,Roerdalen,74.5,percent,CBS StatLine 70072NED Koopwoningen,provenance/netherlands_owner_occupied_manifest.json,country_local
netherlands,owner_occupied,2023,2023,cbs-gemeentelijke-indeling-2023,municipality,1674,GM1674,Roosendaal,61.8,percent,CBS StatLine 70072NED Koopwoningen,provenance/netherlands_owner_occupied_manifest.json,country_local
netherlands,owner_occupied,2023,2023,cbs-gemeentelijke-indeling-2023,municipality,1676,GM1676,Schouwen-Duiveland,67.7,percent,CBS StatLine 70072NED Koopwoningen,provenance/netherlands_owner_occupied_manifest.json,country_local
netherlands,owner_occupied,2023,2023,cbs-gemeentelijke-indeling-2023,municipality,1680,GM1680,Aa en Hunze,75.0,percent,CBS StatLine 70072NED Koopwoningen,provenance/netherlands_owner_occupied_manifest.json,country_local
netherlands,owner_occupied,2023,2023,cbs-gemeentelijke-indeling-2023,municipality,1681,GM1681,Borger-Odoorn,73.7,percent,CBS StatLine 70072NED Koopwoningen,provenance/netherlands_owner_occupied_manifest.json,country_local
netherlands,owner_occupied,2023,2023,cbs-gemeentelijke-indeling-2023,municipality,1690,GM1690,De Wolden,74.8,percent,CBS StatLine 70072NED Koopwoningen,provenance/netherlands_owner_occupied_manifest.json,country_local
netherlands,owner_occupied,2023,2023,cbs-gemeentelijke-indeling-2023,municipality,1695,GM1695,Noord-Beveland,73.4,percent,CBS StatLine 70072NED Koopwoningen,provenance/netherlands_owner_occupied_manifest.json,country_local
netherlands,owner_occupied,2023,2023,cbs-gemeentelijke-indeling-2023,municipality,1696,GM1696,Wijdemeren,69.6,percent,CBS StatLine 70072NED Koopwoningen,provenance/netherlands_owner_occupied_manifest.json,country_local
netherlands,owner_occupied,2023,2023,cbs-gemeentelijke-indeling-2023,municipality,1699,GM1699,Noordenveld,71.1,percent,CBS StatLine 70072NED Koopwoningen,provenance/netherlands_owner_occupied_manifest.json,country_local
netherlands,owner_occupied,2023,2023,cbs-gemeentelijke-indeling-2023,municipality,1700,GM1700,Twenterand,66.1,percent,CBS StatLine 70072NED Koopwoningen,provenance/netherlands_owner_occupied_manifest.json,country_local
netherlands,owner_occupied,2023,2023,cbs-gemeentelijke-indeling-2023,municipality,1701,GM1701,Westerveld,75.2,percent,CBS StatLine 70072NED Koopwoningen,provenance/netherlands_owner_occupied_manifest.json,country_local
netherlands,owner_occupied,2023,2023,cbs-gemeentelijke-indeling-2023,municipality,1705,GM1705,Lingewaard,72.6,percent,CBS StatLine 70072NED Koopwoningen,provenance/netherlands_owner_occupied_manifest.json,country_local
netherlands,owner_occupied,2023,2023,cbs-gemeentelijke-indeling-2023,municipality,1706,GM1706,Cranendonck,73.6,percent,CBS StatLine 70072NED Koopwoningen,provenance/netherlands_owner_occupied_manifest.json,country_local
netherlands,owner_occupied,2023,2023,cbs-gemeentelijke-indeling-2023,municipality,1708,GM1708,Steenwijkerland,65.4,percent,CBS StatLine 70072NED Koopwoningen,provenance/netherlands_owner_occupied_manifest.json,country_local
netherlands,owner_occupied,2023,2023,cbs-gemeentelijke-indeling-2023,municipality,1709,GM1709,Moerdijk,66.2,percent,CBS StatLine 70072NED Koopwoningen,provenance/netherlands_owner_occupied_manifest.json,country_local
netherlands,owner_occupied,2023,2023,cbs-gemeentelijke-indeling-2023,municipality,1711,GM1711,Echt-Susteren,70.5,percent,CBS StatLine 70072NED Koopwoningen,provenance/netherlands_owner_occupied_manifest.json,country_local
netherlands,owner_occupied,2023,2023,cbs-gemeentelijke-indeling-2023,municipality,1714,GM1714,Sluis,66.7,percent,CBS StatLine 70072NED Koopwoningen,provenance/netherlands_owner_occupied_manifest.json,country_local
netherlands,owner_occupied,2023,2023,cbs-gemeentelijke-indeling-2023,municipality,1719,GM1719,Drimmelen,71.8,percent,CBS StatLine 70072NED Koopwoningen,provenance/netherlands_owner_occupied_manifest.json,country_local
netherlands,owner_occupied,2023,2023,cbs-gemeentelijke-indeling-2023,municipality,1721,GM1721,Bernheze,71.3,percent,CBS StatLine 70072NED Koopwoningen,provenance/netherlands_owner_occupied_manifest.json,country_local
netherlands,owner_occupied,2023,2023,cbs-gemeentelijke-indeling-2023,municipality,1723,GM1723,Alphen-Chaam,75.4,percent,CBS StatLine 70072NED Koopwoningen,provenance/netherlands_owner_occupied_manifest.json,country_local
netherlands,owner_occupied,2023,2023,cbs-gemeentelijke-indeling-2023,municipality,1724,GM1724,Bergeijk,78.0,percent,CBS StatLine 70072NED Koopwoningen,provenance/netherlands_owner_occupied_manifest.json,country_local
netherlands,owner_occupied,2023,2023,cbs-gemeentelijke-indeling-2023,municipality,1728,GM1728,Bladel,73.9,percent,CBS StatLine 70072NED Koopwoningen,provenance/netherlands_owner_occupied_manifest.json,country_local
netherlands,owner_occupied,2023,2023,cbs-gemeentelijke-indeling-2023,municipality,1729,GM1729,Gulpen-Wittem,66.9,percent,CBS StatLine 70072NED Koopwoningen,provenance/netherlands_owner_occupied_manifest.json,country_local
netherlands,owner_occupied,2023,2023,cbs-gemeentelijke-indeling-2023,municipality,1730,GM1730,Tynaarlo,76.9,percent,CBS StatLine 70072NED Koopwoningen,provenance/netherlands_owner_occupied_manifest.json,country_local
netherlands,owner_occupied,2023,2023,cbs-gemeentelijke-indeling-2023,municipality,1731,GM1731,Midden-Drenthe,70.4,percent,CBS StatLine 70072NED Koopwoningen,provenance/netherlands_owner_occupied_manifest.json,country_local
netherlands,owner_occupied,2023,2023,cbs-gemeentelijke-indeling-2023,municipality,1734,GM1734,Overbetuwe,68.3,percent,CBS StatLine 70072NED Koopwoningen,provenance/netherlands_owner_occupied_manifest.json,country_local
netherlands,owner_occupied,2023,2023,cbs-gemeentelijke-indeling-2023,municipality,1735,GM1735,Hof van Twente,68.4,percent,CBS StatLine 70072NED Koopwoningen,provenance/netherlands_owner_occupied_manifest.json,country_local
netherlands,owner_occupied,2023,2023,cbs-gemeentelijke-indeling-2023,municipality,1740,GM1740,Neder-Betuwe,65.6,percent,CBS StatLine 70072NED Koopwoningen,provenance/netherlands_owner_occupied_manifest.json,country_local
netherlands,owner_occupied,2023,2023,cbs-gemeentelijke-indeling-2023,municipality,1742,GM1742,Rijssen-Holten,69.2,percent,CBS StatLine 70072NED Koopwoningen,provenance/netherlands_owner_occupied_manifest.json,country_local
netherlands,owner_occupied,2023,2023,cbs-gemeentelijke-indeling-2023,municipality,1771,GM1771,Geldrop-Mierlo,65.2,percent,CBS StatLine 70072NED Koopwoningen,provenance/netherlands_owner_occupied_manifest.json,country_local
netherlands,owner_occupied,2023,2023,cbs-gemeentelijke-indeling-2023,municipality,1773,GM1773,Olst-Wijhe,70.0,percent,CBS StatLine 70072NED Koopwoningen,provenance/netherlands_owner_occupied_manifest.json,country_local
netherlands,owner_occupied,2023,2023,cbs-gemeentelijke-indeling-2023,municipality,1774,GM1774,Dinkelland,74.4,percent,CBS StatLine 70072NED Koopwoningen,provenance/netherlands_owner_occupied_manifest.json,country_local
netherlands,owner_occupied,2023,2023,cbs-gemeentelijke-indeling-2023,municipality,1783,GM1783,Westland,68.6,percent,CBS StatLine 70072NED Koopwoningen,provenance/netherlands_owner_occupied_manifest.json,country_local
netherlands,owner_occupied,2023,2023,cbs-gemeentelijke-indeling-2023,municipality,1842,GM1842,Midden-Delfland,73.5,percent,CBS StatLine 70072NED Koopwoningen,provenance/netherlands_owner_occupied_manifest.json,country_local
netherlands,owner_occupied,2023,2023,cbs-gemeentelijke-indeling-2023,municipality,1859,GM1859,Berkelland,68.4,percent,CBS StatLine 70072NED Koopwoningen,provenance/netherlands_owner_occupied_manifest.json,country_local
netherlands,owner_occupied,2023,2023,cbs-gemeentelijke-indeling-2023,municipality,1876,GM1876,Bronckhorst,70.7,percent,CBS StatLine 70072NED Koopwoningen,provenance/netherlands_owner_occupied_manifest.json,country_local
netherlands,owner_occupied,2023,2023,cbs-gemeentelijke-indeling-2023,municipality,1883,GM1883,Sittard-Geleen,58.3,percent,CBS StatLine 70072NED Koopwoningen,provenance/netherlands_owner_occupied_manifest.json,country_local
netherlands,owner_occupied,2023,2023,cbs-gemeentelijke-indeling-2023,municipality,1884,GM1884,Kaag en Braassem,65.4,percent,CBS StatLine 70072NED Koopwoningen,provenance/netherlands_owner_occupied_manifest.json,country_local
netherlands,owner_occupied,2023,2023,cbs-gemeentelijke-indeling-2023,municipality,1891,GM1891,Dantumadiel,63.3,percent,CBS StatLine 70072NED Koopwoningen,provenance/netherlands_owner_occupied_manifest.json,country_local
netherlands,owner_occupied,2023,2023,cbs-gemeentelijke-indeling-2023,municipality,1892,GM1892,Zuidplas,68.3,percent,CBS StatLine 70072NED Koopwoningen,provenance/netherlands_owner_occupied_manifest.json,country_local
netherlands,owner_occupied,2023,2023,cbs-gemeentelijke-indeling-2023,municipality,1894,GM1894,Peel en Maas,73.2,percent,CBS StatLine 70072NED Koopwoningen,provenance/netherlands_owner_occupied_manifest.json,country_local
netherlands,owner_occupied,2023,2023,cbs-gemeentelijke-indeling-2023,municipality,1895,GM1895,Oldambt,63.2,percent,CBS StatLine 70072NED Koopwoningen,provenance/netherlands_owner_occupied_manifest.json,country_local
netherlands,owner_occupied,2023,2023,cbs-gemeentelijke-indeling-2023,municipality,1896,GM1896,Zwartewaterland,71.8,percent,CBS StatLine 70072NED Koopwoningen,provenance/netherlands_owner_occupied_manifest.json,country_local
netherlands,owner_occupied,2023,2023,cbs-gemeentelijke-indeling-2023,municipality,1900,GM1900,Súdwest-Fryslân,65.1,percent,CBS StatLine 70072NED Koopwoningen,provenance/netherlands_owner_occupied_manifest.json,country_local
netherlands,owner_occupied,2023,2023,cbs-gemeentelijke-indeling-2023,municipality,1901,GM1901,Bodegraven-Reeuwijk,71.7,percent,CBS StatLine 70072NED Koopwoningen,provenance/netherlands_owner_occupied_manifest.json,country_local
netherlands,owner_occupied,2023,2023,cbs-gemeentelijke-indeling-2023,municipality,1903,GM1903,Eijsden-Margraten,76.9,percent,CBS StatLine 70072NED Koopwoningen,provenance/netherlands_owner_occupied_manifest.json,country_local
netherlands,owner_occupied,2023,2023,cbs-gemeentelijke-indeling-2023,municipality,1904,GM1904,Stichtse Vecht,65.2,percent,CBS StatLine 70072NED Koopwoningen,provenance/netherlands_owner_occupied_manifest.json,country_local
netherlands,owner_occupied,2023,2023,cbs-gemeentelijke-indeling-2023,municipality,1911,GM1911,Hollands Kroon,70.6,percent,CBS StatLine 70072NED Koopwoningen,provenance/netherlands_owner_occupied_manifest.json,country_local
netherlands,owner_occupied,2023,2023,cbs-gemeentelijke-indeling-2023,municipality,1916,GM1916,Leidschendam-Voorburg,57.5,percent,CBS StatLine 70072NED Koopwoningen,provenance/netherlands_owner_occupied_manifest.json,country_local
netherlands,owner_occupied,2023,2023,cbs-gemeentelijke-indeling-2023,municipality,1924,GM1924,Goeree-Overflakkee,65.1,percent,CBS StatLine 70072NED Koopwoningen,provenance/netherlands_owner_occupied_manifest.json,country_local
netherlands,owner_occupied,2023,2023,cbs-gemeentelijke-indeling-2023,municipality,1926,GM1926,Pijnacker-Nootdorp,71.9,percent,CBS StatLine 70072NED Koopwoningen,provenance/netherlands_owner_occupied_manifest.json,country_local
netherlands,owner_occupied,2023,2023,cbs-gemeentelijke-indeling-2023,municipality,1930,GM1930,Nissewaard,58.6,percent,CBS StatLine 70072NED Koopwoningen,provenance/netherlands_owner_occupied_manifest.json,country_local
netherlands,owner_occupied,2023,2023,cbs-gemeentelijke-indeling-2023,municipality,1931,GM1931,Krimpenerwaard,66.5,percent,CBS StatLine 70072NED Koopwoningen,provenance/netherlands_owner_occupied_manifest.json,country_local
netherlands,owner_occupied,2023,2023,cbs-gemeentelijke-indeling-2023,municipality,1940,GM1940,De Fryske Marren,69.7,percent,CBS StatLine 70072NED Koopwoningen,provenance/netherlands_owner_occupied_manifest.json,country_local
netherlands,owner_occupied,2023,2023,cbs-gemeentelijke-indeling-2023,municipality,1942,GM1942,Gooise Meren,63.9,percent,CBS StatLine 70072NED Koopwoningen,provenance/netherlands_owner_occupied_manifest.json,country_local
netherlands,owner_occupied,2023,2023,cbs-gemeentelijke-indeling-2023,municipality,1945,GM1945,Berg en Dal,61.4,percent,CBS StatLine 70072NED Koopwoningen,provenance/netherlands_owner_occupied_manifest.json,country_local
netherlands,owner_occupied,2023,2023,cbs-gemeentelijke-indeling-2023,municipality,1948,GM1948,Meierijstad,69.3,percent,CBS StatLine 70072NED Koopwoningen,provenance/netherlands_owner_occupied_manifest.json,country_local
netherlands,owner_occupied,2023,2023,cbs-gemeentelijke-indeling-2023,municipality,1949,GM1949,Waadhoeke,67.8,percent,CBS StatLine 70072NED Koopwoningen,provenance/netherlands_owner_occupied_manifest.json,country_local
netherlands,owner_occupied,2023,2023,cbs-gemeentelijke-indeling-2023,municipality,1950,GM1950,Westerwolde,67.6,percent,CBS StatLine 70072NED Koopwoningen,provenance/netherlands_owner_occupied_manifest.json,country_local
netherlands,owner_occupied,2023,2023,cbs-gemeentelijke-indeling-2023,municipality,1952,GM1952,Midden-Groningen,62.0,percent,CBS StatLine 70072NED Koopwoningen,provenance/netherlands_owner_occupied_manifest.json,country_local
netherlands,owner_occupied,2023,2023,cbs-gemeentelijke-indeling-2023,municipality,1954,GM1954,Beekdaelen,73.2,percent,CBS StatLine 70072NED Koopwoningen,provenance/netherlands_owner_occupied_manifest.json,country_local
netherlands,owner_occupied,2023,2023,cbs-gemeentelijke-indeling-2023,municipality,1955,GM1955,Montferland,66.5,percent,CBS StatLine 70072NED Koopwoningen,provenance/netherlands_owner_occupied_manifest.json,country_local
netherlands,owner_occupied,2023,2023,cbs-gemeentelijke-indeling-2023,municipality,1959,GM1959,Altena,68.6,percent,CBS StatLine 70072NED Koopwoningen,provenance/netherlands_owner_occupied_manifest.json,country_local
netherlands,owner_occupied,2023,2023,cbs-gemeentelijke-indeling-2023,municipality,1960,GM1960,West Betuwe,72.3,percent,CBS StatLine 70072NED Koopwoningen,provenance/netherlands_owner_occupied_manifest.json,country_local
netherlands,owner_occupied,2023,2023,cbs-gemeentelijke-indeling-2023,municipality,1961,GM1961,Vijfheerenlanden,62.9,percent,CBS StatLine 70072NED Koopwoningen,provenance/netherlands_owner_occupied_manifest.json,country_local
netherlands,owner_occupied,2023,2023,cbs-gemeentelijke-indeling-2023,municipality,1963,GM1963,Hoeksche Waard,70.8,percent,CBS StatLine 70072NED Koopwoningen,provenance/netherlands_owner_occupied_manifest.json,country_local
netherlands,owner_occupied,2023,2023,cbs-gemeentelijke-indeling-2023,municipality,1966,GM1966,Het Hogeland,66.8,percent,CBS StatLine 70072NED Koopwoningen,provenance/netherlands_owner_occupied_manifest.json,country_local
netherlands,owner_occupied,2023,2023,cbs-gemeentelijke-indeling-2023,municipality,1969,GM1969,Westerkwartier,72.5,percent,CBS StatLine 70072NED Koopwoningen,provenance/netherlands_owner_occupied_manifest.json,country_local
netherlands,owner_occupied,2023,2023,cbs-gemeentelijke-indeling-2023,municipality,1970,GM1970,Noardeast-Fryslân,66.6,percent,CBS StatLine 70072NED Koopwoningen,provenance/netherlands_owner_occupied_manifest.json,country_local
netherlands,owner_occupied,2023,2023,cbs-gemeentelijke-indeling-2023,municipality,1978,GM1978,Molenlanden,69.3,percent,CBS StatLine 70072NED Koopwoningen,provenance/netherlands_owner_occupied_manifest.json,country_local
netherlands,owner_occupied,2023,2023,cbs-gemeentelijke-indeling-2023,municipality,1979,GM1979,Eemsdelta,56.8,percent,CBS StatLine 70072NED Koopwoningen,provenance/netherlands_owner_occupied_manifest.json,country_local
netherlands,owner_occupied,2023,2023,cbs-gemeentelijke-indeling-2023,municipality,1980,GM1980,Dijk en Waard,70.8,percent,CBS StatLine 70072NED Koopwoningen,provenance/netherlands_owner_occupied_manifest.json,country_local
netherlands,owner_occupied,2023,2023,cbs-gemeentelijke-indeling-2023,municipality,1982,GM1982,Land van Cuijk,68.5,percent,CBS StatLine 70072NED Koopwoningen,provenance/netherlands_owner_occupied_manifest.json,country_local
netherlands,owner_occupied,2023,2023,cbs-gemeentelijke-indeling-2023,municipality,1991,GM1991,Maashorst,64.8,percent,CBS StatLine 70072NED Koopwoningen,provenance/netherlands_owner_occupied_manifest.json,country_local
netherlands,owner_occupied,2023,2023,cbs-gemeentelijke-indeling-2023,municipality,1992,GM1992,Voorne aan Zee,67.4,percent,CBS StatLine 70072NED Koopwoningen,provenance/netherlands_owner_occupied_manifest.json,country_local
netherlands,owner_occupied,2025,2024,cbs-gemeentelijke-indeling-2025,municipality,0014,GM0014,Groningen,40.2,percent,CBS StatLine 70072NED Koopwoningen,provenance/netherlands_owner_occupied_manifest.json,country_local
netherlands,owner_occupied,2025,2024,cbs-gemeentelijke-indeling-2025,municipality,0034,GM0034,Almere,62.5,percent,CBS StatLine 70072NED Koopwoningen,provenance/netherlands_owner_occupied_manifest.json,country_local
netherlands,owner_occupied,2025,2024,cbs-gemeentelijke-indeling-2025,municipality,0037,GM0037,Stadskanaal,60.5,percent,CBS StatLine 70072NED Koopwoningen,provenance/netherlands_owner_occupied_manifest.json,country_local
netherlands,owner_occupied,2025,2024,cbs-gemeentelijke-indeling-2025,municipality,0047,GM0047,Veendam,65.1,percent,CBS StatLine 70072NED Koopwoningen,provenance/netherlands_owner_occupied_manifest.json,country_local
netherlands,owner_occupied,2025,2024,cbs-gemeentelijke-indeling-2025,municipality,0050,GM0050,Zeewolde,69.6,percent,CBS StatLine 70072NED Koopwoningen,provenance/netherlands_owner_occupied_manifest.json,country_local
netherlands,owner_occupied,2025,2024,cbs-gemeentelijke-indeling-2025,municipality,0059,GM0059,Achtkarspelen,63.7,percent,CBS StatLine 70072NED Koopwoningen,provenance/netherlands_owner_occupied_manifest.json,country_local
netherlands,owner_occupied,2025,2024,cbs-gemeentelijke-indeling-2025,municipality,0060,GM0060,Ameland,67.2,percent,CBS StatLine 70072NED Koopwoningen,provenance/netherlands_owner_occupied_manifest.json,country_local
netherlands,owner_occupied,2025,2024,cbs-gemeentelijke-indeling-2025,municipality,0072,GM0072,Harlingen,56.1,percent,CBS StatLine 70072NED Koopwoningen,provenance/netherlands_owner_occupied_manifest.json,country_local
netherlands,owner_occupied,2025,2024,cbs-gemeentelijke-indeling-2025,municipality,0074,GM0074,Heerenveen,60.4,percent,CBS StatLine 70072NED Koopwoningen,provenance/netherlands_owner_occupied_manifest.json,country_local
netherlands,owner_occupied,2025,2024,cbs-gemeentelijke-indeling-2025,municipality,0080,GM0080,Leeuwarden,50.5,percent,CBS StatLine 70072NED Koopwoningen,provenance/netherlands_owner_occupied_manifest.json,country_local
netherlands,owner_occupied,2025,2024,cbs-gemeentelijke-indeling-2025,municipality,0085,GM0085,Ooststellingwerf,67.4,percent,CBS StatLine 70072NED Koopwoningen,provenance/netherlands_owner_occupied_manifest.json,country_local
netherlands,owner_occupied,2025,2024,cbs-gemeentelijke-indeling-2025,municipality,0086,GM0086,Opsterland,70.3,percent,CBS StatLine 70072NED Koopwoningen,provenance/netherlands_owner_occupied_manifest.json,country_local
netherlands,owner_occupied,2025,2024,cbs-gemeentelijke-indeling-2025,municipality,0088,GM0088,Schiermonnikoog,52.9,percent,CBS StatLine 70072NED Koopwoningen,provenance/netherlands_owner_occupied_manifest.json,country_local
netherlands,owner_occupied,2025,2024,cbs-gemeentelijke-indeling-2025,municipality,0090,GM0090,Smallingerland,59.7,percent,CBS StatLine 70072NED Koopwoningen,provenance/netherlands_owner_occupied_manifest.json,country_local
netherlands,owner_occupied,2025,2024,cbs-gemeentelijke-indeling-2025,municipality,0093,GM0093,Terschelling,63.0,percent,CBS StatLine 70072NED Koopwoningen,provenance/netherlands_owner_occupied_manifest.json,country_local
netherlands,owner_occupied,2025,2024,cbs-gemeentelijke-indeling-2025,municipality,0096,GM0096,Vlieland,37.2,percent,CBS StatLine 70072NED Koopwoningen,provenance/netherlands_owner_occupied_manifest.json,country_local
netherlands,owner_occupied,2025,2024,cbs-gemeentelijke-indeling-2025,municipality,0098,GM0098,Weststellingwerf,65.1,percent,CBS StatLine 70072NED Koopwoningen,provenance/netherlands_owner_occupied_manifest.json,country_local
netherlands,owner_occupied,2025,2024,cbs-gemeentelijke-indeling-2025,municipality,0106,GM0106,Assen,58.6,percent,CBS StatLine 70072NED Koopwoningen,provenance/netherlands_owner_occupied_manifest.json,country_local
netherlands,owner_occupied,2025,2024,cbs-gemeentelijke-indeling-2025,municipality,0109,GM0109,Coevorden,69.4,percent,CBS StatLine 70072NED Koopwoningen,provenance/netherlands_owner_occupied_manifest.json,country_local
netherlands,owner_occupied,2025,2024,cbs-gemeentelijke-indeling-2025,municipality,0114,GM0114,Emmen,62.7,percent,CBS StatLine 70072NED Koopwoningen,provenance/netherlands_owner_occupied_manifest.json,country_local
netherlands,owner_occupied,2025,2024,cbs-gemeentelijke-indeling-2025,municipality,0118,GM0118,Hoogeveen,61.5,percent,CBS StatLine 70072NED Koopwoningen,provenance/netherlands_owner_occupied_manifest.json,country_local
netherlands,owner_occupied,2025,2024,cbs-gemeentelijke-indeling-2025,municipality,0119,GM0119,Meppel,57.7,percent,CBS StatLine 70072NED Koopwoningen,provenance/netherlands_owner_occupied_manifest.json,country_local
netherlands,owner_occupied,2025,2024,cbs-gemeentelijke-indeling-2025,municipality,0141,GM0141,Almelo,54.7,percent,CBS StatLine 70072NED Koopwoningen,provenance/netherlands_owner_occupied_manifest.json,country_local
netherlands,owner_occupied,2025,2024,cbs-gemeentelijke-indeling-2025,municipality,0147,GM0147,Borne,69.9,percent,CBS StatLine 70072NED Koopwoningen,provenance/netherlands_owner_occupied_manifest.json,country_local
netherlands,owner_occupied,2025,2024,cbs-gemeentelijke-indeling-2025,municipality,0148,GM0148,Dalfsen,74.4,percent,CBS StatLine 70072NED Koopwoningen,provenance/netherlands_owner_occupied_manifest.json,country_local
netherlands,owner_occupied,2025,2024,cbs-gemeentelijke-indeling-2025,municipality,0150,GM0150,Deventer,55.5,percent,CBS StatLine 70072NED Koopwoningen,provenance/netherlands_owner_occupied_manifest.json,country_local
netherlands,owner_occupied,2025,2024,cbs-gemeentelijke-indeling-2025,municipality,0153,GM0153,Enschede,48.1,percent,CBS StatLine 70072NED Koopwoningen,provenance/netherlands_owner_occupied_manifest.json,country_local
netherlands,owner_occupied,2025,2024,cbs-gemeentelijke-indeling-2025,municipality,0158,GM0158,Haaksbergen,69.5,percent,CBS StatLine 70072NED Koopwoningen,provenance/netherlands_owner_occupied_manifest.json,country_local
netherlands,owner_occupied,2025,2024,cbs-gemeentelijke-indeling-2025,municipality,0160,GM0160,Hardenberg,70.4,percent,CBS StatLine 70072NED Koopwoningen,provenance/netherlands_owner_occupied_manifest.json,country_local
netherlands,owner_occupied,2025,2024,cbs-gemeentelijke-indeling-2025,municipality,0163,GM0163,Hellendoorn,72.9,percent,CBS StatLine 70072NED Koopwoningen,provenance/netherlands_owner_occupied_manifest.json,country_local
netherlands,owner_occupied,2025,2024,cbs-gemeentelijke-indeling-2025,municipality,0164,GM0164,Hengelo (O.),56.5,percent,CBS StatLine 70072NED Koopwoningen,provenance/netherlands_owner_occupied_manifest.json,country_local
netherlands,owner_occupied,2025,2024,cbs-gemeentelijke-indeling-2025,municipality,0166,GM0166,Kampen,63.4,percent,CBS StatLine 70072NED Koopwoningen,provenance/netherlands_owner_occupied_manifest.json,country_local
netherlands,owner_occupied,2025,2024,cbs-gemeentelijke-indeling-2025,municipality,0168,GM0168,Losser,70.3,percent,CBS StatLine 70072NED Koopwoningen,provenance/netherlands_owner_occupied_manifest.json,country_local
netherlands,owner_occupied,2025,2024,cbs-gemeentelijke-indeling-2025,municipality,0171,GM0171,Noordoostpolder,65.4,percent,CBS StatLine 70072NED Koopwoningen,provenance/netherlands_owner_occupied_manifest.json,country_local
netherlands,owner_occupied,2025,2024,cbs-gemeentelijke-indeling-2025,municipality,0173,GM0173,Oldenzaal,62.5,percent,CBS StatLine 70072NED Koopwoningen,provenance/netherlands_owner_occupied_manifest.json,country_local
netherlands,owner_occupied,2025,2024,cbs-gemeentelijke-indeling-2025,municipality,0175,GM0175,Ommen,71.0,percent,CBS StatLine 70072NED Koopwoningen,provenance/netherlands_owner_occupied_manifest.json,country_local
netherlands,owner_occupied,2025,2024,cbs-gemeentelijke-indeling-2025,municipality,0177,GM0177,Raalte,69.3,percent,CBS StatLine 70072NED Koopwoningen,provenance/netherlands_owner_occupied_manifest.json,country_local
netherlands,owner_occupied,2025,2024,cbs-gemeentelijke-indeling-2025,municipality,0180,GM0180,Staphorst,78.0,percent,CBS StatLine 70072NED Koopwoningen,provenance/netherlands_owner_occupied_manifest.json,country_local
netherlands,owner_occupied,2025,2024,cbs-gemeentelijke-indeling-2025,municipality,0183,GM0183,Tubbergen,72.3,percent,CBS StatLine 70072NED Koopwoningen,provenance/netherlands_owner_occupied_manifest.json,country_local
netherlands,owner_occupied,2025,2024,cbs-gemeentelijke-indeling-2025,municipality,0184,GM0184,Urk,77.7,percent,CBS StatLine 70072NED Koopwoningen,provenance/netherlands_owner_occupied_manifest.json,country_local
netherlands,owner_occupied,2025,2024,cbs-gemeentelijke-indeling-2025,municipality,0189,GM0189,Wierden,73.0,percent,CBS StatLine 70072NED Koopwoningen,provenance/netherlands_owner_occupied_manifest.json,country_local
netherlands,owner_occupied,2025,2024,cbs-gemeentelijke-indeling-2025,municipality,0193,GM0193,Zwolle,52.8,percent,CBS StatLine 70072NED Koopwoningen,provenance/netherlands_owner_occupied_manifest.json,country_local
netherlands,owner_occupied,2025,2024,cbs-gemeentelijke-indeling-2025,municipality,0197,GM0197,Aalten,71.8,percent,CBS StatLine 70072NED Koopwoningen,provenance/netherlands_owner_occupied_manifest.json,country_local
netherlands,owner_occupied,2025,2024,cbs-gemeentelijke-indeling-2025,municipality,0200,GM0200,Apeldoorn,60.1,percent,CBS StatLine 70072NED Koopwoningen,provenance/netherlands_owner_occupied_manifest.json,country_local
netherlands,owner_occupied,2025,2024,cbs-gemeentelijke-indeling-2025,municipality,0202,GM0202,Arnhem,42.9,percent,CBS StatLine 70072NED Koopwoningen,provenance/netherlands_owner_occupied_manifest.json,country_local
netherlands,owner_occupied,2025,2024,cbs-gemeentelijke-indeling-2025,municipality,0203,GM0203,Barneveld,68.0,percent,CBS StatLine 70072NED Koopwoningen,provenance/netherlands_owner_occupied_manifest.json,country_local
netherlands,owner_occupied,2025,2024,cbs-gemeentelijke-indeling-2025,municipality,0209,GM0209,Beuningen,70.4,percent,CBS StatLine 70072NED Koopwoningen,provenance/netherlands_owner_occupied_manifest.json,country_local
netherlands,owner_occupied,2025,2024,cbs-gemeentelijke-indeling-2025,municipality,0213,GM0213,Brummen,63.1,percent,CBS StatLine 70072NED Koopwoningen,provenance/netherlands_owner_occupied_manifest.json,country_local
netherlands,owner_occupied,2025,2024,cbs-gemeentelijke-indeling-2025,municipality,0214,GM0214,Buren,74.6,percent,CBS StatLine 70072NED Koopwoningen,provenance/netherlands_owner_occupied_manifest.json,country_local
netherlands,owner_occupied,2025,2024,cbs-gemeentelijke-indeling-2025,municipality,0216,GM0216,Culemborg,63.9,percent,CBS StatLine 70072NED Koopwoningen,provenance/netherlands_owner_occupied_manifest.json,country_local
netherlands,owner_occupied,2025,2024,cbs-gemeentelijke-indeling-2025,municipality,0221,GM0221,Doesburg,54.0,percent,CBS StatLine 70072NED Koopwoningen,provenance/netherlands_owner_occupied_manifest.json,country_local
netherlands,owner_occupied,2025,2024,cbs-gemeentelijke-indeling-2025,municipality,0222,GM0222,Doetinchem,59.4,percent,CBS StatLine 70072NED Koopwoningen,provenance/netherlands_owner_occupied_manifest.json,country_local
netherlands,owner_occupied,2025,2024,cbs-gemeentelijke-indeling-2025,municipality,0225,GM0225,Druten,65.6,percent,CBS StatLine 70072NED Koopwoningen,provenance/netherlands_owner_occupied_manifest.json,country_local
netherlands,owner_occupied,2025,2024,cbs-gemeentelijke-indeling-2025,municipality,0226,GM0226,Duiven,67.1,percent,CBS StatLine 70072NED Koopwoningen,provenance/netherlands_owner_occupied_manifest.json,country_local
netherlands,owner_occupied,2025,2024,cbs-gemeentelijke-indeling-2025,municipality,0228,GM0228,Ede,64.6,percent,CBS StatLine 70072NED Koopwoningen,provenance/netherlands_owner_occupied_manifest.json,country_local
netherlands,owner_occupied,2025,2024,cbs-gemeentelijke-indeling-2025,municipality,0230,GM0230,Elburg,65.3,percent,CBS StatLine 70072NED Koopwoningen,provenance/netherlands_owner_occupied_manifest.json,country_local
netherlands,owner_occupied,2025,2024,cbs-gemeentelijke-indeling-2025,municipality,0232,GM0232,Epe,64.7,percent,CBS StatLine 70072NED Koopwoningen,provenance/netherlands_owner_occupied_manifest.json,country_local
netherlands,owner_occupied,2025,2024,cbs-gemeentelijke-indeling-2025,municipality,0233,GM0233,Ermelo,62.0,percent,CBS StatLine 70072NED Koopwoningen,provenance/netherlands_owner_occupied_manifest.json,country_local
netherlands,owner_occupied,2025,2024,cbs-gemeentelijke-indeling-2025,municipality,0243,GM0243,Harderwijk,58.6,percent,CBS StatLine 70072NED Koopwoningen,provenance/netherlands_owner_occupied_manifest.json,country_local
netherlands,owner_occupied,2025,2024,cbs-gemeentelijke-indeling-2025,municipality,0244,GM0244,Hattem,66.5,percent,CBS StatLine 70072NED Koopwoningen,provenance/netherlands_owner_occupied_manifest.json,country_local
netherlands,owner_occupied,2025,2024,cbs-gemeentelijke-indeling-2025,municipality,0246,GM0246,Heerde,68.8,percent,CBS StatLine 70072NED Koopwoningen,provenance/netherlands_owner_occupied_manifest.json,country_local
netherlands,owner_occupied,2025,2024,cbs-gemeentelijke-indeling-2025,municipality,0252,GM0252,Heumen,71.6,percent,CBS StatLine 70072NED Koopwoningen,provenance/netherlands_owner_occupied_manifest.json,country_local
netherlands,owner_occupied,2025,2024,cbs-gemeentelijke-indeling-2025,municipality,0262,GM0262,Lochem,71.1,percent,CBS StatLine 70072NED Koopwoningen,provenance/netherlands_owner_occupied_manifest.json,country_local
netherlands,owner_occupied,2025,2024,cbs-gemeentelijke-indeling-2025,municipality,0263,GM0263,Maasdriel,71.6,percent,CBS StatLine 70072NED Koopwoningen,provenance/netherlands_owner_occupied_manifest.json,country_local
netherlands,owner_occupied,2025,2024,cbs-gemeentelijke-indeling-2025,municipality,0267,GM0267,Nijkerk,69.9,percent,CBS StatLine 70072NED Koopwoningen,provenance/netherlands_owner_occupied_manifest.json,country_local
netherlands,owner_occupied,2025,2024,cbs-gemeentelijke-indeling-2025,municipality,0268,GM0268,Nijmegen,43.5,percent,CBS StatLine 70072NED Koopwoningen,provenance/netherlands_owner_occupied_manifest.json,country_local
netherlands,owner_occupied,2025,2024,cbs-gemeentelijke-indeling-2025,municipality,0269,GM0269,Oldebroek,69.2,percent,CBS StatLine 70072NED Koopwoningen,provenance/netherlands_owner_occupied_manifest.json,country_local
netherlands,owner_occupied,2025,2024,cbs-gemeentelijke-indeling-2025,municipality,0273,GM0273,Putten,67.1,percent,CBS StatLine 70072NED Koopwoningen,provenance/netherlands_owner_occupied_manifest.json,country_local
netherlands,owner_occupied,2025,2024,cbs-gemeentelijke-indeling-2025,municipality,0274,GM0274,Renkum,63.3,percent,CBS StatLine 70072NED Koopwoningen,provenance/netherlands_owner_occupied_manifest.json,country_local
netherlands,owner_occupied,2025,2024,cbs-gemeentelijke-indeling-2025,municipality,0275,GM0275,Rheden,55.8,percent,CBS StatLine 70072NED Koopwoningen,provenance/netherlands_owner_occupied_manifest.json,country_local
netherlands,owner_occupied,2025,2024,cbs-gemeentelijke-indeling-2025,municipality,0277,GM0277,Rozendaal,88.6,percent,CBS StatLine 70072NED Koopwoningen,provenance/netherlands_owner_occupied_manifest.json,country_local
netherlands,owner_occupied,2025,2024,cbs-gemeentelijke-indeling-2025,municipality,0279,GM0279,Scherpenzeel,73.2,percent,CBS StatLine 70072NED Koopwoningen,provenance/netherlands_owner_occupied_manifest.json,country_local
netherlands,owner_occupied,2025,2024,cbs-gemeentelijke-indeling-2025,municipality,0281,GM0281,Tiel,56.2,percent,CBS StatLine 70072NED Koopwoningen,provenance/netherlands_owner_occupied_manifest.json,country_local
netherlands,owner_occupied,2025,2024,cbs-gemeentelijke-indeling-2025,municipality,0285,GM0285,Voorst,68.4,percent,CBS StatLine 70072NED Koopwoningen,provenance/netherlands_owner_occupied_manifest.json,country_local
netherlands,owner_occupied,2025,2024,cbs-gemeentelijke-indeling-2025,municipality,0289,GM0289,Wageningen,42.4,percent,CBS StatLine 70072NED Koopwoningen,provenance/netherlands_owner_occupied_manifest.json,country_local
netherlands,owner_occupied,2025,2024,cbs-gemeentelijke-indeling-2025,municipality,0293,GM0293,Westervoort,59.9,percent,CBS StatLine 70072NED Koopwoningen,provenance/netherlands_owner_occupied_manifest.json,country_local
netherlands,owner_occupied,2025,2024,cbs-gemeentelijke-indeling-2025,municipality,0294,GM0294,Winterswijk,70.2,percent,CBS StatLine 70072NED Koopwoningen,provenance/netherlands_owner_occupied_manifest.json,country_local
netherlands,owner_occupied,2025,2024,cbs-gemeentelijke-indeling-2025,municipality,0296,GM0296,Wijchen,67.6,percent,CBS StatLine 70072NED Koopwoningen,provenance/netherlands_owner_occupied_manifest.json,country_local
netherlands,owner_occupied,2025,2024,cbs-gemeentelijke-indeling-2025,municipality,0297,GM0297,Zaltbommel,67.4,percent,CBS StatLine 70072NED Koopwoningen,provenance/netherlands_owner_occupied_manifest.json,country_local
netherlands,owner_occupied,2025,2024,cbs-gemeentelijke-indeling-2025,municipality,0299,GM0299,Zevenaar,64.2,percent,CBS StatLine 70072NED Koopwoningen,provenance/netherlands_owner_occupied_manifest.json,country_local
netherlands,owner_occupied,2025,2024,cbs-gemeentelijke-indeling-2025,municipality,0301,GM0301,Zutphen,56.2,percent,CBS StatLine 70072NED Koopwoningen,provenance/netherlands_owner_occupied_manifest.json,country_local
netherlands,owner_occupied,2025,2024,cbs-gemeentelijke-indeling-2025,municipality,0302,GM0302,Nunspeet,65.2,percent,CBS StatLine 70072NED Koopwoningen,provenance/netherlands_owner_occupied_manifest.json,country_local
netherlands,owner_occupied,2025,2024,cbs-gemeentelijke-indeling-2025,municipality,0303,GM0303,Dronten,68.2,percent,CBS StatLine 70072NED Koopwoningen,provenance/netherlands_owner_occupied_manifest.json,country_local
netherlands,owner_occupied,2025,2024,cbs-gemeentelijke-indeling-2025,municipality,0307,GM0307,Amersfoort,57.9,percent,CBS StatLine 70072NED Koopwoningen,provenance/netherlands_owner_occupied_manifest.json,country_local
netherlands,owner_occupied,2025,2024,cbs-gemeentelijke-indeling-2025,municipality,0308,GM0308,Baarn,61.6,percent,CBS StatLine 70072NED Koopwoningen,provenance/netherlands_owner_occupied_manifest.json,country_local
netherlands,owner_occupied,2025,2024,cbs-gemeentelijke-indeling-2025,municipality,0310,GM0310,De Bilt,60.8,percent,CBS StatLine 70072NED Koopwoningen,provenance/netherlands_owner_occupied_manifest.json,country_local
netherlands,owner_occupied,2025,2024,cbs-gemeentelijke-indeling-2025,municipality,0312,GM0312,Bunnik,73.5,percent,CBS StatLine 70072NED Koopwoningen,provenance/netherlands_owner_occupied_manifest.json,country_local
netherlands,owner_occupied,2025,2024,cbs-gemeentelijke-indeling-2025,municipality,0313,GM0313,Bunschoten,73.2,percent,CBS StatLine 70072NED Koopwoningen,provenance/netherlands_owner_occupied_manifest.json,country_local
netherlands,owner_occupied,2025,2024,cbs-gemeentelijke-indeling-2025,municipality,0317,GM0317,Eemnes,71.6,percent,CBS StatLine 70072NED Koopwoningen,provenance/netherlands_owner_occupied_manifest.json,country_local
netherlands,owner_occupied,2025,2024,cbs-gemeentelijke-indeling-2025,municipality,0321,GM0321,Houten,67.1,percent,CBS StatLine 70072NED Koopwoningen,provenance/netherlands_owner_occupied_manifest.json,country_local
netherlands,owner_occupied,2025,2024,cbs-gemeentelijke-indeling-2025,municipality,0327,GM0327,Leusden,71.0,percent,CBS StatLine 70072NED Koopwoningen,provenance/netherlands_owner_occupied_manifest.json,country_local
netherlands,owner_occupied,2025,2024,cbs-gemeentelijke-indeling-2025,municipality,0331,GM0331,Lopik,74.2,percent,CBS StatLine 70072NED Koopwoningen,provenance/netherlands_owner_occupied_manifest.json,country_local
netherlands,owner_occupied,2025,2024,cbs-gemeentelijke-indeling-2025,municipality,0335,GM0335,Montfoort,74.2,percent,CBS StatLine 70072NED Koopwoningen,provenance/netherlands_owner_occupied_manifest.json,country_local
netherlands,owner_occupied,2025,2024,cbs-gemeentelijke-indeling-2025,municipality,0339,GM0339,Renswoude,74.2,percent,CBS StatLine 70072NED Koopwoningen,provenance/netherlands_owner_occupied_manifest.json,country_local
netherlands,owner_occupied,2025,2024,cbs-gemeentelijke-indeling-2025,municipality,0340,GM0340,Rhenen,64.7,percent,CBS StatLine 70072NED Koopwoningen,provenance/netherlands_owner_occupied_manifest.json,country_local
netherlands,owner_occupied,2025,2024,cbs-gemeentelijke-indeling-2025,municipality,0342,GM0342,Soest,64.2,percent,CBS StatLine 70072NED Koopwoningen,provenance/netherlands_owner_occupied_manifest.json,country_local
netherlands,owner_occupied,2025,2024,cbs-gemeentelijke-indeling-2025,municipality,0344,GM0344,Utrecht,44.0,percent,CBS StatLine 70072NED Koopwoningen,provenance/netherlands_owner_occupied_manifest.json,country_local
netherlands,owner_occupied,2025,2024,cbs-gemeentelijke-indeling-2025,municipality,0345,GM0345,Veenendaal,59.5,percent,CBS StatLine 70072NED Koopwoningen,provenance/netherlands_owner_occupied_manifest.json,country_local
netherlands,owner_occupied,2025,2024,cbs-gemeentelijke-indeling-2025,municipality,0351,GM0351,Woudenberg,70.5,percent,CBS StatLine 70072NED Koopwoningen,provenance/netherlands_owner_occupied_manifest.json,country_local
netherlands,owner_occupied,2025,2024,cbs-gemeentelijke-indeling-2025,municipality,0352,GM0352,Wijk bij Duurstede,70.4,percent,CBS StatLine 70072NED Koopwoningen,provenance/netherlands_owner_occupied_manifest.json,country_local
netherlands,owner_occupied,2025,2024,cbs-gemeentelijke-indeling-2025,municipality,0353,GM0353,IJsselstein,63.9,percent,CBS StatLine 70072NED Koopwoningen,provenance/netherlands_owner_occupied_manifest.json,country_local
netherlands,owner_occupied,2025,2024,cbs-gemeentelijke-indeling-2025,municipality,0355,GM0355,Zeist,52.7,percent,CBS StatLine 70072NED Koopwoningen,provenance/netherlands_owner_occupied_manifest.json,country_local
netherlands,owner_occupied,2025,2024,cbs-gemeentelijke-indeling-2025,municipality,0356,GM0356,Nieuwegein,57.8,percent,CBS StatLine 70072NED Koopwoningen,provenance/netherlands_owner_occupied_manifest.json,country_local
netherlands,owner_occupied,2025,2024,cbs-gemeentelijke-indeling-2025,municipality,0358,GM0358,Aalsmeer,64.0,percent,CBS StatLine 70072NED Koopwoningen,provenance/netherlands_owner_occupied_manifest.json,country_local
netherlands,owner_occupied,2025,2024,cbs-gemeentelijke-indeling-2025,municipality,0361,GM0361,Alkmaar,58.3,percent,CBS StatLine 70072NED Koopwoningen,provenance/netherlands_owner_occupied_manifest.json,country_local
netherlands,owner_occupied,2025,2024,cbs-gemeentelijke-indeling-2025,municipality,0362,GM0362,Amstelveen,47.2,percent,CBS StatLine 70072NED Koopwoningen,provenance/netherlands_owner_occupied_manifest.json,country_local
netherlands,owner_occupied,2025,2024,cbs-gemeentelijke-indeling-2025,municipality,0363,GM0363,Amsterdam,29.9,percent,CBS StatLine 70072NED Koopwoningen,provenance/netherlands_owner_occupied_manifest.json,country_local
netherlands,owner_occupied,2025,2024,cbs-gemeentelijke-indeling-2025,municipality,0373,GM0373,Bergen (NH.),67.3,percent,CBS StatLine 70072NED Koopwoningen,provenance/netherlands_owner_occupied_manifest.json,country_local
netherlands,owner_occupied,2025,2024,cbs-gemeentelijke-indeling-2025,municipality,0375,GM0375,Beverwijk,54.2,percent,CBS StatLine 70072NED Koopwoningen,provenance/netherlands_owner_occupied_manifest.json,country_local
netherlands,owner_occupied,2025,2024,cbs-gemeentelijke-indeling-2025,municipality,0376,GM0376,Blaricum,69.7,percent,CBS StatLine 70072NED Koopwoningen,provenance/netherlands_owner_occupied_manifest.json,country_local
netherlands,owner_occupied,2025,2024,cbs-gemeentelijke-indeling-2025,municipality,0377,GM0377,Bloemendaal,70.7,percent,CBS StatLine 70072NED Koopwoningen,provenance/netherlands_owner_occupied_manifest.json,country_local
netherlands,owner_occupied,2025,2024,cbs-gemeentelijke-indeling-2025,municipality,0383,GM0383,Castricum,74.9,percent,CBS StatLine 70072NED Koopwoningen,provenance/netherlands_owner_occupied_manifest.json,country_local
netherlands,owner_occupied,2025,2024,cbs-gemeentelijke-indeling-2025,municipality,0384,GM0384,Diemen,39.7,percent,CBS StatLine 70072NED Koopwoningen,provenance/netherlands_owner_occupied_manifest.json,country_local
netherlands,owner_occupied,2025,2024,cbs-gemeentelijke-indeling-2025,municipality,0385,GM0385,Edam-Volendam,77.1,percent,CBS StatLine 70072NED Koopwoningen,provenance/netherlands_owner_occupied_manifest.json,country_local
netherlands,owner_occupied,2025,2024,cbs-gemeentelijke-indeling-2025,municipality,0388,GM0388,Enkhuizen,61.0,percent,CBS StatLine 70072NED Koopwoningen,provenance/netherlands_owner_occupied_manifest.json,country_local
netherlands,owner_occupied,2025,2024,cbs-gemeentelijke-indeling-2025,municipality,0392,GM0392,Haarlem,52.5,percent,CBS StatLine 70072NED Koopwoningen,provenance/netherlands_owner_occupied_manifest.json,country_local
netherlands,owner_occupied,2025,2024,cbs-gemeentelijke-indeling-2025,municipality,0394,GM0394,Haarlemmermeer,66.7,percent,CBS StatLine 70072NED Koopwoningen,provenance/netherlands_owner_occupied_manifest.json,country_local
netherlands,owner_occupied,2025,2024,cbs-gemeentelijke-indeling-2025,municipality,0396,GM0396,Heemskerk,59.4,percent,CBS StatLine 70072NED Koopwoningen,provenance/netherlands_owner_occupied_manifest.json,country_local
netherlands,owner_occupied,2025,2024,cbs-gemeentelijke-indeling-2025,municipality,0397,GM0397,Heemstede,65.3,percent,CBS StatLine 70072NED Koopwoningen,provenance/netherlands_owner_occupied_manifest.json,country_local
netherlands,owner_occupied,2025,2024,cbs-gemeentelijke-indeling-2025,municipality,0399,GM0399,Heiloo,73.2,percent,CBS StatLine 70072NED Koopwoningen,provenance/netherlands_owner_occupied_manifest.json,country_local
netherlands,owner_occupied,2025,2024,cbs-gemeentelijke-indeling-2025,municipality,0400,GM0400,Den Helder,55.0,percent,CBS StatLine 70072NED Koopwoningen,provenance/netherlands_owner_occupied_manifest.json,country_local
netherlands,owner_occupied,2025,2024,cbs-gemeentelijke-indeling-2025,municipality,0402,GM0402,Hilversum,53.7,percent,CBS StatLine 70072NED Koopwoningen,provenance/netherlands_owner_occupied_manifest.json,country_local
netherlands,owner_occupied,2025,2024,cbs-gemeentelijke-indeling-2025,municipality,0405,GM0405,Hoorn,60.6,percent,CBS StatLine 70072NED Koopwoningen,provenance/netherlands_owner_occupied_manifest.json,country_local
netherlands,owner_occupied,2025,2024,cbs-gemeentelijke-indeling-2025,municipality,0406,GM0406,Huizen,58.7,percent,CBS StatLine 70072NED Koopwoningen,provenance/netherlands_owner_occupied_manifest.json,country_local
netherlands,owner_occupied,2025,2024,cbs-gemeentelijke-indeling-2025,municipality,0415,GM0415,Landsmeer,66.1,percent,CBS StatLine 70072NED Koopwoningen,provenance/netherlands_owner_occupied_manifest.json,country_local
netherlands,owner_occupied,2025,2024,cbs-gemeentelijke-indeling-2025,municipality,0417,GM0417,Laren (NH.),68.2,percent,CBS StatLine 70072NED Koopwoningen,provenance/netherlands_owner_occupied_manifest.json,country_local
netherlands,owner_occupied,2025,2024,cbs-gemeentelijke-indeling-2025,municipality,0420,GM0420,Medemblik,69.7,percent,CBS StatLine 70072NED Koopwoningen,provenance/netherlands_owner_occupied_manifest.json,country_local
netherlands,owner_occupied,2025,2024,cbs-gemeentelijke-indeling-2025,municipality,0431,GM0431,Oostzaan,67.1,percent,CBS StatLine 70072NED Koopwoningen,provenance/netherlands_owner_occupied_manifest.json,country_local
netherlands,owner_occupied,2025,2024,cbs-gemeentelijke-indeling-2025,municipality,0432,GM0432,Opmeer,75.8,percent,CBS StatLine 70072NED Koopwoningen,provenance/netherlands_owner_occupied_manifest.json,country_local
netherlands,owner_occupied,2025,2024,cbs-gemeentelijke-indeling-2025,municipality,0437,GM0437,Ouder-Amstel,55.2,percent,CBS StatLine 70072NED Koopwoningen,provenance/netherlands_owner_occupied_manifest.json,country_local
netherlands,owner_occupied,2025,2024,cbs-gemeentelijke-indeling-2025,municipality,0439,GM0439,Purmerend,59.8,percent,CBS StatLine 70072NED Koopwoningen,provenance/netherlands_owner_occupied_manifest.json,country_local
netherlands,owner_occupied,2025,2024,cbs-gemeentelijke-indeling-2025,municipality,0441,GM0441,Schagen,69.5,percent,CBS StatLine 70072NED Koopwoningen,provenance/netherlands_owner_occupied_manifest.json,country_local
netherlands,owner_occupied,2025,2024,cbs-gemeentelijke-indeling-2025,municipality,0448,GM0448,Texel,66.3,percent,CBS StatLine 70072NED Koopwoningen,provenance/netherlands_owner_occupied_manifest.json,country_local
netherlands,owner_occupied,2025,2024,cbs-gemeentelijke-indeling-2025,municipality,0450,GM0450,Uitgeest,72.8,percent,CBS StatLine 70072NED Koopwoningen,provenance/netherlands_owner_occupied_manifest.json,country_local
netherlands,owner_occupied,2025,2024,cbs-gemeentelijke-indeling-2025,municipality,0451,GM0451,Uithoorn,59.8,percent,CBS StatLine 70072NED Koopwoningen,provenance/netherlands_owner_occupied_manifest.json,country_local
netherlands,owner_occupied,2025,2024,cbs-gemeentelijke-indeling-2025,municipality,0453,GM0453,Velsen,56.5,percent,CBS StatLine 70072NED Koopwoningen,provenance/netherlands_owner_occupied_manifest.json,country_local
netherlands,owner_occupied,2025,2024,cbs-gemeentelijke-indeling-2025,municipality,0473,GM0473,Zandvoort,53.8,percent,CBS StatLine 70072NED Koopwoningen,provenance/netherlands_owner_occupied_manifest.json,country_local
netherlands,owner_occupied,2025,2024,cbs-gemeentelijke-indeling-2025,municipality,0479,GM0479,Zaanstad,54.2,percent,CBS StatLine 70072NED Koopwoningen,provenance/netherlands_owner_occupied_manifest.json,country_local
netherlands,owner_occupied,2025,2024,cbs-gemeentelijke-indeling-2025,municipality,0482,GM0482,Alblasserdam,61.8,percent,CBS StatLine 70072NED Koopwoningen,provenance/netherlands_owner_occupied_manifest.json,country_local
netherlands,owner_occupied,2025,2024,cbs-gemeentelijke-indeling-2025,municipality,0484,GM0484,Alphen aan den Rijn,63.4,percent,CBS StatLine 70072NED Koopwoningen,provenance/netherlands_owner_occupied_manifest.json,country_local
netherlands,owner_occupied,2025,2024,cbs-gemeentelijke-indeling-2025,municipality,0489,GM0489,Barendrecht,69.8,percent,CBS StatLine 70072NED Koopwoningen,provenance/netherlands_owner_occupied_manifest.json,country_local
netherlands,owner_occupied,2025,2024,cbs-gemeentelijke-indeling-2025,municipality,0498,GM0498,Drechterland,73.8,percent,CBS StatLine 70072NED Koopwoningen,provenance/netherlands_owner_occupied_manifest.json,country_local
netherlands,owner_occupied,2025,2024,cbs-gemeentelijke-indeling-2025,municipality,0502,GM0502,Capelle aan den IJssel,53.9,percent,CBS StatLine 70072NED Koopwoningen,provenance/netherlands_owner_occupied_manifest.json,country_local
netherlands,owner_occupied,2025,2024,cbs-gemeentelijke-indeling-2025,municipality,0503,GM0503,Delft,36.7,percent,CBS StatLine 70072NED Koopwoningen,provenance/netherlands_owner_occupied_manifest.json,country_local
netherlands,owner_occupied,2025,2024,cbs-gemeentelijke-indeling-2025,municipality,0505,GM0505,Dordrecht,57.8,percent,CBS StatLine 70072NED Koopwoningen,provenance/netherlands_owner_occupied_manifest.json,country_local
netherlands,owner_occupied,2025,2024,cbs-gemeentelijke-indeling-2025,municipality,0512,GM0512,Gorinchem,49.8,percent,CBS StatLine 70072NED Koopwoningen,provenance/netherlands_owner_occupied_manifest.json,country_local
netherlands,owner_occupied,2025,2024,cbs-gemeentelijke-indeling-2025,municipality,0513,GM0513,Gouda,55.7,percent,CBS StatLine 70072NED Koopwoningen,provenance/netherlands_owner_occupied_manifest.json,country_local
netherlands,owner_occupied,2025,2024,cbs-gemeentelijke-indeling-2025,municipality,0518,GM0518,'s-Gravenhage,41.8,percent,CBS StatLine 70072NED Koopwoningen,provenance/netherlands_owner_occupied_manifest.json,country_local
netherlands,owner_occupied,2025,2024,cbs-gemeentelijke-indeling-2025,municipality,0523,GM0523,Hardinxveld-Giessendam,65.8,percent,CBS StatLine 70072NED Koopwoningen,provenance/netherlands_owner_occupied_manifest.json,country_local
netherlands,owner_occupied,2025,2024,cbs-gemeentelijke-indeling-2025,municipality,0531,GM0531,Hendrik-Ido-Ambacht,72.3,percent,CBS StatLine 70072NED Koopwoningen,provenance/netherlands_owner_occupied_manifest.json,country_local
netherlands,owner_occupied,2025,2024,cbs-gemeentelijke-indeling-2025,municipality,0532,GM0532,Stede Broec,70.0,percent,CBS StatLine 70072NED Koopwoningen,provenance/netherlands_owner_occupied_manifest.json,country_local
netherlands,owner_occupied,2025,2024,cbs-gemeentelijke-indeling-2025,municipality,0534,GM0534,Hillegom,67.0,percent,CBS StatLine 70072NED Koopwoningen,provenance/netherlands_owner_occupied_manifest.json,country_local
netherlands,owner_occupied,2025,2024,cbs-gemeentelijke-indeling-2025,municipality,0537,GM0537,Katwijk,65.0,percent,CBS StatLine 70072NED Koopwoningen,provenance/netherlands_owner_occupied_manifest.json,country_local
netherlands,owner_occupied,2025,2024,cbs-gemeentelijke-indeling-2025,municipality,0542,GM0542,Krimpen aan den IJssel,59.8,percent,CBS StatLine 70072NED Koopwoningen,provenance/netherlands_owner_occupied_manifest.json,country_local
netherlands,owner_occupied,2025,2024,cbs-gemeentelijke-indeling-2025,municipality,0546,GM0546,Leiden,40.6,percent,CBS StatLine 70072NED Koopwoningen,provenance/netherlands_owner_occupied_manifest.json,country_local
netherlands,owner_occupied,2025,2024,cbs-gemeentelijke-indeling-2025,municipality,0547,GM0547,Leiderdorp,64.2,percent,CBS StatLine 70072NED Koopwoningen,provenance/netherlands_owner_occupied_manifest.json,country_local
netherlands,owner_occupied,2025,2024,cbs-gemeentelijke-indeling-2025,municipality,0553,GM0553,Lisse,64.3,percent,CBS StatLine 70072NED Koopwoningen,provenance/netherlands_owner_occupied_manifest.json,country_local
netherlands,owner_occupied,2025,2024,cbs-gemeentelijke-indeling-2025,municipality,0556,GM0556,Maassluis,54.8,percent,CBS StatLine 70072NED Koopwoningen,provenance/netherlands_owner_occupied_manifest.json,country_local
netherlands,owner_occupied,2025,2024,cbs-gemeentelijke-indeling-2025,municipality,0569,GM0569,Nieuwkoop,72.5,percent,CBS StatLine 70072NED Koopwoningen,provenance/netherlands_owner_occupied_manifest.json,country_local
netherlands,owner_occupied,2025,2024,cbs-gemeentelijke-indeling-2025,municipality,0575,GM0575,Noordwijk,63.1,percent,CBS StatLine 70072NED Koopwoningen,provenance/netherlands_owner_occupied_manifest.json,country_local
netherlands,owner_occupied,2025,2024,cbs-gemeentelijke-indeling-2025,municipality,0579,GM0579,Oegstgeest,72.1,percent,CBS StatLine 70072NED Koopwoningen,provenance/netherlands_owner_occupied_manifest.json,country_local
netherlands,owner_occupied,2025,2024,cbs-gemeentelijke-indeling-2025,municipality,0589,GM0589,Oudewater,69.0,percent,CBS StatLine 70072NED Koopwoningen,provenance/netherlands_owner_occupied_manifest.json,country_local
netherlands,owner_occupied,2025,2024,cbs-gemeentelijke-indeling-2025,municipality,0590,GM0590,Papendrecht,65.5,percent,CBS StatLine 70072NED Koopwoningen,provenance/netherlands_owner_occupied_manifest.json,country_local
netherlands,owner_occupied,2025,2024,cbs-gemeentelijke-indeling-2025,municipality,0597,GM0597,Ridderkerk,57.3,percent,CBS StatLine 70072NED Koopwoningen,provenance/netherlands_owner_occupied_manifest.json,country_local
netherlands,owner_occupied,2025,2024,cbs-gemeentelijke-indeling-2025,municipality,0599,GM0599,Rotterdam,34.5,percent,CBS StatLine 70072NED Koopwoningen,provenance/netherlands_owner_occupied_manifest.json,country_local
netherlands,owner_occupied,2025,2024,cbs-gemeentelijke-indeling-2025,municipality,0603,GM0603,Rijswijk (ZH.),49.0,percent,CBS StatLine 70072NED Koopwoningen,provenance/netherlands_owner_occupied_manifest.json,country_local
netherlands,owner_occupied,2025,2024,cbs-gemeentelijke-indeling-2025,municipality,0606,GM0606,Schiedam,49.0,percent,CBS StatLine 70072NED Koopwoningen,provenance/netherlands_owner_occupied_manifest.json,country_local
netherlands,owner_occupied,2025,2024,cbs-gemeentelijke-indeling-2025,municipality,0610,GM0610,Sliedrecht,58.0,percent,CBS StatLine 70072NED Koopwoningen,provenance/netherlands_owner_occupied_manifest.json,country_local
netherlands,owner_occupied,2025,2024,cbs-gemeentelijke-indeling-2025,municipality,0613,GM0613,Albrandswaard,69.9,percent,CBS StatLine 70072NED Koopwoningen,provenance/netherlands_owner_occupied_manifest.json,country_local
netherlands,owner_occupied,2025,2024,cbs-gemeentelijke-indeling-2025,municipality,0622,GM0622,Vlaardingen,46.6,percent,CBS StatLine 70072NED Koopwoningen,provenance/netherlands_owner_occupied_manifest.json,country_local
netherlands,owner_occupied,2025,2024,cbs-gemeentelijke-indeling-2025,municipality,0626,GM0626,Voorschoten,63.8,percent,CBS StatLine 70072NED Koopwoningen,provenance/netherlands_owner_occupied_manifest.json,country_local
netherlands,owner_occupied,2025,2024,cbs-gemeentelijke-indeling-2025,municipality,0627,GM0627,Waddinxveen,65.8,percent,CBS StatLine 70072NED Koopwoningen,provenance/netherlands_owner_occupied_manifest.json,country_local
netherlands,owner_occupied,2025,2024,cbs-gemeentelijke-indeling-2025,municipality,0629,GM0629,Wassenaar,57.4,percent,CBS StatLine 70072NED Koopwoningen,provenance/netherlands_owner_occupied_manifest.json,country_local
netherlands,owner_occupied,2025,2024,cbs-gemeentelijke-indeling-2025,municipality,0632,GM0632,Woerden,65.8,percent,CBS StatLine 70072NED Koopwoningen,provenance/netherlands_owner_occupied_manifest.json,country_local
netherlands,owner_occupied,2025,2024,cbs-gemeentelijke-indeling-2025,municipality,0637,GM0637,Zoetermeer,55.2,percent,CBS StatLine 70072NED Koopwoningen,provenance/netherlands_owner_occupied_manifest.json,country_local
netherlands,owner_occupied,2025,2024,cbs-gemeentelijke-indeling-2025,municipality,0638,GM0638,Zoeterwoude,68.9,percent,CBS StatLine 70072NED Koopwoningen,provenance/netherlands_owner_occupied_manifest.json,country_local
netherlands,owner_occupied,2025,2024,cbs-gemeentelijke-indeling-2025,municipality,0642,GM0642,Zwijndrecht,56.8,percent,CBS StatLine 70072NED Koopwoningen,provenance/netherlands_owner_occupied_manifest.json,country_local
netherlands,owner_occupied,2025,2024,cbs-gemeentelijke-indeling-2025,municipality,0654,GM0654,Borsele,74.8,percent,CBS StatLine 70072NED Koopwoningen,provenance/netherlands_owner_occupied_manifest.json,country_local
netherlands,owner_occupied,2025,2024,cbs-gemeentelijke-indeling-2025,municipality,0664,GM0664,Goes,60.4,percent,CBS StatLine 70072NED Koopwoningen,provenance/netherlands_owner_occupied_manifest.json,country_local
netherlands,owner_occupied,2025,2024,cbs-gemeentelijke-indeling-2025,municipality,0668,GM0668,West Maas en Waal,71.9,percent,CBS StatLine 70072NED Koopwoningen,provenance/netherlands_owner_occupied_manifest.json,country_local
netherlands,owner_occupied,2025,2024,cbs-gemeentelijke-indeling-2025,municipality,0677,GM0677,Hulst,74.0,percent,CBS StatLine 70072NED Koopwoningen,provenance/netherlands_owner_occupied_manifest.json,country_local
netherlands,owner_occupied,2025,2024,cbs-gemeentelijke-indeling-2025,municipality,0678,GM0678,Kapelle,76.8,percent,CBS StatLine 70072NED Koopwoningen,provenance/netherlands_owner_occupied_manifest.json,country_local
netherlands,owner_occupied,2025,2024,cbs-gemeentelijke-indeling-2025,municipality,0687,GM0687,Middelburg (Z.),60.3,percent,CBS StatLine 70072NED Koopwoningen,provenance/netherlands_owner_occupied_manifest.json,country_local
netherlands,owner_occupied,2025,2024,cbs-gemeentelijke-indeling-2025,municipality,0703,GM0703,Reimerswaal,70.6,percent,CBS StatLine 70072NED Koopwoningen,provenance/netherlands_owner_occupied_manifest.json,country_local
netherlands,owner_occupied,2025,2024,cbs-gemeentelijke-indeling-2025,municipality,0715,GM0715,Terneuzen,68.1,percent,CBS StatLine 70072NED Koopwoningen,provenance/netherlands_owner_occupied_manifest.json,country_local
netherlands,owner_occupied,2025,2024,cbs-gemeentelijke-indeling-2025,municipality,0716,GM0716,Tholen,72.1,percent,CBS StatLine 70072NED Koopwoningen,provenance/netherlands_owner_occupied_manifest.json,country_local
netherlands,owner_occupied,2025,2024,cbs-gemeentelijke-indeling-2025,municipality,0717,GM0717,Veere,78.7,percent,CBS StatLine 70072NED Koopwoningen,provenance/netherlands_owner_occupied_manifest.json,country_local
netherlands,owner_occupied,2025,2024,cbs-gemeentelijke-indeling-2025,municipality,0718,GM0718,Vlissingen,56.6,percent,CBS StatLine 70072NED Koopwoningen,provenance/netherlands_owner_occupied_manifest.json,country_local
netherlands,owner_occupied,2025,2024,cbs-gemeentelijke-indeling-2025,municipality,0736,GM0736,De Ronde Venen,66.4,percent,CBS StatLine 70072NED Koopwoningen,provenance/netherlands_owner_occupied_manifest.json,country_local
netherlands,owner_occupied,2025,2024,cbs-gemeentelijke-indeling-2025,municipality,0737,GM0737,Tytsjerksteradiel,72.0,percent,CBS StatLine 70072NED Koopwoningen,provenance/netherlands_owner_occupied_manifest.json,country_local
netherlands,owner_occupied,2025,2024,cbs-gemeentelijke-indeling-2025,municipality,0743,GM0743,Asten,70.9,percent,CBS StatLine 70072NED Koopwoningen,provenance/netherlands_owner_occupied_manifest.json,country_local
netherlands,owner_occupied,2025,2024,cbs-gemeentelijke-indeling-2025,municipality,0744,GM0744,Baarle-Nassau,69.6,percent,CBS StatLine 70072NED Koopwoningen,provenance/netherlands_owner_occupied_manifest.json,country_local
netherlands,owner_occupied,2025,2024,cbs-gemeentelijke-indeling-2025,municipality,0748,GM0748,Bergen op Zoom,58.9,percent,CBS StatLine 70072NED Koopwoningen,provenance/netherlands_owner_occupied_manifest.json,country_local
netherlands,owner_occupied,2025,2024,cbs-gemeentelijke-indeling-2025,municipality,0753,GM0753,Best,70.9,percent,CBS StatLine 70072NED Koopwoningen,provenance/netherlands_owner_occupied_manifest.json,country_local
netherlands,owner_occupied,2025,2024,cbs-gemeentelijke-indeling-2025,municipality,0755,GM0755,Boekel,73.9,percent,CBS StatLine 70072NED Koopwoningen,provenance/netherlands_owner_occupied_manifest.json,country_local
netherlands,owner_occupied,2025,2024,cbs-gemeentelijke-indeling-2025,municipality,0757,GM0757,Boxtel,62.5,percent,CBS StatLine 70072NED Koopwoningen,provenance/netherlands_owner_occupied_manifest.json,country_local
netherlands,owner_occupied,2025,2024,cbs-gemeentelijke-indeling-2025,municipality,0758,GM0758,Breda,54.8,percent,CBS StatLine 70072NED Koopwoningen,provenance/netherlands_owner_occupied_manifest.json,country_local
netherlands,owner_occupied,2025,2024,cbs-gemeentelijke-indeling-2025,municipality,0762,GM0762,Deurne,66.3,percent,CBS StatLine 70072NED Koopwoningen,provenance/netherlands_owner_occupied_manifest.json,country_local
netherlands,owner_occupied,2025,2024,cbs-gemeentelijke-indeling-2025,municipality,0765,GM0765,Pekela,64.2,percent,CBS StatLine 70072NED Koopwoningen,provenance/netherlands_owner_occupied_manifest.json,country_local
netherlands,owner_occupied,2025,2024,cbs-gemeentelijke-indeling-2025,municipality,0766,GM0766,Dongen,70.5,percent,CBS StatLine 70072NED Koopwoningen,provenance/netherlands_owner_occupied_manifest.json,country_local
netherlands,owner_occupied,2025,2024,cbs-gemeentelijke-indeling-2025,municipality,0770,GM0770,Eersel,73.8,percent,CBS StatLine 70072NED Koopwoningen,provenance/netherlands_owner_occupied_manifest.json,country_local
netherlands,owner_occupied,2025,2024,cbs-gemeentelijke-indeling-2025,municipality,0772,GM0772,Eindhoven,43.8,percent,CBS StatLine 70072NED Koopwoningen,provenance/netherlands_owner_occupied_manifest.json,country_local
netherlands,owner_occupied,2025,2024,cbs-gemeentelijke-indeling-2025,municipality,0777,GM0777,Etten-Leur,63.7,percent,CBS StatLine 70072NED Koopwoningen,provenance/netherlands_owner_occupied_manifest.json,country_local
netherlands,owner_occupied,2025,2024,cbs-gemeentelijke-indeling-2025,municipality,0779,GM0779,Geertruidenberg,62.1,percent,CBS StatLine 70072NED Koopwoningen,provenance/netherlands_owner_occupied_manifest.json,country_local
netherlands,owner_occupied,2025,2024,cbs-gemeentelijke-indeling-2025,municipality,0784,GM0784,Gilze en Rijen,64.4,percent,CBS StatLine 70072NED Koopwoningen,provenance/netherlands_owner_occupied_manifest.json,country_local
netherlands,owner_occupied,2025,2024,cbs-gemeentelijke-indeling-2025,municipality,0785,GM0785,Goirle,71.3,percent,CBS StatLine 70072NED Koopwoningen,provenance/netherlands_owner_occupied_manifest.json,country_local
netherlands,owner_occupied,2025,2024,cbs-gemeentelijke-indeling-2025,municipality,0794,GM0794,Helmond,53.6,percent,CBS StatLine 70072NED Koopwoningen,provenance/netherlands_owner_occupied_manifest.json,country_local
netherlands,owner_occupied,2025,2024,cbs-gemeentelijke-indeling-2025,municipality,0796,GM0796,'s-Hertogenbosch,52.1,percent,CBS StatLine 70072NED Koopwoningen,provenance/netherlands_owner_occupied_manifest.json,country_local
netherlands,owner_occupied,2025,2024,cbs-gemeentelijke-indeling-2025,municipality,0797,GM0797,Heusden,67.9,percent,CBS StatLine 70072NED Koopwoningen,provenance/netherlands_owner_occupied_manifest.json,country_local
netherlands,owner_occupied,2025,2024,cbs-gemeentelijke-indeling-2025,municipality,0798,GM0798,Hilvarenbeek,75.2,percent,CBS StatLine 70072NED Koopwoningen,provenance/netherlands_owner_occupied_manifest.json,country_local
netherlands,owner_occupied,2025,2024,cbs-gemeentelijke-indeling-2025,municipality,0809,GM0809,Loon op Zand,65.4,percent,CBS StatLine 70072NED Koopwoningen,provenance/netherlands_owner_occupied_manifest.json,country_local
netherlands,owner_occupied,2025,2024,cbs-gemeentelijke-indeling-2025,municipality,0820,GM0820,"Nuenen, Gerwen en Nederwetten",75.7,percent,CBS StatLine 70072NED Koopwoningen,provenance/netherlands_owner_occupied_manifest.json,country_local
netherlands,owner_occupied,2025,2024,cbs-gemeentelijke-indeling-2025,municipality,0823,GM0823,Oirschot,75.5,percent,CBS StatLine 70072NED Koopwoningen,provenance/netherlands_owner_occupied_manifest.json,country_local
netherlands,owner_occupied,2025,2024,cbs-gemeentelijke-indeling-2025,municipality,0824,GM0824,Oisterwijk,68.5,percent,CBS StatLine 70072NED Koopwoningen,provenance/netherlands_owner_occupied_manifest.json,country_local
netherlands,owner_occupied,2025,2024,cbs-gemeentelijke-indeling-2025,municipality,0826,GM0826,Oosterhout,60.9,percent,CBS StatLine 70072NED Koopwoningen,provenance/netherlands_owner_occupied_manifest.json,country_local
netherlands,owner_occupied,2025,2024,cbs-gemeentelijke-indeling-2025,municipality,0828,GM0828,Oss,62.7,percent,CBS StatLine 70072NED Koopwoningen,provenance/netherlands_owner_occupied_manifest.json,country_local
netherlands,owner_occupied,2025,2024,cbs-gemeentelijke-indeling-2025,municipality,0840,GM0840,Rucphen,66.9,percent,CBS StatLine 70072NED Koopwoningen,provenance/netherlands_owner_occupied_manifest.json,country_local
netherlands,owner_occupied,2025,2024,cbs-gemeentelijke-indeling-2025,municipality,0845,GM0845,Sint-Michielsgestel,74.7,percent,CBS StatLine 70072NED Koopwoningen,provenance/netherlands_owner_occupied_manifest.json,country_local
netherlands,owner_occupied,2025,2024,cbs-gemeentelijke-indeling-2025,municipality,0847,GM0847,Someren,72.4,percent,CBS StatLine 70072NED Koopwoningen,provenance/netherlands_owner_occupied_manifest.json,country_local
netherlands,owner_occupied,2025,2024,cbs-gemeentelijke-indeling-2025,municipality,0848,GM0848,Son en Breugel,74.7,percent,CBS StatLine 70072NED Koopwoningen,provenance/netherlands_owner_occupied_manifest.json,country_local
netherlands,owner_occupied,2025,2024,cbs-gemeentelijke-indeling-2025,municipality,0851,GM0851,Steenbergen,70.2,percent,CBS StatLine 70072NED Koopwoningen,provenance/netherlands_owner_occupied_manifest.json,country_local
netherlands,owner_occupied,2025,2024,cbs-gemeentelijke-indeling-2025,municipality,0852,GM0852,Waterland,69.7,percent,CBS StatLine 70072NED Koopwoningen,provenance/netherlands_owner_occupied_manifest.json,country_local
netherlands,owner_occupied,2025,2024,cbs-gemeentelijke-indeling-2025,municipality,0855,GM0855,Tilburg,49.7,percent,CBS StatLine 70072NED Koopwoningen,provenance/netherlands_owner_occupied_manifest.json,country_local
netherlands,owner_occupied,2025,2024,cbs-gemeentelijke-indeling-2025,municipality,0858,GM0858,Valkenswaard,60.2,percent,CBS StatLine 70072NED Koopwoningen,provenance/netherlands_owner_occupied_manifest.json,country_local
netherlands,owner_occupied,2025,2024,cbs-gemeentelijke-indeling-2025,municipality,0861,GM0861,Veldhoven,67.0,percent,CBS StatLine 70072NED Koopwoningen,provenance/netherlands_owner_occupied_manifest.json,country_local
netherlands,owner_occupied,2025,2024,cbs-gemeentelijke-indeling-2025,municipality,0865,GM0865,Vught,64.6,percent,CBS StatLine 70072NED Koopwoningen,provenance/netherlands_owner_occupied_manifest.json,country_local
netherlands,owner_occupied,2025,2024,cbs-gemeentelijke-indeling-2025,municipality,0866,GM0866,Waalre,74.1,percent,CBS StatLine 70072NED Koopwoningen,provenance/netherlands_owner_occupied_manifest.json,country_local
netherlands,owner_occupied,2025,2024,cbs-gemeentelijke-indeling-2025,municipality,0867,GM0867,Waalwijk,60.6,percent,CBS StatLine 70072NED Koopwoningen,provenance/netherlands_owner_occupied_manifest.json,country_local
netherlands,owner_occupied,2025,2024,cbs-gemeentelijke-indeling-2025,municipality,0873,GM0873,Woensdrecht,72.7,percent,CBS StatLine 70072NED Koopwoningen,provenance/netherlands_owner_occupied_manifest.json,country_local
netherlands,owner_occupied,2025,2024,cbs-gemeentelijke-indeling-2025,municipality,0879,GM0879,Zundert,74.8,percent,CBS StatLine 70072NED Koopwoningen,provenance/netherlands_owner_occupied_manifest.json,country_local
netherlands,owner_occupied,2025,2024,cbs-gemeentelijke-indeling-2025,municipality,0880,GM0880,Wormerland,63.5,percent,CBS StatLine 70072NED Koopwoningen,provenance/netherlands_owner_occupied_manifest.json,country_local
netherlands,owner_occupied,2025,2024,cbs-gemeentelijke-indeling-2025,municipality,0882,GM0882,Landgraaf,63.1,percent,CBS StatLine 70072NED Koopwoningen,provenance/netherlands_owner_occupied_manifest.json,country_local
netherlands,owner_occupied,2025,2024,cbs-gemeentelijke-indeling-2025,municipality,0888,GM0888,Beek (L.),69.9,percent,CBS StatLine 70072NED Koopwoningen,provenance/netherlands_owner_occupied_manifest.json,country_local
netherlands,owner_occupied,2025,2024,cbs-gemeentelijke-indeling-2025,municipality,0889,GM0889,Beesel,67.3,percent,CBS StatLine 70072NED Koopwoningen,provenance/netherlands_owner_occupied_manifest.json,country_local
netherlands,owner_occupied,2025,2024,cbs-gemeentelijke-indeling-2025,municipality,0893,GM0893,Bergen (L.),71.3,percent,CBS StatLine 70072NED Koopwoningen,provenance/netherlands_owner_occupied_manifest.json,country_local
netherlands,owner_occupied,2025,2024,cbs-gemeentelijke-indeling-2025,municipality,0899,GM0899,Brunssum,61.4,percent,CBS StatLine 70072NED Koopwoningen,provenance/netherlands_owner_occupied_manifest.json,country_local
netherlands,owner_occupied,2025,2024,cbs-gemeentelijke-indeling-2025,municipality,0907,GM0907,Gennep,66.1,percent,CBS StatLine 70072NED Koopwoningen,provenance/netherlands_owner_occupied_manifest.json,country_local
netherlands,owner_occupied,2025,2024,cbs-gemeentelijke-indeling-2025,municipality,0917,GM0917,Heerlen,46.6,percent,CBS StatLine 70072NED Koopwoningen,provenance/netherlands_owner_occupied_manifest.json,country_local
netherlands,owner_occupied,2025,2024,cbs-gemeentelijke-indeling-2025,municipality,0928,GM0928,Kerkrade,52.9,percent,CBS StatLine 70072NED Koopwoningen,provenance/netherlands_owner_occupied_manifest.json,country_local
netherlands,owner_occupied,2025,2024,cbs-gemeentelijke-indeling-2025,municipality,0935,GM0935,Maastricht,38.0,percent,CBS StatLine 70072NED Koopwoningen,provenance/netherlands_owner_occupied_manifest.json,country_local
netherlands,owner_occupied,2025,2024,cbs-gemeentelijke-indeling-2025,municipality,0938,GM0938,Meerssen,72.4,percent,CBS StatLine 70072NED Koopwoningen,provenance/netherlands_owner_occupied_manifest.json,country_local
netherlands,owner_occupied,2025,2024,cbs-gemeentelijke-indeling-2025,municipality,0944,GM0944,Mook en Middelaar,74.2,percent,CBS StatLine 70072NED Koopwoningen,provenance/netherlands_owner_occupied_manifest.json,country_local
netherlands,owner_occupied,2025,2024,cbs-gemeentelijke-indeling-2025,municipality,0946,GM0946,Nederweert,70.9,percent,CBS StatLine 70072NED Koopwoningen,provenance/netherlands_owner_occupied_manifest.json,country_local
netherlands,owner_occupied,2025,2024,cbs-gemeentelijke-indeling-2025,municipality,0957,GM0957,Roermond,54.3,percent,CBS StatLine 70072NED Koopwoningen,provenance/netherlands_owner_occupied_manifest.json,country_local
netherlands,owner_occupied,2025,2024,cbs-gemeentelijke-indeling-2025,municipality,0965,GM0965,Simpelveld,63.8,percent,CBS StatLine 70072NED Koopwoningen,provenance/netherlands_owner_occupied_manifest.json,country_local
netherlands,owner_occupied,2025,2024,cbs-gemeentelijke-indeling-2025,municipality,0971,GM0971,Stein (L.),71.8,percent,CBS StatLine 70072NED Koopwoningen,provenance/netherlands_owner_occupied_manifest.json,country_local
netherlands,owner_occupied,2025,2024,cbs-gemeentelijke-indeling-2025,municipality,0981,GM0981,Vaals,44.1,percent,CBS StatLine 70072NED Koopwoningen,provenance/netherlands_owner_occupied_manifest.json,country_local
netherlands,owner_occupied,2025,2024,cbs-gemeentelijke-indeling-2025,municipality,0983,GM0983,Venlo,58.4,percent,CBS StatLine 70072NED Koopwoningen,provenance/netherlands_owner_occupied_manifest.json,country_local
netherlands,owner_occupied,2025,2024,cbs-gemeentelijke-indeling-2025,municipality,0984,GM0984,Venray,64.2,percent,CBS StatLine 70072NED Koopwoningen,provenance/netherlands_owner_occupied_manifest.json,country_local
netherlands,owner_occupied,2025,2024,cbs-gemeentelijke-indeling-2025,municipality,0986,GM0986,Voerendaal,70.2,percent,CBS StatLine 70072NED Koopwoningen,provenance/netherlands_owner_occupied_manifest.json,country_local
netherlands,owner_occupied,2025,2024,cbs-gemeentelijke-indeling-2025,municipality,0988,GM0988,Weert,65.7,percent,CBS StatLine 70072NED Koopwoningen,provenance/netherlands_owner_occupied_manifest.json,country_local
netherlands,owner_occupied,2025,2024,cbs-gemeentelijke-indeling-2025,municipality,0994,GM0994,Valkenburg aan de Geul,60.1,percent,CBS StatLine 70072NED Koopwoningen,provenance/netherlands_owner_occupied_manifest.json,country_local
netherlands,owner_occupied,2025,2024,cbs-gemeentelijke-indeling-2025,municipality,0995,GM0995,Lelystad,62.0,percent,CBS StatLine 70072NED Koopwoningen,provenance/netherlands_owner_occupied_manifest.json,country_local
netherlands,owner_occupied,2025,2024,cbs-gemeentelijke-indeling-2025,municipality,1507,GM1507,Horst aan de Maas,75.3,percent,CBS StatLine 70072NED Koopwoningen,provenance/netherlands_owner_occupied_manifest.json,country_local
netherlands,owner_occupied,2025,2024,cbs-gemeentelijke-indeling-2025,municipality,1509,GM1509,Oude IJsselstreek,66.2,percent,CBS StatLine 70072NED Koopwoningen,provenance/netherlands_owner_occupied_manifest.json,country_local
netherlands,owner_occupied,2025,2024,cbs-gemeentelijke-indeling-2025,municipality,1525,GM1525,Teylingen,65.5,percent,CBS StatLine 70072NED Koopwoningen,provenance/netherlands_owner_occupied_manifest.json,country_local
netherlands,owner_occupied,2025,2024,cbs-gemeentelijke-indeling-2025,municipality,1581,GM1581,Utrechtse Heuvelrug,64.2,percent,CBS StatLine 70072NED Koopwoningen,provenance/netherlands_owner_occupied_manifest.json,country_local
netherlands,owner_occupied,2025,2024,cbs-gemeentelijke-indeling-2025,municipality,1586,GM1586,Oost Gelre,74.4,percent,CBS StatLine 70072NED Koopwoningen,provenance/netherlands_owner_occupied_manifest.json,country_local
netherlands,owner_occupied,2025,2024,cbs-gemeentelijke-indeling-2025,municipality,1598,GM1598,Koggenland,78.7,percent,CBS StatLine 70072NED Koopwoningen,provenance/netherlands_owner_occupied_manifest.json,country_local
netherlands,owner_occupied,2025,2024,cbs-gemeentelijke-indeling-2025,municipality,1621,GM1621,Lansingerland,73.0,percent,CBS StatLine 70072NED Koopwoningen,provenance/netherlands_owner_occupied_manifest.json,country_local
netherlands,owner_occupied,2025,2024,cbs-gemeentelijke-indeling-2025,municipality,1640,GM1640,Leudal,77.4,percent,CBS StatLine 70072NED Koopwoningen,provenance/netherlands_owner_occupied_manifest.json,country_local
netherlands,owner_occupied,2025,2024,cbs-gemeentelijke-indeling-2025,municipality,1641,GM1641,Maasgouw,74.3,percent,CBS StatLine 70072NED Koopwoningen,provenance/netherlands_owner_occupied_manifest.json,country_local
netherlands,owner_occupied,2025,2024,cbs-gemeentelijke-indeling-2025,municipality,1652,GM1652,Gemert-Bakel,68.6,percent,CBS StatLine 70072NED Koopwoningen,provenance/netherlands_owner_occupied_manifest.json,country_local
netherlands,owner_occupied,2025,2024,cbs-gemeentelijke-indeling-2025,municipality,1655,GM1655,Halderberge,65.4,percent,CBS StatLine 70072NED Koopwoningen,provenance/netherlands_owner_occupied_manifest.json,country_local
netherlands,owner_occupied,2025,2024,cbs-gemeentelijke-indeling-2025,municipality,1658,GM1658,Heeze-Leende,77.5,percent,CBS StatLine 70072NED Koopwoningen,provenance/netherlands_owner_occupied_manifest.json,country_local
netherlands,owner_occupied,2025,2024,cbs-gemeentelijke-indeling-2025,municipality,1659,GM1659,Laarbeek,69.6,percent,CBS StatLine 70072NED Koopwoningen,provenance/netherlands_owner_occupied_manifest.json,country_local
netherlands,owner_occupied,2025,2024,cbs-gemeentelijke-indeling-2025,municipality,1667,GM1667,Reusel-De Mierden,76.6,percent,CBS StatLine 70072NED Koopwoningen,provenance/netherlands_owner_occupied_manifest.json,country_local
netherlands,owner_occupied,2025,2024,cbs-gemeentelijke-indeling-2025,municipality,1669,GM1669,Roerdalen,74.5,percent,CBS StatLine 70072NED Koopwoningen,provenance/netherlands_owner_occupied_manifest.json,country_local
netherlands,owner_occupied,2025,2024,cbs-gemeentelijke-indeling-2025,municipality,1674,GM1674,Roosendaal,61.7,percent,CBS StatLine 70072NED Koopwoningen,provenance/netherlands_owner_occupied_manifest.json,country_local
netherlands,owner_occupied,2025,2024,cbs-gemeentelijke-indeling-2025,municipality,1676,GM1676,Schouwen-Duiveland,68.0,percent,CBS StatLine 70072NED Koopwoningen,provenance/netherlands_owner_occupied_manifest.json,country_local
netherlands,owner_occupied,2025,2024,cbs-gemeentelijke-indeling-2025,municipality,1680,GM1680,Aa en Hunze,75.3,percent,CBS StatLine 70072NED Koopwoningen,provenance/netherlands_owner_occupied_manifest.json,country_local
netherlands,owner_occupied,2025,2024,cbs-gemeentelijke-indeling-2025,municipality,1681,GM1681,Borger-Odoorn,73.9,percent,CBS StatLine 70072NED Koopwoningen,provenance/netherlands_owner_occupied_manifest.json,country_local
netherlands,owner_occupied,2025,2024,cbs-gemeentelijke-indeling-2025,municipality,1690,GM1690,De Wolden,74.8,percent,CBS StatLine 70072NED Koopwoningen,provenance/netherlands_owner_occupied_manifest.json,country_local
netherlands,owner_occupied,2025,2024,cbs-gemeentelijke-indeling-2025,municipality,1695,GM1695,Noord-Beveland,73.0,percent,CBS StatLine 70072NED Koopwoningen,provenance/netherlands_owner_occupied_manifest.json,country_local
netherlands,owner_occupied,2025,2024,cbs-gemeentelijke-indeling-2025,municipality,1696,GM1696,Wijdemeren,69.9,percent,CBS StatLine 70072NED Koopwoningen,provenance/netherlands_owner_occupied_manifest.json,country_local
netherlands,owner_occupied,2025,2024,cbs-gemeentelijke-indeling-2025,municipality,1699,GM1699,Noordenveld,71.2,percent,CBS StatLine 70072NED Koopwoningen,provenance/netherlands_owner_occupied_manifest.json,country_local
netherlands,owner_occupied,2025,2024,cbs-gemeentelijke-indeling-2025,municipality,1700,GM1700,Twenterand,66.8,percent,CBS StatLine 70072NED Koopwoningen,provenance/netherlands_owner_occupied_manifest.json,country_local
netherlands,owner_occupied,2025,2024,cbs-gemeentelijke-indeling-2025,municipality,1701,GM1701,Westerveld,75.3,percent,CBS StatLine 70072NED Koopwoningen,provenance/netherlands_owner_occupied_manifest.json,country_local
netherlands,owner_occupied,2025,2024,cbs-gemeentelijke-indeling-2025,municipality,1705,GM1705,Lingewaard,72.9,percent,CBS StatLine 70072NED Koopwoningen,provenance/netherlands_owner_occupied_manifest.json,country_local
netherlands,owner_occupied,2025,2024,cbs-gemeentelijke-indeling-2025,municipality,1706,GM1706,Cranendonck,73.1,percent,CBS StatLine 70072NED Koopwoningen,provenance/netherlands_owner_occupied_manifest.json,country_local
netherlands,owner_occupied,2025,2024,cbs-gemeentelijke-indeling-2025,municipality,1708,GM1708,Steenwijkerland,66.2,percent,CBS StatLine 70072NED Koopwoningen,provenance/netherlands_owner_occupied_manifest.json,country_local
netherlands,owner_occupied,2025,2024,cbs-gemeentelijke-indeling-2025,municipality,1709,GM1709,Moerdijk,66.5,percent,CBS StatLine 70072NED Koopwoningen,provenance/netherlands_owner_occupied_manifest.json,country_local
netherlands,owner_occupied,2025,2024,cbs-gemeentelijke-indeling-2025,municipality,1711,GM1711,Echt-Susteren,70.4,percent,CBS StatLine 70072NED Koopwoningen,provenance/netherlands_owner_occupied_manifest.json,country_local
netherlands,owner_occupied,2025,2024,cbs-gemeentelijke-indeling-2025,municipality,1714,GM1714,Sluis,67.2,percent,CBS StatLine 70072NED Koopwoningen,provenance/netherlands_owner_occupied_manifest.json,country_local
netherlands,owner_occupied,2025,2024,cbs-gemeentelijke-indeling-2025,municipality,1719,GM1719,Drimmelen,71.9,percent,CBS StatLine 70072NED Koopwoningen,provenance/netherlands_owner_occupied_manifest.json,country_local
netherlands,owner_occupied,2025,2024,cbs-gemeentelijke-indeling-2025,municipality,1721,GM1721,Bernheze,70.9,percent,CBS StatLine 70072NED Koopwoningen,provenance/netherlands_owner_occupied_manifest.json,country_local
netherlands,owner_occupied,2025,2024,cbs-gemeentelijke-indeling-2025,municipality,1723,GM1723,Alphen-Chaam,75.4,percent,CBS StatLine 70072NED Koopwoningen,provenance/netherlands_owner_occupied_manifest.json,country_local
netherlands,owner_occupied,2025,2024,cbs-gemeentelijke-indeling-2025,municipality,1724,GM1724,Bergeijk,78.1,percent,CBS StatLine 70072NED Koopwoningen,provenance/netherlands_owner_occupied_manifest.json,country_local
netherlands,owner_occupied,2025,2024,cbs-gemeentelijke-indeling-2025,municipality,1728,GM1728,Bladel,74.1,percent,CBS StatLine 70072NED Koopwoningen,provenance/netherlands_owner_occupied_manifest.json,country_local
netherlands,owner_occupied,2025,2024,cbs-gemeentelijke-indeling-2025,municipality,1729,GM1729,Gulpen-Wittem,66.9,percent,CBS StatLine 70072NED Koopwoningen,provenance/netherlands_owner_occupied_manifest.json,country_local
netherlands,owner_occupied,2025,2024,cbs-gemeentelijke-indeling-2025,municipality,1730,GM1730,Tynaarlo,76.9,percent,CBS StatLine 70072NED Koopwoningen,provenance/netherlands_owner_occupied_manifest.json,country_local
netherlands,owner_occupied,2025,2024,cbs-gemeentelijke-indeling-2025,municipality,1731,GM1731,Midden-Drenthe,71.0,percent,CBS StatLine 70072NED Koopwoningen,provenance/netherlands_owner_occupied_manifest.json,country_local
netherlands,owner_occupied,2025,2024,cbs-gemeentelijke-indeling-2025,municipality,1734,GM1734,Overbetuwe,68.3,percent,CBS StatLine 70072NED Koopwoningen,provenance/netherlands_owner_occupied_manifest.json,country_local
netherlands,owner_occupied,2025,2024,cbs-gemeentelijke-indeling-2025,municipality,1735,GM1735,Hof van Twente,68.7,percent,CBS StatLine 70072NED Koopwoningen,provenance/netherlands_owner_occupied_manifest.json,country_local
netherlands,owner_occupied,2025,2024,cbs-gemeentelijke-indeling-2025,municipality,1740,GM1740,Neder-Betuwe,66.2,percent,CBS StatLine 70072NED Koopwoningen,provenance/netherlands_owner_occupied_manifest.json,country_local
netherlands,owner_occupied,2025,2024,cbs-gemeentelijke-indeling-2025,municipality,1742,GM1742,Rijssen-Holten,69.2,percent,CBS StatLine 70072NED Koopwoningen,provenance/netherlands_owner_occupied_manifest.json,country_local
netherlands,owner_occupied,2025,2024,cbs-gemeentelijke-indeling-2025,municipality,1771,GM1771,Geldrop-Mierlo,65.2,percent,CBS StatLine 70072NED Koopwoningen,provenance/netherlands_owner_occupied_manifest.json,country_local
netherlands,owner_occupied,2025,2024,cbs-gemeentelijke-indeling-2025,municipality,1773,GM1773,Olst-Wijhe,69.5,percent,CBS StatLine 70072NED Koopwoningen,provenance/netherlands_owner_occupied_manifest.json,country_local
netherlands,owner_occupied,2025,2024,cbs-gemeentelijke-indeling-2025,municipality,1774,GM1774,Dinkelland,74.5,percent,CBS StatLine 70072NED Koopwoningen,provenance/netherlands_owner_occupied_manifest.json,country_local
netherlands,owner_occupied,2025,2024,cbs-gemeentelijke-indeling-2025,municipality,1783,GM1783,Westland,68.6,percent,CBS StatLine 70072NED Koopwoningen,provenance/netherlands_owner_occupied_manifest.json,country_local
netherlands,owner_occupied,2025,2024,cbs-gemeentelijke-indeling-2025,municipality,1842,GM1842,Midden-Delfland,73.1,percent,CBS StatLine 70072NED Koopwoningen,provenance/netherlands_owner_occupied_manifest.json,country_local
netherlands,owner_occupied,2025,2024,cbs-gemeentelijke-indeling-2025,municipality,1859,GM1859,Berkelland,68.5,percent,CBS StatLine 70072NED Koopwoningen,provenance/netherlands_owner_occupied_manifest.json,country_local
netherlands,owner_occupied,2025,2024,cbs-gemeentelijke-indeling-2025,municipality,1876,GM1876,Bronckhorst,70.8,percent,CBS StatLine 70072NED Koopwoningen,provenance/netherlands_owner_occupied_manifest.json,country_local
netherlands,owner_occupied,2025,2024,cbs-gemeentelijke-indeling-2025,municipality,1883,GM1883,Sittard-Geleen,58.5,percent,CBS StatLine 70072NED Koopwoningen,provenance/netherlands_owner_occupied_manifest.json,country_local
netherlands,owner_occupied,2025,2024,cbs-gemeentelijke-indeling-2025,municipality,1884,GM1884,Kaag en Braassem,65.5,percent,CBS StatLine 70072NED Koopwoningen,provenance/netherlands_owner_occupied_manifest.json,country_local
netherlands,owner_occupied,2025,2024,cbs-gemeentelijke-indeling-2025,municipality,1891,GM1891,Dantumadiel,63.5,percent,CBS StatLine 70072NED Koopwoningen,provenance/netherlands_owner_occupied_manifest.json,country_local
netherlands,owner_occupied,2025,2024,cbs-gemeentelijke-indeling-2025,municipality,1892,GM1892,Zuidplas,68.8,percent,CBS StatLine 70072NED Koopwoningen,provenance/netherlands_owner_occupied_manifest.json,country_local
netherlands,owner_occupied,2025,2024,cbs-gemeentelijke-indeling-2025,municipality,1894,GM1894,Peel en Maas,73.3,percent,CBS StatLine 70072NED Koopwoningen,provenance/netherlands_owner_occupied_manifest.json,country_local
netherlands,owner_occupied,2025,2024,cbs-gemeentelijke-indeling-2025,municipality,1895,GM1895,Oldambt,63.3,percent,CBS StatLine 70072NED Koopwoningen,provenance/netherlands_owner_occupied_manifest.json,country_local
netherlands,owner_occupied,2025,2024,cbs-gemeentelijke-indeling-2025,municipality,1896,GM1896,Zwartewaterland,71.9,percent,CBS StatLine 70072NED Koopwoningen,provenance/netherlands_owner_occupied_manifest.json,country_local
netherlands,owner_occupied,2025,2024,cbs-gemeentelijke-indeling-2025,municipality,1900,GM1900,Súdwest-Fryslân,65.1,percent,CBS StatLine 70072NED Koopwoningen,provenance/netherlands_owner_occupied_manifest.json,country_local
netherlands,owner_occupied,2025,2024,cbs-gemeentelijke-indeling-2025,municipality,1901,GM1901,Bodegraven-Reeuwijk,72.0,percent,CBS StatLine 70072NED Koopwoningen,provenance/netherlands_owner_occupied_manifest.json,country_local
netherlands,owner_occupied,2025,2024,cbs-gemeentelijke-indeling-2025,municipality,1903,GM1903,Eijsden-Margraten,76.3,percent,CBS StatLine 70072NED Koopwoningen,provenance/netherlands_owner_occupied_manifest.json,country_local
netherlands,owner_occupied,2025,2024,cbs-gemeentelijke-indeling-2025,municipality,1904,GM1904,Stichtse Vecht,65.0,percent,CBS StatLine 70072NED Koopwoningen,provenance/netherlands_owner_occupied_manifest.json,country_local
netherlands,owner_occupied,2025,2024,cbs-gemeentelijke-indeling-2025,municipality,1911,GM1911,Hollands Kroon,70.8,percent,CBS StatLine 70072NED Koopwoningen,provenance/netherlands_owner_occupied_manifest.json,country_local
netherlands,owner_occupied,2025,2024,cbs-gemeentelijke-indeling-2025,municipality,1916,GM1916,Leidschendam-Voorburg,57.8,percent,CBS StatLine 70072NED Koopwoningen,provenance/netherlands_owner_occupied_manifest.json,country_local
netherlands,owner_occupied,2025,2024,cbs-gemeentelijke-indeling-2025,municipality,1924,GM1924,Goeree-Overflakkee,64.9,percent,CBS StatLine 70072NED Koopwoningen,provenance/netherlands_owner_occupied_manifest.json,country_local
netherlands,owner_occupied,2025,2024,cbs-gemeentelijke-indeling-2025,municipality,1926,GM1926,Pijnacker-Nootdorp,71.8,percent,CBS StatLine 70072NED Koopwoningen,provenance/netherlands_owner_occupied_manifest.json,country_local
netherlands,owner_occupied,2025,2024,cbs-gemeentelijke-indeling-2025,municipality,1930,GM1930,Nissewaard,58.9,percent,CBS StatLine 70072NED Koopwoningen,provenance/netherlands_owner_occupied_manifest.json,country_local
netherlands,owner_occupied,2025,2024,cbs-gemeentelijke-indeling-2025,municipality,1931,GM1931,Krimpenerwaard,66.8,percent,CBS StatLine 70072NED Koopwoningen,provenance/netherlands_owner_occupied_manifest.json,country_local
netherlands,owner_occupied,2025,2024,cbs-gemeentelijke-indeling-2025,municipality,1940,GM1940,De Fryske Marren,69.9,percent,CBS StatLine 70072NED Koopwoningen,provenance/netherlands_owner_occupied_manifest.json,country_local
netherlands,owner_occupied,2025,2024,cbs-gemeentelijke-indeling-2025,municipality,1942,GM1942,Gooise Meren,63.8,percent,CBS StatLine 70072NED Koopwoningen,provenance/netherlands_owner_occupied_manifest.json,country_local
netherlands,owner_occupied,2025,2024,cbs-gemeentelijke-indeling-2025,municipality,1945,GM1945,Berg en Dal,61.1,percent,CBS StatLine 70072NED Koopwoningen,provenance/netherlands_owner_occupied_manifest.json,country_local
netherlands,owner_occupied,2025,2024,cbs-gemeentelijke-indeling-2025,municipality,1948,GM1948,Meierijstad,69.1,percent,CBS StatLine 70072NED Koopwoningen,provenance/netherlands_owner_occupied_manifest.json,country_local
netherlands,owner_occupied,2025,2024,cbs-gemeentelijke-indeling-2025,municipality,1949,GM1949,Waadhoeke,68.0,percent,CBS StatLine 70072NED Koopwoningen,provenance/netherlands_owner_occupied_manifest.json,country_local
netherlands,owner_occupied,2025,2024,cbs-gemeentelijke-indeling-2025,municipality,1950,GM1950,Westerwolde,67.9,percent,CBS StatLine 70072NED Koopwoningen,provenance/netherlands_owner_occupied_manifest.json,country_local
netherlands,owner_occupied,2025,2024,cbs-gemeentelijke-indeling-2025,municipality,1952,GM1952,Midden-Groningen,62.0,percent,CBS StatLine 70072NED Koopwoningen,provenance/netherlands_owner_occupied_manifest.json,country_local
netherlands,owner_occupied,2025,2024,cbs-gemeentelijke-indeling-2025,municipality,1954,GM1954,Beekdaelen,73.0,percent,CBS StatLine 70072NED Koopwoningen,provenance/netherlands_owner_occupied_manifest.json,country_local
netherlands,owner_occupied,2025,2024,cbs-gemeentelijke-indeling-2025,municipality,1955,GM1955,Montferland,66.5,percent,CBS StatLine 70072NED Koopwoningen,provenance/netherlands_owner_occupied_manifest.json,country_local
netherlands,owner_occupied,2025,2024,cbs-gemeentelijke-indeling-2025,municipality,1959,GM1959,Altena,68.9,percent,CBS StatLine 70072NED Koopwoningen,provenance/netherlands_owner_occupied_manifest.json,country_local
netherlands,owner_occupied,2025,2024,cbs-gemeentelijke-indeling-2025,municipality,1960,GM1960,West Betuwe,72.5,percent,CBS StatLine 70072NED Koopwoningen,provenance/netherlands_owner_occupied_manifest.json,country_local
netherlands,owner_occupied,2025,2024,cbs-gemeentelijke-indeling-2025,municipality,1961,GM1961,Vijfheerenlanden,63.1,percent,CBS StatLine 70072NED Koopwoningen,provenance/netherlands_owner_occupied_manifest.json,country_local
netherlands,owner_occupied,2025,2024,cbs-gemeentelijke-indeling-2025,municipality,1963,GM1963,Hoeksche Waard,70.8,percent,CBS StatLine 70072NED Koopwoningen,provenance/netherlands_owner_occupied_manifest.json,country_local
netherlands,owner_occupied,2025,2024,cbs-gemeentelijke-indeling-2025,municipality,1966,GM1966,Het Hogeland,67.0,percent,CBS StatLine 70072NED Koopwoningen,provenance/netherlands_owner_occupied_manifest.json,country_local
netherlands,owner_occupied,2025,2024,cbs-gemeentelijke-indeling-2025,municipality,1969,GM1969,Westerkwartier,72.7,percent,CBS StatLine 70072NED Koopwoningen,provenance/netherlands_owner_occupied_manifest.json,country_local
netherlands,owner_occupied,2025,2024,cbs-gemeentelijke-indeling-2025,municipality,1970,GM1970,Noardeast-Fryslân,66.6,percent,CBS StatLine 70072NED Koopwoningen,provenance/netherlands_owner_occupied_manifest.json,country_local
netherlands,owner_occupied,2025,2024,cbs-gemeentelijke-indeling-2025,municipality,1978,GM1978,Molenlanden,69.7,percent,CBS StatLine 70072NED Koopwoningen,provenance/netherlands_owner_occupied_manifest.json,country_local
netherlands,owner_occupied,2025,2024,cbs-gemeentelijke-indeling-2025,municipality,1979,GM1979,Eemsdelta,56.6,percent,CBS StatLine 70072NED Koopwoningen,provenance/netherlands_owner_occupied_manifest.json,country_local
netherlands,owner_occupied,2025,2024,cbs-gemeentelijke-indeling-2025,municipality,1980,GM1980,Dijk en Waard,70.9,percent,CBS StatLine 70072NED Koopwoningen,provenance/netherlands_owner_occupied_manifest.json,country_local
netherlands,owner_occupied,2025,2024,cbs-gemeentelijke-indeling-2025,municipality,1982,GM1982,Land van Cuijk,68.7,percent,CBS StatLine 70072NED Koopwoningen,provenance/netherlands_owner_occupied_manifest.json,country_local
netherlands,owner_occupied,2025,2024,cbs-gemeentelijke-indeling-2025,municipality,1991,GM1991,Maashorst,64.7,percent,CBS StatLine 70072NED Koopwoningen,provenance/netherlands_owner_occupied_manifest.json,country_local
netherlands,owner_occupied,2025,2024,cbs-gemeentelijke-indeling-2025,municipality,1992,GM1992,Voorne aan Zee,67.6,percent,CBS StatLine 70072NED Koopwoningen,provenance/netherlands_owner_occupied_manifest.json,country_local
