country_id,factor_id,year,reference_period,geography_version,public_geography_type,public_geography_id,cbs_gm_code,municipality,value,unit,source_name,provenance_ref,comparability_status
netherlands,population_density,2023,2023-01-01,cbs-gemeentelijke-indeling-2023,municipality,0014,GM0014,Groningen,1284,people_per_km2_land,CBS StatLine 70072NED Bevolkingsdichtheid,provenance/netherlands_population_density_manifest.json,country_local
netherlands,population_density,2023,2023-01-01,cbs-gemeentelijke-indeling-2023,municipality,0034,GM0034,Almere,1725,people_per_km2_land,CBS StatLine 70072NED Bevolkingsdichtheid,provenance/netherlands_population_density_manifest.json,country_local
netherlands,population_density,2023,2023-01-01,cbs-gemeentelijke-indeling-2023,municipality,0037,GM0037,Stadskanaal,273,people_per_km2_land,CBS StatLine 70072NED Bevolkingsdichtheid,provenance/netherlands_population_density_manifest.json,country_local
netherlands,population_density,2023,2023-01-01,cbs-gemeentelijke-indeling-2023,municipality,0047,GM0047,Veendam,364,people_per_km2_land,CBS StatLine 70072NED Bevolkingsdichtheid,provenance/netherlands_population_density_manifest.json,country_local
netherlands,population_density,2023,2023-01-01,cbs-gemeentelijke-indeling-2023,municipality,0050,GM0050,Zeewolde,96,people_per_km2_land,CBS StatLine 70072NED Bevolkingsdichtheid,provenance/netherlands_population_density_manifest.json,country_local
netherlands,population_density,2023,2023-01-01,cbs-gemeentelijke-indeling-2023,municipality,0059,GM0059,Achtkarspelen,275,people_per_km2_land,CBS StatLine 70072NED Bevolkingsdichtheid,provenance/netherlands_population_density_manifest.json,country_local
netherlands,population_density,2023,2023-01-01,cbs-gemeentelijke-indeling-2023,municipality,0060,GM0060,Ameland,68,people_per_km2_land,CBS StatLine 70072NED Bevolkingsdichtheid,provenance/netherlands_population_density_manifest.json,country_local
netherlands,population_density,2023,2023-01-01,cbs-gemeentelijke-indeling-2023,municipality,0072,GM0072,Harlingen,649,people_per_km2_land,CBS StatLine 70072NED Bevolkingsdichtheid,provenance/netherlands_population_density_manifest.json,country_local
netherlands,population_density,2023,2023-01-01,cbs-gemeentelijke-indeling-2023,municipality,0074,GM0074,Heerenveen,272,people_per_km2_land,CBS StatLine 70072NED Bevolkingsdichtheid,provenance/netherlands_population_density_manifest.json,country_local
netherlands,population_density,2023,2023-01-01,cbs-gemeentelijke-indeling-2023,municipality,0080,GM0080,Leeuwarden,535,people_per_km2_land,CBS StatLine 70072NED Bevolkingsdichtheid,provenance/netherlands_population_density_manifest.json,country_local
netherlands,population_density,2023,2023-01-01,cbs-gemeentelijke-indeling-2023,municipality,0085,GM0085,Ooststellingwerf,116,people_per_km2_land,CBS StatLine 70072NED Bevolkingsdichtheid,provenance/netherlands_population_density_manifest.json,country_local
netherlands,population_density,2023,2023-01-01,cbs-gemeentelijke-indeling-2023,municipality,0086,GM0086,Opsterland,134,people_per_km2_land,CBS StatLine 70072NED Bevolkingsdichtheid,provenance/netherlands_population_density_manifest.json,country_local
netherlands,population_density,2023,2023-01-01,cbs-gemeentelijke-indeling-2023,municipality,0088,GM0088,Schiermonnikoog,23,people_per_km2_land,CBS StatLine 70072NED Bevolkingsdichtheid,provenance/netherlands_population_density_manifest.json,country_local
netherlands,population_density,2023,2023-01-01,cbs-gemeentelijke-indeling-2023,municipality,0090,GM0090,Smallingerland,479,people_per_km2_land,CBS StatLine 70072NED Bevolkingsdichtheid,provenance/netherlands_population_density_manifest.json,country_local
netherlands,population_density,2023,2023-01-01,cbs-gemeentelijke-indeling-2023,municipality,0093,GM0093,Terschelling,57,people_per_km2_land,CBS StatLine 70072NED Bevolkingsdichtheid,provenance/netherlands_population_density_manifest.json,country_local
netherlands,population_density,2023,2023-01-01,cbs-gemeentelijke-indeling-2023,municipality,0096,GM0096,Vlieland,31,people_per_km2_land,CBS StatLine 70072NED Bevolkingsdichtheid,provenance/netherlands_population_density_manifest.json,country_local
netherlands,population_density,2023,2023-01-01,cbs-gemeentelijke-indeling-2023,municipality,0098,GM0098,Weststellingwerf,120,people_per_km2_land,CBS StatLine 70072NED Bevolkingsdichtheid,provenance/netherlands_population_density_manifest.json,country_local
netherlands,population_density,2023,2023-01-01,cbs-gemeentelijke-indeling-2023,municipality,0106,GM0106,Assen,848,people_per_km2_land,CBS StatLine 70072NED Bevolkingsdichtheid,provenance/netherlands_population_density_manifest.json,country_local
netherlands,population_density,2023,2023-01-01,cbs-gemeentelijke-indeling-2023,municipality,0109,GM0109,Coevorden,121,people_per_km2_land,CBS StatLine 70072NED Bevolkingsdichtheid,provenance/netherlands_population_density_manifest.json,country_local
netherlands,population_density,2023,2023-01-01,cbs-gemeentelijke-indeling-2023,municipality,0114,GM0114,Emmen,324,people_per_km2_land,CBS StatLine 70072NED Bevolkingsdichtheid,provenance/netherlands_population_density_manifest.json,country_local
netherlands,population_density,2023,2023-01-01,cbs-gemeentelijke-indeling-2023,municipality,0118,GM0118,Hoogeveen,442,people_per_km2_land,CBS StatLine 70072NED Bevolkingsdichtheid,provenance/netherlands_population_density_manifest.json,country_local
netherlands,population_density,2023,2023-01-01,cbs-gemeentelijke-indeling-2023,municipality,0119,GM0119,Meppel,639,people_per_km2_land,CBS StatLine 70072NED Bevolkingsdichtheid,provenance/netherlands_population_density_manifest.json,country_local
netherlands,population_density,2023,2023-01-01,cbs-gemeentelijke-indeling-2023,municipality,0141,GM0141,Almelo,1101,people_per_km2_land,CBS StatLine 70072NED Bevolkingsdichtheid,provenance/netherlands_population_density_manifest.json,country_local
netherlands,population_density,2023,2023-01-01,cbs-gemeentelijke-indeling-2023,municipality,0147,GM0147,Borne,944,people_per_km2_land,CBS StatLine 70072NED Bevolkingsdichtheid,provenance/netherlands_population_density_manifest.json,country_local
netherlands,population_density,2023,2023-01-01,cbs-gemeentelijke-indeling-2023,municipality,0148,GM0148,Dalfsen,179,people_per_km2_land,CBS StatLine 70072NED Bevolkingsdichtheid,provenance/netherlands_population_density_manifest.json,country_local
netherlands,population_density,2023,2023-01-01,cbs-gemeentelijke-indeling-2023,municipality,0150,GM0150,Deventer,787,people_per_km2_land,CBS StatLine 70072NED Bevolkingsdichtheid,provenance/netherlands_population_density_manifest.json,country_local
netherlands,population_density,2023,2023-01-01,cbs-gemeentelijke-indeling-2023,municipality,0153,GM0153,Enschede,1146,people_per_km2_land,CBS StatLine 70072NED Bevolkingsdichtheid,provenance/netherlands_population_density_manifest.json,country_local
netherlands,population_density,2023,2023-01-01,cbs-gemeentelijke-indeling-2023,municipality,0158,GM0158,Haaksbergen,234,people_per_km2_land,CBS StatLine 70072NED Bevolkingsdichtheid,provenance/netherlands_population_density_manifest.json,country_local
netherlands,population_density,2023,2023-01-01,cbs-gemeentelijke-indeling-2023,municipality,0160,GM0160,Hardenberg,200,people_per_km2_land,CBS StatLine 70072NED Bevolkingsdichtheid,provenance/netherlands_population_density_manifest.json,country_local
netherlands,population_density,2023,2023-01-01,cbs-gemeentelijke-indeling-2023,municipality,0163,GM0163,Hellendoorn,263,people_per_km2_land,CBS StatLine 70072NED Bevolkingsdichtheid,provenance/netherlands_population_density_manifest.json,country_local
netherlands,population_density,2023,2023-01-01,cbs-gemeentelijke-indeling-2023,municipality,0164,GM0164,Hengelo,1353,people_per_km2_land,CBS StatLine 70072NED Bevolkingsdichtheid,provenance/netherlands_population_density_manifest.json,country_local
netherlands,population_density,2023,2023-01-01,cbs-gemeentelijke-indeling-2023,municipality,0166,GM0166,Kampen,394,people_per_km2_land,CBS StatLine 70072NED Bevolkingsdichtheid,provenance/netherlands_population_density_manifest.json,country_local
netherlands,population_density,2023,2023-01-01,cbs-gemeentelijke-indeling-2023,municipality,0168,GM0168,Losser,237,people_per_km2_land,CBS StatLine 70072NED Bevolkingsdichtheid,provenance/netherlands_population_density_manifest.json,country_local
netherlands,population_density,2023,2023-01-01,cbs-gemeentelijke-indeling-2023,municipality,0171,GM0171,Noordoostpolder,109,people_per_km2_land,CBS StatLine 70072NED Bevolkingsdichtheid,provenance/netherlands_population_density_manifest.json,country_local
netherlands,population_density,2023,2023-01-01,cbs-gemeentelijke-indeling-2023,municipality,0173,GM0173,Oldenzaal,1481,people_per_km2_land,CBS StatLine 70072NED Bevolkingsdichtheid,provenance/netherlands_population_density_manifest.json,country_local
netherlands,population_density,2023,2023-01-01,cbs-gemeentelijke-indeling-2023,municipality,0175,GM0175,Ommen,105,people_per_km2_land,CBS StatLine 70072NED Bevolkingsdichtheid,provenance/netherlands_population_density_manifest.json,country_local
netherlands,population_density,2023,2023-01-01,cbs-gemeentelijke-indeling-2023,municipality,0177,GM0177,Raalte,225,people_per_km2_land,CBS StatLine 70072NED Bevolkingsdichtheid,provenance/netherlands_population_density_manifest.json,country_local
netherlands,population_density,2023,2023-01-01,cbs-gemeentelijke-indeling-2023,municipality,0180,GM0180,Staphorst,132,people_per_km2_land,CBS StatLine 70072NED Bevolkingsdichtheid,provenance/netherlands_population_density_manifest.json,country_local
netherlands,population_density,2023,2023-01-01,cbs-gemeentelijke-indeling-2023,municipality,0183,GM0183,Tubbergen,146,people_per_km2_land,CBS StatLine 70072NED Bevolkingsdichtheid,provenance/netherlands_population_density_manifest.json,country_local
netherlands,population_density,2023,2023-01-01,cbs-gemeentelijke-indeling-2023,municipality,0184,GM0184,Urk,1661,people_per_km2_land,CBS StatLine 70072NED Bevolkingsdichtheid,provenance/netherlands_population_density_manifest.json,country_local
netherlands,population_density,2023,2023-01-01,cbs-gemeentelijke-indeling-2023,municipality,0189,GM0189,Wierden,263,people_per_km2_land,CBS StatLine 70072NED Bevolkingsdichtheid,provenance/netherlands_population_density_manifest.json,country_local
netherlands,population_density,2023,2023-01-01,cbs-gemeentelijke-indeling-2023,municipality,0193,GM0193,Zwolle,1196,people_per_km2_land,CBS StatLine 70072NED Bevolkingsdichtheid,provenance/netherlands_population_density_manifest.json,country_local
netherlands,population_density,2023,2023-01-01,cbs-gemeentelijke-indeling-2023,municipality,0197,GM0197,Aalten,282,people_per_km2_land,CBS StatLine 70072NED Bevolkingsdichtheid,provenance/netherlands_population_density_manifest.json,country_local
netherlands,population_density,2023,2023-01-01,cbs-gemeentelijke-indeling-2023,municipality,0200,GM0200,Apeldoorn,492,people_per_km2_land,CBS StatLine 70072NED Bevolkingsdichtheid,provenance/netherlands_population_density_manifest.json,country_local
netherlands,population_density,2023,2023-01-01,cbs-gemeentelijke-indeling-2023,municipality,0202,GM0202,Arnhem,1696,people_per_km2_land,CBS StatLine 70072NED Bevolkingsdichtheid,provenance/netherlands_population_density_manifest.json,country_local
netherlands,population_density,2023,2023-01-01,cbs-gemeentelijke-indeling-2023,municipality,0203,GM0203,Barneveld,351,people_per_km2_land,CBS StatLine 70072NED Bevolkingsdichtheid,provenance/netherlands_population_density_manifest.json,country_local
netherlands,population_density,2023,2023-01-01,cbs-gemeentelijke-indeling-2023,municipality,0209,GM0209,Beuningen,609,people_per_km2_land,CBS StatLine 70072NED Bevolkingsdichtheid,provenance/netherlands_population_density_manifest.json,country_local
netherlands,population_density,2023,2023-01-01,cbs-gemeentelijke-indeling-2023,municipality,0213,GM0213,Brummen,252,people_per_km2_land,CBS StatLine 70072NED Bevolkingsdichtheid,provenance/netherlands_population_density_manifest.json,country_local
netherlands,population_density,2023,2023-01-01,cbs-gemeentelijke-indeling-2023,municipality,0214,GM0214,Buren,208,people_per_km2_land,CBS StatLine 70072NED Bevolkingsdichtheid,provenance/netherlands_population_density_manifest.json,country_local
netherlands,population_density,2023,2023-01-01,cbs-gemeentelijke-indeling-2023,municipality,0216,GM0216,Culemborg,1016,people_per_km2_land,CBS StatLine 70072NED Bevolkingsdichtheid,provenance/netherlands_population_density_manifest.json,country_local
netherlands,population_density,2023,2023-01-01,cbs-gemeentelijke-indeling-2023,municipality,0221,GM0221,Doesburg,959,people_per_km2_land,CBS StatLine 70072NED Bevolkingsdichtheid,provenance/netherlands_population_density_manifest.json,country_local
netherlands,population_density,2023,2023-01-01,cbs-gemeentelijke-indeling-2023,municipality,0222,GM0222,Doetinchem,749,people_per_km2_land,CBS StatLine 70072NED Bevolkingsdichtheid,provenance/netherlands_population_density_manifest.json,country_local
netherlands,population_density,2023,2023-01-01,cbs-gemeentelijke-indeling-2023,municipality,0225,GM0225,Druten,520,people_per_km2_land,CBS StatLine 70072NED Bevolkingsdichtheid,provenance/netherlands_population_density_manifest.json,country_local
netherlands,population_density,2023,2023-01-01,cbs-gemeentelijke-indeling-2023,municipality,0226,GM0226,Duiven,736,people_per_km2_land,CBS StatLine 70072NED Bevolkingsdichtheid,provenance/netherlands_population_density_manifest.json,country_local
netherlands,population_density,2023,2023-01-01,cbs-gemeentelijke-indeling-2023,municipality,0228,GM0228,Ede,384,people_per_km2_land,CBS StatLine 70072NED Bevolkingsdichtheid,provenance/netherlands_population_density_manifest.json,country_local
netherlands,population_density,2023,2023-01-01,cbs-gemeentelijke-indeling-2023,municipality,0230,GM0230,Elburg,377,people_per_km2_land,CBS StatLine 70072NED Bevolkingsdichtheid,provenance/netherlands_population_density_manifest.json,country_local
netherlands,population_density,2023,2023-01-01,cbs-gemeentelijke-indeling-2023,municipality,0232,GM0232,Epe,213,people_per_km2_land,CBS StatLine 70072NED Bevolkingsdichtheid,provenance/netherlands_population_density_manifest.json,country_local
netherlands,population_density,2023,2023-01-01,cbs-gemeentelijke-indeling-2023,municipality,0233,GM0233,Ermelo,321,people_per_km2_land,CBS StatLine 70072NED Bevolkingsdichtheid,provenance/netherlands_population_density_manifest.json,country_local
netherlands,population_density,2023,2023-01-01,cbs-gemeentelijke-indeling-2023,municipality,0243,GM0243,Harderwijk,1256,people_per_km2_land,CBS StatLine 70072NED Bevolkingsdichtheid,provenance/netherlands_population_density_manifest.json,country_local
netherlands,population_density,2023,2023-01-01,cbs-gemeentelijke-indeling-2023,municipality,0244,GM0244,Hattem,545,people_per_km2_land,CBS StatLine 70072NED Bevolkingsdichtheid,provenance/netherlands_population_density_manifest.json,country_local
netherlands,population_density,2023,2023-01-01,cbs-gemeentelijke-indeling-2023,municipality,0246,GM0246,Heerde,245,people_per_km2_land,CBS StatLine 70072NED Bevolkingsdichtheid,provenance/netherlands_population_density_manifest.json,country_local
netherlands,population_density,2023,2023-01-01,cbs-gemeentelijke-indeling-2023,municipality,0252,GM0252,Heumen,423,people_per_km2_land,CBS StatLine 70072NED Bevolkingsdichtheid,provenance/netherlands_population_density_manifest.json,country_local
netherlands,population_density,2023,2023-01-01,cbs-gemeentelijke-indeling-2023,municipality,0262,GM0262,Lochem,161,people_per_km2_land,CBS StatLine 70072NED Bevolkingsdichtheid,provenance/netherlands_population_density_manifest.json,country_local
netherlands,population_density,2023,2023-01-01,cbs-gemeentelijke-indeling-2023,municipality,0263,GM0263,Maasdriel,395,people_per_km2_land,CBS StatLine 70072NED Bevolkingsdichtheid,provenance/netherlands_population_density_manifest.json,country_local
netherlands,population_density,2023,2023-01-01,cbs-gemeentelijke-indeling-2023,municipality,0267,GM0267,Nijkerk,649,people_per_km2_land,CBS StatLine 70072NED Bevolkingsdichtheid,provenance/netherlands_population_density_manifest.json,country_local
netherlands,population_density,2023,2023-01-01,cbs-gemeentelijke-indeling-2023,municipality,0268,GM0268,Nijmegen,3456,people_per_km2_land,CBS StatLine 70072NED Bevolkingsdichtheid,provenance/netherlands_population_density_manifest.json,country_local
netherlands,population_density,2023,2023-01-01,cbs-gemeentelijke-indeling-2023,municipality,0269,GM0269,Oldebroek,248,people_per_km2_land,CBS StatLine 70072NED Bevolkingsdichtheid,provenance/netherlands_population_density_manifest.json,country_local
netherlands,population_density,2023,2023-01-01,cbs-gemeentelijke-indeling-2023,municipality,0273,GM0273,Putten,292,people_per_km2_land,CBS StatLine 70072NED Bevolkingsdichtheid,provenance/netherlands_population_density_manifest.json,country_local
netherlands,population_density,2023,2023-01-01,cbs-gemeentelijke-indeling-2023,municipality,0274,GM0274,Renkum,685,people_per_km2_land,CBS StatLine 70072NED Bevolkingsdichtheid,provenance/netherlands_population_density_manifest.json,country_local
netherlands,population_density,2023,2023-01-01,cbs-gemeentelijke-indeling-2023,municipality,0275,GM0275,Rheden,533,people_per_km2_land,CBS StatLine 70072NED Bevolkingsdichtheid,provenance/netherlands_population_density_manifest.json,country_local
netherlands,population_density,2023,2023-01-01,cbs-gemeentelijke-indeling-2023,municipality,0277,GM0277,Rozendaal,63,people_per_km2_land,CBS StatLine 70072NED Bevolkingsdichtheid,provenance/netherlands_population_density_manifest.json,country_local
netherlands,population_density,2023,2023-01-01,cbs-gemeentelijke-indeling-2023,municipality,0279,GM0279,Scherpenzeel,753,people_per_km2_land,CBS StatLine 70072NED Bevolkingsdichtheid,provenance/netherlands_population_density_manifest.json,country_local
netherlands,population_density,2023,2023-01-01,cbs-gemeentelijke-indeling-2023,municipality,0281,GM0281,Tiel,1299,people_per_km2_land,CBS StatLine 70072NED Bevolkingsdichtheid,provenance/netherlands_population_density_manifest.json,country_local
netherlands,population_density,2023,2023-01-01,cbs-gemeentelijke-indeling-2023,municipality,0285,GM0285,Voorst,205,people_per_km2_land,CBS StatLine 70072NED Bevolkingsdichtheid,provenance/netherlands_population_density_manifest.json,country_local
netherlands,population_density,2023,2023-01-01,cbs-gemeentelijke-indeling-2023,municipality,0289,GM0289,Wageningen,1347,people_per_km2_land,CBS StatLine 70072NED Bevolkingsdichtheid,provenance/netherlands_population_density_manifest.json,country_local
netherlands,population_density,2023,2023-01-01,cbs-gemeentelijke-indeling-2023,municipality,0293,GM0293,Westervoort,2155,people_per_km2_land,CBS StatLine 70072NED Bevolkingsdichtheid,provenance/netherlands_population_density_manifest.json,country_local
netherlands,population_density,2023,2023-01-01,cbs-gemeentelijke-indeling-2023,municipality,0294,GM0294,Winterswijk,212,people_per_km2_land,CBS StatLine 70072NED Bevolkingsdichtheid,provenance/netherlands_population_density_manifest.json,country_local
netherlands,population_density,2023,2023-01-01,cbs-gemeentelijke-indeling-2023,municipality,0296,GM0296,Wijchen,629,people_per_km2_land,CBS StatLine 70072NED Bevolkingsdichtheid,provenance/netherlands_population_density_manifest.json,country_local
netherlands,population_density,2023,2023-01-01,cbs-gemeentelijke-indeling-2023,municipality,0297,GM0297,Zaltbommel,386,people_per_km2_land,CBS StatLine 70072NED Bevolkingsdichtheid,provenance/netherlands_population_density_manifest.json,country_local
netherlands,population_density,2023,2023-01-01,cbs-gemeentelijke-indeling-2023,municipality,0299,GM0299,Zevenaar,486,people_per_km2_land,CBS StatLine 70072NED Bevolkingsdichtheid,provenance/netherlands_population_density_manifest.json,country_local
netherlands,population_density,2023,2023-01-01,cbs-gemeentelijke-indeling-2023,municipality,0301,GM0301,Zutphen,1186,people_per_km2_land,CBS StatLine 70072NED Bevolkingsdichtheid,provenance/netherlands_population_density_manifest.json,country_local
netherlands,population_density,2023,2023-01-01,cbs-gemeentelijke-indeling-2023,municipality,0302,GM0302,Nunspeet,223,people_per_km2_land,CBS StatLine 70072NED Bevolkingsdichtheid,provenance/netherlands_population_density_manifest.json,country_local
netherlands,population_density,2023,2023-01-01,cbs-gemeentelijke-indeling-2023,municipality,0303,GM0303,Dronten,131,people_per_km2_land,CBS StatLine 70072NED Bevolkingsdichtheid,provenance/netherlands_population_density_manifest.json,country_local
netherlands,population_density,2023,2023-01-01,cbs-gemeentelijke-indeling-2023,municipality,0307,GM0307,Amersfoort,2572,people_per_km2_land,CBS StatLine 70072NED Bevolkingsdichtheid,provenance/netherlands_population_density_manifest.json,country_local
netherlands,population_density,2023,2023-01-01,cbs-gemeentelijke-indeling-2023,municipality,0308,GM0308,Baarn,769,people_per_km2_land,CBS StatLine 70072NED Bevolkingsdichtheid,provenance/netherlands_population_density_manifest.json,country_local
netherlands,population_density,2023,2023-01-01,cbs-gemeentelijke-indeling-2023,municipality,0310,GM0310,De Bilt,663,people_per_km2_land,CBS StatLine 70072NED Bevolkingsdichtheid,provenance/netherlands_population_density_manifest.json,country_local
netherlands,population_density,2023,2023-01-01,cbs-gemeentelijke-indeling-2023,municipality,0312,GM0312,Bunnik,434,people_per_km2_land,CBS StatLine 70072NED Bevolkingsdichtheid,provenance/netherlands_population_density_manifest.json,country_local
netherlands,population_density,2023,2023-01-01,cbs-gemeentelijke-indeling-2023,municipality,0313,GM0313,Bunschoten,740,people_per_km2_land,CBS StatLine 70072NED Bevolkingsdichtheid,provenance/netherlands_population_density_manifest.json,country_local
netherlands,population_density,2023,2023-01-01,cbs-gemeentelijke-indeling-2023,municipality,0317,GM0317,Eemnes,309,people_per_km2_land,CBS StatLine 70072NED Bevolkingsdichtheid,provenance/netherlands_population_density_manifest.json,country_local
netherlands,population_density,2023,2023-01-01,cbs-gemeentelijke-indeling-2023,municipality,0321,GM0321,Houten,921,people_per_km2_land,CBS StatLine 70072NED Bevolkingsdichtheid,provenance/netherlands_population_density_manifest.json,country_local
netherlands,population_density,2023,2023-01-01,cbs-gemeentelijke-indeling-2023,municipality,0327,GM0327,Leusden,538,people_per_km2_land,CBS StatLine 70072NED Bevolkingsdichtheid,provenance/netherlands_population_density_manifest.json,country_local
netherlands,population_density,2023,2023-01-01,cbs-gemeentelijke-indeling-2023,municipality,0331,GM0331,Lopik,195,people_per_km2_land,CBS StatLine 70072NED Bevolkingsdichtheid,provenance/netherlands_population_density_manifest.json,country_local
netherlands,population_density,2023,2023-01-01,cbs-gemeentelijke-indeling-2023,municipality,0335,GM0335,Montfoort,371,people_per_km2_land,CBS StatLine 70072NED Bevolkingsdichtheid,provenance/netherlands_population_density_manifest.json,country_local
netherlands,population_density,2023,2023-01-01,cbs-gemeentelijke-indeling-2023,municipality,0339,GM0339,Renswoude,313,people_per_km2_land,CBS StatLine 70072NED Bevolkingsdichtheid,provenance/netherlands_population_density_manifest.json,country_local
netherlands,population_density,2023,2023-01-01,cbs-gemeentelijke-indeling-2023,municipality,0340,GM0340,Rhenen,484,people_per_km2_land,CBS StatLine 70072NED Bevolkingsdichtheid,provenance/netherlands_population_density_manifest.json,country_local
netherlands,population_density,2023,2023-01-01,cbs-gemeentelijke-indeling-2023,municipality,0342,GM0342,Soest,1026,people_per_km2_land,CBS StatLine 70072NED Bevolkingsdichtheid,provenance/netherlands_population_density_manifest.json,country_local
netherlands,population_density,2023,2023-01-01,cbs-gemeentelijke-indeling-2023,municipality,0344,GM0344,Utrecht,3924,people_per_km2_land,CBS StatLine 70072NED Bevolkingsdichtheid,provenance/netherlands_population_density_manifest.json,country_local
netherlands,population_density,2023,2023-01-01,cbs-gemeentelijke-indeling-2023,municipality,0345,GM0345,Veenendaal,3528,people_per_km2_land,CBS StatLine 70072NED Bevolkingsdichtheid,provenance/netherlands_population_density_manifest.json,country_local
netherlands,population_density,2023,2023-01-01,cbs-gemeentelijke-indeling-2023,municipality,0351,GM0351,Woudenberg,393,people_per_km2_land,CBS StatLine 70072NED Bevolkingsdichtheid,provenance/netherlands_population_density_manifest.json,country_local
netherlands,population_density,2023,2023-01-01,cbs-gemeentelijke-indeling-2023,municipality,0352,GM0352,Wijk bij Duurstede,504,people_per_km2_land,CBS StatLine 70072NED Bevolkingsdichtheid,provenance/netherlands_population_density_manifest.json,country_local
netherlands,population_density,2023,2023-01-01,cbs-gemeentelijke-indeling-2023,municipality,0353,GM0353,IJsselstein,1594,people_per_km2_land,CBS StatLine 70072NED Bevolkingsdichtheid,provenance/netherlands_population_density_manifest.json,country_local
netherlands,population_density,2023,2023-01-01,cbs-gemeentelijke-indeling-2023,municipality,0355,GM0355,Zeist,1374,people_per_km2_land,CBS StatLine 70072NED Bevolkingsdichtheid,provenance/netherlands_population_density_manifest.json,country_local
netherlands,population_density,2023,2023-01-01,cbs-gemeentelijke-indeling-2023,municipality,0356,GM0356,Nieuwegein,2794,people_per_km2_land,CBS StatLine 70072NED Bevolkingsdichtheid,provenance/netherlands_population_density_manifest.json,country_local
netherlands,population_density,2023,2023-01-01,cbs-gemeentelijke-indeling-2023,municipality,0358,GM0358,Aalsmeer,1645,people_per_km2_land,CBS StatLine 70072NED Bevolkingsdichtheid,provenance/netherlands_population_density_manifest.json,country_local
netherlands,population_density,2023,2023-01-01,cbs-gemeentelijke-indeling-2023,municipality,0361,GM0361,Alkmaar,1014,people_per_km2_land,CBS StatLine 70072NED Bevolkingsdichtheid,provenance/netherlands_population_density_manifest.json,country_local
netherlands,population_density,2023,2023-01-01,cbs-gemeentelijke-indeling-2023,municipality,0362,GM0362,Amstelveen,2297,people_per_km2_land,CBS StatLine 70072NED Bevolkingsdichtheid,provenance/netherlands_population_density_manifest.json,country_local
netherlands,population_density,2023,2023-01-01,cbs-gemeentelijke-indeling-2023,municipality,0363,GM0363,Amsterdam,4880,people_per_km2_land,CBS StatLine 70072NED Bevolkingsdichtheid,provenance/netherlands_population_density_manifest.json,country_local
netherlands,population_density,2023,2023-01-01,cbs-gemeentelijke-indeling-2023,municipality,0373,GM0373,Bergen (NH.),304,people_per_km2_land,CBS StatLine 70072NED Bevolkingsdichtheid,provenance/netherlands_population_density_manifest.json,country_local
netherlands,population_density,2023,2023-01-01,cbs-gemeentelijke-indeling-2023,municipality,0375,GM0375,Beverwijk,2327,people_per_km2_land,CBS StatLine 70072NED Bevolkingsdichtheid,provenance/netherlands_population_density_manifest.json,country_local
netherlands,population_density,2023,2023-01-01,cbs-gemeentelijke-indeling-2023,municipality,0376,GM0376,Blaricum,1128,people_per_km2_land,CBS StatLine 70072NED Bevolkingsdichtheid,provenance/netherlands_population_density_manifest.json,country_local
netherlands,population_density,2023,2023-01-01,cbs-gemeentelijke-indeling-2023,municipality,0377,GM0377,Bloemendaal,602,people_per_km2_land,CBS StatLine 70072NED Bevolkingsdichtheid,provenance/netherlands_population_density_manifest.json,country_local
netherlands,population_density,2023,2023-01-01,cbs-gemeentelijke-indeling-2023,municipality,0383,GM0383,Castricum,732,people_per_km2_land,CBS StatLine 70072NED Bevolkingsdichtheid,provenance/netherlands_population_density_manifest.json,country_local
netherlands,population_density,2023,2023-01-01,cbs-gemeentelijke-indeling-2023,municipality,0384,GM0384,Diemen,2744,people_per_km2_land,CBS StatLine 70072NED Bevolkingsdichtheid,provenance/netherlands_population_density_manifest.json,country_local
netherlands,population_density,2023,2023-01-01,cbs-gemeentelijke-indeling-2023,municipality,0385,GM0385,Edam-Volendam,677,people_per_km2_land,CBS StatLine 70072NED Bevolkingsdichtheid,provenance/netherlands_population_density_manifest.json,country_local
netherlands,population_density,2023,2023-01-01,cbs-gemeentelijke-indeling-2023,municipality,0388,GM0388,Enkhuizen,1491,people_per_km2_land,CBS StatLine 70072NED Bevolkingsdichtheid,provenance/netherlands_population_density_manifest.json,country_local
netherlands,population_density,2023,2023-01-01,cbs-gemeentelijke-indeling-2023,municipality,0392,GM0392,Haarlem,5662,people_per_km2_land,CBS StatLine 70072NED Bevolkingsdichtheid,provenance/netherlands_population_density_manifest.json,country_local
netherlands,population_density,2023,2023-01-01,cbs-gemeentelijke-indeling-2023,municipality,0394,GM0394,Haarlemmermeer,823,people_per_km2_land,CBS StatLine 70072NED Bevolkingsdichtheid,provenance/netherlands_population_density_manifest.json,country_local
netherlands,population_density,2023,2023-01-01,cbs-gemeentelijke-indeling-2023,municipality,0396,GM0396,Heemskerk,1446,people_per_km2_land,CBS StatLine 70072NED Bevolkingsdichtheid,provenance/netherlands_population_density_manifest.json,country_local
netherlands,population_density,2023,2023-01-01,cbs-gemeentelijke-indeling-2023,municipality,0397,GM0397,Heemstede,3029,people_per_km2_land,CBS StatLine 70072NED Bevolkingsdichtheid,provenance/netherlands_population_density_manifest.json,country_local
netherlands,population_density,2023,2023-01-01,cbs-gemeentelijke-indeling-2023,municipality,0399,GM0399,Heiloo,1300,people_per_km2_land,CBS StatLine 70072NED Bevolkingsdichtheid,provenance/netherlands_population_density_manifest.json,country_local
netherlands,population_density,2023,2023-01-01,cbs-gemeentelijke-indeling-2023,municipality,0400,GM0400,Den Helder,1254,people_per_km2_land,CBS StatLine 70072NED Bevolkingsdichtheid,provenance/netherlands_population_density_manifest.json,country_local
netherlands,population_density,2023,2023-01-01,cbs-gemeentelijke-indeling-2023,municipality,0402,GM0402,Hilversum,2047,people_per_km2_land,CBS StatLine 70072NED Bevolkingsdichtheid,provenance/netherlands_population_density_manifest.json,country_local
netherlands,population_density,2023,2023-01-01,cbs-gemeentelijke-indeling-2023,municipality,0405,GM0405,Hoorn,3692,people_per_km2_land,CBS StatLine 70072NED Bevolkingsdichtheid,provenance/netherlands_population_density_manifest.json,country_local
netherlands,population_density,2023,2023-01-01,cbs-gemeentelijke-indeling-2023,municipality,0406,GM0406,Huizen,2609,people_per_km2_land,CBS StatLine 70072NED Bevolkingsdichtheid,provenance/netherlands_population_density_manifest.json,country_local
netherlands,population_density,2023,2023-01-01,cbs-gemeentelijke-indeling-2023,municipality,0415,GM0415,Landsmeer,522,people_per_km2_land,CBS StatLine 70072NED Bevolkingsdichtheid,provenance/netherlands_population_density_manifest.json,country_local
netherlands,population_density,2023,2023-01-01,cbs-gemeentelijke-indeling-2023,municipality,0417,GM0417,Laren,944,people_per_km2_land,CBS StatLine 70072NED Bevolkingsdichtheid,provenance/netherlands_population_density_manifest.json,country_local
netherlands,population_density,2023,2023-01-01,cbs-gemeentelijke-indeling-2023,municipality,0420,GM0420,Medemblik,380,people_per_km2_land,CBS StatLine 70072NED Bevolkingsdichtheid,provenance/netherlands_population_density_manifest.json,country_local
netherlands,population_density,2023,2023-01-01,cbs-gemeentelijke-indeling-2023,municipality,0431,GM0431,Oostzaan,841,people_per_km2_land,CBS StatLine 70072NED Bevolkingsdichtheid,provenance/netherlands_population_density_manifest.json,country_local
netherlands,population_density,2023,2023-01-01,cbs-gemeentelijke-indeling-2023,municipality,0432,GM0432,Opmeer,294,people_per_km2_land,CBS StatLine 70072NED Bevolkingsdichtheid,provenance/netherlands_population_density_manifest.json,country_local
netherlands,population_density,2023,2023-01-01,cbs-gemeentelijke-indeling-2023,municipality,0437,GM0437,Ouder-Amstel,596,people_per_km2_land,CBS StatLine 70072NED Bevolkingsdichtheid,provenance/netherlands_population_density_manifest.json,country_local
netherlands,population_density,2023,2023-01-01,cbs-gemeentelijke-indeling-2023,municipality,0439,GM0439,Purmerend,1004,people_per_km2_land,CBS StatLine 70072NED Bevolkingsdichtheid,provenance/netherlands_population_density_manifest.json,country_local
netherlands,population_density,2023,2023-01-01,cbs-gemeentelijke-indeling-2023,municipality,0441,GM0441,Schagen,282,people_per_km2_land,CBS StatLine 70072NED Bevolkingsdichtheid,provenance/netherlands_population_density_manifest.json,country_local
netherlands,population_density,2023,2023-01-01,cbs-gemeentelijke-indeling-2023,municipality,0448,GM0448,Texel,86,people_per_km2_land,CBS StatLine 70072NED Bevolkingsdichtheid,provenance/netherlands_population_density_manifest.json,country_local
netherlands,population_density,2023,2023-01-01,cbs-gemeentelijke-indeling-2023,municipality,0450,GM0450,Uitgeest,703,people_per_km2_land,CBS StatLine 70072NED Bevolkingsdichtheid,provenance/netherlands_population_density_manifest.json,country_local
netherlands,population_density,2023,2023-01-01,cbs-gemeentelijke-indeling-2023,municipality,0451,GM0451,Uithoorn,1735,people_per_km2_land,CBS StatLine 70072NED Bevolkingsdichtheid,provenance/netherlands_population_density_manifest.json,country_local
netherlands,population_density,2023,2023-01-01,cbs-gemeentelijke-indeling-2023,municipality,0453,GM0453,Velsen,1528,people_per_km2_land,CBS StatLine 70072NED Bevolkingsdichtheid,provenance/netherlands_population_density_manifest.json,country_local
netherlands,population_density,2023,2023-01-01,cbs-gemeentelijke-indeling-2023,municipality,0473,GM0473,Zandvoort,547,people_per_km2_land,CBS StatLine 70072NED Bevolkingsdichtheid,provenance/netherlands_population_density_manifest.json,country_local
netherlands,population_density,2023,2023-01-01,cbs-gemeentelijke-indeling-2023,municipality,0479,GM0479,Zaanstad,2165,people_per_km2_land,CBS StatLine 70072NED Bevolkingsdichtheid,provenance/netherlands_population_density_manifest.json,country_local
netherlands,population_density,2023,2023-01-01,cbs-gemeentelijke-indeling-2023,municipality,0482,GM0482,Alblasserdam,2320,people_per_km2_land,CBS StatLine 70072NED Bevolkingsdichtheid,provenance/netherlands_population_density_manifest.json,country_local
netherlands,population_density,2023,2023-01-01,cbs-gemeentelijke-indeling-2023,municipality,0484,GM0484,Alphen aan den Rijn,907,people_per_km2_land,CBS StatLine 70072NED Bevolkingsdichtheid,provenance/netherlands_population_density_manifest.json,country_local
netherlands,population_density,2023,2023-01-01,cbs-gemeentelijke-indeling-2023,municipality,0489,GM0489,Barendrecht,2493,people_per_km2_land,CBS StatLine 70072NED Bevolkingsdichtheid,provenance/netherlands_population_density_manifest.json,country_local
netherlands,population_density,2023,2023-01-01,cbs-gemeentelijke-indeling-2023,municipality,0498,GM0498,Drechterland,346,people_per_km2_land,CBS StatLine 70072NED Bevolkingsdichtheid,provenance/netherlands_population_density_manifest.json,country_local
netherlands,population_density,2023,2023-01-01,cbs-gemeentelijke-indeling-2023,municipality,0502,GM0502,Capelle aan den IJssel,4777,people_per_km2_land,CBS StatLine 70072NED Bevolkingsdichtheid,provenance/netherlands_population_density_manifest.json,country_local
netherlands,population_density,2023,2023-01-01,cbs-gemeentelijke-indeling-2023,municipality,0503,GM0503,Delft,4681,people_per_km2_land,CBS StatLine 70072NED Bevolkingsdichtheid,provenance/netherlands_population_density_manifest.json,country_local
netherlands,population_density,2023,2023-01-01,cbs-gemeentelijke-indeling-2023,municipality,0505,GM0505,Dordrecht,1566,people_per_km2_land,CBS StatLine 70072NED Bevolkingsdichtheid,provenance/netherlands_population_density_manifest.json,country_local
netherlands,population_density,2023,2023-01-01,cbs-gemeentelijke-indeling-2023,municipality,0512,GM0512,Gorinchem,2055,people_per_km2_land,CBS StatLine 70072NED Bevolkingsdichtheid,provenance/netherlands_population_density_manifest.json,country_local
netherlands,population_density,2023,2023-01-01,cbs-gemeentelijke-indeling-2023,municipality,0513,GM0513,Gouda,4565,people_per_km2_land,CBS StatLine 70072NED Bevolkingsdichtheid,provenance/netherlands_population_density_manifest.json,country_local
netherlands,population_density,2023,2023-01-01,cbs-gemeentelijke-indeling-2023,municipality,0518,GM0518,'s-Gravenhage,6827,people_per_km2_land,CBS StatLine 70072NED Bevolkingsdichtheid,provenance/netherlands_population_density_manifest.json,country_local
netherlands,population_density,2023,2023-01-01,cbs-gemeentelijke-indeling-2023,municipality,0523,GM0523,Hardinxveld-Giessendam,1108,people_per_km2_land,CBS StatLine 70072NED Bevolkingsdichtheid,provenance/netherlands_population_density_manifest.json,country_local
netherlands,population_density,2023,2023-01-01,cbs-gemeentelijke-indeling-2023,municipality,0531,GM0531,Hendrik-Ido-Ambacht,3159,people_per_km2_land,CBS StatLine 70072NED Bevolkingsdichtheid,provenance/netherlands_population_density_manifest.json,country_local
netherlands,population_density,2023,2023-01-01,cbs-gemeentelijke-indeling-2023,municipality,0532,GM0532,Stede Broec,1529,people_per_km2_land,CBS StatLine 70072NED Bevolkingsdichtheid,provenance/netherlands_population_density_manifest.json,country_local
netherlands,population_density,2023,2023-01-01,cbs-gemeentelijke-indeling-2023,municipality,0534,GM0534,Hillegom,1747,people_per_km2_land,CBS StatLine 70072NED Bevolkingsdichtheid,provenance/netherlands_population_density_manifest.json,country_local
netherlands,population_density,2023,2023-01-01,cbs-gemeentelijke-indeling-2023,municipality,0537,GM0537,Katwijk,2685,people_per_km2_land,CBS StatLine 70072NED Bevolkingsdichtheid,provenance/netherlands_population_density_manifest.json,country_local
netherlands,population_density,2023,2023-01-01,cbs-gemeentelijke-indeling-2023,municipality,0542,GM0542,Krimpen aan den IJssel,3845,people_per_km2_land,CBS StatLine 70072NED Bevolkingsdichtheid,provenance/netherlands_population_density_manifest.json,country_local
netherlands,population_density,2023,2023-01-01,cbs-gemeentelijke-indeling-2023,municipality,0546,GM0546,Leiden,5816,people_per_km2_land,CBS StatLine 70072NED Bevolkingsdichtheid,provenance/netherlands_population_density_manifest.json,country_local
netherlands,population_density,2023,2023-01-01,cbs-gemeentelijke-indeling-2023,municipality,0547,GM0547,Leiderdorp,2406,people_per_km2_land,CBS StatLine 70072NED Bevolkingsdichtheid,provenance/netherlands_population_density_manifest.json,country_local
netherlands,population_density,2023,2023-01-01,cbs-gemeentelijke-indeling-2023,municipality,0553,GM0553,Lisse,1490,people_per_km2_land,CBS StatLine 70072NED Bevolkingsdichtheid,provenance/netherlands_population_density_manifest.json,country_local
netherlands,population_density,2023,2023-01-01,cbs-gemeentelijke-indeling-2023,municipality,0556,GM0556,Maassluis,4180,people_per_km2_land,CBS StatLine 70072NED Bevolkingsdichtheid,provenance/netherlands_population_density_manifest.json,country_local
netherlands,population_density,2023,2023-01-01,cbs-gemeentelijke-indeling-2023,municipality,0569,GM0569,Nieuwkoop,375,people_per_km2_land,CBS StatLine 70072NED Bevolkingsdichtheid,provenance/netherlands_population_density_manifest.json,country_local
netherlands,population_density,2023,2023-01-01,cbs-gemeentelijke-indeling-2023,municipality,0575,GM0575,Noordwijk,774,people_per_km2_land,CBS StatLine 70072NED Bevolkingsdichtheid,provenance/netherlands_population_density_manifest.json,country_local
netherlands,population_density,2023,2023-01-01,cbs-gemeentelijke-indeling-2023,municipality,0579,GM0579,Oegstgeest,3530,people_per_km2_land,CBS StatLine 70072NED Bevolkingsdichtheid,provenance/netherlands_population_density_manifest.json,country_local
netherlands,population_density,2023,2023-01-01,cbs-gemeentelijke-indeling-2023,municipality,0589,GM0589,Oudewater,263,people_per_km2_land,CBS StatLine 70072NED Bevolkingsdichtheid,provenance/netherlands_population_density_manifest.json,country_local
netherlands,population_density,2023,2023-01-01,cbs-gemeentelijke-indeling-2023,municipality,0590,GM0590,Papendrecht,3428,people_per_km2_land,CBS StatLine 70072NED Bevolkingsdichtheid,provenance/netherlands_population_density_manifest.json,country_local
netherlands,population_density,2023,2023-01-01,cbs-gemeentelijke-indeling-2023,municipality,0597,GM0597,Ridderkerk,2022,people_per_km2_land,CBS StatLine 70072NED Bevolkingsdichtheid,provenance/netherlands_population_density_manifest.json,country_local
netherlands,population_density,2023,2023-01-01,cbs-gemeentelijke-indeling-2023,municipality,0599,GM0599,Rotterdam,3040,people_per_km2_land,CBS StatLine 70072NED Bevolkingsdichtheid,provenance/netherlands_population_density_manifest.json,country_local
netherlands,population_density,2023,2023-01-01,cbs-gemeentelijke-indeling-2023,municipality,0603,GM0603,Rijswijk,4150,people_per_km2_land,CBS StatLine 70072NED Bevolkingsdichtheid,provenance/netherlands_population_density_manifest.json,country_local
netherlands,population_density,2023,2023-01-01,cbs-gemeentelijke-indeling-2023,municipality,0606,GM0606,Schiedam,4528,people_per_km2_land,CBS StatLine 70072NED Bevolkingsdichtheid,provenance/netherlands_population_density_manifest.json,country_local
netherlands,population_density,2023,2023-01-01,cbs-gemeentelijke-indeling-2023,municipality,0610,GM0610,Sliedrecht,2038,people_per_km2_land,CBS StatLine 70072NED Bevolkingsdichtheid,provenance/netherlands_population_density_manifest.json,country_local
netherlands,population_density,2023,2023-01-01,cbs-gemeentelijke-indeling-2023,municipality,0613,GM0613,Albrandswaard,1217,people_per_km2_land,CBS StatLine 70072NED Bevolkingsdichtheid,provenance/netherlands_population_density_manifest.json,country_local
netherlands,population_density,2023,2023-01-01,cbs-gemeentelijke-indeling-2023,municipality,0622,GM0622,Vlaardingen,3214,people_per_km2_land,CBS StatLine 70072NED Bevolkingsdichtheid,provenance/netherlands_population_density_manifest.json,country_local
netherlands,population_density,2023,2023-01-01,cbs-gemeentelijke-indeling-2023,municipality,0626,GM0626,Voorschoten,2309,people_per_km2_land,CBS StatLine 70072NED Bevolkingsdichtheid,provenance/netherlands_population_density_manifest.json,country_local
netherlands,population_density,2023,2023-01-01,cbs-gemeentelijke-indeling-2023,municipality,0627,GM0627,Waddinxveen,1175,people_per_km2_land,CBS StatLine 70072NED Bevolkingsdichtheid,provenance/netherlands_population_density_manifest.json,country_local
netherlands,population_density,2023,2023-01-01,cbs-gemeentelijke-indeling-2023,municipality,0629,GM0629,Wassenaar,529,people_per_km2_land,CBS StatLine 70072NED Bevolkingsdichtheid,provenance/netherlands_population_density_manifest.json,country_local
netherlands,population_density,2023,2023-01-01,cbs-gemeentelijke-indeling-2023,municipality,0632,GM0632,Woerden,601,people_per_km2_land,CBS StatLine 70072NED Bevolkingsdichtheid,provenance/netherlands_population_density_manifest.json,country_local
netherlands,population_density,2023,2023-01-01,cbs-gemeentelijke-indeling-2023,municipality,0637,GM0637,Zoetermeer,3689,people_per_km2_land,CBS StatLine 70072NED Bevolkingsdichtheid,provenance/netherlands_population_density_manifest.json,country_local
netherlands,population_density,2023,2023-01-01,cbs-gemeentelijke-indeling-2023,municipality,0638,GM0638,Zoeterwoude,446,people_per_km2_land,CBS StatLine 70072NED Bevolkingsdichtheid,provenance/netherlands_population_density_manifest.json,country_local
netherlands,population_density,2023,2023-01-01,cbs-gemeentelijke-indeling-2023,municipality,0642,GM0642,Zwijndrecht,2217,people_per_km2_land,CBS StatLine 70072NED Bevolkingsdichtheid,provenance/netherlands_population_density_manifest.json,country_local
netherlands,population_density,2023,2023-01-01,cbs-gemeentelijke-indeling-2023,municipality,0654,GM0654,Borsele,164,people_per_km2_land,CBS StatLine 70072NED Bevolkingsdichtheid,provenance/netherlands_population_density_manifest.json,country_local
netherlands,population_density,2023,2023-01-01,cbs-gemeentelijke-indeling-2023,municipality,0664,GM0664,Goes,426,people_per_km2_land,CBS StatLine 70072NED Bevolkingsdichtheid,provenance/netherlands_population_density_manifest.json,country_local
netherlands,population_density,2023,2023-01-01,cbs-gemeentelijke-indeling-2023,municipality,0668,GM0668,West Maas en Waal,263,people_per_km2_land,CBS StatLine 70072NED Bevolkingsdichtheid,provenance/netherlands_population_density_manifest.json,country_local
netherlands,population_density,2023,2023-01-01,cbs-gemeentelijke-indeling-2023,municipality,0677,GM0677,Hulst,137,people_per_km2_land,CBS StatLine 70072NED Bevolkingsdichtheid,provenance/netherlands_population_density_manifest.json,country_local
netherlands,population_density,2023,2023-01-01,cbs-gemeentelijke-indeling-2023,municipality,0678,GM0678,Kapelle,351,people_per_km2_land,CBS StatLine 70072NED Bevolkingsdichtheid,provenance/netherlands_population_density_manifest.json,country_local
netherlands,population_density,2023,2023-01-01,cbs-gemeentelijke-indeling-2023,municipality,0687,GM0687,Middelburg,1033,people_per_km2_land,CBS StatLine 70072NED Bevolkingsdichtheid,provenance/netherlands_population_density_manifest.json,country_local
netherlands,population_density,2023,2023-01-01,cbs-gemeentelijke-indeling-2023,municipality,0703,GM0703,Reimerswaal,229,people_per_km2_land,CBS StatLine 70072NED Bevolkingsdichtheid,provenance/netherlands_population_density_manifest.json,country_local
netherlands,population_density,2023,2023-01-01,cbs-gemeentelijke-indeling-2023,municipality,0715,GM0715,Terneuzen,220,people_per_km2_land,CBS StatLine 70072NED Bevolkingsdichtheid,provenance/netherlands_population_density_manifest.json,country_local
netherlands,population_density,2023,2023-01-01,cbs-gemeentelijke-indeling-2023,municipality,0716,GM0716,Tholen,183,people_per_km2_land,CBS StatLine 70072NED Bevolkingsdichtheid,provenance/netherlands_population_density_manifest.json,country_local
netherlands,population_density,2023,2023-01-01,cbs-gemeentelijke-indeling-2023,municipality,0717,GM0717,Veere,166,people_per_km2_land,CBS StatLine 70072NED Bevolkingsdichtheid,provenance/netherlands_population_density_manifest.json,country_local
netherlands,population_density,2023,2023-01-01,cbs-gemeentelijke-indeling-2023,municipality,0718,GM0718,Vlissingen,1314,people_per_km2_land,CBS StatLine 70072NED Bevolkingsdichtheid,provenance/netherlands_population_density_manifest.json,country_local
netherlands,population_density,2023,2023-01-01,cbs-gemeentelijke-indeling-2023,municipality,0736,GM0736,De Ronde Venen,457,people_per_km2_land,CBS StatLine 70072NED Bevolkingsdichtheid,provenance/netherlands_population_density_manifest.json,country_local
netherlands,population_density,2023,2023-01-01,cbs-gemeentelijke-indeling-2023,municipality,0737,GM0737,Tytsjerksteradiel,218,people_per_km2_land,CBS StatLine 70072NED Bevolkingsdichtheid,provenance/netherlands_population_density_manifest.json,country_local
netherlands,population_density,2023,2023-01-01,cbs-gemeentelijke-indeling-2023,municipality,0743,GM0743,Asten,246,people_per_km2_land,CBS StatLine 70072NED Bevolkingsdichtheid,provenance/netherlands_population_density_manifest.json,country_local
netherlands,population_density,2023,2023-01-01,cbs-gemeentelijke-indeling-2023,municipality,0744,GM0744,Baarle-Nassau,93,people_per_km2_land,CBS StatLine 70072NED Bevolkingsdichtheid,provenance/netherlands_population_density_manifest.json,country_local
netherlands,population_density,2023,2023-01-01,cbs-gemeentelijke-indeling-2023,municipality,0748,GM0748,Bergen op Zoom,861,people_per_km2_land,CBS StatLine 70072NED Bevolkingsdichtheid,provenance/netherlands_population_density_manifest.json,country_local
netherlands,population_density,2023,2023-01-01,cbs-gemeentelijke-indeling-2023,municipality,0753,GM0753,Best,912,people_per_km2_land,CBS StatLine 70072NED Bevolkingsdichtheid,provenance/netherlands_population_density_manifest.json,country_local
netherlands,population_density,2023,2023-01-01,cbs-gemeentelijke-indeling-2023,municipality,0755,GM0755,Boekel,324,people_per_km2_land,CBS StatLine 70072NED Bevolkingsdichtheid,provenance/netherlands_population_density_manifest.json,country_local
netherlands,population_density,2023,2023-01-01,cbs-gemeentelijke-indeling-2023,municipality,0757,GM0757,Boxtel,489,people_per_km2_land,CBS StatLine 70072NED Bevolkingsdichtheid,provenance/netherlands_population_density_manifest.json,country_local
netherlands,population_density,2023,2023-01-01,cbs-gemeentelijke-indeling-2023,municipality,0758,GM0758,Breda,1483,people_per_km2_land,CBS StatLine 70072NED Bevolkingsdichtheid,provenance/netherlands_population_density_manifest.json,country_local
netherlands,population_density,2023,2023-01-01,cbs-gemeentelijke-indeling-2023,municipality,0762,GM0762,Deurne,282,people_per_km2_land,CBS StatLine 70072NED Bevolkingsdichtheid,provenance/netherlands_population_density_manifest.json,country_local
netherlands,population_density,2023,2023-01-01,cbs-gemeentelijke-indeling-2023,municipality,0765,GM0765,Pekela,253,people_per_km2_land,CBS StatLine 70072NED Bevolkingsdichtheid,provenance/netherlands_population_density_manifest.json,country_local
netherlands,population_density,2023,2023-01-01,cbs-gemeentelijke-indeling-2023,municipality,0766,GM0766,Dongen,930,people_per_km2_land,CBS StatLine 70072NED Bevolkingsdichtheid,provenance/netherlands_population_density_manifest.json,country_local
netherlands,population_density,2023,2023-01-01,cbs-gemeentelijke-indeling-2023,municipality,0770,GM0770,Eersel,243,people_per_km2_land,CBS StatLine 70072NED Bevolkingsdichtheid,provenance/netherlands_population_density_manifest.json,country_local
netherlands,population_density,2023,2023-01-01,cbs-gemeentelijke-indeling-2023,municipality,0772,GM0772,Eindhoven,2769,people_per_km2_land,CBS StatLine 70072NED Bevolkingsdichtheid,provenance/netherlands_population_density_manifest.json,country_local
netherlands,population_density,2023,2023-01-01,cbs-gemeentelijke-indeling-2023,municipality,0777,GM0777,Etten-Leur,806,people_per_km2_land,CBS StatLine 70072NED Bevolkingsdichtheid,provenance/netherlands_population_density_manifest.json,country_local
netherlands,population_density,2023,2023-01-01,cbs-gemeentelijke-indeling-2023,municipality,0779,GM0779,Geertruidenberg,831,people_per_km2_land,CBS StatLine 70072NED Bevolkingsdichtheid,provenance/netherlands_population_density_manifest.json,country_local
netherlands,population_density,2023,2023-01-01,cbs-gemeentelijke-indeling-2023,municipality,0784,GM0784,Gilze en Rijen,410,people_per_km2_land,CBS StatLine 70072NED Bevolkingsdichtheid,provenance/netherlands_population_density_manifest.json,country_local
netherlands,population_density,2023,2023-01-01,cbs-gemeentelijke-indeling-2023,municipality,0785,GM0785,Goirle,563,people_per_km2_land,CBS StatLine 70072NED Bevolkingsdichtheid,provenance/netherlands_population_density_manifest.json,country_local
netherlands,population_density,2023,2023-01-01,cbs-gemeentelijke-indeling-2023,municipality,0794,GM0794,Helmond,1785,people_per_km2_land,CBS StatLine 70072NED Bevolkingsdichtheid,provenance/netherlands_population_density_manifest.json,country_local
netherlands,population_density,2023,2023-01-01,cbs-gemeentelijke-indeling-2023,municipality,0796,GM0796,'s-Hertogenbosch,1450,people_per_km2_land,CBS StatLine 70072NED Bevolkingsdichtheid,provenance/netherlands_population_density_manifest.json,country_local
netherlands,population_density,2023,2023-01-01,cbs-gemeentelijke-indeling-2023,municipality,0797,GM0797,Heusden,581,people_per_km2_land,CBS StatLine 70072NED Bevolkingsdichtheid,provenance/netherlands_population_density_manifest.json,country_local
netherlands,population_density,2023,2023-01-01,cbs-gemeentelijke-indeling-2023,municipality,0798,GM0798,Hilvarenbeek,168,people_per_km2_land,CBS StatLine 70072NED Bevolkingsdichtheid,provenance/netherlands_population_density_manifest.json,country_local
netherlands,population_density,2023,2023-01-01,cbs-gemeentelijke-indeling-2023,municipality,0809,GM0809,Loon op Zand,477,people_per_km2_land,CBS StatLine 70072NED Bevolkingsdichtheid,provenance/netherlands_population_density_manifest.json,country_local
netherlands,population_density,2023,2023-01-01,cbs-gemeentelijke-indeling-2023,municipality,0820,GM0820,"Nuenen, Gerwen en Nederwetten",714,people_per_km2_land,CBS StatLine 70072NED Bevolkingsdichtheid,provenance/netherlands_population_density_manifest.json,country_local
netherlands,population_density,2023,2023-01-01,cbs-gemeentelijke-indeling-2023,municipality,0823,GM0823,Oirschot,189,people_per_km2_land,CBS StatLine 70072NED Bevolkingsdichtheid,provenance/netherlands_population_density_manifest.json,country_local
netherlands,population_density,2023,2023-01-01,cbs-gemeentelijke-indeling-2023,municipality,0824,GM0824,Oisterwijk,411,people_per_km2_land,CBS StatLine 70072NED Bevolkingsdichtheid,provenance/netherlands_population_density_manifest.json,country_local
netherlands,population_density,2023,2023-01-01,cbs-gemeentelijke-indeling-2023,municipality,0826,GM0826,Oosterhout,804,people_per_km2_land,CBS StatLine 70072NED Bevolkingsdichtheid,provenance/netherlands_population_density_manifest.json,country_local
netherlands,population_density,2023,2023-01-01,cbs-gemeentelijke-indeling-2023,municipality,0828,GM0828,Oss,583,people_per_km2_land,CBS StatLine 70072NED Bevolkingsdichtheid,provenance/netherlands_population_density_manifest.json,country_local
netherlands,population_density,2023,2023-01-01,cbs-gemeentelijke-indeling-2023,municipality,0840,GM0840,Rucphen,367,people_per_km2_land,CBS StatLine 70072NED Bevolkingsdichtheid,provenance/netherlands_population_density_manifest.json,country_local
netherlands,population_density,2023,2023-01-01,cbs-gemeentelijke-indeling-2023,municipality,0845,GM0845,Sint-Michielsgestel,516,people_per_km2_land,CBS StatLine 70072NED Bevolkingsdichtheid,provenance/netherlands_population_density_manifest.json,country_local
netherlands,population_density,2023,2023-01-01,cbs-gemeentelijke-indeling-2023,municipality,0847,GM0847,Someren,250,people_per_km2_land,CBS StatLine 70072NED Bevolkingsdichtheid,provenance/netherlands_population_density_manifest.json,country_local
netherlands,population_density,2023,2023-01-01,cbs-gemeentelijke-indeling-2023,municipality,0848,GM0848,Son en Breugel,694,people_per_km2_land,CBS StatLine 70072NED Bevolkingsdichtheid,provenance/netherlands_population_density_manifest.json,country_local
netherlands,population_density,2023,2023-01-01,cbs-gemeentelijke-indeling-2023,municipality,0851,GM0851,Steenbergen,168,people_per_km2_land,CBS StatLine 70072NED Bevolkingsdichtheid,provenance/netherlands_population_density_manifest.json,country_local
netherlands,population_density,2023,2023-01-01,cbs-gemeentelijke-indeling-2023,municipality,0852,GM0852,Waterland,339,people_per_km2_land,CBS StatLine 70072NED Bevolkingsdichtheid,provenance/netherlands_population_density_manifest.json,country_local
netherlands,population_density,2023,2023-01-01,cbs-gemeentelijke-indeling-2023,municipality,0855,GM0855,Tilburg,1809,people_per_km2_land,CBS StatLine 70072NED Bevolkingsdichtheid,provenance/netherlands_population_density_manifest.json,country_local
netherlands,population_density,2023,2023-01-01,cbs-gemeentelijke-indeling-2023,municipality,0858,GM0858,Valkenswaard,574,people_per_km2_land,CBS StatLine 70072NED Bevolkingsdichtheid,provenance/netherlands_population_density_manifest.json,country_local
netherlands,population_density,2023,2023-01-01,cbs-gemeentelijke-indeling-2023,municipality,0861,GM0861,Veldhoven,1465,people_per_km2_land,CBS StatLine 70072NED Bevolkingsdichtheid,provenance/netherlands_population_density_manifest.json,country_local
netherlands,population_density,2023,2023-01-01,cbs-gemeentelijke-indeling-2023,municipality,0865,GM0865,Vught,535,people_per_km2_land,CBS StatLine 70072NED Bevolkingsdichtheid,provenance/netherlands_population_density_manifest.json,country_local
netherlands,population_density,2023,2023-01-01,cbs-gemeentelijke-indeling-2023,municipality,0866,GM0866,Waalre,803,people_per_km2_land,CBS StatLine 70072NED Bevolkingsdichtheid,provenance/netherlands_population_density_manifest.json,country_local
netherlands,population_density,2023,2023-01-01,cbs-gemeentelijke-indeling-2023,municipality,0867,GM0867,Waalwijk,774,people_per_km2_land,CBS StatLine 70072NED Bevolkingsdichtheid,provenance/netherlands_population_density_manifest.json,country_local
netherlands,population_density,2023,2023-01-01,cbs-gemeentelijke-indeling-2023,municipality,0873,GM0873,Woensdrecht,242,people_per_km2_land,CBS StatLine 70072NED Bevolkingsdichtheid,provenance/netherlands_population_density_manifest.json,country_local
netherlands,population_density,2023,2023-01-01,cbs-gemeentelijke-indeling-2023,municipality,0879,GM0879,Zundert,187,people_per_km2_land,CBS StatLine 70072NED Bevolkingsdichtheid,provenance/netherlands_population_density_manifest.json,country_local
netherlands,population_density,2023,2023-01-01,cbs-gemeentelijke-indeling-2023,municipality,0880,GM0880,Wormerland,431,people_per_km2_land,CBS StatLine 70072NED Bevolkingsdichtheid,provenance/netherlands_population_density_manifest.json,country_local
netherlands,population_density,2023,2023-01-01,cbs-gemeentelijke-indeling-2023,municipality,0882,GM0882,Landgraaf,1512,people_per_km2_land,CBS StatLine 70072NED Bevolkingsdichtheid,provenance/netherlands_population_density_manifest.json,country_local
netherlands,population_density,2023,2023-01-01,cbs-gemeentelijke-indeling-2023,municipality,0888,GM0888,Beek,766,people_per_km2_land,CBS StatLine 70072NED Bevolkingsdichtheid,provenance/netherlands_population_density_manifest.json,country_local
netherlands,population_density,2023,2023-01-01,cbs-gemeentelijke-indeling-2023,municipality,0889,GM0889,Beesel,482,people_per_km2_land,CBS StatLine 70072NED Bevolkingsdichtheid,provenance/netherlands_population_density_manifest.json,country_local
netherlands,population_density,2023,2023-01-01,cbs-gemeentelijke-indeling-2023,municipality,0893,GM0893,Bergen (L.),127,people_per_km2_land,CBS StatLine 70072NED Bevolkingsdichtheid,provenance/netherlands_population_density_manifest.json,country_local
netherlands,population_density,2023,2023-01-01,cbs-gemeentelijke-indeling-2023,municipality,0899,GM0899,Brunssum,1606,people_per_km2_land,CBS StatLine 70072NED Bevolkingsdichtheid,provenance/netherlands_population_density_manifest.json,country_local
netherlands,population_density,2023,2023-01-01,cbs-gemeentelijke-indeling-2023,municipality,0907,GM0907,Gennep,373,people_per_km2_land,CBS StatLine 70072NED Bevolkingsdichtheid,provenance/netherlands_population_density_manifest.json,country_local
netherlands,population_density,2023,2023-01-01,cbs-gemeentelijke-indeling-2023,municipality,0917,GM0917,Heerlen,1940,people_per_km2_land,CBS StatLine 70072NED Bevolkingsdichtheid,provenance/netherlands_population_density_manifest.json,country_local
netherlands,population_density,2023,2023-01-01,cbs-gemeentelijke-indeling-2023,municipality,0928,GM0928,Kerkrade,2082,people_per_km2_land,CBS StatLine 70072NED Bevolkingsdichtheid,provenance/netherlands_population_density_manifest.json,country_local
netherlands,population_density,2023,2023-01-01,cbs-gemeentelijke-indeling-2023,municipality,0935,GM0935,Maastricht,2200,people_per_km2_land,CBS StatLine 70072NED Bevolkingsdichtheid,provenance/netherlands_population_density_manifest.json,country_local
netherlands,population_density,2023,2023-01-01,cbs-gemeentelijke-indeling-2023,municipality,0938,GM0938,Meerssen,696,people_per_km2_land,CBS StatLine 70072NED Bevolkingsdichtheid,provenance/netherlands_population_density_manifest.json,country_local
netherlands,population_density,2023,2023-01-01,cbs-gemeentelijke-indeling-2023,municipality,0944,GM0944,Mook en Middelaar,463,people_per_km2_land,CBS StatLine 70072NED Bevolkingsdichtheid,provenance/netherlands_population_density_manifest.json,country_local
netherlands,population_density,2023,2023-01-01,cbs-gemeentelijke-indeling-2023,municipality,0946,GM0946,Nederweert,175,people_per_km2_land,CBS StatLine 70072NED Bevolkingsdichtheid,provenance/netherlands_population_density_manifest.json,country_local
netherlands,population_density,2023,2023-01-01,cbs-gemeentelijke-indeling-2023,municipality,0957,GM0957,Roermond,989,people_per_km2_land,CBS StatLine 70072NED Bevolkingsdichtheid,provenance/netherlands_population_density_manifest.json,country_local
netherlands,population_density,2023,2023-01-01,cbs-gemeentelijke-indeling-2023,municipality,0965,GM0965,Simpelveld,649,people_per_km2_land,CBS StatLine 70072NED Bevolkingsdichtheid,provenance/netherlands_population_density_manifest.json,country_local
netherlands,population_density,2023,2023-01-01,cbs-gemeentelijke-indeling-2023,municipality,0971,GM0971,Stein,1184,people_per_km2_land,CBS StatLine 70072NED Bevolkingsdichtheid,provenance/netherlands_population_density_manifest.json,country_local
netherlands,population_density,2023,2023-01-01,cbs-gemeentelijke-indeling-2023,municipality,0981,GM0981,Vaals,427,people_per_km2_land,CBS StatLine 70072NED Bevolkingsdichtheid,provenance/netherlands_population_density_manifest.json,country_local
netherlands,population_density,2023,2023-01-01,cbs-gemeentelijke-indeling-2023,municipality,0983,GM0983,Venlo,832,people_per_km2_land,CBS StatLine 70072NED Bevolkingsdichtheid,provenance/netherlands_population_density_manifest.json,country_local
netherlands,population_density,2023,2023-01-01,cbs-gemeentelijke-indeling-2023,municipality,0984,GM0984,Venray,273,people_per_km2_land,CBS StatLine 70072NED Bevolkingsdichtheid,provenance/netherlands_population_density_manifest.json,country_local
netherlands,population_density,2023,2023-01-01,cbs-gemeentelijke-indeling-2023,municipality,0986,GM0986,Voerendaal,394,people_per_km2_land,CBS StatLine 70072NED Bevolkingsdichtheid,provenance/netherlands_population_density_manifest.json,country_local
netherlands,population_density,2023,2023-01-01,cbs-gemeentelijke-indeling-2023,municipality,0988,GM0988,Weert,488,people_per_km2_land,CBS StatLine 70072NED Bevolkingsdichtheid,provenance/netherlands_population_density_manifest.json,country_local
netherlands,population_density,2023,2023-01-01,cbs-gemeentelijke-indeling-2023,municipality,0994,GM0994,Valkenburg aan de Geul,447,people_per_km2_land,CBS StatLine 70072NED Bevolkingsdichtheid,provenance/netherlands_population_density_manifest.json,country_local
netherlands,population_density,2023,2023-01-01,cbs-gemeentelijke-indeling-2023,municipality,0995,GM0995,Lelystad,363,people_per_km2_land,CBS StatLine 70072NED Bevolkingsdichtheid,provenance/netherlands_population_density_manifest.json,country_local
netherlands,population_density,2023,2023-01-01,cbs-gemeentelijke-indeling-2023,municipality,1507,GM1507,Horst aan de Maas,231,people_per_km2_land,CBS StatLine 70072NED Bevolkingsdichtheid,provenance/netherlands_population_density_manifest.json,country_local
netherlands,population_density,2023,2023-01-01,cbs-gemeentelijke-indeling-2023,municipality,1509,GM1509,Oude IJsselstreek,291,people_per_km2_land,CBS StatLine 70072NED Bevolkingsdichtheid,provenance/netherlands_population_density_manifest.json,country_local
netherlands,population_density,2023,2023-01-01,cbs-gemeentelijke-indeling-2023,municipality,1525,GM1525,Teylingen,1360,people_per_km2_land,CBS StatLine 70072NED Bevolkingsdichtheid,provenance/netherlands_population_density_manifest.json,country_local
netherlands,population_density,2023,2023-01-01,cbs-gemeentelijke-indeling-2023,municipality,1581,GM1581,Utrechtse Heuvelrug,382,people_per_km2_land,CBS StatLine 70072NED Bevolkingsdichtheid,provenance/netherlands_population_density_manifest.json,country_local
netherlands,population_density,2023,2023-01-01,cbs-gemeentelijke-indeling-2023,municipality,1586,GM1586,Oost Gelre,271,people_per_km2_land,CBS StatLine 70072NED Bevolkingsdichtheid,provenance/netherlands_population_density_manifest.json,country_local
netherlands,population_density,2023,2023-01-01,cbs-gemeentelijke-indeling-2023,municipality,1598,GM1598,Koggenland,293,people_per_km2_land,CBS StatLine 70072NED Bevolkingsdichtheid,provenance/netherlands_population_density_manifest.json,country_local
netherlands,population_density,2023,2023-01-01,cbs-gemeentelijke-indeling-2023,municipality,1621,GM1621,Lansingerland,1216,people_per_km2_land,CBS StatLine 70072NED Bevolkingsdichtheid,provenance/netherlands_population_density_manifest.json,country_local
netherlands,population_density,2023,2023-01-01,cbs-gemeentelijke-indeling-2023,municipality,1640,GM1640,Leudal,222,people_per_km2_land,CBS StatLine 70072NED Bevolkingsdichtheid,provenance/netherlands_population_density_manifest.json,country_local
netherlands,population_density,2023,2023-01-01,cbs-gemeentelijke-indeling-2023,municipality,1641,GM1641,Maasgouw,532,people_per_km2_land,CBS StatLine 70072NED Bevolkingsdichtheid,provenance/netherlands_population_density_manifest.json,country_local
netherlands,population_density,2023,2023-01-01,cbs-gemeentelijke-indeling-2023,municipality,1652,GM1652,Gemert-Bakel,257,people_per_km2_land,CBS StatLine 70072NED Bevolkingsdichtheid,provenance/netherlands_population_density_manifest.json,country_local
netherlands,population_density,2023,2023-01-01,cbs-gemeentelijke-indeling-2023,municipality,1655,GM1655,Halderberge,417,people_per_km2_land,CBS StatLine 70072NED Bevolkingsdichtheid,provenance/netherlands_population_density_manifest.json,country_local
netherlands,population_density,2023,2023-01-01,cbs-gemeentelijke-indeling-2023,municipality,1658,GM1658,Heeze-Leende,160,people_per_km2_land,CBS StatLine 70072NED Bevolkingsdichtheid,provenance/netherlands_population_density_manifest.json,country_local
netherlands,population_density,2023,2023-01-01,cbs-gemeentelijke-indeling-2023,municipality,1659,GM1659,Laarbeek,420,people_per_km2_land,CBS StatLine 70072NED Bevolkingsdichtheid,provenance/netherlands_population_density_manifest.json,country_local
netherlands,population_density,2023,2023-01-01,cbs-gemeentelijke-indeling-2023,municipality,1667,GM1667,Reusel-De Mierden,174,people_per_km2_land,CBS StatLine 70072NED Bevolkingsdichtheid,provenance/netherlands_population_density_manifest.json,country_local
netherlands,population_density,2023,2023-01-01,cbs-gemeentelijke-indeling-2023,municipality,1669,GM1669,Roerdalen,235,people_per_km2_land,CBS StatLine 70072NED Bevolkingsdichtheid,provenance/netherlands_population_density_manifest.json,country_local
netherlands,population_density,2023,2023-01-01,cbs-gemeentelijke-indeling-2023,municipality,1674,GM1674,Roosendaal,729,people_per_km2_land,CBS StatLine 70072NED Bevolkingsdichtheid,provenance/netherlands_population_density_manifest.json,country_local
netherlands,population_density,2023,2023-01-01,cbs-gemeentelijke-indeling-2023,municipality,1676,GM1676,Schouwen-Duiveland,151,people_per_km2_land,CBS StatLine 70072NED Bevolkingsdichtheid,provenance/netherlands_population_density_manifest.json,country_local
netherlands,population_density,2023,2023-01-01,cbs-gemeentelijke-indeling-2023,municipality,1680,GM1680,Aa en Hunze,93,people_per_km2_land,CBS StatLine 70072NED Bevolkingsdichtheid,provenance/netherlands_population_density_manifest.json,country_local
netherlands,population_density,2023,2023-01-01,cbs-gemeentelijke-indeling-2023,municipality,1681,GM1681,Borger-Odoorn,94,people_per_km2_land,CBS StatLine 70072NED Bevolkingsdichtheid,provenance/netherlands_population_density_manifest.json,country_local
netherlands,population_density,2023,2023-01-01,cbs-gemeentelijke-indeling-2023,municipality,1690,GM1690,De Wolden,110,people_per_km2_land,CBS StatLine 70072NED Bevolkingsdichtheid,provenance/netherlands_population_density_manifest.json,country_local
netherlands,population_density,2023,2023-01-01,cbs-gemeentelijke-indeling-2023,municipality,1695,GM1695,Noord-Beveland,91,people_per_km2_land,CBS StatLine 70072NED Bevolkingsdichtheid,provenance/netherlands_population_density_manifest.json,country_local
netherlands,population_density,2023,2023-01-01,cbs-gemeentelijke-indeling-2023,municipality,1696,GM1696,Wijdemeren,519,people_per_km2_land,CBS StatLine 70072NED Bevolkingsdichtheid,provenance/netherlands_population_density_manifest.json,country_local
netherlands,population_density,2023,2023-01-01,cbs-gemeentelijke-indeling-2023,municipality,1699,GM1699,Noordenveld,159,people_per_km2_land,CBS StatLine 70072NED Bevolkingsdichtheid,provenance/netherlands_population_density_manifest.json,country_local
netherlands,population_density,2023,2023-01-01,cbs-gemeentelijke-indeling-2023,municipality,1700,GM1700,Twenterand,319,people_per_km2_land,CBS StatLine 70072NED Bevolkingsdichtheid,provenance/netherlands_population_density_manifest.json,country_local
netherlands,population_density,2023,2023-01-01,cbs-gemeentelijke-indeling-2023,municipality,1701,GM1701,Westerveld,71,people_per_km2_land,CBS StatLine 70072NED Bevolkingsdichtheid,provenance/netherlands_population_density_manifest.json,country_local
netherlands,population_density,2023,2023-01-01,cbs-gemeentelijke-indeling-2023,municipality,1705,GM1705,Lingewaard,762,people_per_km2_land,CBS StatLine 70072NED Bevolkingsdichtheid,provenance/netherlands_population_density_manifest.json,country_local
netherlands,population_density,2023,2023-01-01,cbs-gemeentelijke-indeling-2023,municipality,1706,GM1706,Cranendonck,273,people_per_km2_land,CBS StatLine 70072NED Bevolkingsdichtheid,provenance/netherlands_population_density_manifest.json,country_local
netherlands,population_density,2023,2023-01-01,cbs-gemeentelijke-indeling-2023,municipality,1708,GM1708,Steenwijkerland,157,people_per_km2_land,CBS StatLine 70072NED Bevolkingsdichtheid,provenance/netherlands_population_density_manifest.json,country_local
netherlands,population_density,2023,2023-01-01,cbs-gemeentelijke-indeling-2023,municipality,1709,GM1709,Moerdijk,237,people_per_km2_land,CBS StatLine 70072NED Bevolkingsdichtheid,provenance/netherlands_population_density_manifest.json,country_local
netherlands,population_density,2023,2023-01-01,cbs-gemeentelijke-indeling-2023,municipality,1711,GM1711,Echt-Susteren,310,people_per_km2_land,CBS StatLine 70072NED Bevolkingsdichtheid,provenance/netherlands_population_density_manifest.json,country_local
netherlands,population_density,2023,2023-01-01,cbs-gemeentelijke-indeling-2023,municipality,1714,GM1714,Sluis,83,people_per_km2_land,CBS StatLine 70072NED Bevolkingsdichtheid,provenance/netherlands_population_density_manifest.json,country_local
netherlands,population_density,2023,2023-01-01,cbs-gemeentelijke-indeling-2023,municipality,1719,GM1719,Drimmelen,295,people_per_km2_land,CBS StatLine 70072NED Bevolkingsdichtheid,provenance/netherlands_population_density_manifest.json,country_local
netherlands,population_density,2023,2023-01-01,cbs-gemeentelijke-indeling-2023,municipality,1721,GM1721,Bernheze,360,people_per_km2_land,CBS StatLine 70072NED Bevolkingsdichtheid,provenance/netherlands_population_density_manifest.json,country_local
netherlands,population_density,2023,2023-01-01,cbs-gemeentelijke-indeling-2023,municipality,1723,GM1723,Alphen-Chaam,113,people_per_km2_land,CBS StatLine 70072NED Bevolkingsdichtheid,provenance/netherlands_population_density_manifest.json,country_local
netherlands,population_density,2023,2023-01-01,cbs-gemeentelijke-indeling-2023,municipality,1724,GM1724,Bergeijk,189,people_per_km2_land,CBS StatLine 70072NED Bevolkingsdichtheid,provenance/netherlands_population_density_manifest.json,country_local
netherlands,population_density,2023,2023-01-01,cbs-gemeentelijke-indeling-2023,municipality,1728,GM1728,Bladel,279,people_per_km2_land,CBS StatLine 70072NED Bevolkingsdichtheid,provenance/netherlands_population_density_manifest.json,country_local
netherlands,population_density,2023,2023-01-01,cbs-gemeentelijke-indeling-2023,municipality,1729,GM1729,Gulpen-Wittem,194,people_per_km2_land,CBS StatLine 70072NED Bevolkingsdichtheid,provenance/netherlands_population_density_manifest.json,country_local
netherlands,population_density,2023,2023-01-01,cbs-gemeentelijke-indeling-2023,municipality,1730,GM1730,Tynaarlo,242,people_per_km2_land,CBS StatLine 70072NED Bevolkingsdichtheid,provenance/netherlands_population_density_manifest.json,country_local
netherlands,population_density,2023,2023-01-01,cbs-gemeentelijke-indeling-2023,municipality,1731,GM1731,Midden-Drenthe,100,people_per_km2_land,CBS StatLine 70072NED Bevolkingsdichtheid,provenance/netherlands_population_density_manifest.json,country_local
netherlands,population_density,2023,2023-01-01,cbs-gemeentelijke-indeling-2023,municipality,1734,GM1734,Overbetuwe,447,people_per_km2_land,CBS StatLine 70072NED Bevolkingsdichtheid,provenance/netherlands_population_density_manifest.json,country_local
netherlands,population_density,2023,2023-01-01,cbs-gemeentelijke-indeling-2023,municipality,1735,GM1735,Hof van Twente,167,people_per_km2_land,CBS StatLine 70072NED Bevolkingsdichtheid,provenance/netherlands_population_density_manifest.json,country_local
netherlands,population_density,2023,2023-01-01,cbs-gemeentelijke-indeling-2023,municipality,1740,GM1740,Neder-Betuwe,424,people_per_km2_land,CBS StatLine 70072NED Bevolkingsdichtheid,provenance/netherlands_population_density_manifest.json,country_local
netherlands,population_density,2023,2023-01-01,cbs-gemeentelijke-indeling-2023,municipality,1742,GM1742,Rijssen-Holten,409,people_per_km2_land,CBS StatLine 70072NED Bevolkingsdichtheid,provenance/netherlands_population_density_manifest.json,country_local
netherlands,population_density,2023,2023-01-01,cbs-gemeentelijke-indeling-2023,municipality,1771,GM1771,Geldrop-Mierlo,1304,people_per_km2_land,CBS StatLine 70072NED Bevolkingsdichtheid,provenance/netherlands_population_density_manifest.json,country_local
netherlands,population_density,2023,2023-01-01,cbs-gemeentelijke-indeling-2023,municipality,1773,GM1773,Olst-Wijhe,164,people_per_km2_land,CBS StatLine 70072NED Bevolkingsdichtheid,provenance/netherlands_population_density_manifest.json,country_local
netherlands,population_density,2023,2023-01-01,cbs-gemeentelijke-indeling-2023,municipality,1774,GM1774,Dinkelland,152,people_per_km2_land,CBS StatLine 70072NED Bevolkingsdichtheid,provenance/netherlands_population_density_manifest.json,country_local
netherlands,population_density,2023,2023-01-01,cbs-gemeentelijke-indeling-2023,municipality,1783,GM1783,Westland,1423,people_per_km2_land,CBS StatLine 70072NED Bevolkingsdichtheid,provenance/netherlands_population_density_manifest.json,country_local
netherlands,population_density,2023,2023-01-01,cbs-gemeentelijke-indeling-2023,municipality,1842,GM1842,Midden-Delfland,413,people_per_km2_land,CBS StatLine 70072NED Bevolkingsdichtheid,provenance/netherlands_population_density_manifest.json,country_local
netherlands,population_density,2023,2023-01-01,cbs-gemeentelijke-indeling-2023,municipality,1859,GM1859,Berkelland,171,people_per_km2_land,CBS StatLine 70072NED Bevolkingsdichtheid,provenance/netherlands_population_density_manifest.json,country_local
netherlands,population_density,2023,2023-01-01,cbs-gemeentelijke-indeling-2023,municipality,1876,GM1876,Bronckhorst,128,people_per_km2_land,CBS StatLine 70072NED Bevolkingsdichtheid,provenance/netherlands_population_density_manifest.json,country_local
netherlands,population_density,2023,2023-01-01,cbs-gemeentelijke-indeling-2023,municipality,1883,GM1883,Sittard-Geleen,1173,people_per_km2_land,CBS StatLine 70072NED Bevolkingsdichtheid,provenance/netherlands_population_density_manifest.json,country_local
netherlands,population_density,2023,2023-01-01,cbs-gemeentelijke-indeling-2023,municipality,1884,GM1884,Kaag en Braassem,453,people_per_km2_land,CBS StatLine 70072NED Bevolkingsdichtheid,provenance/netherlands_population_density_manifest.json,country_local
netherlands,population_density,2023,2023-01-01,cbs-gemeentelijke-indeling-2023,municipality,1891,GM1891,Dantumadiel,227,people_per_km2_land,CBS StatLine 70072NED Bevolkingsdichtheid,provenance/netherlands_population_density_manifest.json,country_local
netherlands,population_density,2023,2023-01-01,cbs-gemeentelijke-indeling-2023,municipality,1892,GM1892,Zuidplas,811,people_per_km2_land,CBS StatLine 70072NED Bevolkingsdichtheid,provenance/netherlands_population_density_manifest.json,country_local
netherlands,population_density,2023,2023-01-01,cbs-gemeentelijke-indeling-2023,municipality,1894,GM1894,Peel en Maas,284,people_per_km2_land,CBS StatLine 70072NED Bevolkingsdichtheid,provenance/netherlands_population_density_manifest.json,country_local
netherlands,population_density,2023,2023-01-01,cbs-gemeentelijke-indeling-2023,municipality,1895,GM1895,Oldambt,172,people_per_km2_land,CBS StatLine 70072NED Bevolkingsdichtheid,provenance/netherlands_population_density_manifest.json,country_local
netherlands,population_density,2023,2023-01-01,cbs-gemeentelijke-indeling-2023,municipality,1896,GM1896,Zwartewaterland,284,people_per_km2_land,CBS StatLine 70072NED Bevolkingsdichtheid,provenance/netherlands_population_density_manifest.json,country_local
netherlands,population_density,2023,2023-01-01,cbs-gemeentelijke-indeling-2023,municipality,1900,GM1900,Súdwest-Fryslân,174,people_per_km2_land,CBS StatLine 70072NED Bevolkingsdichtheid,provenance/netherlands_population_density_manifest.json,country_local
netherlands,population_density,2023,2023-01-01,cbs-gemeentelijke-indeling-2023,municipality,1901,GM1901,Bodegraven-Reeuwijk,482,people_per_km2_land,CBS StatLine 70072NED Bevolkingsdichtheid,provenance/netherlands_population_density_manifest.json,country_local
netherlands,population_density,2023,2023-01-01,cbs-gemeentelijke-indeling-2023,municipality,1903,GM1903,Eijsden-Margraten,335,people_per_km2_land,CBS StatLine 70072NED Bevolkingsdichtheid,provenance/netherlands_population_density_manifest.json,country_local
netherlands,population_density,2023,2023-01-01,cbs-gemeentelijke-indeling-2023,municipality,1904,GM1904,Stichtse Vecht,685,people_per_km2_land,CBS StatLine 70072NED Bevolkingsdichtheid,provenance/netherlands_population_density_manifest.json,country_local
netherlands,population_density,2023,2023-01-01,cbs-gemeentelijke-indeling-2023,municipality,1911,GM1911,Hollands Kroon,138,people_per_km2_land,CBS StatLine 70072NED Bevolkingsdichtheid,provenance/netherlands_population_density_manifest.json,country_local
netherlands,population_density,2023,2023-01-01,cbs-gemeentelijke-indeling-2023,municipality,1916,GM1916,Leidschendam-Voorburg,2384,people_per_km2_land,CBS StatLine 70072NED Bevolkingsdichtheid,provenance/netherlands_population_density_manifest.json,country_local
netherlands,population_density,2023,2023-01-01,cbs-gemeentelijke-indeling-2023,municipality,1924,GM1924,Goeree-Overflakkee,197,people_per_km2_land,CBS StatLine 70072NED Bevolkingsdichtheid,provenance/netherlands_population_density_manifest.json,country_local
netherlands,population_density,2023,2023-01-01,cbs-gemeentelijke-indeling-2023,municipality,1926,GM1926,Pijnacker-Nootdorp,1564,people_per_km2_land,CBS StatLine 70072NED Bevolkingsdichtheid,provenance/netherlands_population_density_manifest.json,country_local
netherlands,population_density,2023,2023-01-01,cbs-gemeentelijke-indeling-2023,municipality,1930,GM1930,Nissewaard,1184,people_per_km2_land,CBS StatLine 70072NED Bevolkingsdichtheid,provenance/netherlands_population_density_manifest.json,country_local
netherlands,population_density,2023,2023-01-01,cbs-gemeentelijke-indeling-2023,municipality,1931,GM1931,Krimpenerwaard,389,people_per_km2_land,CBS StatLine 70072NED Bevolkingsdichtheid,provenance/netherlands_population_density_manifest.json,country_local
netherlands,population_density,2023,2023-01-01,cbs-gemeentelijke-indeling-2023,municipality,1940,GM1940,De Fryske Marren,148,people_per_km2_land,CBS StatLine 70072NED Bevolkingsdichtheid,provenance/netherlands_population_density_manifest.json,country_local
netherlands,population_density,2023,2023-01-01,cbs-gemeentelijke-indeling-2023,municipality,1942,GM1942,Gooise Meren,1456,people_per_km2_land,CBS StatLine 70072NED Bevolkingsdichtheid,provenance/netherlands_population_density_manifest.json,country_local
netherlands,population_density,2023,2023-01-01,cbs-gemeentelijke-indeling-2023,municipality,1945,GM1945,Berg en Dal,410,people_per_km2_land,CBS StatLine 70072NED Bevolkingsdichtheid,provenance/netherlands_population_density_manifest.json,country_local
netherlands,population_density,2023,2023-01-01,cbs-gemeentelijke-indeling-2023,municipality,1948,GM1948,Meierijstad,455,people_per_km2_land,CBS StatLine 70072NED Bevolkingsdichtheid,provenance/netherlands_population_density_manifest.json,country_local
netherlands,population_density,2023,2023-01-01,cbs-gemeentelijke-indeling-2023,municipality,1949,GM1949,Waadhoeke,164,people_per_km2_land,CBS StatLine 70072NED Bevolkingsdichtheid,provenance/netherlands_population_density_manifest.json,country_local
netherlands,population_density,2023,2023-01-01,cbs-gemeentelijke-indeling-2023,municipality,1950,GM1950,Westerwolde,96,people_per_km2_land,CBS StatLine 70072NED Bevolkingsdichtheid,provenance/netherlands_population_density_manifest.json,country_local
netherlands,population_density,2023,2023-01-01,cbs-gemeentelijke-indeling-2023,municipality,1952,GM1952,Midden-Groningen,221,people_per_km2_land,CBS StatLine 70072NED Bevolkingsdichtheid,provenance/netherlands_population_density_manifest.json,country_local
netherlands,population_density,2023,2023-01-01,cbs-gemeentelijke-indeling-2023,municipality,1954,GM1954,Beekdaelen,459,people_per_km2_land,CBS StatLine 70072NED Bevolkingsdichtheid,provenance/netherlands_population_density_manifest.json,country_local
netherlands,population_density,2023,2023-01-01,cbs-gemeentelijke-indeling-2023,municipality,1955,GM1955,Montferland,349,people_per_km2_land,CBS StatLine 70072NED Bevolkingsdichtheid,provenance/netherlands_population_density_manifest.json,country_local
netherlands,population_density,2023,2023-01-01,cbs-gemeentelijke-indeling-2023,municipality,1959,GM1959,Altena,289,people_per_km2_land,CBS StatLine 70072NED Bevolkingsdichtheid,provenance/netherlands_population_density_manifest.json,country_local
netherlands,population_density,2023,2023-01-01,cbs-gemeentelijke-indeling-2023,municipality,1960,GM1960,West Betuwe,244,people_per_km2_land,CBS StatLine 70072NED Bevolkingsdichtheid,provenance/netherlands_population_density_manifest.json,country_local
netherlands,population_density,2023,2023-01-01,cbs-gemeentelijke-indeling-2023,municipality,1961,GM1961,Vijfheerenlanden,411,people_per_km2_land,CBS StatLine 70072NED Bevolkingsdichtheid,provenance/netherlands_population_density_manifest.json,country_local
netherlands,population_density,2023,2023-01-01,cbs-gemeentelijke-indeling-2023,municipality,1963,GM1963,Hoeksche Waard,334,people_per_km2_land,CBS StatLine 70072NED Bevolkingsdichtheid,provenance/netherlands_population_density_manifest.json,country_local
netherlands,population_density,2023,2023-01-01,cbs-gemeentelijke-indeling-2023,municipality,1966,GM1966,Het Hogeland,101,people_per_km2_land,CBS StatLine 70072NED Bevolkingsdichtheid,provenance/netherlands_population_density_manifest.json,country_local
netherlands,population_density,2023,2023-01-01,cbs-gemeentelijke-indeling-2023,municipality,1969,GM1969,Westerkwartier,179,people_per_km2_land,CBS StatLine 70072NED Bevolkingsdichtheid,provenance/netherlands_population_density_manifest.json,country_local
netherlands,population_density,2023,2023-01-01,cbs-gemeentelijke-indeling-2023,municipality,1970,GM1970,Noardeast-Fryslân,121,people_per_km2_land,CBS StatLine 70072NED Bevolkingsdichtheid,provenance/netherlands_population_density_manifest.json,country_local
netherlands,population_density,2023,2023-01-01,cbs-gemeentelijke-indeling-2023,municipality,1978,GM1978,Molenlanden,249,people_per_km2_land,CBS StatLine 70072NED Bevolkingsdichtheid,provenance/netherlands_population_density_manifest.json,country_local
netherlands,population_density,2023,2023-01-01,cbs-gemeentelijke-indeling-2023,municipality,1979,GM1979,Eemsdelta,169,people_per_km2_land,CBS StatLine 70072NED Bevolkingsdichtheid,provenance/netherlands_population_density_manifest.json,country_local
netherlands,population_density,2023,2023-01-01,cbs-gemeentelijke-indeling-2023,municipality,1980,GM1980,Dijk en Waard,1438,people_per_km2_land,CBS StatLine 70072NED Bevolkingsdichtheid,provenance/netherlands_population_density_manifest.json,country_local
netherlands,population_density,2023,2023-01-01,cbs-gemeentelijke-indeling-2023,municipality,1982,GM1982,Land van Cuijk,268,people_per_km2_land,CBS StatLine 70072NED Bevolkingsdichtheid,provenance/netherlands_population_density_manifest.json,country_local
netherlands,population_density,2023,2023-01-01,cbs-gemeentelijke-indeling-2023,municipality,1991,GM1991,Maashorst,429,people_per_km2_land,CBS StatLine 70072NED Bevolkingsdichtheid,provenance/netherlands_population_density_manifest.json,country_local
netherlands,population_density,2023,2023-01-01,cbs-gemeentelijke-indeling-2023,municipality,1992,GM1992,Voorne aan Zee,607,people_per_km2_land,CBS StatLine 70072NED Bevolkingsdichtheid,provenance/netherlands_population_density_manifest.json,country_local
netherlands,population_density,2025,2025-01-01,cbs-gemeentelijke-indeling-2025,municipality,0014,GM0014,Groningen,1318,people_per_km2_land,CBS StatLine 70072NED Bevolkingsdichtheid,provenance/netherlands_population_density_manifest.json,country_local
netherlands,population_density,2025,2025-01-01,cbs-gemeentelijke-indeling-2025,municipality,0034,GM0034,Almere,1777,people_per_km2_land,CBS StatLine 70072NED Bevolkingsdichtheid,provenance/netherlands_population_density_manifest.json,country_local
netherlands,population_density,2025,2025-01-01,cbs-gemeentelijke-indeling-2025,municipality,0037,GM0037,Stadskanaal,272,people_per_km2_land,CBS StatLine 70072NED Bevolkingsdichtheid,provenance/netherlands_population_density_manifest.json,country_local
netherlands,population_density,2025,2025-01-01,cbs-gemeentelijke-indeling-2025,municipality,0047,GM0047,Veendam,365,people_per_km2_land,CBS StatLine 70072NED Bevolkingsdichtheid,provenance/netherlands_population_density_manifest.json,country_local
netherlands,population_density,2025,2025-01-01,cbs-gemeentelijke-indeling-2025,municipality,0050,GM0050,Zeewolde,98,people_per_km2_land,CBS StatLine 70072NED Bevolkingsdichtheid,provenance/netherlands_population_density_manifest.json,country_local
netherlands,population_density,2025,2025-01-01,cbs-gemeentelijke-indeling-2025,municipality,0059,GM0059,Achtkarspelen,276,people_per_km2_land,CBS StatLine 70072NED Bevolkingsdichtheid,provenance/netherlands_population_density_manifest.json,country_local
netherlands,population_density,2025,2025-01-01,cbs-gemeentelijke-indeling-2025,municipality,0060,GM0060,Ameland,67,people_per_km2_land,CBS StatLine 70072NED Bevolkingsdichtheid,provenance/netherlands_population_density_manifest.json,country_local
netherlands,population_density,2025,2025-01-01,cbs-gemeentelijke-indeling-2025,municipality,0072,GM0072,Harlingen,649,people_per_km2_land,CBS StatLine 70072NED Bevolkingsdichtheid,provenance/netherlands_population_density_manifest.json,country_local
netherlands,population_density,2025,2025-01-01,cbs-gemeentelijke-indeling-2025,municipality,0074,GM0074,Heerenveen,273,people_per_km2_land,CBS StatLine 70072NED Bevolkingsdichtheid,provenance/netherlands_population_density_manifest.json,country_local
netherlands,population_density,2025,2025-01-01,cbs-gemeentelijke-indeling-2025,municipality,0080,GM0080,Leeuwarden,547,people_per_km2_land,CBS StatLine 70072NED Bevolkingsdichtheid,provenance/netherlands_population_density_manifest.json,country_local
netherlands,population_density,2025,2025-01-01,cbs-gemeentelijke-indeling-2025,municipality,0085,GM0085,Ooststellingwerf,116,people_per_km2_land,CBS StatLine 70072NED Bevolkingsdichtheid,provenance/netherlands_population_density_manifest.json,country_local
netherlands,population_density,2025,2025-01-01,cbs-gemeentelijke-indeling-2025,municipality,0086,GM0086,Opsterland,134,people_per_km2_land,CBS StatLine 70072NED Bevolkingsdichtheid,provenance/netherlands_population_density_manifest.json,country_local
netherlands,population_density,2025,2025-01-01,cbs-gemeentelijke-indeling-2025,municipality,0088,GM0088,Schiermonnikoog,23,people_per_km2_land,CBS StatLine 70072NED Bevolkingsdichtheid,provenance/netherlands_population_density_manifest.json,country_local
netherlands,population_density,2025,2025-01-01,cbs-gemeentelijke-indeling-2025,municipality,0090,GM0090,Smallingerland,487,people_per_km2_land,CBS StatLine 70072NED Bevolkingsdichtheid,provenance/netherlands_population_density_manifest.json,country_local
netherlands,population_density,2025,2025-01-01,cbs-gemeentelijke-indeling-2025,municipality,0093,GM0093,Terschelling,56,people_per_km2_land,CBS StatLine 70072NED Bevolkingsdichtheid,provenance/netherlands_population_density_manifest.json,country_local
netherlands,population_density,2025,2025-01-01,cbs-gemeentelijke-indeling-2025,municipality,0096,GM0096,Vlieland,29,people_per_km2_land,CBS StatLine 70072NED Bevolkingsdichtheid,provenance/netherlands_population_density_manifest.json,country_local
netherlands,population_density,2025,2025-01-01,cbs-gemeentelijke-indeling-2025,municipality,0098,GM0098,Weststellingwerf,121,people_per_km2_land,CBS StatLine 70072NED Bevolkingsdichtheid,provenance/netherlands_population_density_manifest.json,country_local
netherlands,population_density,2025,2025-01-01,cbs-gemeentelijke-indeling-2025,municipality,0106,GM0106,Assen,860,people_per_km2_land,CBS StatLine 70072NED Bevolkingsdichtheid,provenance/netherlands_population_density_manifest.json,country_local
netherlands,population_density,2025,2025-01-01,cbs-gemeentelijke-indeling-2025,municipality,0109,GM0109,Coevorden,121,people_per_km2_land,CBS StatLine 70072NED Bevolkingsdichtheid,provenance/netherlands_population_density_manifest.json,country_local
netherlands,population_density,2025,2025-01-01,cbs-gemeentelijke-indeling-2025,municipality,0114,GM0114,Emmen,327,people_per_km2_land,CBS StatLine 70072NED Bevolkingsdichtheid,provenance/netherlands_population_density_manifest.json,country_local
netherlands,population_density,2025,2025-01-01,cbs-gemeentelijke-indeling-2025,municipality,0118,GM0118,Hoogeveen,446,people_per_km2_land,CBS StatLine 70072NED Bevolkingsdichtheid,provenance/netherlands_population_density_manifest.json,country_local
netherlands,population_density,2025,2025-01-01,cbs-gemeentelijke-indeling-2025,municipality,0119,GM0119,Meppel,654,people_per_km2_land,CBS StatLine 70072NED Bevolkingsdichtheid,provenance/netherlands_population_density_manifest.json,country_local
netherlands,population_density,2025,2025-01-01,cbs-gemeentelijke-indeling-2025,municipality,0141,GM0141,Almelo,1113,people_per_km2_land,CBS StatLine 70072NED Bevolkingsdichtheid,provenance/netherlands_population_density_manifest.json,country_local
netherlands,population_density,2025,2025-01-01,cbs-gemeentelijke-indeling-2025,municipality,0147,GM0147,Borne,952,people_per_km2_land,CBS StatLine 70072NED Bevolkingsdichtheid,provenance/netherlands_population_density_manifest.json,country_local
netherlands,population_density,2025,2025-01-01,cbs-gemeentelijke-indeling-2025,municipality,0148,GM0148,Dalfsen,182,people_per_km2_land,CBS StatLine 70072NED Bevolkingsdichtheid,provenance/netherlands_population_density_manifest.json,country_local
netherlands,population_density,2025,2025-01-01,cbs-gemeentelijke-indeling-2025,municipality,0150,GM0150,Deventer,799,people_per_km2_land,CBS StatLine 70072NED Bevolkingsdichtheid,provenance/netherlands_population_density_manifest.json,country_local
netherlands,population_density,2025,2025-01-01,cbs-gemeentelijke-indeling-2025,municipality,0153,GM0153,Enschede,1153,people_per_km2_land,CBS StatLine 70072NED Bevolkingsdichtheid,provenance/netherlands_population_density_manifest.json,country_local
netherlands,population_density,2025,2025-01-01,cbs-gemeentelijke-indeling-2025,municipality,0158,GM0158,Haaksbergen,231,people_per_km2_land,CBS StatLine 70072NED Bevolkingsdichtheid,provenance/netherlands_population_density_manifest.json,country_local
netherlands,population_density,2025,2025-01-01,cbs-gemeentelijke-indeling-2025,municipality,0160,GM0160,Hardenberg,203,people_per_km2_land,CBS StatLine 70072NED Bevolkingsdichtheid,provenance/netherlands_population_density_manifest.json,country_local
netherlands,population_density,2025,2025-01-01,cbs-gemeentelijke-indeling-2025,municipality,0163,GM0163,Hellendoorn,263,people_per_km2_land,CBS StatLine 70072NED Bevolkingsdichtheid,provenance/netherlands_population_density_manifest.json,country_local
netherlands,population_density,2025,2025-01-01,cbs-gemeentelijke-indeling-2025,municipality,0164,GM0164,Hengelo (O.),1375,people_per_km2_land,CBS StatLine 70072NED Bevolkingsdichtheid,provenance/netherlands_population_density_manifest.json,country_local
netherlands,population_density,2025,2025-01-01,cbs-gemeentelijke-indeling-2025,municipality,0166,GM0166,Kampen,400,people_per_km2_land,CBS StatLine 70072NED Bevolkingsdichtheid,provenance/netherlands_population_density_manifest.json,country_local
netherlands,population_density,2025,2025-01-01,cbs-gemeentelijke-indeling-2025,municipality,0168,GM0168,Losser,238,people_per_km2_land,CBS StatLine 70072NED Bevolkingsdichtheid,provenance/netherlands_population_density_manifest.json,country_local
netherlands,population_density,2025,2025-01-01,cbs-gemeentelijke-indeling-2025,municipality,0171,GM0171,Noordoostpolder,111,people_per_km2_land,CBS StatLine 70072NED Bevolkingsdichtheid,provenance/netherlands_population_density_manifest.json,country_local
netherlands,population_density,2025,2025-01-01,cbs-gemeentelijke-indeling-2025,municipality,0173,GM0173,Oldenzaal,1486,people_per_km2_land,CBS StatLine 70072NED Bevolkingsdichtheid,provenance/netherlands_population_density_manifest.json,country_local
netherlands,population_density,2025,2025-01-01,cbs-gemeentelijke-indeling-2025,municipality,0175,GM0175,Ommen,107,people_per_km2_land,CBS StatLine 70072NED Bevolkingsdichtheid,provenance/netherlands_population_density_manifest.json,country_local
netherlands,population_density,2025,2025-01-01,cbs-gemeentelijke-indeling-2025,municipality,0177,GM0177,Raalte,226,people_per_km2_land,CBS StatLine 70072NED Bevolkingsdichtheid,provenance/netherlands_population_density_manifest.json,country_local
netherlands,population_density,2025,2025-01-01,cbs-gemeentelijke-indeling-2025,municipality,0180,GM0180,Staphorst,134,people_per_km2_land,CBS StatLine 70072NED Bevolkingsdichtheid,provenance/netherlands_population_density_manifest.json,country_local
netherlands,population_density,2025,2025-01-01,cbs-gemeentelijke-indeling-2025,municipality,0183,GM0183,Tubbergen,146,people_per_km2_land,CBS StatLine 70072NED Bevolkingsdichtheid,provenance/netherlands_population_density_manifest.json,country_local
netherlands,population_density,2025,2025-01-01,cbs-gemeentelijke-indeling-2025,municipality,0184,GM0184,Urk,1687,people_per_km2_land,CBS StatLine 70072NED Bevolkingsdichtheid,provenance/netherlands_population_density_manifest.json,country_local
netherlands,population_density,2025,2025-01-01,cbs-gemeentelijke-indeling-2025,municipality,0189,GM0189,Wierden,268,people_per_km2_land,CBS StatLine 70072NED Bevolkingsdichtheid,provenance/netherlands_population_density_manifest.json,country_local
netherlands,population_density,2025,2025-01-01,cbs-gemeentelijke-indeling-2025,municipality,0193,GM0193,Zwolle,1209,people_per_km2_land,CBS StatLine 70072NED Bevolkingsdichtheid,provenance/netherlands_population_density_manifest.json,country_local
netherlands,population_density,2025,2025-01-01,cbs-gemeentelijke-indeling-2025,municipality,0197,GM0197,Aalten,285,people_per_km2_land,CBS StatLine 70072NED Bevolkingsdichtheid,provenance/netherlands_population_density_manifest.json,country_local
netherlands,population_density,2025,2025-01-01,cbs-gemeentelijke-indeling-2025,municipality,0200,GM0200,Apeldoorn,496,people_per_km2_land,CBS StatLine 70072NED Bevolkingsdichtheid,provenance/netherlands_population_density_manifest.json,country_local
netherlands,population_density,2025,2025-01-01,cbs-gemeentelijke-indeling-2025,municipality,0202,GM0202,Arnhem,1733,people_per_km2_land,CBS StatLine 70072NED Bevolkingsdichtheid,provenance/netherlands_population_density_manifest.json,country_local
netherlands,population_density,2025,2025-01-01,cbs-gemeentelijke-indeling-2025,municipality,0203,GM0203,Barneveld,359,people_per_km2_land,CBS StatLine 70072NED Bevolkingsdichtheid,provenance/netherlands_population_density_manifest.json,country_local
netherlands,population_density,2025,2025-01-01,cbs-gemeentelijke-indeling-2025,municipality,0209,GM0209,Beuningen,613,people_per_km2_land,CBS StatLine 70072NED Bevolkingsdichtheid,provenance/netherlands_population_density_manifest.json,country_local
netherlands,population_density,2025,2025-01-01,cbs-gemeentelijke-indeling-2025,municipality,0213,GM0213,Brummen,256,people_per_km2_land,CBS StatLine 70072NED Bevolkingsdichtheid,provenance/netherlands_population_density_manifest.json,country_local
netherlands,population_density,2025,2025-01-01,cbs-gemeentelijke-indeling-2025,municipality,0214,GM0214,Buren,209,people_per_km2_land,CBS StatLine 70072NED Bevolkingsdichtheid,provenance/netherlands_population_density_manifest.json,country_local
netherlands,population_density,2025,2025-01-01,cbs-gemeentelijke-indeling-2025,municipality,0216,GM0216,Culemborg,1034,people_per_km2_land,CBS StatLine 70072NED Bevolkingsdichtheid,provenance/netherlands_population_density_manifest.json,country_local
netherlands,population_density,2025,2025-01-01,cbs-gemeentelijke-indeling-2025,municipality,0221,GM0221,Doesburg,962,people_per_km2_land,CBS StatLine 70072NED Bevolkingsdichtheid,provenance/netherlands_population_density_manifest.json,country_local
netherlands,population_density,2025,2025-01-01,cbs-gemeentelijke-indeling-2025,municipality,0222,GM0222,Doetinchem,760,people_per_km2_land,CBS StatLine 70072NED Bevolkingsdichtheid,provenance/netherlands_population_density_manifest.json,country_local
netherlands,population_density,2025,2025-01-01,cbs-gemeentelijke-indeling-2025,municipality,0225,GM0225,Druten,526,people_per_km2_land,CBS StatLine 70072NED Bevolkingsdichtheid,provenance/netherlands_population_density_manifest.json,country_local
netherlands,population_density,2025,2025-01-01,cbs-gemeentelijke-indeling-2025,municipality,0226,GM0226,Duiven,736,people_per_km2_land,CBS StatLine 70072NED Bevolkingsdichtheid,provenance/netherlands_population_density_manifest.json,country_local
netherlands,population_density,2025,2025-01-01,cbs-gemeentelijke-indeling-2025,municipality,0228,GM0228,Ede,390,people_per_km2_land,CBS StatLine 70072NED Bevolkingsdichtheid,provenance/netherlands_population_density_manifest.json,country_local
netherlands,population_density,2025,2025-01-01,cbs-gemeentelijke-indeling-2025,municipality,0230,GM0230,Elburg,375,people_per_km2_land,CBS StatLine 70072NED Bevolkingsdichtheid,provenance/netherlands_population_density_manifest.json,country_local
netherlands,population_density,2025,2025-01-01,cbs-gemeentelijke-indeling-2025,municipality,0232,GM0232,Epe,214,people_per_km2_land,CBS StatLine 70072NED Bevolkingsdichtheid,provenance/netherlands_population_density_manifest.json,country_local
netherlands,population_density,2025,2025-01-01,cbs-gemeentelijke-indeling-2025,municipality,0233,GM0233,Ermelo,328,people_per_km2_land,CBS StatLine 70072NED Bevolkingsdichtheid,provenance/netherlands_population_density_manifest.json,country_local
netherlands,population_density,2025,2025-01-01,cbs-gemeentelijke-indeling-2025,municipality,0243,GM0243,Harderwijk,1286,people_per_km2_land,CBS StatLine 70072NED Bevolkingsdichtheid,provenance/netherlands_population_density_manifest.json,country_local
netherlands,population_density,2025,2025-01-01,cbs-gemeentelijke-indeling-2025,municipality,0244,GM0244,Hattem,552,people_per_km2_land,CBS StatLine 70072NED Bevolkingsdichtheid,provenance/netherlands_population_density_manifest.json,country_local
netherlands,population_density,2025,2025-01-01,cbs-gemeentelijke-indeling-2025,municipality,0246,GM0246,Heerde,246,people_per_km2_land,CBS StatLine 70072NED Bevolkingsdichtheid,provenance/netherlands_population_density_manifest.json,country_local
netherlands,population_density,2025,2025-01-01,cbs-gemeentelijke-indeling-2025,municipality,0252,GM0252,Heumen,424,people_per_km2_land,CBS StatLine 70072NED Bevolkingsdichtheid,provenance/netherlands_population_density_manifest.json,country_local
netherlands,population_density,2025,2025-01-01,cbs-gemeentelijke-indeling-2025,municipality,0262,GM0262,Lochem,161,people_per_km2_land,CBS StatLine 70072NED Bevolkingsdichtheid,provenance/netherlands_population_density_manifest.json,country_local
netherlands,population_density,2025,2025-01-01,cbs-gemeentelijke-indeling-2025,municipality,0263,GM0263,Maasdriel,399,people_per_km2_land,CBS StatLine 70072NED Bevolkingsdichtheid,provenance/netherlands_population_density_manifest.json,country_local
netherlands,population_density,2025,2025-01-01,cbs-gemeentelijke-indeling-2025,municipality,0267,GM0267,Nijkerk,660,people_per_km2_land,CBS StatLine 70072NED Bevolkingsdichtheid,provenance/netherlands_population_density_manifest.json,country_local
netherlands,population_density,2025,2025-01-01,cbs-gemeentelijke-indeling-2025,municipality,0268,GM0268,Nijmegen,3579,people_per_km2_land,CBS StatLine 70072NED Bevolkingsdichtheid,provenance/netherlands_population_density_manifest.json,country_local
netherlands,population_density,2025,2025-01-01,cbs-gemeentelijke-indeling-2025,municipality,0269,GM0269,Oldebroek,250,people_per_km2_land,CBS StatLine 70072NED Bevolkingsdichtheid,provenance/netherlands_population_density_manifest.json,country_local
netherlands,population_density,2025,2025-01-01,cbs-gemeentelijke-indeling-2025,municipality,0273,GM0273,Putten,293,people_per_km2_land,CBS StatLine 70072NED Bevolkingsdichtheid,provenance/netherlands_population_density_manifest.json,country_local
netherlands,population_density,2025,2025-01-01,cbs-gemeentelijke-indeling-2025,municipality,0274,GM0274,Renkum,685,people_per_km2_land,CBS StatLine 70072NED Bevolkingsdichtheid,provenance/netherlands_population_density_manifest.json,country_local
netherlands,population_density,2025,2025-01-01,cbs-gemeentelijke-indeling-2025,municipality,0275,GM0275,Rheden,535,people_per_km2_land,CBS StatLine 70072NED Bevolkingsdichtheid,provenance/netherlands_population_density_manifest.json,country_local
netherlands,population_density,2025,2025-01-01,cbs-gemeentelijke-indeling-2025,municipality,0277,GM0277,Rozendaal,66,people_per_km2_land,CBS StatLine 70072NED Bevolkingsdichtheid,provenance/netherlands_population_density_manifest.json,country_local
netherlands,population_density,2025,2025-01-01,cbs-gemeentelijke-indeling-2025,municipality,0279,GM0279,Scherpenzeel,764,people_per_km2_land,CBS StatLine 70072NED Bevolkingsdichtheid,provenance/netherlands_population_density_manifest.json,country_local
netherlands,population_density,2025,2025-01-01,cbs-gemeentelijke-indeling-2025,municipality,0281,GM0281,Tiel,1298,people_per_km2_land,CBS StatLine 70072NED Bevolkingsdichtheid,provenance/netherlands_population_density_manifest.json,country_local
netherlands,population_density,2025,2025-01-01,cbs-gemeentelijke-indeling-2025,municipality,0285,GM0285,Voorst,208,people_per_km2_land,CBS StatLine 70072NED Bevolkingsdichtheid,provenance/netherlands_population_density_manifest.json,country_local
netherlands,population_density,2025,2025-01-01,cbs-gemeentelijke-indeling-2025,municipality,0289,GM0289,Wageningen,1407,people_per_km2_land,CBS StatLine 70072NED Bevolkingsdichtheid,provenance/netherlands_population_density_manifest.json,country_local
netherlands,population_density,2025,2025-01-01,cbs-gemeentelijke-indeling-2025,municipality,0293,GM0293,Westervoort,2168,people_per_km2_land,CBS StatLine 70072NED Bevolkingsdichtheid,provenance/netherlands_population_density_manifest.json,country_local
netherlands,population_density,2025,2025-01-01,cbs-gemeentelijke-indeling-2025,municipality,0294,GM0294,Winterswijk,212,people_per_km2_land,CBS StatLine 70072NED Bevolkingsdichtheid,provenance/netherlands_population_density_manifest.json,country_local
netherlands,population_density,2025,2025-01-01,cbs-gemeentelijke-indeling-2025,municipality,0296,GM0296,Wijchen,634,people_per_km2_land,CBS StatLine 70072NED Bevolkingsdichtheid,provenance/netherlands_population_density_manifest.json,country_local
netherlands,population_density,2025,2025-01-01,cbs-gemeentelijke-indeling-2025,municipality,0297,GM0297,Zaltbommel,387,people_per_km2_land,CBS StatLine 70072NED Bevolkingsdichtheid,provenance/netherlands_population_density_manifest.json,country_local
netherlands,population_density,2025,2025-01-01,cbs-gemeentelijke-indeling-2025,municipality,0299,GM0299,Zevenaar,488,people_per_km2_land,CBS StatLine 70072NED Bevolkingsdichtheid,provenance/netherlands_population_density_manifest.json,country_local
netherlands,population_density,2025,2025-01-01,cbs-gemeentelijke-indeling-2025,municipality,0301,GM0301,Zutphen,1198,people_per_km2_land,CBS StatLine 70072NED Bevolkingsdichtheid,provenance/netherlands_population_density_manifest.json,country_local
netherlands,population_density,2025,2025-01-01,cbs-gemeentelijke-indeling-2025,municipality,0302,GM0302,Nunspeet,228,people_per_km2_land,CBS StatLine 70072NED Bevolkingsdichtheid,provenance/netherlands_population_density_manifest.json,country_local
netherlands,population_density,2025,2025-01-01,cbs-gemeentelijke-indeling-2025,municipality,0303,GM0303,Dronten,134,people_per_km2_land,CBS StatLine 70072NED Bevolkingsdichtheid,provenance/netherlands_population_density_manifest.json,country_local
netherlands,population_density,2025,2025-01-01,cbs-gemeentelijke-indeling-2025,municipality,0307,GM0307,Amersfoort,2613,people_per_km2_land,CBS StatLine 70072NED Bevolkingsdichtheid,provenance/netherlands_population_density_manifest.json,country_local
netherlands,population_density,2025,2025-01-01,cbs-gemeentelijke-indeling-2025,municipality,0308,GM0308,Baarn,774,people_per_km2_land,CBS StatLine 70072NED Bevolkingsdichtheid,provenance/netherlands_population_density_manifest.json,country_local
netherlands,population_density,2025,2025-01-01,cbs-gemeentelijke-indeling-2025,municipality,0310,GM0310,De Bilt,662,people_per_km2_land,CBS StatLine 70072NED Bevolkingsdichtheid,provenance/netherlands_population_density_manifest.json,country_local
netherlands,population_density,2025,2025-01-01,cbs-gemeentelijke-indeling-2025,municipality,0312,GM0312,Bunnik,441,people_per_km2_land,CBS StatLine 70072NED Bevolkingsdichtheid,provenance/netherlands_population_density_manifest.json,country_local
netherlands,population_density,2025,2025-01-01,cbs-gemeentelijke-indeling-2025,municipality,0313,GM0313,Bunschoten,746,people_per_km2_land,CBS StatLine 70072NED Bevolkingsdichtheid,provenance/netherlands_population_density_manifest.json,country_local
netherlands,population_density,2025,2025-01-01,cbs-gemeentelijke-indeling-2025,municipality,0317,GM0317,Eemnes,320,people_per_km2_land,CBS StatLine 70072NED Bevolkingsdichtheid,provenance/netherlands_population_density_manifest.json,country_local
netherlands,population_density,2025,2025-01-01,cbs-gemeentelijke-indeling-2025,municipality,0321,GM0321,Houten,928,people_per_km2_land,CBS StatLine 70072NED Bevolkingsdichtheid,provenance/netherlands_population_density_manifest.json,country_local
netherlands,population_density,2025,2025-01-01,cbs-gemeentelijke-indeling-2025,municipality,0327,GM0327,Leusden,545,people_per_km2_land,CBS StatLine 70072NED Bevolkingsdichtheid,provenance/netherlands_population_density_manifest.json,country_local
netherlands,population_density,2025,2025-01-01,cbs-gemeentelijke-indeling-2025,municipality,0331,GM0331,Lopik,196,people_per_km2_land,CBS StatLine 70072NED Bevolkingsdichtheid,provenance/netherlands_population_density_manifest.json,country_local
netherlands,population_density,2025,2025-01-01,cbs-gemeentelijke-indeling-2025,municipality,0335,GM0335,Montfoort,366,people_per_km2_land,CBS StatLine 70072NED Bevolkingsdichtheid,provenance/netherlands_population_density_manifest.json,country_local
netherlands,population_density,2025,2025-01-01,cbs-gemeentelijke-indeling-2025,municipality,0339,GM0339,Renswoude,314,people_per_km2_land,CBS StatLine 70072NED Bevolkingsdichtheid,provenance/netherlands_population_density_manifest.json,country_local
netherlands,population_density,2025,2025-01-01,cbs-gemeentelijke-indeling-2025,municipality,0340,GM0340,Rhenen,485,people_per_km2_land,CBS StatLine 70072NED Bevolkingsdichtheid,provenance/netherlands_population_density_manifest.json,country_local
netherlands,population_density,2025,2025-01-01,cbs-gemeentelijke-indeling-2025,municipality,0342,GM0342,Soest,1038,people_per_km2_land,CBS StatLine 70072NED Bevolkingsdichtheid,provenance/netherlands_population_density_manifest.json,country_local
netherlands,population_density,2025,2025-01-01,cbs-gemeentelijke-indeling-2025,municipality,0344,GM0344,Utrecht,4018,people_per_km2_land,CBS StatLine 70072NED Bevolkingsdichtheid,provenance/netherlands_population_density_manifest.json,country_local
netherlands,population_density,2025,2025-01-01,cbs-gemeentelijke-indeling-2025,municipality,0345,GM0345,Veenendaal,3622,people_per_km2_land,CBS StatLine 70072NED Bevolkingsdichtheid,provenance/netherlands_population_density_manifest.json,country_local
netherlands,population_density,2025,2025-01-01,cbs-gemeentelijke-indeling-2025,municipality,0351,GM0351,Woudenberg,404,people_per_km2_land,CBS StatLine 70072NED Bevolkingsdichtheid,provenance/netherlands_population_density_manifest.json,country_local
netherlands,population_density,2025,2025-01-01,cbs-gemeentelijke-indeling-2025,municipality,0352,GM0352,Wijk bij Duurstede,501,people_per_km2_land,CBS StatLine 70072NED Bevolkingsdichtheid,provenance/netherlands_population_density_manifest.json,country_local
netherlands,population_density,2025,2025-01-01,cbs-gemeentelijke-indeling-2025,municipality,0353,GM0353,IJsselstein,1587,people_per_km2_land,CBS StatLine 70072NED Bevolkingsdichtheid,provenance/netherlands_population_density_manifest.json,country_local
netherlands,population_density,2025,2025-01-01,cbs-gemeentelijke-indeling-2025,municipality,0355,GM0355,Zeist,1375,people_per_km2_land,CBS StatLine 70072NED Bevolkingsdichtheid,provenance/netherlands_population_density_manifest.json,country_local
netherlands,population_density,2025,2025-01-01,cbs-gemeentelijke-indeling-2025,municipality,0356,GM0356,Nieuwegein,2852,people_per_km2_land,CBS StatLine 70072NED Bevolkingsdichtheid,provenance/netherlands_population_density_manifest.json,country_local
netherlands,population_density,2025,2025-01-01,cbs-gemeentelijke-indeling-2025,municipality,0358,GM0358,Aalsmeer,1654,people_per_km2_land,CBS StatLine 70072NED Bevolkingsdichtheid,provenance/netherlands_population_density_manifest.json,country_local
netherlands,population_density,2025,2025-01-01,cbs-gemeentelijke-indeling-2025,municipality,0361,GM0361,Alkmaar,1023,people_per_km2_land,CBS StatLine 70072NED Bevolkingsdichtheid,provenance/netherlands_population_density_manifest.json,country_local
netherlands,population_density,2025,2025-01-01,cbs-gemeentelijke-indeling-2025,municipality,0362,GM0362,Amstelveen,2331,people_per_km2_land,CBS StatLine 70072NED Bevolkingsdichtheid,provenance/netherlands_population_density_manifest.json,country_local
netherlands,population_density,2025,2025-01-01,cbs-gemeentelijke-indeling-2025,municipality,0363,GM0363,Amsterdam,4968,people_per_km2_land,CBS StatLine 70072NED Bevolkingsdichtheid,provenance/netherlands_population_density_manifest.json,country_local
netherlands,population_density,2025,2025-01-01,cbs-gemeentelijke-indeling-2025,municipality,0373,GM0373,Bergen (NH.),300,people_per_km2_land,CBS StatLine 70072NED Bevolkingsdichtheid,provenance/netherlands_population_density_manifest.json,country_local
netherlands,population_density,2025,2025-01-01,cbs-gemeentelijke-indeling-2025,municipality,0375,GM0375,Beverwijk,2345,people_per_km2_land,CBS StatLine 70072NED Bevolkingsdichtheid,provenance/netherlands_population_density_manifest.json,country_local
netherlands,population_density,2025,2025-01-01,cbs-gemeentelijke-indeling-2025,municipality,0376,GM0376,Blaricum,1169,people_per_km2_land,CBS StatLine 70072NED Bevolkingsdichtheid,provenance/netherlands_population_density_manifest.json,country_local
netherlands,population_density,2025,2025-01-01,cbs-gemeentelijke-indeling-2025,municipality,0377,GM0377,Bloemendaal,593,people_per_km2_land,CBS StatLine 70072NED Bevolkingsdichtheid,provenance/netherlands_population_density_manifest.json,country_local
netherlands,population_density,2025,2025-01-01,cbs-gemeentelijke-indeling-2025,municipality,0383,GM0383,Castricum,738,people_per_km2_land,CBS StatLine 70072NED Bevolkingsdichtheid,provenance/netherlands_population_density_manifest.json,country_local
netherlands,population_density,2025,2025-01-01,cbs-gemeentelijke-indeling-2025,municipality,0384,GM0384,Diemen,2781,people_per_km2_land,CBS StatLine 70072NED Bevolkingsdichtheid,provenance/netherlands_population_density_manifest.json,country_local
netherlands,population_density,2025,2025-01-01,cbs-gemeentelijke-indeling-2025,municipality,0385,GM0385,Edam-Volendam,684,people_per_km2_land,CBS StatLine 70072NED Bevolkingsdichtheid,provenance/netherlands_population_density_manifest.json,country_local
netherlands,population_density,2025,2025-01-01,cbs-gemeentelijke-indeling-2025,municipality,0388,GM0388,Enkhuizen,1488,people_per_km2_land,CBS StatLine 70072NED Bevolkingsdichtheid,provenance/netherlands_population_density_manifest.json,country_local
netherlands,population_density,2025,2025-01-01,cbs-gemeentelijke-indeling-2025,municipality,0392,GM0392,Haarlem,5776,people_per_km2_land,CBS StatLine 70072NED Bevolkingsdichtheid,provenance/netherlands_population_density_manifest.json,country_local
netherlands,population_density,2025,2025-01-01,cbs-gemeentelijke-indeling-2025,municipality,0394,GM0394,Haarlemmermeer,838,people_per_km2_land,CBS StatLine 70072NED Bevolkingsdichtheid,provenance/netherlands_population_density_manifest.json,country_local
netherlands,population_density,2025,2025-01-01,cbs-gemeentelijke-indeling-2025,municipality,0396,GM0396,Heemskerk,1444,people_per_km2_land,CBS StatLine 70072NED Bevolkingsdichtheid,provenance/netherlands_population_density_manifest.json,country_local
netherlands,population_density,2025,2025-01-01,cbs-gemeentelijke-indeling-2025,municipality,0397,GM0397,Heemstede,3013,people_per_km2_land,CBS StatLine 70072NED Bevolkingsdichtheid,provenance/netherlands_population_density_manifest.json,country_local
netherlands,population_density,2025,2025-01-01,cbs-gemeentelijke-indeling-2025,municipality,0399,GM0399,Heiloo,1301,people_per_km2_land,CBS StatLine 70072NED Bevolkingsdichtheid,provenance/netherlands_population_density_manifest.json,country_local
netherlands,population_density,2025,2025-01-01,cbs-gemeentelijke-indeling-2025,municipality,0400,GM0400,Den Helder,1256,people_per_km2_land,CBS StatLine 70072NED Bevolkingsdichtheid,provenance/netherlands_population_density_manifest.json,country_local
netherlands,population_density,2025,2025-01-01,cbs-gemeentelijke-indeling-2025,municipality,0402,GM0402,Hilversum,2070,people_per_km2_land,CBS StatLine 70072NED Bevolkingsdichtheid,provenance/netherlands_population_density_manifest.json,country_local
netherlands,population_density,2025,2025-01-01,cbs-gemeentelijke-indeling-2025,municipality,0405,GM0405,Hoorn,3732,people_per_km2_land,CBS StatLine 70072NED Bevolkingsdichtheid,provenance/netherlands_population_density_manifest.json,country_local
netherlands,population_density,2025,2025-01-01,cbs-gemeentelijke-indeling-2025,municipality,0406,GM0406,Huizen,2606,people_per_km2_land,CBS StatLine 70072NED Bevolkingsdichtheid,provenance/netherlands_population_density_manifest.json,country_local
netherlands,population_density,2025,2025-01-01,cbs-gemeentelijke-indeling-2025,municipality,0415,GM0415,Landsmeer,523,people_per_km2_land,CBS StatLine 70072NED Bevolkingsdichtheid,provenance/netherlands_population_density_manifest.json,country_local
netherlands,population_density,2025,2025-01-01,cbs-gemeentelijke-indeling-2025,municipality,0417,GM0417,Laren (NH.),925,people_per_km2_land,CBS StatLine 70072NED Bevolkingsdichtheid,provenance/netherlands_population_density_manifest.json,country_local
netherlands,population_density,2025,2025-01-01,cbs-gemeentelijke-indeling-2025,municipality,0420,GM0420,Medemblik,379,people_per_km2_land,CBS StatLine 70072NED Bevolkingsdichtheid,provenance/netherlands_population_density_manifest.json,country_local
netherlands,population_density,2025,2025-01-01,cbs-gemeentelijke-indeling-2025,municipality,0431,GM0431,Oostzaan,842,people_per_km2_land,CBS StatLine 70072NED Bevolkingsdichtheid,provenance/netherlands_population_density_manifest.json,country_local
netherlands,population_density,2025,2025-01-01,cbs-gemeentelijke-indeling-2025,municipality,0432,GM0432,Opmeer,301,people_per_km2_land,CBS StatLine 70072NED Bevolkingsdichtheid,provenance/netherlands_population_density_manifest.json,country_local
netherlands,population_density,2025,2025-01-01,cbs-gemeentelijke-indeling-2025,municipality,0437,GM0437,Ouder-Amstel,607,people_per_km2_land,CBS StatLine 70072NED Bevolkingsdichtheid,provenance/netherlands_population_density_manifest.json,country_local
netherlands,population_density,2025,2025-01-01,cbs-gemeentelijke-indeling-2025,municipality,0439,GM0439,Purmerend,1025,people_per_km2_land,CBS StatLine 70072NED Bevolkingsdichtheid,provenance/netherlands_population_density_manifest.json,country_local
netherlands,population_density,2025,2025-01-01,cbs-gemeentelijke-indeling-2025,municipality,0441,GM0441,Schagen,288,people_per_km2_land,CBS StatLine 70072NED Bevolkingsdichtheid,provenance/netherlands_population_density_manifest.json,country_local
netherlands,population_density,2025,2025-01-01,cbs-gemeentelijke-indeling-2025,municipality,0448,GM0448,Texel,85,people_per_km2_land,CBS StatLine 70072NED Bevolkingsdichtheid,provenance/netherlands_population_density_manifest.json,country_local
netherlands,population_density,2025,2025-01-01,cbs-gemeentelijke-indeling-2025,municipality,0450,GM0450,Uitgeest,701,people_per_km2_land,CBS StatLine 70072NED Bevolkingsdichtheid,provenance/netherlands_population_density_manifest.json,country_local
netherlands,population_density,2025,2025-01-01,cbs-gemeentelijke-indeling-2025,municipality,0451,GM0451,Uithoorn,1772,people_per_km2_land,CBS StatLine 70072NED Bevolkingsdichtheid,provenance/netherlands_population_density_manifest.json,country_local
netherlands,population_density,2025,2025-01-01,cbs-gemeentelijke-indeling-2025,municipality,0453,GM0453,Velsen,1555,people_per_km2_land,CBS StatLine 70072NED Bevolkingsdichtheid,provenance/netherlands_population_density_manifest.json,country_local
netherlands,population_density,2025,2025-01-01,cbs-gemeentelijke-indeling-2025,municipality,0473,GM0473,Zandvoort,542,people_per_km2_land,CBS StatLine 70072NED Bevolkingsdichtheid,provenance/netherlands_population_density_manifest.json,country_local
netherlands,population_density,2025,2025-01-01,cbs-gemeentelijke-indeling-2025,municipality,0479,GM0479,Zaanstad,2208,people_per_km2_land,CBS StatLine 70072NED Bevolkingsdichtheid,provenance/netherlands_population_density_manifest.json,country_local
netherlands,population_density,2025,2025-01-01,cbs-gemeentelijke-indeling-2025,municipality,0482,GM0482,Alblasserdam,2307,people_per_km2_land,CBS StatLine 70072NED Bevolkingsdichtheid,provenance/netherlands_population_density_manifest.json,country_local
netherlands,population_density,2025,2025-01-01,cbs-gemeentelijke-indeling-2025,municipality,0484,GM0484,Alphen aan den Rijn,919,people_per_km2_land,CBS StatLine 70072NED Bevolkingsdichtheid,provenance/netherlands_population_density_manifest.json,country_local
netherlands,population_density,2025,2025-01-01,cbs-gemeentelijke-indeling-2025,municipality,0489,GM0489,Barendrecht,2480,people_per_km2_land,CBS StatLine 70072NED Bevolkingsdichtheid,provenance/netherlands_population_density_manifest.json,country_local
netherlands,population_density,2025,2025-01-01,cbs-gemeentelijke-indeling-2025,municipality,0498,GM0498,Drechterland,348,people_per_km2_land,CBS StatLine 70072NED Bevolkingsdichtheid,provenance/netherlands_population_density_manifest.json,country_local
netherlands,population_density,2025,2025-01-01,cbs-gemeentelijke-indeling-2025,municipality,0502,GM0502,Capelle aan den IJssel,4852,people_per_km2_land,CBS StatLine 70072NED Bevolkingsdichtheid,provenance/netherlands_population_density_manifest.json,country_local
netherlands,population_density,2025,2025-01-01,cbs-gemeentelijke-indeling-2025,municipality,0503,GM0503,Delft,4861,people_per_km2_land,CBS StatLine 70072NED Bevolkingsdichtheid,provenance/netherlands_population_density_manifest.json,country_local
netherlands,population_density,2025,2025-01-01,cbs-gemeentelijke-indeling-2025,municipality,0505,GM0505,Dordrecht,1583,people_per_km2_land,CBS StatLine 70072NED Bevolkingsdichtheid,provenance/netherlands_population_density_manifest.json,country_local
netherlands,population_density,2025,2025-01-01,cbs-gemeentelijke-indeling-2025,municipality,0512,GM0512,Gorinchem,2076,people_per_km2_land,CBS StatLine 70072NED Bevolkingsdichtheid,provenance/netherlands_population_density_manifest.json,country_local
netherlands,population_density,2025,2025-01-01,cbs-gemeentelijke-indeling-2025,municipality,0513,GM0513,Gouda,4638,people_per_km2_land,CBS StatLine 70072NED Bevolkingsdichtheid,provenance/netherlands_population_density_manifest.json,country_local
netherlands,population_density,2025,2025-01-01,cbs-gemeentelijke-indeling-2025,municipality,0518,GM0518,'s-Gravenhage,6901,people_per_km2_land,CBS StatLine 70072NED Bevolkingsdichtheid,provenance/netherlands_population_density_manifest.json,country_local
netherlands,population_density,2025,2025-01-01,cbs-gemeentelijke-indeling-2025,municipality,0523,GM0523,Hardinxveld-Giessendam,1134,people_per_km2_land,CBS StatLine 70072NED Bevolkingsdichtheid,provenance/netherlands_population_density_manifest.json,country_local
netherlands,population_density,2025,2025-01-01,cbs-gemeentelijke-indeling-2025,municipality,0531,GM0531,Hendrik-Ido-Ambacht,3226,people_per_km2_land,CBS StatLine 70072NED Bevolkingsdichtheid,provenance/netherlands_population_density_manifest.json,country_local
netherlands,population_density,2025,2025-01-01,cbs-gemeentelijke-indeling-2025,municipality,0532,GM0532,Stede Broec,1537,people_per_km2_land,CBS StatLine 70072NED Bevolkingsdichtheid,provenance/netherlands_population_density_manifest.json,country_local
netherlands,population_density,2025,2025-01-01,cbs-gemeentelijke-indeling-2025,municipality,0534,GM0534,Hillegom,1773,people_per_km2_land,CBS StatLine 70072NED Bevolkingsdichtheid,provenance/netherlands_population_density_manifest.json,country_local
netherlands,population_density,2025,2025-01-01,cbs-gemeentelijke-indeling-2025,municipality,0537,GM0537,Katwijk,2704,people_per_km2_land,CBS StatLine 70072NED Bevolkingsdichtheid,provenance/netherlands_population_density_manifest.json,country_local
netherlands,population_density,2025,2025-01-01,cbs-gemeentelijke-indeling-2025,municipality,0542,GM0542,Krimpen aan den IJssel,3882,people_per_km2_land,CBS StatLine 70072NED Bevolkingsdichtheid,provenance/netherlands_population_density_manifest.json,country_local
netherlands,population_density,2025,2025-01-01,cbs-gemeentelijke-indeling-2025,municipality,0546,GM0546,Leiden,5978,people_per_km2_land,CBS StatLine 70072NED Bevolkingsdichtheid,provenance/netherlands_population_density_manifest.json,country_local
netherlands,population_density,2025,2025-01-01,cbs-gemeentelijke-indeling-2025,municipality,0547,GM0547,Leiderdorp,2414,people_per_km2_land,CBS StatLine 70072NED Bevolkingsdichtheid,provenance/netherlands_population_density_manifest.json,country_local
netherlands,population_density,2025,2025-01-01,cbs-gemeentelijke-indeling-2025,municipality,0553,GM0553,Lisse,1502,people_per_km2_land,CBS StatLine 70072NED Bevolkingsdichtheid,provenance/netherlands_population_density_manifest.json,country_local
netherlands,population_density,2025,2025-01-01,cbs-gemeentelijke-indeling-2025,municipality,0556,GM0556,Maassluis,4315,people_per_km2_land,CBS StatLine 70072NED Bevolkingsdichtheid,provenance/netherlands_population_density_manifest.json,country_local
netherlands,population_density,2025,2025-01-01,cbs-gemeentelijke-indeling-2025,municipality,0569,GM0569,Nieuwkoop,376,people_per_km2_land,CBS StatLine 70072NED Bevolkingsdichtheid,provenance/netherlands_population_density_manifest.json,country_local
netherlands,population_density,2025,2025-01-01,cbs-gemeentelijke-indeling-2025,municipality,0575,GM0575,Noordwijk,787,people_per_km2_land,CBS StatLine 70072NED Bevolkingsdichtheid,provenance/netherlands_population_density_manifest.json,country_local
netherlands,population_density,2025,2025-01-01,cbs-gemeentelijke-indeling-2025,municipality,0579,GM0579,Oegstgeest,3573,people_per_km2_land,CBS StatLine 70072NED Bevolkingsdichtheid,provenance/netherlands_population_density_manifest.json,country_local
netherlands,population_density,2025,2025-01-01,cbs-gemeentelijke-indeling-2025,municipality,0589,GM0589,Oudewater,266,people_per_km2_land,CBS StatLine 70072NED Bevolkingsdichtheid,provenance/netherlands_population_density_manifest.json,country_local
netherlands,population_density,2025,2025-01-01,cbs-gemeentelijke-indeling-2025,municipality,0590,GM0590,Papendrecht,3431,people_per_km2_land,CBS StatLine 70072NED Bevolkingsdichtheid,provenance/netherlands_population_density_manifest.json,country_local
netherlands,population_density,2025,2025-01-01,cbs-gemeentelijke-indeling-2025,municipality,0597,GM0597,Ridderkerk,2045,people_per_km2_land,CBS StatLine 70072NED Bevolkingsdichtheid,provenance/netherlands_population_density_manifest.json,country_local
netherlands,population_density,2025,2025-01-01,cbs-gemeentelijke-indeling-2025,municipality,0599,GM0599,Rotterdam,3081,people_per_km2_land,CBS StatLine 70072NED Bevolkingsdichtheid,provenance/netherlands_population_density_manifest.json,country_local
netherlands,population_density,2025,2025-01-01,cbs-gemeentelijke-indeling-2025,municipality,0603,GM0603,Rijswijk (ZH.),4344,people_per_km2_land,CBS StatLine 70072NED Bevolkingsdichtheid,provenance/netherlands_population_density_manifest.json,country_local
netherlands,population_density,2025,2025-01-01,cbs-gemeentelijke-indeling-2025,municipality,0606,GM0606,Schiedam,4618,people_per_km2_land,CBS StatLine 70072NED Bevolkingsdichtheid,provenance/netherlands_population_density_manifest.json,country_local
netherlands,population_density,2025,2025-01-01,cbs-gemeentelijke-indeling-2025,municipality,0610,GM0610,Sliedrecht,2071,people_per_km2_land,CBS StatLine 70072NED Bevolkingsdichtheid,provenance/netherlands_population_density_manifest.json,country_local
netherlands,population_density,2025,2025-01-01,cbs-gemeentelijke-indeling-2025,municipality,0613,GM0613,Albrandswaard,1233,people_per_km2_land,CBS StatLine 70072NED Bevolkingsdichtheid,provenance/netherlands_population_density_manifest.json,country_local
netherlands,population_density,2025,2025-01-01,cbs-gemeentelijke-indeling-2025,municipality,0622,GM0622,Vlaardingen,3307,people_per_km2_land,CBS StatLine 70072NED Bevolkingsdichtheid,provenance/netherlands_population_density_manifest.json,country_local
netherlands,population_density,2025,2025-01-01,cbs-gemeentelijke-indeling-2025,municipality,0626,GM0626,Voorschoten,2331,people_per_km2_land,CBS StatLine 70072NED Bevolkingsdichtheid,provenance/netherlands_population_density_manifest.json,country_local
netherlands,population_density,2025,2025-01-01,cbs-gemeentelijke-indeling-2025,municipality,0627,GM0627,Waddinxveen,1262,people_per_km2_land,CBS StatLine 70072NED Bevolkingsdichtheid,provenance/netherlands_population_density_manifest.json,country_local
netherlands,population_density,2025,2025-01-01,cbs-gemeentelijke-indeling-2025,municipality,0629,GM0629,Wassenaar,538,people_per_km2_land,CBS StatLine 70072NED Bevolkingsdichtheid,provenance/netherlands_population_density_manifest.json,country_local
netherlands,population_density,2025,2025-01-01,cbs-gemeentelijke-indeling-2025,municipality,0632,GM0632,Woerden,610,people_per_km2_land,CBS StatLine 70072NED Bevolkingsdichtheid,provenance/netherlands_population_density_manifest.json,country_local
netherlands,population_density,2025,2025-01-01,cbs-gemeentelijke-indeling-2025,municipality,0637,GM0637,Zoetermeer,3772,people_per_km2_land,CBS StatLine 70072NED Bevolkingsdichtheid,provenance/netherlands_population_density_manifest.json,country_local
netherlands,population_density,2025,2025-01-01,cbs-gemeentelijke-indeling-2025,municipality,0638,GM0638,Zoeterwoude,479,people_per_km2_land,CBS StatLine 70072NED Bevolkingsdichtheid,provenance/netherlands_population_density_manifest.json,country_local
netherlands,population_density,2025,2025-01-01,cbs-gemeentelijke-indeling-2025,municipality,0642,GM0642,Zwijndrecht,2200,people_per_km2_land,CBS StatLine 70072NED Bevolkingsdichtheid,provenance/netherlands_population_density_manifest.json,country_local
netherlands,population_density,2025,2025-01-01,cbs-gemeentelijke-indeling-2025,municipality,0654,GM0654,Borsele,163,people_per_km2_land,CBS StatLine 70072NED Bevolkingsdichtheid,provenance/netherlands_population_density_manifest.json,country_local
netherlands,population_density,2025,2025-01-01,cbs-gemeentelijke-indeling-2025,municipality,0664,GM0664,Goes,434,people_per_km2_land,CBS StatLine 70072NED Bevolkingsdichtheid,provenance/netherlands_population_density_manifest.json,country_local
netherlands,population_density,2025,2025-01-01,cbs-gemeentelijke-indeling-2025,municipality,0668,GM0668,West Maas en Waal,270,people_per_km2_land,CBS StatLine 70072NED Bevolkingsdichtheid,provenance/netherlands_population_density_manifest.json,country_local
netherlands,population_density,2025,2025-01-01,cbs-gemeentelijke-indeling-2025,municipality,0677,GM0677,Hulst,136,people_per_km2_land,CBS StatLine 70072NED Bevolkingsdichtheid,provenance/netherlands_population_density_manifest.json,country_local
netherlands,population_density,2025,2025-01-01,cbs-gemeentelijke-indeling-2025,municipality,0678,GM0678,Kapelle,350,people_per_km2_land,CBS StatLine 70072NED Bevolkingsdichtheid,provenance/netherlands_population_density_manifest.json,country_local
netherlands,population_density,2025,2025-01-01,cbs-gemeentelijke-indeling-2025,municipality,0687,GM0687,Middelburg (Z.),1037,people_per_km2_land,CBS StatLine 70072NED Bevolkingsdichtheid,provenance/netherlands_population_density_manifest.json,country_local
netherlands,population_density,2025,2025-01-01,cbs-gemeentelijke-indeling-2025,municipality,0703,GM0703,Reimerswaal,229,people_per_km2_land,CBS StatLine 70072NED Bevolkingsdichtheid,provenance/netherlands_population_density_manifest.json,country_local
netherlands,population_density,2025,2025-01-01,cbs-gemeentelijke-indeling-2025,municipality,0715,GM0715,Terneuzen,222,people_per_km2_land,CBS StatLine 70072NED Bevolkingsdichtheid,provenance/netherlands_population_density_manifest.json,country_local
netherlands,population_density,2025,2025-01-01,cbs-gemeentelijke-indeling-2025,municipality,0716,GM0716,Tholen,184,people_per_km2_land,CBS StatLine 70072NED Bevolkingsdichtheid,provenance/netherlands_population_density_manifest.json,country_local
netherlands,population_density,2025,2025-01-01,cbs-gemeentelijke-indeling-2025,municipality,0717,GM0717,Veere,165,people_per_km2_land,CBS StatLine 70072NED Bevolkingsdichtheid,provenance/netherlands_population_density_manifest.json,country_local
netherlands,population_density,2025,2025-01-01,cbs-gemeentelijke-indeling-2025,municipality,0718,GM0718,Vlissingen,1331,people_per_km2_land,CBS StatLine 70072NED Bevolkingsdichtheid,provenance/netherlands_population_density_manifest.json,country_local
netherlands,population_density,2025,2025-01-01,cbs-gemeentelijke-indeling-2025,municipality,0736,GM0736,De Ronde Venen,461,people_per_km2_land,CBS StatLine 70072NED Bevolkingsdichtheid,provenance/netherlands_population_density_manifest.json,country_local
netherlands,population_density,2025,2025-01-01,cbs-gemeentelijke-indeling-2025,municipality,0737,GM0737,Tytsjerksteradiel,221,people_per_km2_land,CBS StatLine 70072NED Bevolkingsdichtheid,provenance/netherlands_population_density_manifest.json,country_local
netherlands,population_density,2025,2025-01-01,cbs-gemeentelijke-indeling-2025,municipality,0743,GM0743,Asten,248,people_per_km2_land,CBS StatLine 70072NED Bevolkingsdichtheid,provenance/netherlands_population_density_manifest.json,country_local
netherlands,population_density,2025,2025-01-01,cbs-gemeentelijke-indeling-2025,municipality,0744,GM0744,Baarle-Nassau,95,people_per_km2_land,CBS StatLine 70072NED Bevolkingsdichtheid,provenance/netherlands_population_density_manifest.json,country_local
netherlands,population_density,2025,2025-01-01,cbs-gemeentelijke-indeling-2025,municipality,0748,GM0748,Bergen op Zoom,878,people_per_km2_land,CBS StatLine 70072NED Bevolkingsdichtheid,provenance/netherlands_population_density_manifest.json,country_local
netherlands,population_density,2025,2025-01-01,cbs-gemeentelijke-indeling-2025,municipality,0753,GM0753,Best,934,people_per_km2_land,CBS StatLine 70072NED Bevolkingsdichtheid,provenance/netherlands_population_density_manifest.json,country_local
netherlands,population_density,2025,2025-01-01,cbs-gemeentelijke-indeling-2025,municipality,0755,GM0755,Boekel,332,people_per_km2_land,CBS StatLine 70072NED Bevolkingsdichtheid,provenance/netherlands_population_density_manifest.json,country_local
netherlands,population_density,2025,2025-01-01,cbs-gemeentelijke-indeling-2025,municipality,0757,GM0757,Boxtel,496,people_per_km2_land,CBS StatLine 70072NED Bevolkingsdichtheid,provenance/netherlands_population_density_manifest.json,country_local
netherlands,population_density,2025,2025-01-01,cbs-gemeentelijke-indeling-2025,municipality,0758,GM0758,Breda,1502,people_per_km2_land,CBS StatLine 70072NED Bevolkingsdichtheid,provenance/netherlands_population_density_manifest.json,country_local
netherlands,population_density,2025,2025-01-01,cbs-gemeentelijke-indeling-2025,municipality,0762,GM0762,Deurne,286,people_per_km2_land,CBS StatLine 70072NED Bevolkingsdichtheid,provenance/netherlands_population_density_manifest.json,country_local
netherlands,population_density,2025,2025-01-01,cbs-gemeentelijke-indeling-2025,municipality,0765,GM0765,Pekela,254,people_per_km2_land,CBS StatLine 70072NED Bevolkingsdichtheid,provenance/netherlands_population_density_manifest.json,country_local
netherlands,population_density,2025,2025-01-01,cbs-gemeentelijke-indeling-2025,municipality,0766,GM0766,Dongen,941,people_per_km2_land,CBS StatLine 70072NED Bevolkingsdichtheid,provenance/netherlands_population_density_manifest.json,country_local
netherlands,population_density,2025,2025-01-01,cbs-gemeentelijke-indeling-2025,municipality,0770,GM0770,Eersel,247,people_per_km2_land,CBS StatLine 70072NED Bevolkingsdichtheid,provenance/netherlands_population_density_manifest.json,country_local
netherlands,population_density,2025,2025-01-01,cbs-gemeentelijke-indeling-2025,municipality,0772,GM0772,Eindhoven,2829,people_per_km2_land,CBS StatLine 70072NED Bevolkingsdichtheid,provenance/netherlands_population_density_manifest.json,country_local
netherlands,population_density,2025,2025-01-01,cbs-gemeentelijke-indeling-2025,municipality,0777,GM0777,Etten-Leur,822,people_per_km2_land,CBS StatLine 70072NED Bevolkingsdichtheid,provenance/netherlands_population_density_manifest.json,country_local
netherlands,population_density,2025,2025-01-01,cbs-gemeentelijke-indeling-2025,municipality,0779,GM0779,Geertruidenberg,825,people_per_km2_land,CBS StatLine 70072NED Bevolkingsdichtheid,provenance/netherlands_population_density_manifest.json,country_local
netherlands,population_density,2025,2025-01-01,cbs-gemeentelijke-indeling-2025,municipality,0784,GM0784,Gilze en Rijen,436,people_per_km2_land,CBS StatLine 70072NED Bevolkingsdichtheid,provenance/netherlands_population_density_manifest.json,country_local
netherlands,population_density,2025,2025-01-01,cbs-gemeentelijke-indeling-2025,municipality,0785,GM0785,Goirle,569,people_per_km2_land,CBS StatLine 70072NED Bevolkingsdichtheid,provenance/netherlands_population_density_manifest.json,country_local
netherlands,population_density,2025,2025-01-01,cbs-gemeentelijke-indeling-2025,municipality,0794,GM0794,Helmond,1816,people_per_km2_land,CBS StatLine 70072NED Bevolkingsdichtheid,provenance/netherlands_population_density_manifest.json,country_local
netherlands,population_density,2025,2025-01-01,cbs-gemeentelijke-indeling-2025,municipality,0796,GM0796,'s-Hertogenbosch,1475,people_per_km2_land,CBS StatLine 70072NED Bevolkingsdichtheid,provenance/netherlands_population_density_manifest.json,country_local
netherlands,population_density,2025,2025-01-01,cbs-gemeentelijke-indeling-2025,municipality,0797,GM0797,Heusden,588,people_per_km2_land,CBS StatLine 70072NED Bevolkingsdichtheid,provenance/netherlands_population_density_manifest.json,country_local
netherlands,population_density,2025,2025-01-01,cbs-gemeentelijke-indeling-2025,municipality,0798,GM0798,Hilvarenbeek,170,people_per_km2_land,CBS StatLine 70072NED Bevolkingsdichtheid,provenance/netherlands_population_density_manifest.json,country_local
netherlands,population_density,2025,2025-01-01,cbs-gemeentelijke-indeling-2025,municipality,0809,GM0809,Loon op Zand,484,people_per_km2_land,CBS StatLine 70072NED Bevolkingsdichtheid,provenance/netherlands_population_density_manifest.json,country_local
netherlands,population_density,2025,2025-01-01,cbs-gemeentelijke-indeling-2025,municipality,0820,GM0820,"Nuenen, Gerwen en Nederwetten",722,people_per_km2_land,CBS StatLine 70072NED Bevolkingsdichtheid,provenance/netherlands_population_density_manifest.json,country_local
netherlands,population_density,2025,2025-01-01,cbs-gemeentelijke-indeling-2025,municipality,0823,GM0823,Oirschot,192,people_per_km2_land,CBS StatLine 70072NED Bevolkingsdichtheid,provenance/netherlands_population_density_manifest.json,country_local
netherlands,population_density,2025,2025-01-01,cbs-gemeentelijke-indeling-2025,municipality,0824,GM0824,Oisterwijk,413,people_per_km2_land,CBS StatLine 70072NED Bevolkingsdichtheid,provenance/netherlands_population_density_manifest.json,country_local
netherlands,population_density,2025,2025-01-01,cbs-gemeentelijke-indeling-2025,municipality,0826,GM0826,Oosterhout,817,people_per_km2_land,CBS StatLine 70072NED Bevolkingsdichtheid,provenance/netherlands_population_density_manifest.json,country_local
netherlands,population_density,2025,2025-01-01,cbs-gemeentelijke-indeling-2025,municipality,0828,GM0828,Oss,588,people_per_km2_land,CBS StatLine 70072NED Bevolkingsdichtheid,provenance/netherlands_population_density_manifest.json,country_local
netherlands,population_density,2025,2025-01-01,cbs-gemeentelijke-indeling-2025,municipality,0840,GM0840,Rucphen,373,people_per_km2_land,CBS StatLine 70072NED Bevolkingsdichtheid,provenance/netherlands_population_density_manifest.json,country_local
netherlands,population_density,2025,2025-01-01,cbs-gemeentelijke-indeling-2025,municipality,0845,GM0845,Sint-Michielsgestel,517,people_per_km2_land,CBS StatLine 70072NED Bevolkingsdichtheid,provenance/netherlands_population_density_manifest.json,country_local
netherlands,population_density,2025,2025-01-01,cbs-gemeentelijke-indeling-2025,municipality,0847,GM0847,Someren,252,people_per_km2_land,CBS StatLine 70072NED Bevolkingsdichtheid,provenance/netherlands_population_density_manifest.json,country_local
netherlands,population_density,2025,2025-01-01,cbs-gemeentelijke-indeling-2025,municipality,0848,GM0848,Son en Breugel,699,people_per_km2_land,CBS StatLine 70072NED Bevolkingsdichtheid,provenance/netherlands_population_density_manifest.json,country_local
netherlands,population_density,2025,2025-01-01,cbs-gemeentelijke-indeling-2025,municipality,0851,GM0851,Steenbergen,168,people_per_km2_land,CBS StatLine 70072NED Bevolkingsdichtheid,provenance/netherlands_population_density_manifest.json,country_local
netherlands,population_density,2025,2025-01-01,cbs-gemeentelijke-indeling-2025,municipality,0852,GM0852,Waterland,338,people_per_km2_land,CBS StatLine 70072NED Bevolkingsdichtheid,provenance/netherlands_population_density_manifest.json,country_local
netherlands,population_density,2025,2025-01-01,cbs-gemeentelijke-indeling-2025,municipality,0855,GM0855,Tilburg,1830,people_per_km2_land,CBS StatLine 70072NED Bevolkingsdichtheid,provenance/netherlands_population_density_manifest.json,country_local
netherlands,population_density,2025,2025-01-01,cbs-gemeentelijke-indeling-2025,municipality,0858,GM0858,Valkenswaard,582,people_per_km2_land,CBS StatLine 70072NED Bevolkingsdichtheid,provenance/netherlands_population_density_manifest.json,country_local
netherlands,population_density,2025,2025-01-01,cbs-gemeentelijke-indeling-2025,municipality,0861,GM0861,Veldhoven,1503,people_per_km2_land,CBS StatLine 70072NED Bevolkingsdichtheid,provenance/netherlands_population_density_manifest.json,country_local
netherlands,population_density,2025,2025-01-01,cbs-gemeentelijke-indeling-2025,municipality,0865,GM0865,Vught,550,people_per_km2_land,CBS StatLine 70072NED Bevolkingsdichtheid,provenance/netherlands_population_density_manifest.json,country_local
netherlands,population_density,2025,2025-01-01,cbs-gemeentelijke-indeling-2025,municipality,0866,GM0866,Waalre,800,people_per_km2_land,CBS StatLine 70072NED Bevolkingsdichtheid,provenance/netherlands_population_density_manifest.json,country_local
netherlands,population_density,2025,2025-01-01,cbs-gemeentelijke-indeling-2025,municipality,0867,GM0867,Waalwijk,794,people_per_km2_land,CBS StatLine 70072NED Bevolkingsdichtheid,provenance/netherlands_population_density_manifest.json,country_local
netherlands,population_density,2025,2025-01-01,cbs-gemeentelijke-indeling-2025,municipality,0873,GM0873,Woensdrecht,242,people_per_km2_land,CBS StatLine 70072NED Bevolkingsdichtheid,provenance/netherlands_population_density_manifest.json,country_local
netherlands,population_density,2025,2025-01-01,cbs-gemeentelijke-indeling-2025,municipality,0879,GM0879,Zundert,189,people_per_km2_land,CBS StatLine 70072NED Bevolkingsdichtheid,provenance/netherlands_population_density_manifest.json,country_local
netherlands,population_density,2025,2025-01-01,cbs-gemeentelijke-indeling-2025,municipality,0880,GM0880,Wormerland,426,people_per_km2_land,CBS StatLine 70072NED Bevolkingsdichtheid,provenance/netherlands_population_density_manifest.json,country_local
netherlands,population_density,2025,2025-01-01,cbs-gemeentelijke-indeling-2025,municipality,0882,GM0882,Landgraaf,1499,people_per_km2_land,CBS StatLine 70072NED Bevolkingsdichtheid,provenance/netherlands_population_density_manifest.json,country_local
netherlands,population_density,2025,2025-01-01,cbs-gemeentelijke-indeling-2025,municipality,0888,GM0888,Beek (L.),771,people_per_km2_land,CBS StatLine 70072NED Bevolkingsdichtheid,provenance/netherlands_population_density_manifest.json,country_local
netherlands,population_density,2025,2025-01-01,cbs-gemeentelijke-indeling-2025,municipality,0889,GM0889,Beesel,485,people_per_km2_land,CBS StatLine 70072NED Bevolkingsdichtheid,provenance/netherlands_population_density_manifest.json,country_local
netherlands,population_density,2025,2025-01-01,cbs-gemeentelijke-indeling-2025,municipality,0893,GM0893,Bergen (L.),127,people_per_km2_land,CBS StatLine 70072NED Bevolkingsdichtheid,provenance/netherlands_population_density_manifest.json,country_local
netherlands,population_density,2025,2025-01-01,cbs-gemeentelijke-indeling-2025,municipality,0899,GM0899,Brunssum,1597,people_per_km2_land,CBS StatLine 70072NED Bevolkingsdichtheid,provenance/netherlands_population_density_manifest.json,country_local
netherlands,population_density,2025,2025-01-01,cbs-gemeentelijke-indeling-2025,municipality,0907,GM0907,Gennep,374,people_per_km2_land,CBS StatLine 70072NED Bevolkingsdichtheid,provenance/netherlands_population_density_manifest.json,country_local
netherlands,population_density,2025,2025-01-01,cbs-gemeentelijke-indeling-2025,municipality,0917,GM0917,Heerlen,1949,people_per_km2_land,CBS StatLine 70072NED Bevolkingsdichtheid,provenance/netherlands_population_density_manifest.json,country_local
netherlands,population_density,2025,2025-01-01,cbs-gemeentelijke-indeling-2025,municipality,0928,GM0928,Kerkrade,2076,people_per_km2_land,CBS StatLine 70072NED Bevolkingsdichtheid,provenance/netherlands_population_density_manifest.json,country_local
netherlands,population_density,2025,2025-01-01,cbs-gemeentelijke-indeling-2025,municipality,0935,GM0935,Maastricht,2251,people_per_km2_land,CBS StatLine 70072NED Bevolkingsdichtheid,provenance/netherlands_population_density_manifest.json,country_local
netherlands,population_density,2025,2025-01-01,cbs-gemeentelijke-indeling-2025,municipality,0938,GM0938,Meerssen,691,people_per_km2_land,CBS StatLine 70072NED Bevolkingsdichtheid,provenance/netherlands_population_density_manifest.json,country_local
netherlands,population_density,2025,2025-01-01,cbs-gemeentelijke-indeling-2025,municipality,0944,GM0944,Mook en Middelaar,466,people_per_km2_land,CBS StatLine 70072NED Bevolkingsdichtheid,provenance/netherlands_population_density_manifest.json,country_local
netherlands,population_density,2025,2025-01-01,cbs-gemeentelijke-indeling-2025,municipality,0946,GM0946,Nederweert,175,people_per_km2_land,CBS StatLine 70072NED Bevolkingsdichtheid,provenance/netherlands_population_density_manifest.json,country_local
netherlands,population_density,2025,2025-01-01,cbs-gemeentelijke-indeling-2025,municipality,0957,GM0957,Roermond,1009,people_per_km2_land,CBS StatLine 70072NED Bevolkingsdichtheid,provenance/netherlands_population_density_manifest.json,country_local
netherlands,population_density,2025,2025-01-01,cbs-gemeentelijke-indeling-2025,municipality,0965,GM0965,Simpelveld,641,people_per_km2_land,CBS StatLine 70072NED Bevolkingsdichtheid,provenance/netherlands_population_density_manifest.json,country_local
netherlands,population_density,2025,2025-01-01,cbs-gemeentelijke-indeling-2025,municipality,0971,GM0971,Stein (L.),1178,people_per_km2_land,CBS StatLine 70072NED Bevolkingsdichtheid,provenance/netherlands_population_density_manifest.json,country_local
netherlands,population_density,2025,2025-01-01,cbs-gemeentelijke-indeling-2025,municipality,0981,GM0981,Vaals,419,people_per_km2_land,CBS StatLine 70072NED Bevolkingsdichtheid,provenance/netherlands_population_density_manifest.json,country_local
netherlands,population_density,2025,2025-01-01,cbs-gemeentelijke-indeling-2025,municipality,0983,GM0983,Venlo,837,people_per_km2_land,CBS StatLine 70072NED Bevolkingsdichtheid,provenance/netherlands_population_density_manifest.json,country_local
netherlands,population_density,2025,2025-01-01,cbs-gemeentelijke-indeling-2025,municipality,0984,GM0984,Venray,275,people_per_km2_land,CBS StatLine 70072NED Bevolkingsdichtheid,provenance/netherlands_population_density_manifest.json,country_local
netherlands,population_density,2025,2025-01-01,cbs-gemeentelijke-indeling-2025,municipality,0986,GM0986,Voerendaal,399,people_per_km2_land,CBS StatLine 70072NED Bevolkingsdichtheid,provenance/netherlands_population_density_manifest.json,country_local
netherlands,population_density,2025,2025-01-01,cbs-gemeentelijke-indeling-2025,municipality,0988,GM0988,Weert,493,people_per_km2_land,CBS StatLine 70072NED Bevolkingsdichtheid,provenance/netherlands_population_density_manifest.json,country_local
netherlands,population_density,2025,2025-01-01,cbs-gemeentelijke-indeling-2025,municipality,0994,GM0994,Valkenburg aan de Geul,448,people_per_km2_land,CBS StatLine 70072NED Bevolkingsdichtheid,provenance/netherlands_population_density_manifest.json,country_local
netherlands,population_density,2025,2025-01-01,cbs-gemeentelijke-indeling-2025,municipality,0995,GM0995,Lelystad,370,people_per_km2_land,CBS StatLine 70072NED Bevolkingsdichtheid,provenance/netherlands_population_density_manifest.json,country_local
netherlands,population_density,2025,2025-01-01,cbs-gemeentelijke-indeling-2025,municipality,1507,GM1507,Horst aan de Maas,234,people_per_km2_land,CBS StatLine 70072NED Bevolkingsdichtheid,provenance/netherlands_population_density_manifest.json,country_local
netherlands,population_density,2025,2025-01-01,cbs-gemeentelijke-indeling-2025,municipality,1509,GM1509,Oude IJsselstreek,290,people_per_km2_land,CBS StatLine 70072NED Bevolkingsdichtheid,provenance/netherlands_population_density_manifest.json,country_local
netherlands,population_density,2025,2025-01-01,cbs-gemeentelijke-indeling-2025,municipality,1525,GM1525,Teylingen,1356,people_per_km2_land,CBS StatLine 70072NED Bevolkingsdichtheid,provenance/netherlands_population_density_manifest.json,country_local
netherlands,population_density,2025,2025-01-01,cbs-gemeentelijke-indeling-2025,municipality,1581,GM1581,Utrechtse Heuvelrug,386,people_per_km2_land,CBS StatLine 70072NED Bevolkingsdichtheid,provenance/netherlands_population_density_manifest.json,country_local
netherlands,population_density,2025,2025-01-01,cbs-gemeentelijke-indeling-2025,municipality,1586,GM1586,Oost Gelre,273,people_per_km2_land,CBS StatLine 70072NED Bevolkingsdichtheid,provenance/netherlands_population_density_manifest.json,country_local
netherlands,population_density,2025,2025-01-01,cbs-gemeentelijke-indeling-2025,municipality,1598,GM1598,Koggenland,297,people_per_km2_land,CBS StatLine 70072NED Bevolkingsdichtheid,provenance/netherlands_population_density_manifest.json,country_local
netherlands,population_density,2025,2025-01-01,cbs-gemeentelijke-indeling-2025,municipality,1621,GM1621,Lansingerland,1240,people_per_km2_land,CBS StatLine 70072NED Bevolkingsdichtheid,provenance/netherlands_population_density_manifest.json,country_local
netherlands,population_density,2025,2025-01-01,cbs-gemeentelijke-indeling-2025,municipality,1640,GM1640,Leudal,222,people_per_km2_land,CBS StatLine 70072NED Bevolkingsdichtheid,provenance/netherlands_population_density_manifest.json,country_local
netherlands,population_density,2025,2025-01-01,cbs-gemeentelijke-indeling-2025,municipality,1641,GM1641,Maasgouw,536,people_per_km2_land,CBS StatLine 70072NED Bevolkingsdichtheid,provenance/netherlands_population_density_manifest.json,country_local
netherlands,population_density,2025,2025-01-01,cbs-gemeentelijke-indeling-2025,municipality,1652,GM1652,Gemert-Bakel,258,people_per_km2_land,CBS StatLine 70072NED Bevolkingsdichtheid,provenance/netherlands_population_density_manifest.json,country_local
netherlands,population_density,2025,2025-01-01,cbs-gemeentelijke-indeling-2025,municipality,1655,GM1655,Halderberge,421,people_per_km2_land,CBS StatLine 70072NED Bevolkingsdichtheid,provenance/netherlands_population_density_manifest.json,country_local
netherlands,population_density,2025,2025-01-01,cbs-gemeentelijke-indeling-2025,municipality,1658,GM1658,Heeze-Leende,164,people_per_km2_land,CBS StatLine 70072NED Bevolkingsdichtheid,provenance/netherlands_population_density_manifest.json,country_local
netherlands,population_density,2025,2025-01-01,cbs-gemeentelijke-indeling-2025,municipality,1659,GM1659,Laarbeek,421,people_per_km2_land,CBS StatLine 70072NED Bevolkingsdichtheid,provenance/netherlands_population_density_manifest.json,country_local
netherlands,population_density,2025,2025-01-01,cbs-gemeentelijke-indeling-2025,municipality,1667,GM1667,Reusel-De Mierden,175,people_per_km2_land,CBS StatLine 70072NED Bevolkingsdichtheid,provenance/netherlands_population_density_manifest.json,country_local
netherlands,population_density,2025,2025-01-01,cbs-gemeentelijke-indeling-2025,municipality,1669,GM1669,Roerdalen,236,people_per_km2_land,CBS StatLine 70072NED Bevolkingsdichtheid,provenance/netherlands_population_density_manifest.json,country_local
netherlands,population_density,2025,2025-01-01,cbs-gemeentelijke-indeling-2025,municipality,1674,GM1674,Roosendaal,730,people_per_km2_land,CBS StatLine 70072NED Bevolkingsdichtheid,provenance/netherlands_population_density_manifest.json,country_local
netherlands,population_density,2025,2025-01-01,cbs-gemeentelijke-indeling-2025,municipality,1676,GM1676,Schouwen-Duiveland,151,people_per_km2_land,CBS StatLine 70072NED Bevolkingsdichtheid,provenance/netherlands_population_density_manifest.json,country_local
netherlands,population_density,2025,2025-01-01,cbs-gemeentelijke-indeling-2025,municipality,1680,GM1680,Aa en Hunze,94,people_per_km2_land,CBS StatLine 70072NED Bevolkingsdichtheid,provenance/netherlands_population_density_manifest.json,country_local
netherlands,population_density,2025,2025-01-01,cbs-gemeentelijke-indeling-2025,municipality,1681,GM1681,Borger-Odoorn,95,people_per_km2_land,CBS StatLine 70072NED Bevolkingsdichtheid,provenance/netherlands_population_density_manifest.json,country_local
netherlands,population_density,2025,2025-01-01,cbs-gemeentelijke-indeling-2025,municipality,1690,GM1690,De Wolden,110,people_per_km2_land,CBS StatLine 70072NED Bevolkingsdichtheid,provenance/netherlands_population_density_manifest.json,country_local
netherlands,population_density,2025,2025-01-01,cbs-gemeentelijke-indeling-2025,municipality,1695,GM1695,Noord-Beveland,94,people_per_km2_land,CBS StatLine 70072NED Bevolkingsdichtheid,provenance/netherlands_population_density_manifest.json,country_local
netherlands,population_density,2025,2025-01-01,cbs-gemeentelijke-indeling-2025,municipality,1696,GM1696,Wijdemeren,519,people_per_km2_land,CBS StatLine 70072NED Bevolkingsdichtheid,provenance/netherlands_population_density_manifest.json,country_local
netherlands,population_density,2025,2025-01-01,cbs-gemeentelijke-indeling-2025,municipality,1699,GM1699,Noordenveld,160,people_per_km2_land,CBS StatLine 70072NED Bevolkingsdichtheid,provenance/netherlands_population_density_manifest.json,country_local
netherlands,population_density,2025,2025-01-01,cbs-gemeentelijke-indeling-2025,municipality,1700,GM1700,Twenterand,321,people_per_km2_land,CBS StatLine 70072NED Bevolkingsdichtheid,provenance/netherlands_population_density_manifest.json,country_local
netherlands,population_density,2025,2025-01-01,cbs-gemeentelijke-indeling-2025,municipality,1701,GM1701,Westerveld,72,people_per_km2_land,CBS StatLine 70072NED Bevolkingsdichtheid,provenance/netherlands_population_density_manifest.json,country_local
netherlands,population_density,2025,2025-01-01,cbs-gemeentelijke-indeling-2025,municipality,1705,GM1705,Lingewaard,770,people_per_km2_land,CBS StatLine 70072NED Bevolkingsdichtheid,provenance/netherlands_population_density_manifest.json,country_local
netherlands,population_density,2025,2025-01-01,cbs-gemeentelijke-indeling-2025,municipality,1706,GM1706,Cranendonck,283,people_per_km2_land,CBS StatLine 70072NED Bevolkingsdichtheid,provenance/netherlands_population_density_manifest.json,country_local
netherlands,population_density,2025,2025-01-01,cbs-gemeentelijke-indeling-2025,municipality,1708,GM1708,Steenwijkerland,159,people_per_km2_land,CBS StatLine 70072NED Bevolkingsdichtheid,provenance/netherlands_population_density_manifest.json,country_local
netherlands,population_density,2025,2025-01-01,cbs-gemeentelijke-indeling-2025,municipality,1709,GM1709,Moerdijk,240,people_per_km2_land,CBS StatLine 70072NED Bevolkingsdichtheid,provenance/netherlands_population_density_manifest.json,country_local
netherlands,population_density,2025,2025-01-01,cbs-gemeentelijke-indeling-2025,municipality,1711,GM1711,Echt-Susteren,313,people_per_km2_land,CBS StatLine 70072NED Bevolkingsdichtheid,provenance/netherlands_population_density_manifest.json,country_local
netherlands,population_density,2025,2025-01-01,cbs-gemeentelijke-indeling-2025,municipality,1714,GM1714,Sluis,83,people_per_km2_land,CBS StatLine 70072NED Bevolkingsdichtheid,provenance/netherlands_population_density_manifest.json,country_local
netherlands,population_density,2025,2025-01-01,cbs-gemeentelijke-indeling-2025,municipality,1719,GM1719,Drimmelen,298,people_per_km2_land,CBS StatLine 70072NED Bevolkingsdichtheid,provenance/netherlands_population_density_manifest.json,country_local
netherlands,population_density,2025,2025-01-01,cbs-gemeentelijke-indeling-2025,municipality,1721,GM1721,Bernheze,363,people_per_km2_land,CBS StatLine 70072NED Bevolkingsdichtheid,provenance/netherlands_population_density_manifest.json,country_local
netherlands,population_density,2025,2025-01-01,cbs-gemeentelijke-indeling-2025,municipality,1723,GM1723,Alphen-Chaam,113,people_per_km2_land,CBS StatLine 70072NED Bevolkingsdichtheid,provenance/netherlands_population_density_manifest.json,country_local
netherlands,population_density,2025,2025-01-01,cbs-gemeentelijke-indeling-2025,municipality,1724,GM1724,Bergeijk,191,people_per_km2_land,CBS StatLine 70072NED Bevolkingsdichtheid,provenance/netherlands_population_density_manifest.json,country_local
netherlands,population_density,2025,2025-01-01,cbs-gemeentelijke-indeling-2025,municipality,1728,GM1728,Bladel,279,people_per_km2_land,CBS StatLine 70072NED Bevolkingsdichtheid,provenance/netherlands_population_density_manifest.json,country_local
netherlands,population_density,2025,2025-01-01,cbs-gemeentelijke-indeling-2025,municipality,1729,GM1729,Gulpen-Wittem,192,people_per_km2_land,CBS StatLine 70072NED Bevolkingsdichtheid,provenance/netherlands_population_density_manifest.json,country_local
netherlands,population_density,2025,2025-01-01,cbs-gemeentelijke-indeling-2025,municipality,1730,GM1730,Tynaarlo,245,people_per_km2_land,CBS StatLine 70072NED Bevolkingsdichtheid,provenance/netherlands_population_density_manifest.json,country_local
netherlands,population_density,2025,2025-01-01,cbs-gemeentelijke-indeling-2025,municipality,1731,GM1731,Midden-Drenthe,100,people_per_km2_land,CBS StatLine 70072NED Bevolkingsdichtheid,provenance/netherlands_population_density_manifest.json,country_local
netherlands,population_density,2025,2025-01-01,cbs-gemeentelijke-indeling-2025,municipality,1734,GM1734,Overbetuwe,449,people_per_km2_land,CBS StatLine 70072NED Bevolkingsdichtheid,provenance/netherlands_population_density_manifest.json,country_local
netherlands,population_density,2025,2025-01-01,cbs-gemeentelijke-indeling-2025,municipality,1735,GM1735,Hof van Twente,168,people_per_km2_land,CBS StatLine 70072NED Bevolkingsdichtheid,provenance/netherlands_population_density_manifest.json,country_local
netherlands,population_density,2025,2025-01-01,cbs-gemeentelijke-indeling-2025,municipality,1740,GM1740,Neder-Betuwe,430,people_per_km2_land,CBS StatLine 70072NED Bevolkingsdichtheid,provenance/netherlands_population_density_manifest.json,country_local
netherlands,population_density,2025,2025-01-01,cbs-gemeentelijke-indeling-2025,municipality,1742,GM1742,Rijssen-Holten,413,people_per_km2_land,CBS StatLine 70072NED Bevolkingsdichtheid,provenance/netherlands_population_density_manifest.json,country_local
netherlands,population_density,2025,2025-01-01,cbs-gemeentelijke-indeling-2025,municipality,1771,GM1771,Geldrop-Mierlo,1314,people_per_km2_land,CBS StatLine 70072NED Bevolkingsdichtheid,provenance/netherlands_population_density_manifest.json,country_local
netherlands,population_density,2025,2025-01-01,cbs-gemeentelijke-indeling-2025,municipality,1773,GM1773,Olst-Wijhe,167,people_per_km2_land,CBS StatLine 70072NED Bevolkingsdichtheid,provenance/netherlands_population_density_manifest.json,country_local
netherlands,population_density,2025,2025-01-01,cbs-gemeentelijke-indeling-2025,municipality,1774,GM1774,Dinkelland,152,people_per_km2_land,CBS StatLine 70072NED Bevolkingsdichtheid,provenance/netherlands_population_density_manifest.json,country_local
netherlands,population_density,2025,2025-01-01,cbs-gemeentelijke-indeling-2025,municipality,1783,GM1783,Westland,1448,people_per_km2_land,CBS StatLine 70072NED Bevolkingsdichtheid,provenance/netherlands_population_density_manifest.json,country_local
netherlands,population_density,2025,2025-01-01,cbs-gemeentelijke-indeling-2025,municipality,1842,GM1842,Midden-Delfland,412,people_per_km2_land,CBS StatLine 70072NED Bevolkingsdichtheid,provenance/netherlands_population_density_manifest.json,country_local
netherlands,population_density,2025,2025-01-01,cbs-gemeentelijke-indeling-2025,municipality,1859,GM1859,Berkelland,170,people_per_km2_land,CBS StatLine 70072NED Bevolkingsdichtheid,provenance/netherlands_population_density_manifest.json,country_local
netherlands,population_density,2025,2025-01-01,cbs-gemeentelijke-indeling-2025,municipality,1876,GM1876,Bronckhorst,127,people_per_km2_land,CBS StatLine 70072NED Bevolkingsdichtheid,provenance/netherlands_population_density_manifest.json,country_local
netherlands,population_density,2025,2025-01-01,cbs-gemeentelijke-indeling-2025,municipality,1883,GM1883,Sittard-Geleen,1177,people_per_km2_land,CBS StatLine 70072NED Bevolkingsdichtheid,provenance/netherlands_population_density_manifest.json,country_local
netherlands,population_density,2025,2025-01-01,cbs-gemeentelijke-indeling-2025,municipality,1884,GM1884,Kaag en Braassem,464,people_per_km2_land,CBS StatLine 70072NED Bevolkingsdichtheid,provenance/netherlands_population_density_manifest.json,country_local
netherlands,population_density,2025,2025-01-01,cbs-gemeentelijke-indeling-2025,municipality,1891,GM1891,Dantumadiel,226,people_per_km2_land,CBS StatLine 70072NED Bevolkingsdichtheid,provenance/netherlands_population_density_manifest.json,country_local
netherlands,population_density,2025,2025-01-01,cbs-gemeentelijke-indeling-2025,municipality,1892,GM1892,Zuidplas,841,people_per_km2_land,CBS StatLine 70072NED Bevolkingsdichtheid,provenance/netherlands_population_density_manifest.json,country_local
netherlands,population_density,2025,2025-01-01,cbs-gemeentelijke-indeling-2025,municipality,1894,GM1894,Peel en Maas,288,people_per_km2_land,CBS StatLine 70072NED Bevolkingsdichtheid,provenance/netherlands_population_density_manifest.json,country_local
netherlands,population_density,2025,2025-01-01,cbs-gemeentelijke-indeling-2025,municipality,1895,GM1895,Oldambt,175,people_per_km2_land,CBS StatLine 70072NED Bevolkingsdichtheid,provenance/netherlands_population_density_manifest.json,country_local
netherlands,population_density,2025,2025-01-01,cbs-gemeentelijke-indeling-2025,municipality,1896,GM1896,Zwartewaterland,285,people_per_km2_land,CBS StatLine 70072NED Bevolkingsdichtheid,provenance/netherlands_population_density_manifest.json,country_local
netherlands,population_density,2025,2025-01-01,cbs-gemeentelijke-indeling-2025,municipality,1900,GM1900,Súdwest-Fryslân,173,people_per_km2_land,CBS StatLine 70072NED Bevolkingsdichtheid,provenance/netherlands_population_density_manifest.json,country_local
netherlands,population_density,2025,2025-01-01,cbs-gemeentelijke-indeling-2025,municipality,1901,GM1901,Bodegraven-Reeuwijk,493,people_per_km2_land,CBS StatLine 70072NED Bevolkingsdichtheid,provenance/netherlands_population_density_manifest.json,country_local
netherlands,population_density,2025,2025-01-01,cbs-gemeentelijke-indeling-2025,municipality,1903,GM1903,Eijsden-Margraten,338,people_per_km2_land,CBS StatLine 70072NED Bevolkingsdichtheid,provenance/netherlands_population_density_manifest.json,country_local
netherlands,population_density,2025,2025-01-01,cbs-gemeentelijke-indeling-2025,municipality,1904,GM1904,Stichtse Vecht,689,people_per_km2_land,CBS StatLine 70072NED Bevolkingsdichtheid,provenance/netherlands_population_density_manifest.json,country_local
netherlands,population_density,2025,2025-01-01,cbs-gemeentelijke-indeling-2025,municipality,1911,GM1911,Hollands Kroon,140,people_per_km2_land,CBS StatLine 70072NED Bevolkingsdichtheid,provenance/netherlands_population_density_manifest.json,country_local
netherlands,population_density,2025,2025-01-01,cbs-gemeentelijke-indeling-2025,municipality,1916,GM1916,Leidschendam-Voorburg,2402,people_per_km2_land,CBS StatLine 70072NED Bevolkingsdichtheid,provenance/netherlands_population_density_manifest.json,country_local
netherlands,population_density,2025,2025-01-01,cbs-gemeentelijke-indeling-2025,municipality,1924,GM1924,Goeree-Overflakkee,199,people_per_km2_land,CBS StatLine 70072NED Bevolkingsdichtheid,provenance/netherlands_population_density_manifest.json,country_local
netherlands,population_density,2025,2025-01-01,cbs-gemeentelijke-indeling-2025,municipality,1926,GM1926,Pijnacker-Nootdorp,1576,people_per_km2_land,CBS StatLine 70072NED Bevolkingsdichtheid,provenance/netherlands_population_density_manifest.json,country_local
netherlands,population_density,2025,2025-01-01,cbs-gemeentelijke-indeling-2025,municipality,1930,GM1930,Nissewaard,1205,people_per_km2_land,CBS StatLine 70072NED Bevolkingsdichtheid,provenance/netherlands_population_density_manifest.json,country_local
netherlands,population_density,2025,2025-01-01,cbs-gemeentelijke-indeling-2025,municipality,1931,GM1931,Krimpenerwaard,390,people_per_km2_land,CBS StatLine 70072NED Bevolkingsdichtheid,provenance/netherlands_population_density_manifest.json,country_local
netherlands,population_density,2025,2025-01-01,cbs-gemeentelijke-indeling-2025,municipality,1940,GM1940,De Fryske Marren,149,people_per_km2_land,CBS StatLine 70072NED Bevolkingsdichtheid,provenance/netherlands_population_density_manifest.json,country_local
netherlands,population_density,2025,2025-01-01,cbs-gemeentelijke-indeling-2025,municipality,1942,GM1942,Gooise Meren,1472,people_per_km2_land,CBS StatLine 70072NED Bevolkingsdichtheid,provenance/netherlands_population_density_manifest.json,country_local
netherlands,population_density,2025,2025-01-01,cbs-gemeentelijke-indeling-2025,municipality,1945,GM1945,Berg en Dal,412,people_per_km2_land,CBS StatLine 70072NED Bevolkingsdichtheid,provenance/netherlands_population_density_manifest.json,country_local
netherlands,population_density,2025,2025-01-01,cbs-gemeentelijke-indeling-2025,municipality,1948,GM1948,Meierijstad,460,people_per_km2_land,CBS StatLine 70072NED Bevolkingsdichtheid,provenance/netherlands_population_density_manifest.json,country_local
netherlands,population_density,2025,2025-01-01,cbs-gemeentelijke-indeling-2025,municipality,1949,GM1949,Waadhoeke,164,people_per_km2_land,CBS StatLine 70072NED Bevolkingsdichtheid,provenance/netherlands_population_density_manifest.json,country_local
netherlands,population_density,2025,2025-01-01,cbs-gemeentelijke-indeling-2025,municipality,1950,GM1950,Westerwolde,99,people_per_km2_land,CBS StatLine 70072NED Bevolkingsdichtheid,provenance/netherlands_population_density_manifest.json,country_local
netherlands,population_density,2025,2025-01-01,cbs-gemeentelijke-indeling-2025,municipality,1952,GM1952,Midden-Groningen,221,people_per_km2_land,CBS StatLine 70072NED Bevolkingsdichtheid,provenance/netherlands_population_density_manifest.json,country_local
netherlands,population_density,2025,2025-01-01,cbs-gemeentelijke-indeling-2025,municipality,1954,GM1954,Beekdaelen,458,people_per_km2_land,CBS StatLine 70072NED Bevolkingsdichtheid,provenance/netherlands_population_density_manifest.json,country_local
netherlands,population_density,2025,2025-01-01,cbs-gemeentelijke-indeling-2025,municipality,1955,GM1955,Montferland,350,people_per_km2_land,CBS StatLine 70072NED Bevolkingsdichtheid,provenance/netherlands_population_density_manifest.json,country_local
netherlands,population_density,2025,2025-01-01,cbs-gemeentelijke-indeling-2025,municipality,1959,GM1959,Altena,294,people_per_km2_land,CBS StatLine 70072NED Bevolkingsdichtheid,provenance/netherlands_population_density_manifest.json,country_local
netherlands,population_density,2025,2025-01-01,cbs-gemeentelijke-indeling-2025,municipality,1960,GM1960,West Betuwe,247,people_per_km2_land,CBS StatLine 70072NED Bevolkingsdichtheid,provenance/netherlands_population_density_manifest.json,country_local
netherlands,population_density,2025,2025-01-01,cbs-gemeentelijke-indeling-2025,municipality,1961,GM1961,Vijfheerenlanden,428,people_per_km2_land,CBS StatLine 70072NED Bevolkingsdichtheid,provenance/netherlands_population_density_manifest.json,country_local
netherlands,population_density,2025,2025-01-01,cbs-gemeentelijke-indeling-2025,municipality,1963,GM1963,Hoeksche Waard,338,people_per_km2_land,CBS StatLine 70072NED Bevolkingsdichtheid,provenance/netherlands_population_density_manifest.json,country_local
netherlands,population_density,2025,2025-01-01,cbs-gemeentelijke-indeling-2025,municipality,1966,GM1966,Het Hogeland,101,people_per_km2_land,CBS StatLine 70072NED Bevolkingsdichtheid,provenance/netherlands_population_density_manifest.json,country_local
netherlands,population_density,2025,2025-01-01,cbs-gemeentelijke-indeling-2025,municipality,1969,GM1969,Westerkwartier,179,people_per_km2_land,CBS StatLine 70072NED Bevolkingsdichtheid,provenance/netherlands_population_density_manifest.json,country_local
netherlands,population_density,2025,2025-01-01,cbs-gemeentelijke-indeling-2025,municipality,1970,GM1970,Noardeast-Fryslân,121,people_per_km2_land,CBS StatLine 70072NED Bevolkingsdichtheid,provenance/netherlands_population_density_manifest.json,country_local
netherlands,population_density,2025,2025-01-01,cbs-gemeentelijke-indeling-2025,municipality,1978,GM1978,Molenlanden,250,people_per_km2_land,CBS StatLine 70072NED Bevolkingsdichtheid,provenance/netherlands_population_density_manifest.json,country_local
netherlands,population_density,2025,2025-01-01,cbs-gemeentelijke-indeling-2025,municipality,1979,GM1979,Eemsdelta,167,people_per_km2_land,CBS StatLine 70072NED Bevolkingsdichtheid,provenance/netherlands_population_density_manifest.json,country_local
netherlands,population_density,2025,2025-01-01,cbs-gemeentelijke-indeling-2025,municipality,1980,GM1980,Dijk en Waard,1466,people_per_km2_land,CBS StatLine 70072NED Bevolkingsdichtheid,provenance/netherlands_population_density_manifest.json,country_local
netherlands,population_density,2025,2025-01-01,cbs-gemeentelijke-indeling-2025,municipality,1982,GM1982,Land van Cuijk,272,people_per_km2_land,CBS StatLine 70072NED Bevolkingsdichtheid,provenance/netherlands_population_density_manifest.json,country_local
netherlands,population_density,2025,2025-01-01,cbs-gemeentelijke-indeling-2025,municipality,1991,GM1991,Maashorst,435,people_per_km2_land,CBS StatLine 70072NED Bevolkingsdichtheid,provenance/netherlands_population_density_manifest.json,country_local
netherlands,population_density,2025,2025-01-01,cbs-gemeentelijke-indeling-2025,municipality,1992,GM1992,Voorne aan Zee,612,people_per_km2_land,CBS StatLine 70072NED Bevolkingsdichtheid,provenance/netherlands_population_density_manifest.json,country_local
