country_id,factor_id,year,reference_period,geography_version,public_geography_type,public_geography_id,cbs_gm_code,municipality,value,unit,source_name,provenance_ref,comparability_status
netherlands,population,2023,2023-01-01,cbs-gemeentelijke-indeling-2023,municipality,0014,GM0014,Groningen,238147,people,CBS StatLine 03759NED Bevolking op 1 januari,provenance/netherlands_population_manifest.json,country_local
netherlands,population,2023,2023-01-01,cbs-gemeentelijke-indeling-2023,municipality,0034,GM0034,Almere,222825,people,CBS StatLine 03759NED Bevolking op 1 januari,provenance/netherlands_population_manifest.json,country_local
netherlands,population,2023,2023-01-01,cbs-gemeentelijke-indeling-2023,municipality,0037,GM0037,Stadskanaal,32135,people,CBS StatLine 03759NED Bevolking op 1 januari,provenance/netherlands_population_manifest.json,country_local
netherlands,population,2023,2023-01-01,cbs-gemeentelijke-indeling-2023,municipality,0047,GM0047,Veendam,27616,people,CBS StatLine 03759NED Bevolking op 1 januari,provenance/netherlands_population_manifest.json,country_local
netherlands,population,2023,2023-01-01,cbs-gemeentelijke-indeling-2023,municipality,0050,GM0050,Zeewolde,23692,people,CBS StatLine 03759NED Bevolking op 1 januari,provenance/netherlands_population_manifest.json,country_local
netherlands,population,2023,2023-01-01,cbs-gemeentelijke-indeling-2023,municipality,0059,GM0059,Achtkarspelen,28149,people,CBS StatLine 03759NED Bevolking op 1 januari,provenance/netherlands_population_manifest.json,country_local
netherlands,population,2023,2023-01-01,cbs-gemeentelijke-indeling-2023,municipality,0060,GM0060,Ameland,3840,people,CBS StatLine 03759NED Bevolking op 1 januari,provenance/netherlands_population_manifest.json,country_local
netherlands,population,2023,2023-01-01,cbs-gemeentelijke-indeling-2023,municipality,0072,GM0072,Harlingen,16188,people,CBS StatLine 03759NED Bevolking op 1 januari,provenance/netherlands_population_manifest.json,country_local
netherlands,population,2023,2023-01-01,cbs-gemeentelijke-indeling-2023,municipality,0074,GM0074,Heerenveen,51637,people,CBS StatLine 03759NED Bevolking op 1 januari,provenance/netherlands_population_manifest.json,country_local
netherlands,population,2023,2023-01-01,cbs-gemeentelijke-indeling-2023,municipality,0080,GM0080,Leeuwarden,127073,people,CBS StatLine 03759NED Bevolking op 1 januari,provenance/netherlands_population_manifest.json,country_local
netherlands,population,2023,2023-01-01,cbs-gemeentelijke-indeling-2023,municipality,0085,GM0085,Ooststellingwerf,25837,people,CBS StatLine 03759NED Bevolking op 1 januari,provenance/netherlands_population_manifest.json,country_local
netherlands,population,2023,2023-01-01,cbs-gemeentelijke-indeling-2023,municipality,0086,GM0086,Opsterland,30054,people,CBS StatLine 03759NED Bevolking op 1 januari,provenance/netherlands_population_manifest.json,country_local
netherlands,population,2023,2023-01-01,cbs-gemeentelijke-indeling-2023,municipality,0088,GM0088,Schiermonnikoog,982,people,CBS StatLine 03759NED Bevolking op 1 januari,provenance/netherlands_population_manifest.json,country_local
netherlands,population,2023,2023-01-01,cbs-gemeentelijke-indeling-2023,municipality,0090,GM0090,Smallingerland,56098,people,CBS StatLine 03759NED Bevolking op 1 januari,provenance/netherlands_population_manifest.json,country_local
netherlands,population,2023,2023-01-01,cbs-gemeentelijke-indeling-2023,municipality,0093,GM0093,Terschelling,4928,people,CBS StatLine 03759NED Bevolking op 1 januari,provenance/netherlands_population_manifest.json,country_local
netherlands,population,2023,2023-01-01,cbs-gemeentelijke-indeling-2023,municipality,0096,GM0096,Vlieland,1291,people,CBS StatLine 03759NED Bevolking op 1 januari,provenance/netherlands_population_manifest.json,country_local
netherlands,population,2023,2023-01-01,cbs-gemeentelijke-indeling-2023,municipality,0098,GM0098,Weststellingwerf,26467,people,CBS StatLine 03759NED Bevolking op 1 januari,provenance/netherlands_population_manifest.json,country_local
netherlands,population,2023,2023-01-01,cbs-gemeentelijke-indeling-2023,municipality,0106,GM0106,Assen,69414,people,CBS StatLine 03759NED Bevolking op 1 januari,provenance/netherlands_population_manifest.json,country_local
netherlands,population,2023,2023-01-01,cbs-gemeentelijke-indeling-2023,municipality,0109,GM0109,Coevorden,35700,people,CBS StatLine 03759NED Bevolking op 1 januari,provenance/netherlands_population_manifest.json,country_local
netherlands,population,2023,2023-01-01,cbs-gemeentelijke-indeling-2023,municipality,0114,GM0114,Emmen,108765,people,CBS StatLine 03759NED Bevolking op 1 januari,provenance/netherlands_population_manifest.json,country_local
netherlands,population,2023,2023-01-01,cbs-gemeentelijke-indeling-2023,municipality,0118,GM0118,Hoogeveen,56433,people,CBS StatLine 03759NED Bevolking op 1 januari,provenance/netherlands_population_manifest.json,country_local
netherlands,population,2023,2023-01-01,cbs-gemeentelijke-indeling-2023,municipality,0119,GM0119,Meppel,35464,people,CBS StatLine 03759NED Bevolking op 1 januari,provenance/netherlands_population_manifest.json,country_local
netherlands,population,2023,2023-01-01,cbs-gemeentelijke-indeling-2023,municipality,0141,GM0141,Almelo,73949,people,CBS StatLine 03759NED Bevolking op 1 januari,provenance/netherlands_population_manifest.json,country_local
netherlands,population,2023,2023-01-01,cbs-gemeentelijke-indeling-2023,municipality,0147,GM0147,Borne,24524,people,CBS StatLine 03759NED Bevolking op 1 januari,provenance/netherlands_population_manifest.json,country_local
netherlands,population,2023,2023-01-01,cbs-gemeentelijke-indeling-2023,municipality,0148,GM0148,Dalfsen,29612,people,CBS StatLine 03759NED Bevolking op 1 januari,provenance/netherlands_population_manifest.json,country_local
netherlands,population,2023,2023-01-01,cbs-gemeentelijke-indeling-2023,municipality,0150,GM0150,Deventer,102781,people,CBS StatLine 03759NED Bevolking op 1 januari,provenance/netherlands_population_manifest.json,country_local
netherlands,population,2023,2023-01-01,cbs-gemeentelijke-indeling-2023,municipality,0153,GM0153,Enschede,161235,people,CBS StatLine 03759NED Bevolking op 1 januari,provenance/netherlands_population_manifest.json,country_local
netherlands,population,2023,2023-01-01,cbs-gemeentelijke-indeling-2023,municipality,0158,GM0158,Haaksbergen,24502,people,CBS StatLine 03759NED Bevolking op 1 januari,provenance/netherlands_population_manifest.json,country_local
netherlands,population,2023,2023-01-01,cbs-gemeentelijke-indeling-2023,municipality,0160,GM0160,Hardenberg,62509,people,CBS StatLine 03759NED Bevolking op 1 januari,provenance/netherlands_population_manifest.json,country_local
netherlands,population,2023,2023-01-01,cbs-gemeentelijke-indeling-2023,municipality,0163,GM0163,Hellendoorn,36261,people,CBS StatLine 03759NED Bevolking op 1 januari,provenance/netherlands_population_manifest.json,country_local
netherlands,population,2023,2023-01-01,cbs-gemeentelijke-indeling-2023,municipality,0164,GM0164,Hengelo,82311,people,CBS StatLine 03759NED Bevolking op 1 januari,provenance/netherlands_population_manifest.json,country_local
netherlands,population,2023,2023-01-01,cbs-gemeentelijke-indeling-2023,municipality,0166,GM0166,Kampen,55614,people,CBS StatLine 03759NED Bevolking op 1 januari,provenance/netherlands_population_manifest.json,country_local
netherlands,population,2023,2023-01-01,cbs-gemeentelijke-indeling-2023,municipality,0168,GM0168,Losser,23362,people,CBS StatLine 03759NED Bevolking op 1 januari,provenance/netherlands_population_manifest.json,country_local
netherlands,population,2023,2023-01-01,cbs-gemeentelijke-indeling-2023,municipality,0171,GM0171,Noordoostpolder,49729,people,CBS StatLine 03759NED Bevolking op 1 januari,provenance/netherlands_population_manifest.json,country_local
netherlands,population,2023,2023-01-01,cbs-gemeentelijke-indeling-2023,municipality,0173,GM0173,Oldenzaal,31925,people,CBS StatLine 03759NED Bevolking op 1 januari,provenance/netherlands_population_manifest.json,country_local
netherlands,population,2023,2023-01-01,cbs-gemeentelijke-indeling-2023,municipality,0175,GM0175,Ommen,18955,people,CBS StatLine 03759NED Bevolking op 1 januari,provenance/netherlands_population_manifest.json,country_local
netherlands,population,2023,2023-01-01,cbs-gemeentelijke-indeling-2023,municipality,0177,GM0177,Raalte,38500,people,CBS StatLine 03759NED Bevolking op 1 januari,provenance/netherlands_population_manifest.json,country_local
netherlands,population,2023,2023-01-01,cbs-gemeentelijke-indeling-2023,municipality,0180,GM0180,Staphorst,17628,people,CBS StatLine 03759NED Bevolking op 1 januari,provenance/netherlands_population_manifest.json,country_local
netherlands,population,2023,2023-01-01,cbs-gemeentelijke-indeling-2023,municipality,0183,GM0183,Tubbergen,21408,people,CBS StatLine 03759NED Bevolking op 1 januari,provenance/netherlands_population_manifest.json,country_local
netherlands,population,2023,2023-01-01,cbs-gemeentelijke-indeling-2023,municipality,0184,GM0184,Urk,21829,people,CBS StatLine 03759NED Bevolking op 1 januari,provenance/netherlands_population_manifest.json,country_local
netherlands,population,2023,2023-01-01,cbs-gemeentelijke-indeling-2023,municipality,0189,GM0189,Wierden,24862,people,CBS StatLine 03759NED Bevolking op 1 januari,provenance/netherlands_population_manifest.json,country_local
netherlands,population,2023,2023-01-01,cbs-gemeentelijke-indeling-2023,municipality,0193,GM0193,Zwolle,132411,people,CBS StatLine 03759NED Bevolking op 1 januari,provenance/netherlands_population_manifest.json,country_local
netherlands,population,2023,2023-01-01,cbs-gemeentelijke-indeling-2023,municipality,0197,GM0197,Aalten,27244,people,CBS StatLine 03759NED Bevolking op 1 januari,provenance/netherlands_population_manifest.json,country_local
netherlands,population,2023,2023-01-01,cbs-gemeentelijke-indeling-2023,municipality,0200,GM0200,Apeldoorn,167191,people,CBS StatLine 03759NED Bevolking op 1 januari,provenance/netherlands_population_manifest.json,country_local
netherlands,population,2023,2023-01-01,cbs-gemeentelijke-indeling-2023,municipality,0202,GM0202,Arnhem,165770,people,CBS StatLine 03759NED Bevolking op 1 januari,provenance/netherlands_population_manifest.json,country_local
netherlands,population,2023,2023-01-01,cbs-gemeentelijke-indeling-2023,municipality,0203,GM0203,Barneveld,61655,people,CBS StatLine 03759NED Bevolking op 1 januari,provenance/netherlands_population_manifest.json,country_local
netherlands,population,2023,2023-01-01,cbs-gemeentelijke-indeling-2023,municipality,0209,GM0209,Beuningen,26573,people,CBS StatLine 03759NED Bevolking op 1 januari,provenance/netherlands_population_manifest.json,country_local
netherlands,population,2023,2023-01-01,cbs-gemeentelijke-indeling-2023,municipality,0213,GM0213,Brummen,21105,people,CBS StatLine 03759NED Bevolking op 1 januari,provenance/netherlands_population_manifest.json,country_local
netherlands,population,2023,2023-01-01,cbs-gemeentelijke-indeling-2023,municipality,0214,GM0214,Buren,27725,people,CBS StatLine 03759NED Bevolking op 1 januari,provenance/netherlands_population_manifest.json,country_local
netherlands,population,2023,2023-01-01,cbs-gemeentelijke-indeling-2023,municipality,0216,GM0216,Culemborg,29729,people,CBS StatLine 03759NED Bevolking op 1 januari,provenance/netherlands_population_manifest.json,country_local
netherlands,population,2023,2023-01-01,cbs-gemeentelijke-indeling-2023,municipality,0221,GM0221,Doesburg,11081,people,CBS StatLine 03759NED Bevolking op 1 januari,provenance/netherlands_population_manifest.json,country_local
netherlands,population,2023,2023-01-01,cbs-gemeentelijke-indeling-2023,municipality,0222,GM0222,Doetinchem,59195,people,CBS StatLine 03759NED Bevolking op 1 januari,provenance/netherlands_population_manifest.json,country_local
netherlands,population,2023,2023-01-01,cbs-gemeentelijke-indeling-2023,municipality,0225,GM0225,Druten,19505,people,CBS StatLine 03759NED Bevolking op 1 januari,provenance/netherlands_population_manifest.json,country_local
netherlands,population,2023,2023-01-01,cbs-gemeentelijke-indeling-2023,municipality,0226,GM0226,Duiven,24937,people,CBS StatLine 03759NED Bevolking op 1 januari,provenance/netherlands_population_manifest.json,country_local
netherlands,population,2023,2023-01-01,cbs-gemeentelijke-indeling-2023,municipality,0228,GM0228,Ede,122012,people,CBS StatLine 03759NED Bevolking op 1 januari,provenance/netherlands_population_manifest.json,country_local
netherlands,population,2023,2023-01-01,cbs-gemeentelijke-indeling-2023,municipality,0230,GM0230,Elburg,24037,people,CBS StatLine 03759NED Bevolking op 1 januari,provenance/netherlands_population_manifest.json,country_local
netherlands,population,2023,2023-01-01,cbs-gemeentelijke-indeling-2023,municipality,0232,GM0232,Epe,33283,people,CBS StatLine 03759NED Bevolking op 1 januari,provenance/netherlands_population_manifest.json,country_local
netherlands,population,2023,2023-01-01,cbs-gemeentelijke-indeling-2023,municipality,0233,GM0233,Ermelo,27496,people,CBS StatLine 03759NED Bevolking op 1 januari,provenance/netherlands_population_manifest.json,country_local
netherlands,population,2023,2023-01-01,cbs-gemeentelijke-indeling-2023,municipality,0243,GM0243,Harderwijk,48906,people,CBS StatLine 03759NED Bevolking op 1 januari,provenance/netherlands_population_manifest.json,country_local
netherlands,population,2023,2023-01-01,cbs-gemeentelijke-indeling-2023,municipality,0244,GM0244,Hattem,12563,people,CBS StatLine 03759NED Bevolking op 1 januari,provenance/netherlands_population_manifest.json,country_local
netherlands,population,2023,2023-01-01,cbs-gemeentelijke-indeling-2023,municipality,0246,GM0246,Heerde,19214,people,CBS StatLine 03759NED Bevolking op 1 januari,provenance/netherlands_population_manifest.json,country_local
netherlands,population,2023,2023-01-01,cbs-gemeentelijke-indeling-2023,municipality,0252,GM0252,Heumen,16824,people,CBS StatLine 03759NED Bevolking op 1 januari,provenance/netherlands_population_manifest.json,country_local
netherlands,population,2023,2023-01-01,cbs-gemeentelijke-indeling-2023,municipality,0262,GM0262,Lochem,34314,people,CBS StatLine 03759NED Bevolking op 1 januari,provenance/netherlands_population_manifest.json,country_local
netherlands,population,2023,2023-01-01,cbs-gemeentelijke-indeling-2023,municipality,0263,GM0263,Maasdriel,26020,people,CBS StatLine 03759NED Bevolking op 1 januari,provenance/netherlands_population_manifest.json,country_local
netherlands,population,2023,2023-01-01,cbs-gemeentelijke-indeling-2023,municipality,0267,GM0267,Nijkerk,44975,people,CBS StatLine 03759NED Bevolking op 1 januari,provenance/netherlands_population_manifest.json,country_local
netherlands,population,2023,2023-01-01,cbs-gemeentelijke-indeling-2023,municipality,0268,GM0268,Nijmegen,182480,people,CBS StatLine 03759NED Bevolking op 1 januari,provenance/netherlands_population_manifest.json,country_local
netherlands,population,2023,2023-01-01,cbs-gemeentelijke-indeling-2023,municipality,0269,GM0269,Oldebroek,24264,people,CBS StatLine 03759NED Bevolking op 1 januari,provenance/netherlands_population_manifest.json,country_local
netherlands,population,2023,2023-01-01,cbs-gemeentelijke-indeling-2023,municipality,0273,GM0273,Putten,24904,people,CBS StatLine 03759NED Bevolking op 1 januari,provenance/netherlands_population_manifest.json,country_local
netherlands,population,2023,2023-01-01,cbs-gemeentelijke-indeling-2023,municipality,0274,GM0274,Renkum,31461,people,CBS StatLine 03759NED Bevolking op 1 januari,provenance/netherlands_population_manifest.json,country_local
netherlands,population,2023,2023-01-01,cbs-gemeentelijke-indeling-2023,municipality,0275,GM0275,Rheden,43570,people,CBS StatLine 03759NED Bevolking op 1 januari,provenance/netherlands_population_manifest.json,country_local
netherlands,population,2023,2023-01-01,cbs-gemeentelijke-indeling-2023,municipality,0277,GM0277,Rozendaal,1754,people,CBS StatLine 03759NED Bevolking op 1 januari,provenance/netherlands_population_manifest.json,country_local
netherlands,population,2023,2023-01-01,cbs-gemeentelijke-indeling-2023,municipality,0279,GM0279,Scherpenzeel,10386,people,CBS StatLine 03759NED Bevolking op 1 januari,provenance/netherlands_population_manifest.json,country_local
netherlands,population,2023,2023-01-01,cbs-gemeentelijke-indeling-2023,municipality,0281,GM0281,Tiel,42604,people,CBS StatLine 03759NED Bevolking op 1 januari,provenance/netherlands_population_manifest.json,country_local
netherlands,population,2023,2023-01-01,cbs-gemeentelijke-indeling-2023,municipality,0285,GM0285,Voorst,25215,people,CBS StatLine 03759NED Bevolking op 1 januari,provenance/netherlands_population_manifest.json,country_local
netherlands,population,2023,2023-01-01,cbs-gemeentelijke-indeling-2023,municipality,0289,GM0289,Wageningen,40960,people,CBS StatLine 03759NED Bevolking op 1 januari,provenance/netherlands_population_manifest.json,country_local
netherlands,population,2023,2023-01-01,cbs-gemeentelijke-indeling-2023,municipality,0293,GM0293,Westervoort,15114,people,CBS StatLine 03759NED Bevolking op 1 januari,provenance/netherlands_population_manifest.json,country_local
netherlands,population,2023,2023-01-01,cbs-gemeentelijke-indeling-2023,municipality,0294,GM0294,Winterswijk,29253,people,CBS StatLine 03759NED Bevolking op 1 januari,provenance/netherlands_population_manifest.json,country_local
netherlands,population,2023,2023-01-01,cbs-gemeentelijke-indeling-2023,municipality,0296,GM0296,Wijchen,41537,people,CBS StatLine 03759NED Bevolking op 1 januari,provenance/netherlands_population_manifest.json,country_local
netherlands,population,2023,2023-01-01,cbs-gemeentelijke-indeling-2023,municipality,0297,GM0297,Zaltbommel,30349,people,CBS StatLine 03759NED Bevolking op 1 januari,provenance/netherlands_population_manifest.json,country_local
netherlands,population,2023,2023-01-01,cbs-gemeentelijke-indeling-2023,municipality,0299,GM0299,Zevenaar,45042,people,CBS StatLine 03759NED Bevolking op 1 januari,provenance/netherlands_population_manifest.json,country_local
netherlands,population,2023,2023-01-01,cbs-gemeentelijke-indeling-2023,municipality,0301,GM0301,Zutphen,48510,people,CBS StatLine 03759NED Bevolking op 1 januari,provenance/netherlands_population_manifest.json,country_local
netherlands,population,2023,2023-01-01,cbs-gemeentelijke-indeling-2023,municipality,0302,GM0302,Nunspeet,28731,people,CBS StatLine 03759NED Bevolking op 1 januari,provenance/netherlands_population_manifest.json,country_local
netherlands,population,2023,2023-01-01,cbs-gemeentelijke-indeling-2023,municipality,0303,GM0303,Dronten,43593,people,CBS StatLine 03759NED Bevolking op 1 januari,provenance/netherlands_population_manifest.json,country_local
netherlands,population,2023,2023-01-01,cbs-gemeentelijke-indeling-2023,municipality,0307,GM0307,Amersfoort,160759,people,CBS StatLine 03759NED Bevolking op 1 januari,provenance/netherlands_population_manifest.json,country_local
netherlands,population,2023,2023-01-01,cbs-gemeentelijke-indeling-2023,municipality,0308,GM0308,Baarn,25008,people,CBS StatLine 03759NED Bevolking op 1 januari,provenance/netherlands_population_manifest.json,country_local
netherlands,population,2023,2023-01-01,cbs-gemeentelijke-indeling-2023,municipality,0310,GM0310,De Bilt,43884,people,CBS StatLine 03759NED Bevolking op 1 januari,provenance/netherlands_population_manifest.json,country_local
netherlands,population,2023,2023-01-01,cbs-gemeentelijke-indeling-2023,municipality,0312,GM0312,Bunnik,16026,people,CBS StatLine 03759NED Bevolking op 1 januari,provenance/netherlands_population_manifest.json,country_local
netherlands,population,2023,2023-01-01,cbs-gemeentelijke-indeling-2023,municipality,0313,GM0313,Bunschoten,22500,people,CBS StatLine 03759NED Bevolking op 1 januari,provenance/netherlands_population_manifest.json,country_local
netherlands,population,2023,2023-01-01,cbs-gemeentelijke-indeling-2023,municipality,0317,GM0317,Eemnes,9598,people,CBS StatLine 03759NED Bevolking op 1 januari,provenance/netherlands_population_manifest.json,country_local
netherlands,population,2023,2023-01-01,cbs-gemeentelijke-indeling-2023,municipality,0321,GM0321,Houten,50581,people,CBS StatLine 03759NED Bevolking op 1 januari,provenance/netherlands_population_manifest.json,country_local
netherlands,population,2023,2023-01-01,cbs-gemeentelijke-indeling-2023,municipality,0327,GM0327,Leusden,31467,people,CBS StatLine 03759NED Bevolking op 1 januari,provenance/netherlands_population_manifest.json,country_local
netherlands,population,2023,2023-01-01,cbs-gemeentelijke-indeling-2023,municipality,0331,GM0331,Lopik,14704,people,CBS StatLine 03759NED Bevolking op 1 januari,provenance/netherlands_population_manifest.json,country_local
netherlands,population,2023,2023-01-01,cbs-gemeentelijke-indeling-2023,municipality,0335,GM0335,Montfoort,13929,people,CBS StatLine 03759NED Bevolking op 1 januari,provenance/netherlands_population_manifest.json,country_local
netherlands,population,2023,2023-01-01,cbs-gemeentelijke-indeling-2023,municipality,0339,GM0339,Renswoude,5747,people,CBS StatLine 03759NED Bevolking op 1 januari,provenance/netherlands_population_manifest.json,country_local
netherlands,population,2023,2023-01-01,cbs-gemeentelijke-indeling-2023,municipality,0340,GM0340,Rhenen,20329,people,CBS StatLine 03759NED Bevolking op 1 januari,provenance/netherlands_population_manifest.json,country_local
netherlands,population,2023,2023-01-01,cbs-gemeentelijke-indeling-2023,municipality,0342,GM0342,Soest,47439,people,CBS StatLine 03759NED Bevolking op 1 januari,provenance/netherlands_population_manifest.json,country_local
netherlands,population,2023,2023-01-01,cbs-gemeentelijke-indeling-2023,municipality,0344,GM0344,Utrecht,367947,people,CBS StatLine 03759NED Bevolking op 1 januari,provenance/netherlands_population_manifest.json,country_local
netherlands,population,2023,2023-01-01,cbs-gemeentelijke-indeling-2023,municipality,0345,GM0345,Veenendaal,68525,people,CBS StatLine 03759NED Bevolking op 1 januari,provenance/netherlands_population_manifest.json,country_local
netherlands,population,2023,2023-01-01,cbs-gemeentelijke-indeling-2023,municipality,0351,GM0351,Woudenberg,14358,people,CBS StatLine 03759NED Bevolking op 1 januari,provenance/netherlands_population_manifest.json,country_local
netherlands,population,2023,2023-01-01,cbs-gemeentelijke-indeling-2023,municipality,0352,GM0352,Wijk bij Duurstede,23995,people,CBS StatLine 03759NED Bevolking op 1 januari,provenance/netherlands_population_manifest.json,country_local
netherlands,population,2023,2023-01-01,cbs-gemeentelijke-indeling-2023,municipality,0353,GM0353,IJsselstein,33492,people,CBS StatLine 03759NED Bevolking op 1 januari,provenance/netherlands_population_manifest.json,country_local
netherlands,population,2023,2023-01-01,cbs-gemeentelijke-indeling-2023,municipality,0355,GM0355,Zeist,66629,people,CBS StatLine 03759NED Bevolking op 1 januari,provenance/netherlands_population_manifest.json,country_local
netherlands,population,2023,2023-01-01,cbs-gemeentelijke-indeling-2023,municipality,0356,GM0356,Nieuwegein,65426,people,CBS StatLine 03759NED Bevolking op 1 januari,provenance/netherlands_population_manifest.json,country_local
netherlands,population,2023,2023-01-01,cbs-gemeentelijke-indeling-2023,municipality,0358,GM0358,Aalsmeer,33063,people,CBS StatLine 03759NED Bevolking op 1 januari,provenance/netherlands_population_manifest.json,country_local
netherlands,population,2023,2023-01-01,cbs-gemeentelijke-indeling-2023,municipality,0361,GM0361,Alkmaar,111834,people,CBS StatLine 03759NED Bevolking op 1 januari,provenance/netherlands_population_manifest.json,country_local
netherlands,population,2023,2023-01-01,cbs-gemeentelijke-indeling-2023,municipality,0362,GM0362,Amstelveen,94418,people,CBS StatLine 03759NED Bevolking op 1 januari,provenance/netherlands_population_manifest.json,country_local
netherlands,population,2023,2023-01-01,cbs-gemeentelijke-indeling-2023,municipality,0363,GM0363,Amsterdam,918117,people,CBS StatLine 03759NED Bevolking op 1 januari,provenance/netherlands_population_manifest.json,country_local
netherlands,population,2023,2023-01-01,cbs-gemeentelijke-indeling-2023,municipality,0373,GM0373,Bergen (NH.),30138,people,CBS StatLine 03759NED Bevolking op 1 januari,provenance/netherlands_population_manifest.json,country_local
netherlands,population,2023,2023-01-01,cbs-gemeentelijke-indeling-2023,municipality,0375,GM0375,Beverwijk,42711,people,CBS StatLine 03759NED Bevolking op 1 januari,provenance/netherlands_population_manifest.json,country_local
netherlands,population,2023,2023-01-01,cbs-gemeentelijke-indeling-2023,municipality,0376,GM0376,Blaricum,12490,people,CBS StatLine 03759NED Bevolking op 1 januari,provenance/netherlands_population_manifest.json,country_local
netherlands,population,2023,2023-01-01,cbs-gemeentelijke-indeling-2023,municipality,0377,GM0377,Bloemendaal,23922,people,CBS StatLine 03759NED Bevolking op 1 januari,provenance/netherlands_population_manifest.json,country_local
netherlands,population,2023,2023-01-01,cbs-gemeentelijke-indeling-2023,municipality,0383,GM0383,Castricum,36345,people,CBS StatLine 03759NED Bevolking op 1 januari,provenance/netherlands_population_manifest.json,country_local
netherlands,population,2023,2023-01-01,cbs-gemeentelijke-indeling-2023,municipality,0384,GM0384,Diemen,32785,people,CBS StatLine 03759NED Bevolking op 1 januari,provenance/netherlands_population_manifest.json,country_local
netherlands,population,2023,2023-01-01,cbs-gemeentelijke-indeling-2023,municipality,0385,GM0385,Edam-Volendam,36760,people,CBS StatLine 03759NED Bevolking op 1 januari,provenance/netherlands_population_manifest.json,country_local
netherlands,population,2023,2023-01-01,cbs-gemeentelijke-indeling-2023,municipality,0388,GM0388,Enkhuizen,18885,people,CBS StatLine 03759NED Bevolking op 1 januari,provenance/netherlands_population_manifest.json,country_local
netherlands,population,2023,2023-01-01,cbs-gemeentelijke-indeling-2023,municipality,0392,GM0392,Haarlem,165396,people,CBS StatLine 03759NED Bevolking op 1 januari,provenance/netherlands_population_manifest.json,country_local
netherlands,population,2023,2023-01-01,cbs-gemeentelijke-indeling-2023,municipality,0394,GM0394,Haarlemmermeer,162300,people,CBS StatLine 03759NED Bevolking op 1 januari,provenance/netherlands_population_manifest.json,country_local
netherlands,population,2023,2023-01-01,cbs-gemeentelijke-indeling-2023,municipality,0396,GM0396,Heemskerk,39431,people,CBS StatLine 03759NED Bevolking op 1 januari,provenance/netherlands_population_manifest.json,country_local
netherlands,population,2023,2023-01-01,cbs-gemeentelijke-indeling-2023,municipality,0397,GM0397,Heemstede,27778,people,CBS StatLine 03759NED Bevolking op 1 januari,provenance/netherlands_population_manifest.json,country_local
netherlands,population,2023,2023-01-01,cbs-gemeentelijke-indeling-2023,municipality,0399,GM0399,Heiloo,24319,people,CBS StatLine 03759NED Bevolking op 1 januari,provenance/netherlands_population_manifest.json,country_local
netherlands,population,2023,2023-01-01,cbs-gemeentelijke-indeling-2023,municipality,0400,GM0400,Den Helder,56539,people,CBS StatLine 03759NED Bevolking op 1 januari,provenance/netherlands_population_manifest.json,country_local
netherlands,population,2023,2023-01-01,cbs-gemeentelijke-indeling-2023,municipality,0402,GM0402,Hilversum,93345,people,CBS StatLine 03759NED Bevolking op 1 januari,provenance/netherlands_population_manifest.json,country_local
netherlands,population,2023,2023-01-01,cbs-gemeentelijke-indeling-2023,municipality,0405,GM0405,Hoorn,75216,people,CBS StatLine 03759NED Bevolking op 1 januari,provenance/netherlands_population_manifest.json,country_local
netherlands,population,2023,2023-01-01,cbs-gemeentelijke-indeling-2023,municipality,0406,GM0406,Huizen,41252,people,CBS StatLine 03759NED Bevolking op 1 januari,provenance/netherlands_population_manifest.json,country_local
netherlands,population,2023,2023-01-01,cbs-gemeentelijke-indeling-2023,municipality,0415,GM0415,Landsmeer,11705,people,CBS StatLine 03759NED Bevolking op 1 januari,provenance/netherlands_population_manifest.json,country_local
netherlands,population,2023,2023-01-01,cbs-gemeentelijke-indeling-2023,municipality,0417,GM0417,Laren,11712,people,CBS StatLine 03759NED Bevolking op 1 januari,provenance/netherlands_population_manifest.json,country_local
netherlands,population,2023,2023-01-01,cbs-gemeentelijke-indeling-2023,municipality,0420,GM0420,Medemblik,46031,people,CBS StatLine 03759NED Bevolking op 1 januari,provenance/netherlands_population_manifest.json,country_local
netherlands,population,2023,2023-01-01,cbs-gemeentelijke-indeling-2023,municipality,0431,GM0431,Oostzaan,9720,people,CBS StatLine 03759NED Bevolking op 1 januari,provenance/netherlands_population_manifest.json,country_local
netherlands,population,2023,2023-01-01,cbs-gemeentelijke-indeling-2023,municipality,0432,GM0432,Opmeer,12180,people,CBS StatLine 03759NED Bevolking op 1 januari,provenance/netherlands_population_manifest.json,country_local
netherlands,population,2023,2023-01-01,cbs-gemeentelijke-indeling-2023,municipality,0437,GM0437,Ouder-Amstel,14276,people,CBS StatLine 03759NED Bevolking op 1 januari,provenance/netherlands_population_manifest.json,country_local
netherlands,population,2023,2023-01-01,cbs-gemeentelijke-indeling-2023,municipality,0439,GM0439,Purmerend,93992,people,CBS StatLine 03759NED Bevolking op 1 januari,provenance/netherlands_population_manifest.json,country_local
netherlands,population,2023,2023-01-01,cbs-gemeentelijke-indeling-2023,municipality,0441,GM0441,Schagen,47450,people,CBS StatLine 03759NED Bevolking op 1 januari,provenance/netherlands_population_manifest.json,country_local
netherlands,population,2023,2023-01-01,cbs-gemeentelijke-indeling-2023,municipality,0448,GM0448,Texel,13979,people,CBS StatLine 03759NED Bevolking op 1 januari,provenance/netherlands_population_manifest.json,country_local
netherlands,population,2023,2023-01-01,cbs-gemeentelijke-indeling-2023,municipality,0450,GM0450,Uitgeest,13472,people,CBS StatLine 03759NED Bevolking op 1 januari,provenance/netherlands_population_manifest.json,country_local
netherlands,population,2023,2023-01-01,cbs-gemeentelijke-indeling-2023,municipality,0451,GM0451,Uithoorn,31442,people,CBS StatLine 03759NED Bevolking op 1 januari,provenance/netherlands_population_manifest.json,country_local
netherlands,population,2023,2023-01-01,cbs-gemeentelijke-indeling-2023,municipality,0453,GM0453,Velsen,68790,people,CBS StatLine 03759NED Bevolking op 1 januari,provenance/netherlands_population_manifest.json,country_local
netherlands,population,2023,2023-01-01,cbs-gemeentelijke-indeling-2023,municipality,0473,GM0473,Zandvoort,17542,people,CBS StatLine 03759NED Bevolking op 1 januari,provenance/netherlands_population_manifest.json,country_local
netherlands,population,2023,2023-01-01,cbs-gemeentelijke-indeling-2023,municipality,0479,GM0479,Zaanstad,159618,people,CBS StatLine 03759NED Bevolking op 1 januari,provenance/netherlands_population_manifest.json,country_local
netherlands,population,2023,2023-01-01,cbs-gemeentelijke-indeling-2023,municipality,0482,GM0482,Alblasserdam,20356,people,CBS StatLine 03759NED Bevolking op 1 januari,provenance/netherlands_population_manifest.json,country_local
netherlands,population,2023,2023-01-01,cbs-gemeentelijke-indeling-2023,municipality,0484,GM0484,Alphen aan den Rijn,114182,people,CBS StatLine 03759NED Bevolking op 1 januari,provenance/netherlands_population_manifest.json,country_local
netherlands,population,2023,2023-01-01,cbs-gemeentelijke-indeling-2023,municipality,0489,GM0489,Barendrecht,48812,people,CBS StatLine 03759NED Bevolking op 1 januari,provenance/netherlands_population_manifest.json,country_local
netherlands,population,2023,2023-01-01,cbs-gemeentelijke-indeling-2023,municipality,0498,GM0498,Drechterland,20385,people,CBS StatLine 03759NED Bevolking op 1 januari,provenance/netherlands_population_manifest.json,country_local
netherlands,population,2023,2023-01-01,cbs-gemeentelijke-indeling-2023,municipality,0502,GM0502,Capelle aan den IJssel,67552,people,CBS StatLine 03759NED Bevolking op 1 januari,provenance/netherlands_population_manifest.json,country_local
netherlands,population,2023,2023-01-01,cbs-gemeentelijke-indeling-2023,municipality,0503,GM0503,Delft,106086,people,CBS StatLine 03759NED Bevolking op 1 januari,provenance/netherlands_population_manifest.json,country_local
netherlands,population,2023,2023-01-01,cbs-gemeentelijke-indeling-2023,municipality,0505,GM0505,Dordrecht,121434,people,CBS StatLine 03759NED Bevolking op 1 januari,provenance/netherlands_population_manifest.json,country_local
netherlands,population,2023,2023-01-01,cbs-gemeentelijke-indeling-2023,municipality,0512,GM0512,Gorinchem,38461,people,CBS StatLine 03759NED Bevolking op 1 januari,provenance/netherlands_population_manifest.json,country_local
netherlands,population,2023,2023-01-01,cbs-gemeentelijke-indeling-2023,municipality,0513,GM0513,Gouda,75316,people,CBS StatLine 03759NED Bevolking op 1 januari,provenance/netherlands_population_manifest.json,country_local
netherlands,population,2023,2023-01-01,cbs-gemeentelijke-indeling-2023,municipality,0518,GM0518,'s-Gravenhage,562839,people,CBS StatLine 03759NED Bevolking op 1 januari,provenance/netherlands_population_manifest.json,country_local
netherlands,population,2023,2023-01-01,cbs-gemeentelijke-indeling-2023,municipality,0523,GM0523,Hardinxveld-Giessendam,18681,people,CBS StatLine 03759NED Bevolking op 1 januari,provenance/netherlands_population_manifest.json,country_local
netherlands,population,2023,2023-01-01,cbs-gemeentelijke-indeling-2023,municipality,0531,GM0531,Hendrik-Ido-Ambacht,32183,people,CBS StatLine 03759NED Bevolking op 1 januari,provenance/netherlands_population_manifest.json,country_local
netherlands,population,2023,2023-01-01,cbs-gemeentelijke-indeling-2023,municipality,0532,GM0532,Stede Broec,22138,people,CBS StatLine 03759NED Bevolking op 1 januari,provenance/netherlands_population_manifest.json,country_local
netherlands,population,2023,2023-01-01,cbs-gemeentelijke-indeling-2023,municipality,0534,GM0534,Hillegom,22453,people,CBS StatLine 03759NED Bevolking op 1 januari,provenance/netherlands_population_manifest.json,country_local
netherlands,population,2023,2023-01-01,cbs-gemeentelijke-indeling-2023,municipality,0537,GM0537,Katwijk,66607,people,CBS StatLine 03759NED Bevolking op 1 januari,provenance/netherlands_population_manifest.json,country_local
netherlands,population,2023,2023-01-01,cbs-gemeentelijke-indeling-2023,municipality,0542,GM0542,Krimpen aan den IJssel,29504,people,CBS StatLine 03759NED Bevolking op 1 januari,provenance/netherlands_population_manifest.json,country_local
netherlands,population,2023,2023-01-01,cbs-gemeentelijke-indeling-2023,municipality,0546,GM0546,Leiden,127089,people,CBS StatLine 03759NED Bevolking op 1 januari,provenance/netherlands_population_manifest.json,country_local
netherlands,population,2023,2023-01-01,cbs-gemeentelijke-indeling-2023,municipality,0547,GM0547,Leiderdorp,27657,people,CBS StatLine 03759NED Bevolking op 1 januari,provenance/netherlands_population_manifest.json,country_local
netherlands,population,2023,2023-01-01,cbs-gemeentelijke-indeling-2023,municipality,0553,GM0553,Lisse,23390,people,CBS StatLine 03759NED Bevolking op 1 januari,provenance/netherlands_population_manifest.json,country_local
netherlands,population,2023,2023-01-01,cbs-gemeentelijke-indeling-2023,municipality,0556,GM0556,Maassluis,35303,people,CBS StatLine 03759NED Bevolking op 1 januari,provenance/netherlands_population_manifest.json,country_local
netherlands,population,2023,2023-01-01,cbs-gemeentelijke-indeling-2023,municipality,0569,GM0569,Nieuwkoop,29463,people,CBS StatLine 03759NED Bevolking op 1 januari,provenance/netherlands_population_manifest.json,country_local
netherlands,population,2023,2023-01-01,cbs-gemeentelijke-indeling-2023,municipality,0575,GM0575,Noordwijk,45179,people,CBS StatLine 03759NED Bevolking op 1 januari,provenance/netherlands_population_manifest.json,country_local
netherlands,population,2023,2023-01-01,cbs-gemeentelijke-indeling-2023,municipality,0579,GM0579,Oegstgeest,25746,people,CBS StatLine 03759NED Bevolking op 1 januari,provenance/netherlands_population_manifest.json,country_local
netherlands,population,2023,2023-01-01,cbs-gemeentelijke-indeling-2023,municipality,0589,GM0589,Oudewater,10232,people,CBS StatLine 03759NED Bevolking op 1 januari,provenance/netherlands_population_manifest.json,country_local
netherlands,population,2023,2023-01-01,cbs-gemeentelijke-indeling-2023,municipality,0590,GM0590,Papendrecht,32277,people,CBS StatLine 03759NED Bevolking op 1 januari,provenance/netherlands_population_manifest.json,country_local
netherlands,population,2023,2023-01-01,cbs-gemeentelijke-indeling-2023,municipality,0597,GM0597,Ridderkerk,47477,people,CBS StatLine 03759NED Bevolking op 1 januari,provenance/netherlands_population_manifest.json,country_local
netherlands,population,2023,2023-01-01,cbs-gemeentelijke-indeling-2023,municipality,0599,GM0599,Rotterdam,663900,people,CBS StatLine 03759NED Bevolking op 1 januari,provenance/netherlands_population_manifest.json,country_local
netherlands,population,2023,2023-01-01,cbs-gemeentelijke-indeling-2023,municipality,0603,GM0603,Rijswijk,57997,people,CBS StatLine 03759NED Bevolking op 1 januari,provenance/netherlands_population_manifest.json,country_local
netherlands,population,2023,2023-01-01,cbs-gemeentelijke-indeling-2023,municipality,0606,GM0606,Schiedam,80628,people,CBS StatLine 03759NED Bevolking op 1 januari,provenance/netherlands_population_manifest.json,country_local
netherlands,population,2023,2023-01-01,cbs-gemeentelijke-indeling-2023,municipality,0610,GM0610,Sliedrecht,26184,people,CBS StatLine 03759NED Bevolking op 1 januari,provenance/netherlands_population_manifest.json,country_local
netherlands,population,2023,2023-01-01,cbs-gemeentelijke-indeling-2023,municipality,0613,GM0613,Albrandswaard,26357,people,CBS StatLine 03759NED Bevolking op 1 januari,provenance/netherlands_population_manifest.json,country_local
netherlands,population,2023,2023-01-01,cbs-gemeentelijke-indeling-2023,municipality,0622,GM0622,Vlaardingen,75079,people,CBS StatLine 03759NED Bevolking op 1 januari,provenance/netherlands_population_manifest.json,country_local
netherlands,population,2023,2023-01-01,cbs-gemeentelijke-indeling-2023,municipality,0626,GM0626,Voorschoten,25665,people,CBS StatLine 03759NED Bevolking op 1 januari,provenance/netherlands_population_manifest.json,country_local
netherlands,population,2023,2023-01-01,cbs-gemeentelijke-indeling-2023,municipality,0627,GM0627,Waddinxveen,32601,people,CBS StatLine 03759NED Bevolking op 1 januari,provenance/netherlands_population_manifest.json,country_local
netherlands,population,2023,2023-01-01,cbs-gemeentelijke-indeling-2023,municipality,0629,GM0629,Wassenaar,27093,people,CBS StatLine 03759NED Bevolking op 1 januari,provenance/netherlands_population_manifest.json,country_local
netherlands,population,2023,2023-01-01,cbs-gemeentelijke-indeling-2023,municipality,0632,GM0632,Woerden,53244,people,CBS StatLine 03759NED Bevolking op 1 januari,provenance/netherlands_population_manifest.json,country_local
netherlands,population,2023,2023-01-01,cbs-gemeentelijke-indeling-2023,municipality,0637,GM0637,Zoetermeer,126998,people,CBS StatLine 03759NED Bevolking op 1 januari,provenance/netherlands_population_manifest.json,country_local
netherlands,population,2023,2023-01-01,cbs-gemeentelijke-indeling-2023,municipality,0638,GM0638,Zoeterwoude,9443,people,CBS StatLine 03759NED Bevolking op 1 januari,provenance/netherlands_population_manifest.json,country_local
netherlands,population,2023,2023-01-01,cbs-gemeentelijke-indeling-2023,municipality,0642,GM0642,Zwijndrecht,45018,people,CBS StatLine 03759NED Bevolking op 1 januari,provenance/netherlands_population_manifest.json,country_local
netherlands,population,2023,2023-01-01,cbs-gemeentelijke-indeling-2023,municipality,0654,GM0654,Borsele,23159,people,CBS StatLine 03759NED Bevolking op 1 januari,provenance/netherlands_population_manifest.json,country_local
netherlands,population,2023,2023-01-01,cbs-gemeentelijke-indeling-2023,municipality,0664,GM0664,Goes,39433,people,CBS StatLine 03759NED Bevolking op 1 januari,provenance/netherlands_population_manifest.json,country_local
netherlands,population,2023,2023-01-01,cbs-gemeentelijke-indeling-2023,municipality,0668,GM0668,West Maas en Waal,20065,people,CBS StatLine 03759NED Bevolking op 1 januari,provenance/netherlands_population_manifest.json,country_local
netherlands,population,2023,2023-01-01,cbs-gemeentelijke-indeling-2023,municipality,0677,GM0677,Hulst,27596,people,CBS StatLine 03759NED Bevolking op 1 januari,provenance/netherlands_population_manifest.json,country_local
netherlands,population,2023,2023-01-01,cbs-gemeentelijke-indeling-2023,municipality,0678,GM0678,Kapelle,13051,people,CBS StatLine 03759NED Bevolking op 1 januari,provenance/netherlands_population_manifest.json,country_local
netherlands,population,2023,2023-01-01,cbs-gemeentelijke-indeling-2023,municipality,0687,GM0687,Middelburg,49956,people,CBS StatLine 03759NED Bevolking op 1 januari,provenance/netherlands_population_manifest.json,country_local
netherlands,population,2023,2023-01-01,cbs-gemeentelijke-indeling-2023,municipality,0703,GM0703,Reimerswaal,23255,people,CBS StatLine 03759NED Bevolking op 1 januari,provenance/netherlands_population_manifest.json,country_local
netherlands,population,2023,2023-01-01,cbs-gemeentelijke-indeling-2023,municipality,0715,GM0715,Terneuzen,54993,people,CBS StatLine 03759NED Bevolking op 1 januari,provenance/netherlands_population_manifest.json,country_local
netherlands,population,2023,2023-01-01,cbs-gemeentelijke-indeling-2023,municipality,0716,GM0716,Tholen,26825,people,CBS StatLine 03759NED Bevolking op 1 januari,provenance/netherlands_population_manifest.json,country_local
netherlands,population,2023,2023-01-01,cbs-gemeentelijke-indeling-2023,municipality,0717,GM0717,Veere,22045,people,CBS StatLine 03759NED Bevolking op 1 januari,provenance/netherlands_population_manifest.json,country_local
netherlands,population,2023,2023-01-01,cbs-gemeentelijke-indeling-2023,municipality,0718,GM0718,Vlissingen,45150,people,CBS StatLine 03759NED Bevolking op 1 januari,provenance/netherlands_population_manifest.json,country_local
netherlands,population,2023,2023-01-01,cbs-gemeentelijke-indeling-2023,municipality,0736,GM0736,De Ronde Venen,45572,people,CBS StatLine 03759NED Bevolking op 1 januari,provenance/netherlands_population_manifest.json,country_local
netherlands,population,2023,2023-01-01,cbs-gemeentelijke-indeling-2023,municipality,0737,GM0737,Tytsjerksteradiel,32408,people,CBS StatLine 03759NED Bevolking op 1 januari,provenance/netherlands_population_manifest.json,country_local
netherlands,population,2023,2023-01-01,cbs-gemeentelijke-indeling-2023,municipality,0743,GM0743,Asten,17242,people,CBS StatLine 03759NED Bevolking op 1 januari,provenance/netherlands_population_manifest.json,country_local
netherlands,population,2023,2023-01-01,cbs-gemeentelijke-indeling-2023,municipality,0744,GM0744,Baarle-Nassau,7071,people,CBS StatLine 03759NED Bevolking op 1 januari,provenance/netherlands_population_manifest.json,country_local
netherlands,population,2023,2023-01-01,cbs-gemeentelijke-indeling-2023,municipality,0748,GM0748,Bergen op Zoom,68864,people,CBS StatLine 03759NED Bevolking op 1 januari,provenance/netherlands_population_manifest.json,country_local
netherlands,population,2023,2023-01-01,cbs-gemeentelijke-indeling-2023,municipality,0753,GM0753,Best,30897,people,CBS StatLine 03759NED Bevolking op 1 januari,provenance/netherlands_population_manifest.json,country_local
netherlands,population,2023,2023-01-01,cbs-gemeentelijke-indeling-2023,municipality,0755,GM0755,Boekel,11163,people,CBS StatLine 03759NED Bevolking op 1 januari,provenance/netherlands_population_manifest.json,country_local
netherlands,population,2023,2023-01-01,cbs-gemeentelijke-indeling-2023,municipality,0757,GM0757,Boxtel,33748,people,CBS StatLine 03759NED Bevolking op 1 januari,provenance/netherlands_population_manifest.json,country_local
netherlands,population,2023,2023-01-01,cbs-gemeentelijke-indeling-2023,municipality,0758,GM0758,Breda,186438,people,CBS StatLine 03759NED Bevolking op 1 januari,provenance/netherlands_population_manifest.json,country_local
netherlands,population,2023,2023-01-01,cbs-gemeentelijke-indeling-2023,municipality,0762,GM0762,Deurne,32977,people,CBS StatLine 03759NED Bevolking op 1 januari,provenance/netherlands_population_manifest.json,country_local
netherlands,population,2023,2023-01-01,cbs-gemeentelijke-indeling-2023,municipality,0765,GM0765,Pekela,12404,people,CBS StatLine 03759NED Bevolking op 1 januari,provenance/netherlands_population_manifest.json,country_local
netherlands,population,2023,2023-01-01,cbs-gemeentelijke-indeling-2023,municipality,0766,GM0766,Dongen,27200,people,CBS StatLine 03759NED Bevolking op 1 januari,provenance/netherlands_population_manifest.json,country_local
netherlands,population,2023,2023-01-01,cbs-gemeentelijke-indeling-2023,municipality,0770,GM0770,Eersel,20004,people,CBS StatLine 03759NED Bevolking op 1 januari,provenance/netherlands_population_manifest.json,country_local
netherlands,population,2023,2023-01-01,cbs-gemeentelijke-indeling-2023,municipality,0772,GM0772,Eindhoven,243730,people,CBS StatLine 03759NED Bevolking op 1 januari,provenance/netherlands_population_manifest.json,country_local
netherlands,population,2023,2023-01-01,cbs-gemeentelijke-indeling-2023,municipality,0777,GM0777,Etten-Leur,44578,people,CBS StatLine 03759NED Bevolking op 1 januari,provenance/netherlands_population_manifest.json,country_local
netherlands,population,2023,2023-01-01,cbs-gemeentelijke-indeling-2023,municipality,0779,GM0779,Geertruidenberg,22099,people,CBS StatLine 03759NED Bevolking op 1 januari,provenance/netherlands_population_manifest.json,country_local
netherlands,population,2023,2023-01-01,cbs-gemeentelijke-indeling-2023,municipality,0784,GM0784,Gilze en Rijen,26815,people,CBS StatLine 03759NED Bevolking op 1 januari,provenance/netherlands_population_manifest.json,country_local
netherlands,population,2023,2023-01-01,cbs-gemeentelijke-indeling-2023,municipality,0785,GM0785,Goirle,24177,people,CBS StatLine 03759NED Bevolking op 1 januari,provenance/netherlands_population_manifest.json,country_local
netherlands,population,2023,2023-01-01,cbs-gemeentelijke-indeling-2023,municipality,0794,GM0794,Helmond,94898,people,CBS StatLine 03759NED Bevolking op 1 januari,provenance/netherlands_population_manifest.json,country_local
netherlands,population,2023,2023-01-01,cbs-gemeentelijke-indeling-2023,municipality,0796,GM0796,'s-Hertogenbosch,158753,people,CBS StatLine 03759NED Bevolking op 1 januari,provenance/netherlands_population_manifest.json,country_local
netherlands,population,2023,2023-01-01,cbs-gemeentelijke-indeling-2023,municipality,0797,GM0797,Heusden,45830,people,CBS StatLine 03759NED Bevolking op 1 januari,provenance/netherlands_population_manifest.json,country_local
netherlands,population,2023,2023-01-01,cbs-gemeentelijke-indeling-2023,municipality,0798,GM0798,Hilvarenbeek,15949,people,CBS StatLine 03759NED Bevolking op 1 januari,provenance/netherlands_population_manifest.json,country_local
netherlands,population,2023,2023-01-01,cbs-gemeentelijke-indeling-2023,municipality,0809,GM0809,Loon op Zand,23797,people,CBS StatLine 03759NED Bevolking op 1 januari,provenance/netherlands_population_manifest.json,country_local
netherlands,population,2023,2023-01-01,cbs-gemeentelijke-indeling-2023,municipality,0820,GM0820,"Nuenen, Gerwen en Nederwetten",24015,people,CBS StatLine 03759NED Bevolking op 1 januari,provenance/netherlands_population_manifest.json,country_local
netherlands,population,2023,2023-01-01,cbs-gemeentelijke-indeling-2023,municipality,0823,GM0823,Oirschot,19217,people,CBS StatLine 03759NED Bevolking op 1 januari,provenance/netherlands_population_manifest.json,country_local
netherlands,population,2023,2023-01-01,cbs-gemeentelijke-indeling-2023,municipality,0824,GM0824,Oisterwijk,32941,people,CBS StatLine 03759NED Bevolking op 1 januari,provenance/netherlands_population_manifest.json,country_local
netherlands,population,2023,2023-01-01,cbs-gemeentelijke-indeling-2023,municipality,0826,GM0826,Oosterhout,57425,people,CBS StatLine 03759NED Bevolking op 1 januari,provenance/netherlands_population_manifest.json,country_local
netherlands,population,2023,2023-01-01,cbs-gemeentelijke-indeling-2023,municipality,0828,GM0828,Oss,94437,people,CBS StatLine 03759NED Bevolking op 1 januari,provenance/netherlands_population_manifest.json,country_local
netherlands,population,2023,2023-01-01,cbs-gemeentelijke-indeling-2023,municipality,0840,GM0840,Rucphen,23636,people,CBS StatLine 03759NED Bevolking op 1 januari,provenance/netherlands_population_manifest.json,country_local
netherlands,population,2023,2023-01-01,cbs-gemeentelijke-indeling-2023,municipality,0845,GM0845,Sint-Michielsgestel,30135,people,CBS StatLine 03759NED Bevolking op 1 januari,provenance/netherlands_population_manifest.json,country_local
netherlands,population,2023,2023-01-01,cbs-gemeentelijke-indeling-2023,municipality,0847,GM0847,Someren,20061,people,CBS StatLine 03759NED Bevolking op 1 januari,provenance/netherlands_population_manifest.json,country_local
netherlands,population,2023,2023-01-01,cbs-gemeentelijke-indeling-2023,municipality,0848,GM0848,Son en Breugel,18010,people,CBS StatLine 03759NED Bevolking op 1 januari,provenance/netherlands_population_manifest.json,country_local
netherlands,population,2023,2023-01-01,cbs-gemeentelijke-indeling-2023,municipality,0851,GM0851,Steenbergen,24610,people,CBS StatLine 03759NED Bevolking op 1 januari,provenance/netherlands_population_manifest.json,country_local
netherlands,population,2023,2023-01-01,cbs-gemeentelijke-indeling-2023,municipality,0852,GM0852,Waterland,17609,people,CBS StatLine 03759NED Bevolking op 1 januari,provenance/netherlands_population_manifest.json,country_local
netherlands,population,2023,2023-01-01,cbs-gemeentelijke-indeling-2023,municipality,0855,GM0855,Tilburg,227707,people,CBS StatLine 03759NED Bevolking op 1 januari,provenance/netherlands_population_manifest.json,country_local
netherlands,population,2023,2023-01-01,cbs-gemeentelijke-indeling-2023,municipality,0858,GM0858,Valkenswaard,31527,people,CBS StatLine 03759NED Bevolking op 1 januari,provenance/netherlands_population_manifest.json,country_local
netherlands,population,2023,2023-01-01,cbs-gemeentelijke-indeling-2023,municipality,0861,GM0861,Veldhoven,46417,people,CBS StatLine 03759NED Bevolking op 1 januari,provenance/netherlands_population_manifest.json,country_local
netherlands,population,2023,2023-01-01,cbs-gemeentelijke-indeling-2023,municipality,0865,GM0865,Vught,32113,people,CBS StatLine 03759NED Bevolking op 1 januari,provenance/netherlands_population_manifest.json,country_local
netherlands,population,2023,2023-01-01,cbs-gemeentelijke-indeling-2023,municipality,0866,GM0866,Waalre,17980,people,CBS StatLine 03759NED Bevolking op 1 januari,provenance/netherlands_population_manifest.json,country_local
netherlands,population,2023,2023-01-01,cbs-gemeentelijke-indeling-2023,municipality,0867,GM0867,Waalwijk,49952,people,CBS StatLine 03759NED Bevolking op 1 januari,provenance/netherlands_population_manifest.json,country_local
netherlands,population,2023,2023-01-01,cbs-gemeentelijke-indeling-2023,municipality,0873,GM0873,Woensdrecht,22191,people,CBS StatLine 03759NED Bevolking op 1 januari,provenance/netherlands_population_manifest.json,country_local
netherlands,population,2023,2023-01-01,cbs-gemeentelijke-indeling-2023,municipality,0879,GM0879,Zundert,22518,people,CBS StatLine 03759NED Bevolking op 1 januari,provenance/netherlands_population_manifest.json,country_local
netherlands,population,2023,2023-01-01,cbs-gemeentelijke-indeling-2023,municipality,0880,GM0880,Wormerland,16612,people,CBS StatLine 03759NED Bevolking op 1 januari,provenance/netherlands_population_manifest.json,country_local
netherlands,population,2023,2023-01-01,cbs-gemeentelijke-indeling-2023,municipality,0882,GM0882,Landgraaf,37175,people,CBS StatLine 03759NED Bevolking op 1 januari,provenance/netherlands_population_manifest.json,country_local
netherlands,population,2023,2023-01-01,cbs-gemeentelijke-indeling-2023,municipality,0888,GM0888,Beek,16132,people,CBS StatLine 03759NED Bevolking op 1 januari,provenance/netherlands_population_manifest.json,country_local
netherlands,population,2023,2023-01-01,cbs-gemeentelijke-indeling-2023,municipality,0889,GM0889,Beesel,13449,people,CBS StatLine 03759NED Bevolking op 1 januari,provenance/netherlands_population_manifest.json,country_local
netherlands,population,2023,2023-01-01,cbs-gemeentelijke-indeling-2023,municipality,0893,GM0893,Bergen (L.),13119,people,CBS StatLine 03759NED Bevolking op 1 januari,provenance/netherlands_population_manifest.json,country_local
netherlands,population,2023,2023-01-01,cbs-gemeentelijke-indeling-2023,municipality,0899,GM0899,Brunssum,27682,people,CBS StatLine 03759NED Bevolking op 1 januari,provenance/netherlands_population_manifest.json,country_local
netherlands,population,2023,2023-01-01,cbs-gemeentelijke-indeling-2023,municipality,0907,GM0907,Gennep,17764,people,CBS StatLine 03759NED Bevolking op 1 januari,provenance/netherlands_population_manifest.json,country_local
netherlands,population,2023,2023-01-01,cbs-gemeentelijke-indeling-2023,municipality,0917,GM0917,Heerlen,87122,people,CBS StatLine 03759NED Bevolking op 1 januari,provenance/netherlands_population_manifest.json,country_local
netherlands,population,2023,2023-01-01,cbs-gemeentelijke-indeling-2023,municipality,0928,GM0928,Kerkrade,45620,people,CBS StatLine 03759NED Bevolking op 1 januari,provenance/netherlands_population_manifest.json,country_local
netherlands,population,2023,2023-01-01,cbs-gemeentelijke-indeling-2023,municipality,0935,GM0935,Maastricht,122734,people,CBS StatLine 03759NED Bevolking op 1 januari,provenance/netherlands_population_manifest.json,country_local
netherlands,population,2023,2023-01-01,cbs-gemeentelijke-indeling-2023,municipality,0938,GM0938,Meerssen,18600,people,CBS StatLine 03759NED Bevolking op 1 januari,provenance/netherlands_population_manifest.json,country_local
netherlands,population,2023,2023-01-01,cbs-gemeentelijke-indeling-2023,municipality,0944,GM0944,Mook en Middelaar,8043,people,CBS StatLine 03759NED Bevolking op 1 januari,provenance/netherlands_population_manifest.json,country_local
netherlands,population,2023,2023-01-01,cbs-gemeentelijke-indeling-2023,municipality,0946,GM0946,Nederweert,17499,people,CBS StatLine 03759NED Bevolking op 1 januari,provenance/netherlands_population_manifest.json,country_local
netherlands,population,2023,2023-01-01,cbs-gemeentelijke-indeling-2023,municipality,0957,GM0957,Roermond,59981,people,CBS StatLine 03759NED Bevolking op 1 januari,provenance/netherlands_population_manifest.json,country_local
netherlands,population,2023,2023-01-01,cbs-gemeentelijke-indeling-2023,municipality,0965,GM0965,Simpelveld,10396,people,CBS StatLine 03759NED Bevolking op 1 januari,provenance/netherlands_population_manifest.json,country_local
netherlands,population,2023,2023-01-01,cbs-gemeentelijke-indeling-2023,municipality,0971,GM0971,Stein,24772,people,CBS StatLine 03759NED Bevolking op 1 januari,provenance/netherlands_population_manifest.json,country_local
netherlands,population,2023,2023-01-01,cbs-gemeentelijke-indeling-2023,municipality,0981,GM0981,Vaals,10190,people,CBS StatLine 03759NED Bevolking op 1 januari,provenance/netherlands_population_manifest.json,country_local
netherlands,population,2023,2023-01-01,cbs-gemeentelijke-indeling-2023,municipality,0983,GM0983,Venlo,103328,people,CBS StatLine 03759NED Bevolking op 1 januari,provenance/netherlands_population_manifest.json,country_local
netherlands,population,2023,2023-01-01,cbs-gemeentelijke-indeling-2023,municipality,0984,GM0984,Venray,44628,people,CBS StatLine 03759NED Bevolking op 1 januari,provenance/netherlands_population_manifest.json,country_local
netherlands,population,2023,2023-01-01,cbs-gemeentelijke-indeling-2023,municipality,0986,GM0986,Voerendaal,12405,people,CBS StatLine 03759NED Bevolking op 1 januari,provenance/netherlands_population_manifest.json,country_local
netherlands,population,2023,2023-01-01,cbs-gemeentelijke-indeling-2023,municipality,0988,GM0988,Weert,50872,people,CBS StatLine 03759NED Bevolking op 1 januari,provenance/netherlands_population_manifest.json,country_local
netherlands,population,2023,2023-01-01,cbs-gemeentelijke-indeling-2023,municipality,0994,GM0994,Valkenburg aan de Geul,16423,people,CBS StatLine 03759NED Bevolking op 1 januari,provenance/netherlands_population_manifest.json,country_local
netherlands,population,2023,2023-01-01,cbs-gemeentelijke-indeling-2023,municipality,0995,GM0995,Lelystad,83033,people,CBS StatLine 03759NED Bevolking op 1 januari,provenance/netherlands_population_manifest.json,country_local
netherlands,population,2023,2023-01-01,cbs-gemeentelijke-indeling-2023,municipality,1507,GM1507,Horst aan de Maas,43641,people,CBS StatLine 03759NED Bevolking op 1 januari,provenance/netherlands_population_manifest.json,country_local
netherlands,population,2023,2023-01-01,cbs-gemeentelijke-indeling-2023,municipality,1509,GM1509,Oude IJsselstreek,39613,people,CBS StatLine 03759NED Bevolking op 1 januari,provenance/netherlands_population_manifest.json,country_local
netherlands,population,2023,2023-01-01,cbs-gemeentelijke-indeling-2023,municipality,1525,GM1525,Teylingen,38510,people,CBS StatLine 03759NED Bevolking op 1 januari,provenance/netherlands_population_manifest.json,country_local
netherlands,population,2023,2023-01-01,cbs-gemeentelijke-indeling-2023,municipality,1581,GM1581,Utrechtse Heuvelrug,50429,people,CBS StatLine 03759NED Bevolking op 1 januari,provenance/netherlands_population_manifest.json,country_local
netherlands,population,2023,2023-01-01,cbs-gemeentelijke-indeling-2023,municipality,1586,GM1586,Oost Gelre,29846,people,CBS StatLine 03759NED Bevolking op 1 januari,provenance/netherlands_population_manifest.json,country_local
netherlands,population,2023,2023-01-01,cbs-gemeentelijke-indeling-2023,municipality,1598,GM1598,Koggenland,23509,people,CBS StatLine 03759NED Bevolking op 1 januari,provenance/netherlands_population_manifest.json,country_local
netherlands,population,2023,2023-01-01,cbs-gemeentelijke-indeling-2023,municipality,1621,GM1621,Lansingerland,64754,people,CBS StatLine 03759NED Bevolking op 1 januari,provenance/netherlands_population_manifest.json,country_local
netherlands,population,2023,2023-01-01,cbs-gemeentelijke-indeling-2023,municipality,1640,GM1640,Leudal,36141,people,CBS StatLine 03759NED Bevolking op 1 januari,provenance/netherlands_population_manifest.json,country_local
netherlands,population,2023,2023-01-01,cbs-gemeentelijke-indeling-2023,municipality,1641,GM1641,Maasgouw,24305,people,CBS StatLine 03759NED Bevolking op 1 januari,provenance/netherlands_population_manifest.json,country_local
netherlands,population,2023,2023-01-01,cbs-gemeentelijke-indeling-2023,municipality,1652,GM1652,Gemert-Bakel,31383,people,CBS StatLine 03759NED Bevolking op 1 januari,provenance/netherlands_population_manifest.json,country_local
netherlands,population,2023,2023-01-01,cbs-gemeentelijke-indeling-2023,municipality,1655,GM1655,Halderberge,31041,people,CBS StatLine 03759NED Bevolking op 1 januari,provenance/netherlands_population_manifest.json,country_local
netherlands,population,2023,2023-01-01,cbs-gemeentelijke-indeling-2023,municipality,1658,GM1658,Heeze-Leende,16627,people,CBS StatLine 03759NED Bevolking op 1 januari,provenance/netherlands_population_manifest.json,country_local
netherlands,population,2023,2023-01-01,cbs-gemeentelijke-indeling-2023,municipality,1659,GM1659,Laarbeek,23260,people,CBS StatLine 03759NED Bevolking op 1 januari,provenance/netherlands_population_manifest.json,country_local
netherlands,population,2023,2023-01-01,cbs-gemeentelijke-indeling-2023,municipality,1667,GM1667,Reusel-De Mierden,13542,people,CBS StatLine 03759NED Bevolking op 1 januari,provenance/netherlands_population_manifest.json,country_local
netherlands,population,2023,2023-01-01,cbs-gemeentelijke-indeling-2023,municipality,1669,GM1669,Roerdalen,20702,people,CBS StatLine 03759NED Bevolking op 1 januari,provenance/netherlands_population_manifest.json,country_local
netherlands,population,2023,2023-01-01,cbs-gemeentelijke-indeling-2023,municipality,1674,GM1674,Roosendaal,77613,people,CBS StatLine 03759NED Bevolking op 1 januari,provenance/netherlands_population_manifest.json,country_local
netherlands,population,2023,2023-01-01,cbs-gemeentelijke-indeling-2023,municipality,1676,GM1676,Schouwen-Duiveland,34561,people,CBS StatLine 03759NED Bevolking op 1 januari,provenance/netherlands_population_manifest.json,country_local
netherlands,population,2023,2023-01-01,cbs-gemeentelijke-indeling-2023,municipality,1680,GM1680,Aa en Hunze,25724,people,CBS StatLine 03759NED Bevolking op 1 januari,provenance/netherlands_population_manifest.json,country_local
netherlands,population,2023,2023-01-01,cbs-gemeentelijke-indeling-2023,municipality,1681,GM1681,Borger-Odoorn,25919,people,CBS StatLine 03759NED Bevolking op 1 januari,provenance/netherlands_population_manifest.json,country_local
netherlands,population,2023,2023-01-01,cbs-gemeentelijke-indeling-2023,municipality,1690,GM1690,De Wolden,24602,people,CBS StatLine 03759NED Bevolking op 1 januari,provenance/netherlands_population_manifest.json,country_local
netherlands,population,2023,2023-01-01,cbs-gemeentelijke-indeling-2023,municipality,1695,GM1695,Noord-Beveland,7857,people,CBS StatLine 03759NED Bevolking op 1 januari,provenance/netherlands_population_manifest.json,country_local
netherlands,population,2023,2023-01-01,cbs-gemeentelijke-indeling-2023,municipality,1696,GM1696,Wijdemeren,24659,people,CBS StatLine 03759NED Bevolking op 1 januari,provenance/netherlands_population_manifest.json,country_local
netherlands,population,2023,2023-01-01,cbs-gemeentelijke-indeling-2023,municipality,1699,GM1699,Noordenveld,31591,people,CBS StatLine 03759NED Bevolking op 1 januari,provenance/netherlands_population_manifest.json,country_local
netherlands,population,2023,2023-01-01,cbs-gemeentelijke-indeling-2023,municipality,1700,GM1700,Twenterand,33867,people,CBS StatLine 03759NED Bevolking op 1 januari,provenance/netherlands_population_manifest.json,country_local
netherlands,population,2023,2023-01-01,cbs-gemeentelijke-indeling-2023,municipality,1701,GM1701,Westerveld,19860,people,CBS StatLine 03759NED Bevolking op 1 januari,provenance/netherlands_population_manifest.json,country_local
netherlands,population,2023,2023-01-01,cbs-gemeentelijke-indeling-2023,municipality,1705,GM1705,Lingewaard,47220,people,CBS StatLine 03759NED Bevolking op 1 januari,provenance/netherlands_population_manifest.json,country_local
netherlands,population,2023,2023-01-01,cbs-gemeentelijke-indeling-2023,municipality,1706,GM1706,Cranendonck,20851,people,CBS StatLine 03759NED Bevolking op 1 januari,provenance/netherlands_population_manifest.json,country_local
netherlands,population,2023,2023-01-01,cbs-gemeentelijke-indeling-2023,municipality,1708,GM1708,Steenwijkerland,45376,people,CBS StatLine 03759NED Bevolking op 1 januari,provenance/netherlands_population_manifest.json,country_local
netherlands,population,2023,2023-01-01,cbs-gemeentelijke-indeling-2023,municipality,1709,GM1709,Moerdijk,37711,people,CBS StatLine 03759NED Bevolking op 1 januari,provenance/netherlands_population_manifest.json,country_local
netherlands,population,2023,2023-01-01,cbs-gemeentelijke-indeling-2023,municipality,1711,GM1711,Echt-Susteren,31967,people,CBS StatLine 03759NED Bevolking op 1 januari,provenance/netherlands_population_manifest.json,country_local
netherlands,population,2023,2023-01-01,cbs-gemeentelijke-indeling-2023,municipality,1714,GM1714,Sluis,23243,people,CBS StatLine 03759NED Bevolking op 1 januari,provenance/netherlands_population_manifest.json,country_local
netherlands,population,2023,2023-01-01,cbs-gemeentelijke-indeling-2023,municipality,1719,GM1719,Drimmelen,27994,people,CBS StatLine 03759NED Bevolking op 1 januari,provenance/netherlands_population_manifest.json,country_local
netherlands,population,2023,2023-01-01,cbs-gemeentelijke-indeling-2023,municipality,1721,GM1721,Bernheze,32263,people,CBS StatLine 03759NED Bevolking op 1 januari,provenance/netherlands_population_manifest.json,country_local
netherlands,population,2023,2023-01-01,cbs-gemeentelijke-indeling-2023,municipality,1723,GM1723,Alphen-Chaam,10463,people,CBS StatLine 03759NED Bevolking op 1 januari,provenance/netherlands_population_manifest.json,country_local
netherlands,population,2023,2023-01-01,cbs-gemeentelijke-indeling-2023,municipality,1724,GM1724,Bergeijk,19092,people,CBS StatLine 03759NED Bevolking op 1 januari,provenance/netherlands_population_manifest.json,country_local
netherlands,population,2023,2023-01-01,cbs-gemeentelijke-indeling-2023,municipality,1728,GM1728,Bladel,21009,people,CBS StatLine 03759NED Bevolking op 1 januari,provenance/netherlands_population_manifest.json,country_local
netherlands,population,2023,2023-01-01,cbs-gemeentelijke-indeling-2023,municipality,1729,GM1729,Gulpen-Wittem,14210,people,CBS StatLine 03759NED Bevolking op 1 januari,provenance/netherlands_population_manifest.json,country_local
netherlands,population,2023,2023-01-01,cbs-gemeentelijke-indeling-2023,municipality,1730,GM1730,Tynaarlo,34592,people,CBS StatLine 03759NED Bevolking op 1 januari,provenance/netherlands_population_manifest.json,country_local
netherlands,population,2023,2023-01-01,cbs-gemeentelijke-indeling-2023,municipality,1731,GM1731,Midden-Drenthe,33987,people,CBS StatLine 03759NED Bevolking op 1 januari,provenance/netherlands_population_manifest.json,country_local
netherlands,population,2023,2023-01-01,cbs-gemeentelijke-indeling-2023,municipality,1734,GM1734,Overbetuwe,48707,people,CBS StatLine 03759NED Bevolking op 1 januari,provenance/netherlands_population_manifest.json,country_local
netherlands,population,2023,2023-01-01,cbs-gemeentelijke-indeling-2023,municipality,1735,GM1735,Hof van Twente,35455,people,CBS StatLine 03759NED Bevolking op 1 januari,provenance/netherlands_population_manifest.json,country_local
netherlands,population,2023,2023-01-01,cbs-gemeentelijke-indeling-2023,municipality,1740,GM1740,Neder-Betuwe,25448,people,CBS StatLine 03759NED Bevolking op 1 januari,provenance/netherlands_population_manifest.json,country_local
netherlands,population,2023,2023-01-01,cbs-gemeentelijke-indeling-2023,municipality,1742,GM1742,Rijssen-Holten,38493,people,CBS StatLine 03759NED Bevolking op 1 januari,provenance/netherlands_population_manifest.json,country_local
netherlands,population,2023,2023-01-01,cbs-gemeentelijke-indeling-2023,municipality,1771,GM1771,Geldrop-Mierlo,40441,people,CBS StatLine 03759NED Bevolking op 1 januari,provenance/netherlands_population_manifest.json,country_local
netherlands,population,2023,2023-01-01,cbs-gemeentelijke-indeling-2023,municipality,1773,GM1773,Olst-Wijhe,18682,people,CBS StatLine 03759NED Bevolking op 1 januari,provenance/netherlands_population_manifest.json,country_local
netherlands,population,2023,2023-01-01,cbs-gemeentelijke-indeling-2023,municipality,1774,GM1774,Dinkelland,26743,people,CBS StatLine 03759NED Bevolking op 1 januari,provenance/netherlands_population_manifest.json,country_local
netherlands,population,2023,2023-01-01,cbs-gemeentelijke-indeling-2023,municipality,1783,GM1783,Westland,114887,people,CBS StatLine 03759NED Bevolking op 1 januari,provenance/netherlands_population_manifest.json,country_local
netherlands,population,2023,2023-01-01,cbs-gemeentelijke-indeling-2023,municipality,1842,GM1842,Midden-Delfland,19472,people,CBS StatLine 03759NED Bevolking op 1 januari,provenance/netherlands_population_manifest.json,country_local
netherlands,population,2023,2023-01-01,cbs-gemeentelijke-indeling-2023,municipality,1859,GM1859,Berkelland,44022,people,CBS StatLine 03759NED Bevolking op 1 januari,provenance/netherlands_population_manifest.json,country_local
netherlands,population,2023,2023-01-01,cbs-gemeentelijke-indeling-2023,municipality,1876,GM1876,Bronckhorst,36277,people,CBS StatLine 03759NED Bevolking op 1 januari,provenance/netherlands_population_manifest.json,country_local
netherlands,population,2023,2023-01-01,cbs-gemeentelijke-indeling-2023,municipality,1883,GM1883,Sittard-Geleen,92234,people,CBS StatLine 03759NED Bevolking op 1 januari,provenance/netherlands_population_manifest.json,country_local
netherlands,population,2023,2023-01-01,cbs-gemeentelijke-indeling-2023,municipality,1884,GM1884,Kaag en Braassem,28573,people,CBS StatLine 03759NED Bevolking op 1 januari,provenance/netherlands_population_manifest.json,country_local
netherlands,population,2023,2023-01-01,cbs-gemeentelijke-indeling-2023,municipality,1891,GM1891,Dantumadiel,19194,people,CBS StatLine 03759NED Bevolking op 1 januari,provenance/netherlands_population_manifest.json,country_local
netherlands,population,2023,2023-01-01,cbs-gemeentelijke-indeling-2023,municipality,1892,GM1892,Zuidplas,46981,people,CBS StatLine 03759NED Bevolking op 1 januari,provenance/netherlands_population_manifest.json,country_local
netherlands,population,2023,2023-01-01,cbs-gemeentelijke-indeling-2023,municipality,1894,GM1894,Peel en Maas,45276,people,CBS StatLine 03759NED Bevolking op 1 januari,provenance/netherlands_population_manifest.json,country_local
netherlands,population,2023,2023-01-01,cbs-gemeentelijke-indeling-2023,municipality,1895,GM1895,Oldambt,39044,people,CBS StatLine 03759NED Bevolking op 1 januari,provenance/netherlands_population_manifest.json,country_local
netherlands,population,2023,2023-01-01,cbs-gemeentelijke-indeling-2023,municipality,1896,GM1896,Zwartewaterland,23368,people,CBS StatLine 03759NED Bevolking op 1 januari,provenance/netherlands_population_manifest.json,country_local
netherlands,population,2023,2023-01-01,cbs-gemeentelijke-indeling-2023,municipality,1900,GM1900,Súdwest-Fryslân,90883,people,CBS StatLine 03759NED Bevolking op 1 januari,provenance/netherlands_population_manifest.json,country_local
netherlands,population,2023,2023-01-01,cbs-gemeentelijke-indeling-2023,municipality,1901,GM1901,Bodegraven-Reeuwijk,36308,people,CBS StatLine 03759NED Bevolking op 1 januari,provenance/netherlands_population_manifest.json,country_local
netherlands,population,2023,2023-01-01,cbs-gemeentelijke-indeling-2023,municipality,1903,GM1903,Eijsden-Margraten,25991,people,CBS StatLine 03759NED Bevolking op 1 januari,provenance/netherlands_population_manifest.json,country_local
netherlands,population,2023,2023-01-01,cbs-gemeentelijke-indeling-2023,municipality,1904,GM1904,Stichtse Vecht,65771,people,CBS StatLine 03759NED Bevolking op 1 januari,provenance/netherlands_population_manifest.json,country_local
netherlands,population,2023,2023-01-01,cbs-gemeentelijke-indeling-2023,municipality,1911,GM1911,Hollands Kroon,49431,people,CBS StatLine 03759NED Bevolking op 1 januari,provenance/netherlands_population_manifest.json,country_local
netherlands,population,2023,2023-01-01,cbs-gemeentelijke-indeling-2023,municipality,1916,GM1916,Leidschendam-Voorburg,77753,people,CBS StatLine 03759NED Bevolking op 1 januari,provenance/netherlands_population_manifest.json,country_local
netherlands,population,2023,2023-01-01,cbs-gemeentelijke-indeling-2023,municipality,1924,GM1924,Goeree-Overflakkee,51590,people,CBS StatLine 03759NED Bevolking op 1 januari,provenance/netherlands_population_manifest.json,country_local
netherlands,population,2023,2023-01-01,cbs-gemeentelijke-indeling-2023,municipality,1926,GM1926,Pijnacker-Nootdorp,57672,people,CBS StatLine 03759NED Bevolking op 1 januari,provenance/netherlands_population_manifest.json,country_local
netherlands,population,2023,2023-01-01,cbs-gemeentelijke-indeling-2023,municipality,1930,GM1930,Nissewaard,86833,people,CBS StatLine 03759NED Bevolking op 1 januari,provenance/netherlands_population_manifest.json,country_local
netherlands,population,2023,2023-01-01,cbs-gemeentelijke-indeling-2023,municipality,1931,GM1931,Krimpenerwaard,57700,people,CBS StatLine 03759NED Bevolking op 1 januari,provenance/netherlands_population_manifest.json,country_local
netherlands,population,2023,2023-01-01,cbs-gemeentelijke-indeling-2023,municipality,1940,GM1940,De Fryske Marren,51992,people,CBS StatLine 03759NED Bevolking op 1 januari,provenance/netherlands_population_manifest.json,country_local
netherlands,population,2023,2023-01-01,cbs-gemeentelijke-indeling-2023,municipality,1942,GM1942,Gooise Meren,60341,people,CBS StatLine 03759NED Bevolking op 1 januari,provenance/netherlands_population_manifest.json,country_local
netherlands,population,2023,2023-01-01,cbs-gemeentelijke-indeling-2023,municipality,1945,GM1945,Berg en Dal,35420,people,CBS StatLine 03759NED Bevolking op 1 januari,provenance/netherlands_population_manifest.json,country_local
netherlands,population,2023,2023-01-01,cbs-gemeentelijke-indeling-2023,municipality,1948,GM1948,Meierijstad,83715,people,CBS StatLine 03759NED Bevolking op 1 januari,provenance/netherlands_population_manifest.json,country_local
netherlands,population,2023,2023-01-01,cbs-gemeentelijke-indeling-2023,municipality,1949,GM1949,Waadhoeke,46718,people,CBS StatLine 03759NED Bevolking op 1 januari,provenance/netherlands_population_manifest.json,country_local
netherlands,population,2023,2023-01-01,cbs-gemeentelijke-indeling-2023,municipality,1950,GM1950,Westerwolde,26537,people,CBS StatLine 03759NED Bevolking op 1 januari,provenance/netherlands_population_manifest.json,country_local
netherlands,population,2023,2023-01-01,cbs-gemeentelijke-indeling-2023,municipality,1952,GM1952,Midden-Groningen,61554,people,CBS StatLine 03759NED Bevolking op 1 januari,provenance/netherlands_population_manifest.json,country_local
netherlands,population,2023,2023-01-01,cbs-gemeentelijke-indeling-2023,municipality,1954,GM1954,Beekdaelen,35966,people,CBS StatLine 03759NED Bevolking op 1 januari,provenance/netherlands_population_manifest.json,country_local
netherlands,population,2023,2023-01-01,cbs-gemeentelijke-indeling-2023,municipality,1955,GM1955,Montferland,36882,people,CBS StatLine 03759NED Bevolking op 1 januari,provenance/netherlands_population_manifest.json,country_local
netherlands,population,2023,2023-01-01,cbs-gemeentelijke-indeling-2023,municipality,1959,GM1959,Altena,57726,people,CBS StatLine 03759NED Bevolking op 1 januari,provenance/netherlands_population_manifest.json,country_local
netherlands,population,2023,2023-01-01,cbs-gemeentelijke-indeling-2023,municipality,1960,GM1960,West Betuwe,52720,people,CBS StatLine 03759NED Bevolking op 1 januari,provenance/netherlands_population_manifest.json,country_local
netherlands,population,2023,2023-01-01,cbs-gemeentelijke-indeling-2023,municipality,1961,GM1961,Vijfheerenlanden,60052,people,CBS StatLine 03759NED Bevolking op 1 januari,provenance/netherlands_population_manifest.json,country_local
netherlands,population,2023,2023-01-01,cbs-gemeentelijke-indeling-2023,municipality,1963,GM1963,Hoeksche Waard,89760,people,CBS StatLine 03759NED Bevolking op 1 januari,provenance/netherlands_population_manifest.json,country_local
netherlands,population,2023,2023-01-01,cbs-gemeentelijke-indeling-2023,municipality,1966,GM1966,Het Hogeland,48298,people,CBS StatLine 03759NED Bevolking op 1 januari,provenance/netherlands_population_manifest.json,country_local
netherlands,population,2023,2023-01-01,cbs-gemeentelijke-indeling-2023,municipality,1969,GM1969,Westerkwartier,64946,people,CBS StatLine 03759NED Bevolking op 1 januari,provenance/netherlands_population_manifest.json,country_local
netherlands,population,2023,2023-01-01,cbs-gemeentelijke-indeling-2023,municipality,1970,GM1970,Noardeast-Fryslân,45812,people,CBS StatLine 03759NED Bevolking op 1 januari,provenance/netherlands_population_manifest.json,country_local
netherlands,population,2023,2023-01-01,cbs-gemeentelijke-indeling-2023,municipality,1978,GM1978,Molenlanden,45158,people,CBS StatLine 03759NED Bevolking op 1 januari,provenance/netherlands_population_manifest.json,country_local
netherlands,population,2023,2023-01-01,cbs-gemeentelijke-indeling-2023,municipality,1979,GM1979,Eemsdelta,45394,people,CBS StatLine 03759NED Bevolking op 1 januari,provenance/netherlands_population_manifest.json,country_local
netherlands,population,2023,2023-01-01,cbs-gemeentelijke-indeling-2023,municipality,1980,GM1980,Dijk en Waard,88985,people,CBS StatLine 03759NED Bevolking op 1 januari,provenance/netherlands_population_manifest.json,country_local
netherlands,population,2023,2023-01-01,cbs-gemeentelijke-indeling-2023,municipality,1982,GM1982,Land van Cuijk,91423,people,CBS StatLine 03759NED Bevolking op 1 januari,provenance/netherlands_population_manifest.json,country_local
netherlands,population,2023,2023-01-01,cbs-gemeentelijke-indeling-2023,municipality,1991,GM1991,Maashorst,58934,people,CBS StatLine 03759NED Bevolking op 1 januari,provenance/netherlands_population_manifest.json,country_local
netherlands,population,2023,2023-01-01,cbs-gemeentelijke-indeling-2023,municipality,1992,GM1992,Voorne aan Zee,73945,people,CBS StatLine 03759NED Bevolking op 1 januari,provenance/netherlands_population_manifest.json,country_local
netherlands,population,2025,2025-01-01,cbs-gemeentelijke-indeling-2025,municipality,0014,GM0014,Groningen,244441,people,CBS StatLine 03759NED Bevolking op 1 januari,provenance/netherlands_population_manifest.json,country_local
netherlands,population,2025,2025-01-01,cbs-gemeentelijke-indeling-2025,municipality,0034,GM0034,Almere,229574,people,CBS StatLine 03759NED Bevolking op 1 januari,provenance/netherlands_population_manifest.json,country_local
netherlands,population,2025,2025-01-01,cbs-gemeentelijke-indeling-2025,municipality,0037,GM0037,Stadskanaal,32038,people,CBS StatLine 03759NED Bevolking op 1 januari,provenance/netherlands_population_manifest.json,country_local
netherlands,population,2025,2025-01-01,cbs-gemeentelijke-indeling-2025,municipality,0047,GM0047,Veendam,27687,people,CBS StatLine 03759NED Bevolking op 1 januari,provenance/netherlands_population_manifest.json,country_local
netherlands,population,2025,2025-01-01,cbs-gemeentelijke-indeling-2025,municipality,0050,GM0050,Zeewolde,24291,people,CBS StatLine 03759NED Bevolking op 1 januari,provenance/netherlands_population_manifest.json,country_local
netherlands,population,2025,2025-01-01,cbs-gemeentelijke-indeling-2025,municipality,0059,GM0059,Achtkarspelen,28200,people,CBS StatLine 03759NED Bevolking op 1 januari,provenance/netherlands_population_manifest.json,country_local
netherlands,population,2025,2025-01-01,cbs-gemeentelijke-indeling-2025,municipality,0060,GM0060,Ameland,3800,people,CBS StatLine 03759NED Bevolking op 1 januari,provenance/netherlands_population_manifest.json,country_local
netherlands,population,2025,2025-01-01,cbs-gemeentelijke-indeling-2025,municipality,0072,GM0072,Harlingen,16210,people,CBS StatLine 03759NED Bevolking op 1 januari,provenance/netherlands_population_manifest.json,country_local
netherlands,population,2025,2025-01-01,cbs-gemeentelijke-indeling-2025,municipality,0074,GM0074,Heerenveen,51863,people,CBS StatLine 03759NED Bevolking op 1 januari,provenance/netherlands_population_manifest.json,country_local
netherlands,population,2025,2025-01-01,cbs-gemeentelijke-indeling-2025,municipality,0080,GM0080,Leeuwarden,129973,people,CBS StatLine 03759NED Bevolking op 1 januari,provenance/netherlands_population_manifest.json,country_local
netherlands,population,2025,2025-01-01,cbs-gemeentelijke-indeling-2025,municipality,0085,GM0085,Ooststellingwerf,25925,people,CBS StatLine 03759NED Bevolking op 1 januari,provenance/netherlands_population_manifest.json,country_local
netherlands,population,2025,2025-01-01,cbs-gemeentelijke-indeling-2025,municipality,0086,GM0086,Opsterland,30012,people,CBS StatLine 03759NED Bevolking op 1 januari,provenance/netherlands_population_manifest.json,country_local
netherlands,population,2025,2025-01-01,cbs-gemeentelijke-indeling-2025,municipality,0088,GM0088,Schiermonnikoog,971,people,CBS StatLine 03759NED Bevolking op 1 januari,provenance/netherlands_population_manifest.json,country_local
netherlands,population,2025,2025-01-01,cbs-gemeentelijke-indeling-2025,municipality,0090,GM0090,Smallingerland,57084,people,CBS StatLine 03759NED Bevolking op 1 januari,provenance/netherlands_population_manifest.json,country_local
netherlands,population,2025,2025-01-01,cbs-gemeentelijke-indeling-2025,municipality,0093,GM0093,Terschelling,4923,people,CBS StatLine 03759NED Bevolking op 1 januari,provenance/netherlands_population_manifest.json,country_local
netherlands,population,2025,2025-01-01,cbs-gemeentelijke-indeling-2025,municipality,0096,GM0096,Vlieland,1217,people,CBS StatLine 03759NED Bevolking op 1 januari,provenance/netherlands_population_manifest.json,country_local
netherlands,population,2025,2025-01-01,cbs-gemeentelijke-indeling-2025,municipality,0098,GM0098,Weststellingwerf,26596,people,CBS StatLine 03759NED Bevolking op 1 januari,provenance/netherlands_population_manifest.json,country_local
netherlands,population,2025,2025-01-01,cbs-gemeentelijke-indeling-2025,municipality,0106,GM0106,Assen,70392,people,CBS StatLine 03759NED Bevolking op 1 januari,provenance/netherlands_population_manifest.json,country_local
netherlands,population,2025,2025-01-01,cbs-gemeentelijke-indeling-2025,municipality,0109,GM0109,Coevorden,35860,people,CBS StatLine 03759NED Bevolking op 1 januari,provenance/netherlands_population_manifest.json,country_local
netherlands,population,2025,2025-01-01,cbs-gemeentelijke-indeling-2025,municipality,0114,GM0114,Emmen,109678,people,CBS StatLine 03759NED Bevolking op 1 januari,provenance/netherlands_population_manifest.json,country_local
netherlands,population,2025,2025-01-01,cbs-gemeentelijke-indeling-2025,municipality,0118,GM0118,Hoogeveen,56906,people,CBS StatLine 03759NED Bevolking op 1 januari,provenance/netherlands_population_manifest.json,country_local
netherlands,population,2025,2025-01-01,cbs-gemeentelijke-indeling-2025,municipality,0119,GM0119,Meppel,36271,people,CBS StatLine 03759NED Bevolking op 1 januari,provenance/netherlands_population_manifest.json,country_local
netherlands,population,2025,2025-01-01,cbs-gemeentelijke-indeling-2025,municipality,0141,GM0141,Almelo,74776,people,CBS StatLine 03759NED Bevolking op 1 januari,provenance/netherlands_population_manifest.json,country_local
netherlands,population,2025,2025-01-01,cbs-gemeentelijke-indeling-2025,municipality,0147,GM0147,Borne,24741,people,CBS StatLine 03759NED Bevolking op 1 januari,provenance/netherlands_population_manifest.json,country_local
netherlands,population,2025,2025-01-01,cbs-gemeentelijke-indeling-2025,municipality,0148,GM0148,Dalfsen,30047,people,CBS StatLine 03759NED Bevolking op 1 januari,provenance/netherlands_population_manifest.json,country_local
netherlands,population,2025,2025-01-01,cbs-gemeentelijke-indeling-2025,municipality,0150,GM0150,Deventer,104301,people,CBS StatLine 03759NED Bevolking op 1 januari,provenance/netherlands_population_manifest.json,country_local
netherlands,population,2025,2025-01-01,cbs-gemeentelijke-indeling-2025,municipality,0153,GM0153,Enschede,162317,people,CBS StatLine 03759NED Bevolking op 1 januari,provenance/netherlands_population_manifest.json,country_local
netherlands,population,2025,2025-01-01,cbs-gemeentelijke-indeling-2025,municipality,0158,GM0158,Haaksbergen,24225,people,CBS StatLine 03759NED Bevolking op 1 januari,provenance/netherlands_population_manifest.json,country_local
netherlands,population,2025,2025-01-01,cbs-gemeentelijke-indeling-2025,municipality,0160,GM0160,Hardenberg,63415,people,CBS StatLine 03759NED Bevolking op 1 januari,provenance/netherlands_population_manifest.json,country_local
netherlands,population,2025,2025-01-01,cbs-gemeentelijke-indeling-2025,municipality,0163,GM0163,Hellendoorn,36213,people,CBS StatLine 03759NED Bevolking op 1 januari,provenance/netherlands_population_manifest.json,country_local
netherlands,population,2025,2025-01-01,cbs-gemeentelijke-indeling-2025,municipality,0164,GM0164,Hengelo (O.),83655,people,CBS StatLine 03759NED Bevolking op 1 januari,provenance/netherlands_population_manifest.json,country_local
netherlands,population,2025,2025-01-01,cbs-gemeentelijke-indeling-2025,municipality,0166,GM0166,Kampen,56547,people,CBS StatLine 03759NED Bevolking op 1 januari,provenance/netherlands_population_manifest.json,country_local
netherlands,population,2025,2025-01-01,cbs-gemeentelijke-indeling-2025,municipality,0168,GM0168,Losser,23469,people,CBS StatLine 03759NED Bevolking op 1 januari,provenance/netherlands_population_manifest.json,country_local
netherlands,population,2025,2025-01-01,cbs-gemeentelijke-indeling-2025,municipality,0171,GM0171,Noordoostpolder,50788,people,CBS StatLine 03759NED Bevolking op 1 januari,provenance/netherlands_population_manifest.json,country_local
netherlands,population,2025,2025-01-01,cbs-gemeentelijke-indeling-2025,municipality,0173,GM0173,Oldenzaal,32021,people,CBS StatLine 03759NED Bevolking op 1 januari,provenance/netherlands_population_manifest.json,country_local
netherlands,population,2025,2025-01-01,cbs-gemeentelijke-indeling-2025,municipality,0175,GM0175,Ommen,19249,people,CBS StatLine 03759NED Bevolking op 1 januari,provenance/netherlands_population_manifest.json,country_local
netherlands,population,2025,2025-01-01,cbs-gemeentelijke-indeling-2025,municipality,0177,GM0177,Raalte,38623,people,CBS StatLine 03759NED Bevolking op 1 januari,provenance/netherlands_population_manifest.json,country_local
netherlands,population,2025,2025-01-01,cbs-gemeentelijke-indeling-2025,municipality,0180,GM0180,Staphorst,17968,people,CBS StatLine 03759NED Bevolking op 1 januari,provenance/netherlands_population_manifest.json,country_local
netherlands,population,2025,2025-01-01,cbs-gemeentelijke-indeling-2025,municipality,0183,GM0183,Tubbergen,21507,people,CBS StatLine 03759NED Bevolking op 1 januari,provenance/netherlands_population_manifest.json,country_local
netherlands,population,2025,2025-01-01,cbs-gemeentelijke-indeling-2025,municipality,0184,GM0184,Urk,22173,people,CBS StatLine 03759NED Bevolking op 1 januari,provenance/netherlands_population_manifest.json,country_local
netherlands,population,2025,2025-01-01,cbs-gemeentelijke-indeling-2025,municipality,0189,GM0189,Wierden,25342,people,CBS StatLine 03759NED Bevolking op 1 januari,provenance/netherlands_population_manifest.json,country_local
netherlands,population,2025,2025-01-01,cbs-gemeentelijke-indeling-2025,municipality,0193,GM0193,Zwolle,133810,people,CBS StatLine 03759NED Bevolking op 1 januari,provenance/netherlands_population_manifest.json,country_local
netherlands,population,2025,2025-01-01,cbs-gemeentelijke-indeling-2025,municipality,0197,GM0197,Aalten,27466,people,CBS StatLine 03759NED Bevolking op 1 januari,provenance/netherlands_population_manifest.json,country_local
netherlands,population,2025,2025-01-01,cbs-gemeentelijke-indeling-2025,municipality,0200,GM0200,Apeldoorn,168551,people,CBS StatLine 03759NED Bevolking op 1 januari,provenance/netherlands_population_manifest.json,country_local
netherlands,population,2025,2025-01-01,cbs-gemeentelijke-indeling-2025,municipality,0202,GM0202,Arnhem,169364,people,CBS StatLine 03759NED Bevolking op 1 januari,provenance/netherlands_population_manifest.json,country_local
netherlands,population,2025,2025-01-01,cbs-gemeentelijke-indeling-2025,municipality,0203,GM0203,Barneveld,63152,people,CBS StatLine 03759NED Bevolking op 1 januari,provenance/netherlands_population_manifest.json,country_local
netherlands,population,2025,2025-01-01,cbs-gemeentelijke-indeling-2025,municipality,0209,GM0209,Beuningen,26749,people,CBS StatLine 03759NED Bevolking op 1 januari,provenance/netherlands_population_manifest.json,country_local
netherlands,population,2025,2025-01-01,cbs-gemeentelijke-indeling-2025,municipality,0213,GM0213,Brummen,21394,people,CBS StatLine 03759NED Bevolking op 1 januari,provenance/netherlands_population_manifest.json,country_local
netherlands,population,2025,2025-01-01,cbs-gemeentelijke-indeling-2025,municipality,0214,GM0214,Buren,27978,people,CBS StatLine 03759NED Bevolking op 1 januari,provenance/netherlands_population_manifest.json,country_local
netherlands,population,2025,2025-01-01,cbs-gemeentelijke-indeling-2025,municipality,0216,GM0216,Culemborg,30281,people,CBS StatLine 03759NED Bevolking op 1 januari,provenance/netherlands_population_manifest.json,country_local
netherlands,population,2025,2025-01-01,cbs-gemeentelijke-indeling-2025,municipality,0221,GM0221,Doesburg,11125,people,CBS StatLine 03759NED Bevolking op 1 januari,provenance/netherlands_population_manifest.json,country_local
netherlands,population,2025,2025-01-01,cbs-gemeentelijke-indeling-2025,municipality,0222,GM0222,Doetinchem,60049,people,CBS StatLine 03759NED Bevolking op 1 januari,provenance/netherlands_population_manifest.json,country_local
netherlands,population,2025,2025-01-01,cbs-gemeentelijke-indeling-2025,municipality,0225,GM0225,Druten,19748,people,CBS StatLine 03759NED Bevolking op 1 januari,provenance/netherlands_population_manifest.json,country_local
netherlands,population,2025,2025-01-01,cbs-gemeentelijke-indeling-2025,municipality,0226,GM0226,Duiven,24942,people,CBS StatLine 03759NED Bevolking op 1 januari,provenance/netherlands_population_manifest.json,country_local
netherlands,population,2025,2025-01-01,cbs-gemeentelijke-indeling-2025,municipality,0228,GM0228,Ede,124214,people,CBS StatLine 03759NED Bevolking op 1 januari,provenance/netherlands_population_manifest.json,country_local
netherlands,population,2025,2025-01-01,cbs-gemeentelijke-indeling-2025,municipality,0230,GM0230,Elburg,23903,people,CBS StatLine 03759NED Bevolking op 1 januari,provenance/netherlands_population_manifest.json,country_local
netherlands,population,2025,2025-01-01,cbs-gemeentelijke-indeling-2025,municipality,0232,GM0232,Epe,33469,people,CBS StatLine 03759NED Bevolking op 1 januari,provenance/netherlands_population_manifest.json,country_local
netherlands,population,2025,2025-01-01,cbs-gemeentelijke-indeling-2025,municipality,0233,GM0233,Ermelo,28131,people,CBS StatLine 03759NED Bevolking op 1 januari,provenance/netherlands_population_manifest.json,country_local
netherlands,population,2025,2025-01-01,cbs-gemeentelijke-indeling-2025,municipality,0243,GM0243,Harderwijk,50042,people,CBS StatLine 03759NED Bevolking op 1 januari,provenance/netherlands_population_manifest.json,country_local
netherlands,population,2025,2025-01-01,cbs-gemeentelijke-indeling-2025,municipality,0244,GM0244,Hattem,12745,people,CBS StatLine 03759NED Bevolking op 1 januari,provenance/netherlands_population_manifest.json,country_local
netherlands,population,2025,2025-01-01,cbs-gemeentelijke-indeling-2025,municipality,0246,GM0246,Heerde,19305,people,CBS StatLine 03759NED Bevolking op 1 januari,provenance/netherlands_population_manifest.json,country_local
netherlands,population,2025,2025-01-01,cbs-gemeentelijke-indeling-2025,municipality,0252,GM0252,Heumen,16861,people,CBS StatLine 03759NED Bevolking op 1 januari,provenance/netherlands_population_manifest.json,country_local
netherlands,population,2025,2025-01-01,cbs-gemeentelijke-indeling-2025,municipality,0262,GM0262,Lochem,34316,people,CBS StatLine 03759NED Bevolking op 1 januari,provenance/netherlands_population_manifest.json,country_local
netherlands,population,2025,2025-01-01,cbs-gemeentelijke-indeling-2025,municipality,0263,GM0263,Maasdriel,26289,people,CBS StatLine 03759NED Bevolking op 1 januari,provenance/netherlands_population_manifest.json,country_local
netherlands,population,2025,2025-01-01,cbs-gemeentelijke-indeling-2025,municipality,0267,GM0267,Nijkerk,45720,people,CBS StatLine 03759NED Bevolking op 1 januari,provenance/netherlands_population_manifest.json,country_local
netherlands,population,2025,2025-01-01,cbs-gemeentelijke-indeling-2025,municipality,0268,GM0268,Nijmegen,189007,people,CBS StatLine 03759NED Bevolking op 1 januari,provenance/netherlands_population_manifest.json,country_local
netherlands,population,2025,2025-01-01,cbs-gemeentelijke-indeling-2025,municipality,0269,GM0269,Oldebroek,24417,people,CBS StatLine 03759NED Bevolking op 1 januari,provenance/netherlands_population_manifest.json,country_local
netherlands,population,2025,2025-01-01,cbs-gemeentelijke-indeling-2025,municipality,0273,GM0273,Putten,24953,people,CBS StatLine 03759NED Bevolking op 1 januari,provenance/netherlands_population_manifest.json,country_local
netherlands,population,2025,2025-01-01,cbs-gemeentelijke-indeling-2025,municipality,0274,GM0274,Renkum,31490,people,CBS StatLine 03759NED Bevolking op 1 januari,provenance/netherlands_population_manifest.json,country_local
netherlands,population,2025,2025-01-01,cbs-gemeentelijke-indeling-2025,municipality,0275,GM0275,Rheden,43782,people,CBS StatLine 03759NED Bevolking op 1 januari,provenance/netherlands_population_manifest.json,country_local
netherlands,population,2025,2025-01-01,cbs-gemeentelijke-indeling-2025,municipality,0277,GM0277,Rozendaal,1836,people,CBS StatLine 03759NED Bevolking op 1 januari,provenance/netherlands_population_manifest.json,country_local
netherlands,population,2025,2025-01-01,cbs-gemeentelijke-indeling-2025,municipality,0279,GM0279,Scherpenzeel,10539,people,CBS StatLine 03759NED Bevolking op 1 januari,provenance/netherlands_population_manifest.json,country_local
netherlands,population,2025,2025-01-01,cbs-gemeentelijke-indeling-2025,municipality,0281,GM0281,Tiel,42575,people,CBS StatLine 03759NED Bevolking op 1 januari,provenance/netherlands_population_manifest.json,country_local
netherlands,population,2025,2025-01-01,cbs-gemeentelijke-indeling-2025,municipality,0285,GM0285,Voorst,25567,people,CBS StatLine 03759NED Bevolking op 1 januari,provenance/netherlands_population_manifest.json,country_local
netherlands,population,2025,2025-01-01,cbs-gemeentelijke-indeling-2025,municipality,0289,GM0289,Wageningen,42790,people,CBS StatLine 03759NED Bevolking op 1 januari,provenance/netherlands_population_manifest.json,country_local
netherlands,population,2025,2025-01-01,cbs-gemeentelijke-indeling-2025,municipality,0293,GM0293,Westervoort,15205,people,CBS StatLine 03759NED Bevolking op 1 januari,provenance/netherlands_population_manifest.json,country_local
netherlands,population,2025,2025-01-01,cbs-gemeentelijke-indeling-2025,municipality,0294,GM0294,Winterswijk,29232,people,CBS StatLine 03759NED Bevolking op 1 januari,provenance/netherlands_population_manifest.json,country_local
netherlands,population,2025,2025-01-01,cbs-gemeentelijke-indeling-2025,municipality,0296,GM0296,Wijchen,41836,people,CBS StatLine 03759NED Bevolking op 1 januari,provenance/netherlands_population_manifest.json,country_local
netherlands,population,2025,2025-01-01,cbs-gemeentelijke-indeling-2025,municipality,0297,GM0297,Zaltbommel,30412,people,CBS StatLine 03759NED Bevolking op 1 januari,provenance/netherlands_population_manifest.json,country_local
netherlands,population,2025,2025-01-01,cbs-gemeentelijke-indeling-2025,municipality,0299,GM0299,Zevenaar,45215,people,CBS StatLine 03759NED Bevolking op 1 januari,provenance/netherlands_population_manifest.json,country_local
netherlands,population,2025,2025-01-01,cbs-gemeentelijke-indeling-2025,municipality,0301,GM0301,Zutphen,49028,people,CBS StatLine 03759NED Bevolking op 1 januari,provenance/netherlands_population_manifest.json,country_local
netherlands,population,2025,2025-01-01,cbs-gemeentelijke-indeling-2025,municipality,0302,GM0302,Nunspeet,29393,people,CBS StatLine 03759NED Bevolking op 1 januari,provenance/netherlands_population_manifest.json,country_local
netherlands,population,2025,2025-01-01,cbs-gemeentelijke-indeling-2025,municipality,0303,GM0303,Dronten,44856,people,CBS StatLine 03759NED Bevolking op 1 januari,provenance/netherlands_population_manifest.json,country_local
netherlands,population,2025,2025-01-01,cbs-gemeentelijke-indeling-2025,municipality,0307,GM0307,Amersfoort,163298,people,CBS StatLine 03759NED Bevolking op 1 januari,provenance/netherlands_population_manifest.json,country_local
netherlands,population,2025,2025-01-01,cbs-gemeentelijke-indeling-2025,municipality,0308,GM0308,Baarn,25184,people,CBS StatLine 03759NED Bevolking op 1 januari,provenance/netherlands_population_manifest.json,country_local
netherlands,population,2025,2025-01-01,cbs-gemeentelijke-indeling-2025,municipality,0310,GM0310,De Bilt,43792,people,CBS StatLine 03759NED Bevolking op 1 januari,provenance/netherlands_population_manifest.json,country_local
netherlands,population,2025,2025-01-01,cbs-gemeentelijke-indeling-2025,municipality,0312,GM0312,Bunnik,16279,people,CBS StatLine 03759NED Bevolking op 1 januari,provenance/netherlands_population_manifest.json,country_local
netherlands,population,2025,2025-01-01,cbs-gemeentelijke-indeling-2025,municipality,0313,GM0313,Bunschoten,22684,people,CBS StatLine 03759NED Bevolking op 1 januari,provenance/netherlands_population_manifest.json,country_local
netherlands,population,2025,2025-01-01,cbs-gemeentelijke-indeling-2025,municipality,0317,GM0317,Eemnes,9927,people,CBS StatLine 03759NED Bevolking op 1 januari,provenance/netherlands_population_manifest.json,country_local
netherlands,population,2025,2025-01-01,cbs-gemeentelijke-indeling-2025,municipality,0321,GM0321,Houten,50945,people,CBS StatLine 03759NED Bevolking op 1 januari,provenance/netherlands_population_manifest.json,country_local
netherlands,population,2025,2025-01-01,cbs-gemeentelijke-indeling-2025,municipality,0327,GM0327,Leusden,31911,people,CBS StatLine 03759NED Bevolking op 1 januari,provenance/netherlands_population_manifest.json,country_local
netherlands,population,2025,2025-01-01,cbs-gemeentelijke-indeling-2025,municipality,0331,GM0331,Lopik,14800,people,CBS StatLine 03759NED Bevolking op 1 januari,provenance/netherlands_population_manifest.json,country_local
netherlands,population,2025,2025-01-01,cbs-gemeentelijke-indeling-2025,municipality,0335,GM0335,Montfoort,13772,people,CBS StatLine 03759NED Bevolking op 1 januari,provenance/netherlands_population_manifest.json,country_local
netherlands,population,2025,2025-01-01,cbs-gemeentelijke-indeling-2025,municipality,0339,GM0339,Renswoude,5782,people,CBS StatLine 03759NED Bevolking op 1 januari,provenance/netherlands_population_manifest.json,country_local
netherlands,population,2025,2025-01-01,cbs-gemeentelijke-indeling-2025,municipality,0340,GM0340,Rhenen,20392,people,CBS StatLine 03759NED Bevolking op 1 januari,provenance/netherlands_population_manifest.json,country_local
netherlands,population,2025,2025-01-01,cbs-gemeentelijke-indeling-2025,municipality,0342,GM0342,Soest,47999,people,CBS StatLine 03759NED Bevolking op 1 januari,provenance/netherlands_population_manifest.json,country_local
netherlands,population,2025,2025-01-01,cbs-gemeentelijke-indeling-2025,municipality,0344,GM0344,Utrecht,376757,people,CBS StatLine 03759NED Bevolking op 1 januari,provenance/netherlands_population_manifest.json,country_local
netherlands,population,2025,2025-01-01,cbs-gemeentelijke-indeling-2025,municipality,0345,GM0345,Veenendaal,70352,people,CBS StatLine 03759NED Bevolking op 1 januari,provenance/netherlands_population_manifest.json,country_local
netherlands,population,2025,2025-01-01,cbs-gemeentelijke-indeling-2025,municipality,0351,GM0351,Woudenberg,14760,people,CBS StatLine 03759NED Bevolking op 1 januari,provenance/netherlands_population_manifest.json,country_local
netherlands,population,2025,2025-01-01,cbs-gemeentelijke-indeling-2025,municipality,0352,GM0352,Wijk bij Duurstede,23831,people,CBS StatLine 03759NED Bevolking op 1 januari,provenance/netherlands_population_manifest.json,country_local
netherlands,population,2025,2025-01-01,cbs-gemeentelijke-indeling-2025,municipality,0353,GM0353,IJsselstein,33339,people,CBS StatLine 03759NED Bevolking op 1 januari,provenance/netherlands_population_manifest.json,country_local
netherlands,population,2025,2025-01-01,cbs-gemeentelijke-indeling-2025,municipality,0355,GM0355,Zeist,66671,people,CBS StatLine 03759NED Bevolking op 1 januari,provenance/netherlands_population_manifest.json,country_local
netherlands,population,2025,2025-01-01,cbs-gemeentelijke-indeling-2025,municipality,0356,GM0356,Nieuwegein,66788,people,CBS StatLine 03759NED Bevolking op 1 januari,provenance/netherlands_population_manifest.json,country_local
netherlands,population,2025,2025-01-01,cbs-gemeentelijke-indeling-2025,municipality,0358,GM0358,Aalsmeer,33250,people,CBS StatLine 03759NED Bevolking op 1 januari,provenance/netherlands_population_manifest.json,country_local
netherlands,population,2025,2025-01-01,cbs-gemeentelijke-indeling-2025,municipality,0361,GM0361,Alkmaar,112896,people,CBS StatLine 03759NED Bevolking op 1 januari,provenance/netherlands_population_manifest.json,country_local
netherlands,population,2025,2025-01-01,cbs-gemeentelijke-indeling-2025,municipality,0362,GM0362,Amstelveen,95822,people,CBS StatLine 03759NED Bevolking op 1 januari,provenance/netherlands_population_manifest.json,country_local
netherlands,population,2025,2025-01-01,cbs-gemeentelijke-indeling-2025,municipality,0363,GM0363,Amsterdam,934526,people,CBS StatLine 03759NED Bevolking op 1 januari,provenance/netherlands_population_manifest.json,country_local
netherlands,population,2025,2025-01-01,cbs-gemeentelijke-indeling-2025,municipality,0373,GM0373,Bergen (NH.),29722,people,CBS StatLine 03759NED Bevolking op 1 januari,provenance/netherlands_population_manifest.json,country_local
netherlands,population,2025,2025-01-01,cbs-gemeentelijke-indeling-2025,municipality,0375,GM0375,Beverwijk,43040,people,CBS StatLine 03759NED Bevolking op 1 januari,provenance/netherlands_population_manifest.json,country_local
netherlands,population,2025,2025-01-01,cbs-gemeentelijke-indeling-2025,municipality,0376,GM0376,Blaricum,12947,people,CBS StatLine 03759NED Bevolking op 1 januari,provenance/netherlands_population_manifest.json,country_local
netherlands,population,2025,2025-01-01,cbs-gemeentelijke-indeling-2025,municipality,0377,GM0377,Bloemendaal,23592,people,CBS StatLine 03759NED Bevolking op 1 januari,provenance/netherlands_population_manifest.json,country_local
netherlands,population,2025,2025-01-01,cbs-gemeentelijke-indeling-2025,municipality,0383,GM0383,Castricum,36618,people,CBS StatLine 03759NED Bevolking op 1 januari,provenance/netherlands_population_manifest.json,country_local
netherlands,population,2025,2025-01-01,cbs-gemeentelijke-indeling-2025,municipality,0384,GM0384,Diemen,33228,people,CBS StatLine 03759NED Bevolking op 1 januari,provenance/netherlands_population_manifest.json,country_local
netherlands,population,2025,2025-01-01,cbs-gemeentelijke-indeling-2025,municipality,0385,GM0385,Edam-Volendam,37140,people,CBS StatLine 03759NED Bevolking op 1 januari,provenance/netherlands_population_manifest.json,country_local
netherlands,population,2025,2025-01-01,cbs-gemeentelijke-indeling-2025,municipality,0388,GM0388,Enkhuizen,18847,people,CBS StatLine 03759NED Bevolking op 1 januari,provenance/netherlands_population_manifest.json,country_local
netherlands,population,2025,2025-01-01,cbs-gemeentelijke-indeling-2025,municipality,0392,GM0392,Haarlem,168743,people,CBS StatLine 03759NED Bevolking op 1 januari,provenance/netherlands_population_manifest.json,country_local
netherlands,population,2025,2025-01-01,cbs-gemeentelijke-indeling-2025,municipality,0394,GM0394,Haarlemmermeer,165255,people,CBS StatLine 03759NED Bevolking op 1 januari,provenance/netherlands_population_manifest.json,country_local
netherlands,population,2025,2025-01-01,cbs-gemeentelijke-indeling-2025,municipality,0396,GM0396,Heemskerk,39380,people,CBS StatLine 03759NED Bevolking op 1 januari,provenance/netherlands_population_manifest.json,country_local
netherlands,population,2025,2025-01-01,cbs-gemeentelijke-indeling-2025,municipality,0397,GM0397,Heemstede,27638,people,CBS StatLine 03759NED Bevolking op 1 januari,provenance/netherlands_population_manifest.json,country_local
netherlands,population,2025,2025-01-01,cbs-gemeentelijke-indeling-2025,municipality,0399,GM0399,Heiloo,24341,people,CBS StatLine 03759NED Bevolking op 1 januari,provenance/netherlands_population_manifest.json,country_local
netherlands,population,2025,2025-01-01,cbs-gemeentelijke-indeling-2025,municipality,0400,GM0400,Den Helder,56662,people,CBS StatLine 03759NED Bevolking op 1 januari,provenance/netherlands_population_manifest.json,country_local
netherlands,population,2025,2025-01-01,cbs-gemeentelijke-indeling-2025,municipality,0402,GM0402,Hilversum,94393,people,CBS StatLine 03759NED Bevolking op 1 januari,provenance/netherlands_population_manifest.json,country_local
netherlands,population,2025,2025-01-01,cbs-gemeentelijke-indeling-2025,municipality,0405,GM0405,Hoorn,76036,people,CBS StatLine 03759NED Bevolking op 1 januari,provenance/netherlands_population_manifest.json,country_local
netherlands,population,2025,2025-01-01,cbs-gemeentelijke-indeling-2025,municipality,0406,GM0406,Huizen,41196,people,CBS StatLine 03759NED Bevolking op 1 januari,provenance/netherlands_population_manifest.json,country_local
netherlands,population,2025,2025-01-01,cbs-gemeentelijke-indeling-2025,municipality,0415,GM0415,Landsmeer,11745,people,CBS StatLine 03759NED Bevolking op 1 januari,provenance/netherlands_population_manifest.json,country_local
netherlands,population,2025,2025-01-01,cbs-gemeentelijke-indeling-2025,municipality,0417,GM0417,Laren (NH.),11474,people,CBS StatLine 03759NED Bevolking op 1 januari,provenance/netherlands_population_manifest.json,country_local
netherlands,population,2025,2025-01-01,cbs-gemeentelijke-indeling-2025,municipality,0420,GM0420,Medemblik,45934,people,CBS StatLine 03759NED Bevolking op 1 januari,provenance/netherlands_population_manifest.json,country_local
netherlands,population,2025,2025-01-01,cbs-gemeentelijke-indeling-2025,municipality,0431,GM0431,Oostzaan,9733,people,CBS StatLine 03759NED Bevolking op 1 januari,provenance/netherlands_population_manifest.json,country_local
netherlands,population,2025,2025-01-01,cbs-gemeentelijke-indeling-2025,municipality,0432,GM0432,Opmeer,12491,people,CBS StatLine 03759NED Bevolking op 1 januari,provenance/netherlands_population_manifest.json,country_local
netherlands,population,2025,2025-01-01,cbs-gemeentelijke-indeling-2025,municipality,0437,GM0437,Ouder-Amstel,14532,people,CBS StatLine 03759NED Bevolking op 1 januari,provenance/netherlands_population_manifest.json,country_local
netherlands,population,2025,2025-01-01,cbs-gemeentelijke-indeling-2025,municipality,0439,GM0439,Purmerend,95912,people,CBS StatLine 03759NED Bevolking op 1 januari,provenance/netherlands_population_manifest.json,country_local
netherlands,population,2025,2025-01-01,cbs-gemeentelijke-indeling-2025,municipality,0441,GM0441,Schagen,48378,people,CBS StatLine 03759NED Bevolking op 1 januari,provenance/netherlands_population_manifest.json,country_local
netherlands,population,2025,2025-01-01,cbs-gemeentelijke-indeling-2025,municipality,0448,GM0448,Texel,13846,people,CBS StatLine 03759NED Bevolking op 1 januari,provenance/netherlands_population_manifest.json,country_local
netherlands,population,2025,2025-01-01,cbs-gemeentelijke-indeling-2025,municipality,0450,GM0450,Uitgeest,13427,people,CBS StatLine 03759NED Bevolking op 1 januari,provenance/netherlands_population_manifest.json,country_local
netherlands,population,2025,2025-01-01,cbs-gemeentelijke-indeling-2025,municipality,0451,GM0451,Uithoorn,32115,people,CBS StatLine 03759NED Bevolking op 1 januari,provenance/netherlands_population_manifest.json,country_local
netherlands,population,2025,2025-01-01,cbs-gemeentelijke-indeling-2025,municipality,0453,GM0453,Velsen,70026,people,CBS StatLine 03759NED Bevolking op 1 januari,provenance/netherlands_population_manifest.json,country_local
netherlands,population,2025,2025-01-01,cbs-gemeentelijke-indeling-2025,municipality,0473,GM0473,Zandvoort,17374,people,CBS StatLine 03759NED Bevolking op 1 januari,provenance/netherlands_population_manifest.json,country_local
netherlands,population,2025,2025-01-01,cbs-gemeentelijke-indeling-2025,municipality,0479,GM0479,Zaanstad,162828,people,CBS StatLine 03759NED Bevolking op 1 januari,provenance/netherlands_population_manifest.json,country_local
netherlands,population,2025,2025-01-01,cbs-gemeentelijke-indeling-2025,municipality,0482,GM0482,Alblasserdam,20242,people,CBS StatLine 03759NED Bevolking op 1 januari,provenance/netherlands_population_manifest.json,country_local
netherlands,population,2025,2025-01-01,cbs-gemeentelijke-indeling-2025,municipality,0484,GM0484,Alphen aan den Rijn,115773,people,CBS StatLine 03759NED Bevolking op 1 januari,provenance/netherlands_population_manifest.json,country_local
netherlands,population,2025,2025-01-01,cbs-gemeentelijke-indeling-2025,municipality,0489,GM0489,Barendrecht,48550,people,CBS StatLine 03759NED Bevolking op 1 januari,provenance/netherlands_population_manifest.json,country_local
netherlands,population,2025,2025-01-01,cbs-gemeentelijke-indeling-2025,municipality,0498,GM0498,Drechterland,20476,people,CBS StatLine 03759NED Bevolking op 1 januari,provenance/netherlands_population_manifest.json,country_local
netherlands,population,2025,2025-01-01,cbs-gemeentelijke-indeling-2025,municipality,0502,GM0502,Capelle aan den IJssel,68624,people,CBS StatLine 03759NED Bevolking op 1 januari,provenance/netherlands_population_manifest.json,country_local
netherlands,population,2025,2025-01-01,cbs-gemeentelijke-indeling-2025,municipality,0503,GM0503,Delft,110173,people,CBS StatLine 03759NED Bevolking op 1 januari,provenance/netherlands_population_manifest.json,country_local
netherlands,population,2025,2025-01-01,cbs-gemeentelijke-indeling-2025,municipality,0505,GM0505,Dordrecht,122796,people,CBS StatLine 03759NED Bevolking op 1 januari,provenance/netherlands_population_manifest.json,country_local
netherlands,population,2025,2025-01-01,cbs-gemeentelijke-indeling-2025,municipality,0512,GM0512,Gorinchem,38842,people,CBS StatLine 03759NED Bevolking op 1 januari,provenance/netherlands_population_manifest.json,country_local
netherlands,population,2025,2025-01-01,cbs-gemeentelijke-indeling-2025,municipality,0513,GM0513,Gouda,76514,people,CBS StatLine 03759NED Bevolking op 1 januari,provenance/netherlands_population_manifest.json,country_local
netherlands,population,2025,2025-01-01,cbs-gemeentelijke-indeling-2025,municipality,0518,GM0518,'s-Gravenhage,568945,people,CBS StatLine 03759NED Bevolking op 1 januari,provenance/netherlands_population_manifest.json,country_local
netherlands,population,2025,2025-01-01,cbs-gemeentelijke-indeling-2025,municipality,0523,GM0523,Hardinxveld-Giessendam,19123,people,CBS StatLine 03759NED Bevolking op 1 januari,provenance/netherlands_population_manifest.json,country_local
netherlands,population,2025,2025-01-01,cbs-gemeentelijke-indeling-2025,municipality,0531,GM0531,Hendrik-Ido-Ambacht,32859,people,CBS StatLine 03759NED Bevolking op 1 januari,provenance/netherlands_population_manifest.json,country_local
netherlands,population,2025,2025-01-01,cbs-gemeentelijke-indeling-2025,municipality,0532,GM0532,Stede Broec,22253,people,CBS StatLine 03759NED Bevolking op 1 januari,provenance/netherlands_population_manifest.json,country_local
netherlands,population,2025,2025-01-01,cbs-gemeentelijke-indeling-2025,municipality,0534,GM0534,Hillegom,22786,people,CBS StatLine 03759NED Bevolking op 1 januari,provenance/netherlands_population_manifest.json,country_local
netherlands,population,2025,2025-01-01,cbs-gemeentelijke-indeling-2025,municipality,0537,GM0537,Katwijk,67089,people,CBS StatLine 03759NED Bevolking op 1 januari,provenance/netherlands_population_manifest.json,country_local
netherlands,population,2025,2025-01-01,cbs-gemeentelijke-indeling-2025,municipality,0542,GM0542,Krimpen aan den IJssel,29793,people,CBS StatLine 03759NED Bevolking op 1 januari,provenance/netherlands_population_manifest.json,country_local
netherlands,population,2025,2025-01-01,cbs-gemeentelijke-indeling-2025,municipality,0546,GM0546,Leiden,130638,people,CBS StatLine 03759NED Bevolking op 1 januari,provenance/netherlands_population_manifest.json,country_local
netherlands,population,2025,2025-01-01,cbs-gemeentelijke-indeling-2025,municipality,0547,GM0547,Leiderdorp,27751,people,CBS StatLine 03759NED Bevolking op 1 januari,provenance/netherlands_population_manifest.json,country_local
netherlands,population,2025,2025-01-01,cbs-gemeentelijke-indeling-2025,municipality,0553,GM0553,Lisse,23582,people,CBS StatLine 03759NED Bevolking op 1 januari,provenance/netherlands_population_manifest.json,country_local
netherlands,population,2025,2025-01-01,cbs-gemeentelijke-indeling-2025,municipality,0556,GM0556,Maassluis,36436,people,CBS StatLine 03759NED Bevolking op 1 januari,provenance/netherlands_population_manifest.json,country_local
netherlands,population,2025,2025-01-01,cbs-gemeentelijke-indeling-2025,municipality,0569,GM0569,Nieuwkoop,29521,people,CBS StatLine 03759NED Bevolking op 1 januari,provenance/netherlands_population_manifest.json,country_local
netherlands,population,2025,2025-01-01,cbs-gemeentelijke-indeling-2025,municipality,0575,GM0575,Noordwijk,45929,people,CBS StatLine 03759NED Bevolking op 1 januari,provenance/netherlands_population_manifest.json,country_local
netherlands,population,2025,2025-01-01,cbs-gemeentelijke-indeling-2025,municipality,0579,GM0579,Oegstgeest,26058,people,CBS StatLine 03759NED Bevolking op 1 januari,provenance/netherlands_population_manifest.json,country_local
netherlands,population,2025,2025-01-01,cbs-gemeentelijke-indeling-2025,municipality,0589,GM0589,Oudewater,10355,people,CBS StatLine 03759NED Bevolking op 1 januari,provenance/netherlands_population_manifest.json,country_local
netherlands,population,2025,2025-01-01,cbs-gemeentelijke-indeling-2025,municipality,0590,GM0590,Papendrecht,32299,people,CBS StatLine 03759NED Bevolking op 1 januari,provenance/netherlands_population_manifest.json,country_local
netherlands,population,2025,2025-01-01,cbs-gemeentelijke-indeling-2025,municipality,0597,GM0597,Ridderkerk,47999,people,CBS StatLine 03759NED Bevolking op 1 januari,provenance/netherlands_population_manifest.json,country_local
netherlands,population,2025,2025-01-01,cbs-gemeentelijke-indeling-2025,municipality,0599,GM0599,Rotterdam,672960,people,CBS StatLine 03759NED Bevolking op 1 januari,provenance/netherlands_population_manifest.json,country_local
netherlands,population,2025,2025-01-01,cbs-gemeentelijke-indeling-2025,municipality,0603,GM0603,Rijswijk (ZH.),60717,people,CBS StatLine 03759NED Bevolking op 1 januari,provenance/netherlands_population_manifest.json,country_local
netherlands,population,2025,2025-01-01,cbs-gemeentelijke-indeling-2025,municipality,0606,GM0606,Schiedam,82232,people,CBS StatLine 03759NED Bevolking op 1 januari,provenance/netherlands_population_manifest.json,country_local
netherlands,population,2025,2025-01-01,cbs-gemeentelijke-indeling-2025,municipality,0610,GM0610,Sliedrecht,26601,people,CBS StatLine 03759NED Bevolking op 1 januari,provenance/netherlands_population_manifest.json,country_local
netherlands,population,2025,2025-01-01,cbs-gemeentelijke-indeling-2025,municipality,0613,GM0613,Albrandswaard,26707,people,CBS StatLine 03759NED Bevolking op 1 januari,provenance/netherlands_population_manifest.json,country_local
netherlands,population,2025,2025-01-01,cbs-gemeentelijke-indeling-2025,municipality,0622,GM0622,Vlaardingen,77260,people,CBS StatLine 03759NED Bevolking op 1 januari,provenance/netherlands_population_manifest.json,country_local
netherlands,population,2025,2025-01-01,cbs-gemeentelijke-indeling-2025,municipality,0626,GM0626,Voorschoten,25900,people,CBS StatLine 03759NED Bevolking op 1 januari,provenance/netherlands_population_manifest.json,country_local
netherlands,population,2025,2025-01-01,cbs-gemeentelijke-indeling-2025,municipality,0627,GM0627,Waddinxveen,35031,people,CBS StatLine 03759NED Bevolking op 1 januari,provenance/netherlands_population_manifest.json,country_local
netherlands,population,2025,2025-01-01,cbs-gemeentelijke-indeling-2025,municipality,0629,GM0629,Wassenaar,27525,people,CBS StatLine 03759NED Bevolking op 1 januari,provenance/netherlands_population_manifest.json,country_local
netherlands,population,2025,2025-01-01,cbs-gemeentelijke-indeling-2025,municipality,0632,GM0632,Woerden,53976,people,CBS StatLine 03759NED Bevolking op 1 januari,provenance/netherlands_population_manifest.json,country_local
netherlands,population,2025,2025-01-01,cbs-gemeentelijke-indeling-2025,municipality,0637,GM0637,Zoetermeer,129862,people,CBS StatLine 03759NED Bevolking op 1 januari,provenance/netherlands_population_manifest.json,country_local
netherlands,population,2025,2025-01-01,cbs-gemeentelijke-indeling-2025,municipality,0638,GM0638,Zoeterwoude,10141,people,CBS StatLine 03759NED Bevolking op 1 januari,provenance/netherlands_population_manifest.json,country_local
netherlands,population,2025,2025-01-01,cbs-gemeentelijke-indeling-2025,municipality,0642,GM0642,Zwijndrecht,44669,people,CBS StatLine 03759NED Bevolking op 1 januari,provenance/netherlands_population_manifest.json,country_local
netherlands,population,2025,2025-01-01,cbs-gemeentelijke-indeling-2025,municipality,0654,GM0654,Borsele,23125,people,CBS StatLine 03759NED Bevolking op 1 januari,provenance/netherlands_population_manifest.json,country_local
netherlands,population,2025,2025-01-01,cbs-gemeentelijke-indeling-2025,municipality,0664,GM0664,Goes,40120,people,CBS StatLine 03759NED Bevolking op 1 januari,provenance/netherlands_population_manifest.json,country_local
netherlands,population,2025,2025-01-01,cbs-gemeentelijke-indeling-2025,municipality,0668,GM0668,West Maas en Waal,20594,people,CBS StatLine 03759NED Bevolking op 1 januari,provenance/netherlands_population_manifest.json,country_local
netherlands,population,2025,2025-01-01,cbs-gemeentelijke-indeling-2025,municipality,0677,GM0677,Hulst,27378,people,CBS StatLine 03759NED Bevolking op 1 januari,provenance/netherlands_population_manifest.json,country_local
netherlands,population,2025,2025-01-01,cbs-gemeentelijke-indeling-2025,municipality,0678,GM0678,Kapelle,13012,people,CBS StatLine 03759NED Bevolking op 1 januari,provenance/netherlands_population_manifest.json,country_local
netherlands,population,2025,2025-01-01,cbs-gemeentelijke-indeling-2025,municipality,0687,GM0687,Middelburg (Z.),50152,people,CBS StatLine 03759NED Bevolking op 1 januari,provenance/netherlands_population_manifest.json,country_local
netherlands,population,2025,2025-01-01,cbs-gemeentelijke-indeling-2025,municipality,0703,GM0703,Reimerswaal,23335,people,CBS StatLine 03759NED Bevolking op 1 januari,provenance/netherlands_population_manifest.json,country_local
netherlands,population,2025,2025-01-01,cbs-gemeentelijke-indeling-2025,municipality,0715,GM0715,Terneuzen,55653,people,CBS StatLine 03759NED Bevolking op 1 januari,provenance/netherlands_population_manifest.json,country_local
netherlands,population,2025,2025-01-01,cbs-gemeentelijke-indeling-2025,municipality,0716,GM0716,Tholen,26942,people,CBS StatLine 03759NED Bevolking op 1 januari,provenance/netherlands_population_manifest.json,country_local
netherlands,population,2025,2025-01-01,cbs-gemeentelijke-indeling-2025,municipality,0717,GM0717,Veere,21945,people,CBS StatLine 03759NED Bevolking op 1 januari,provenance/netherlands_population_manifest.json,country_local
netherlands,population,2025,2025-01-01,cbs-gemeentelijke-indeling-2025,municipality,0718,GM0718,Vlissingen,45755,people,CBS StatLine 03759NED Bevolking op 1 januari,provenance/netherlands_population_manifest.json,country_local
netherlands,population,2025,2025-01-01,cbs-gemeentelijke-indeling-2025,municipality,0736,GM0736,De Ronde Venen,45921,people,CBS StatLine 03759NED Bevolking op 1 januari,provenance/netherlands_population_manifest.json,country_local
netherlands,population,2025,2025-01-01,cbs-gemeentelijke-indeling-2025,municipality,0737,GM0737,Tytsjerksteradiel,32821,people,CBS StatLine 03759NED Bevolking op 1 januari,provenance/netherlands_population_manifest.json,country_local
netherlands,population,2025,2025-01-01,cbs-gemeentelijke-indeling-2025,municipality,0743,GM0743,Asten,17385,people,CBS StatLine 03759NED Bevolking op 1 januari,provenance/netherlands_population_manifest.json,country_local
netherlands,population,2025,2025-01-01,cbs-gemeentelijke-indeling-2025,municipality,0744,GM0744,Baarle-Nassau,7205,people,CBS StatLine 03759NED Bevolking op 1 januari,provenance/netherlands_population_manifest.json,country_local
netherlands,population,2025,2025-01-01,cbs-gemeentelijke-indeling-2025,municipality,0748,GM0748,Bergen op Zoom,70194,people,CBS StatLine 03759NED Bevolking op 1 januari,provenance/netherlands_population_manifest.json,country_local
netherlands,population,2025,2025-01-01,cbs-gemeentelijke-indeling-2025,municipality,0753,GM0753,Best,31652,people,CBS StatLine 03759NED Bevolking op 1 januari,provenance/netherlands_population_manifest.json,country_local
netherlands,population,2025,2025-01-01,cbs-gemeentelijke-indeling-2025,municipality,0755,GM0755,Boekel,11465,people,CBS StatLine 03759NED Bevolking op 1 januari,provenance/netherlands_population_manifest.json,country_local
netherlands,population,2025,2025-01-01,cbs-gemeentelijke-indeling-2025,municipality,0757,GM0757,Boxtel,34241,people,CBS StatLine 03759NED Bevolking op 1 januari,provenance/netherlands_population_manifest.json,country_local
netherlands,population,2025,2025-01-01,cbs-gemeentelijke-indeling-2025,municipality,0758,GM0758,Breda,188779,people,CBS StatLine 03759NED Bevolking op 1 januari,provenance/netherlands_population_manifest.json,country_local
netherlands,population,2025,2025-01-01,cbs-gemeentelijke-indeling-2025,municipality,0762,GM0762,Deurne,33387,people,CBS StatLine 03759NED Bevolking op 1 januari,provenance/netherlands_population_manifest.json,country_local
netherlands,population,2025,2025-01-01,cbs-gemeentelijke-indeling-2025,municipality,0765,GM0765,Pekela,12459,people,CBS StatLine 03759NED Bevolking op 1 januari,provenance/netherlands_population_manifest.json,country_local
netherlands,population,2025,2025-01-01,cbs-gemeentelijke-indeling-2025,municipality,0766,GM0766,Dongen,27495,people,CBS StatLine 03759NED Bevolking op 1 januari,provenance/netherlands_population_manifest.json,country_local
netherlands,population,2025,2025-01-01,cbs-gemeentelijke-indeling-2025,municipality,0770,GM0770,Eersel,20389,people,CBS StatLine 03759NED Bevolking op 1 januari,provenance/netherlands_population_manifest.json,country_local
netherlands,population,2025,2025-01-01,cbs-gemeentelijke-indeling-2025,municipality,0772,GM0772,Eindhoven,249035,people,CBS StatLine 03759NED Bevolking op 1 januari,provenance/netherlands_population_manifest.json,country_local
netherlands,population,2025,2025-01-01,cbs-gemeentelijke-indeling-2025,municipality,0777,GM0777,Etten-Leur,45457,people,CBS StatLine 03759NED Bevolking op 1 januari,provenance/netherlands_population_manifest.json,country_local
netherlands,population,2025,2025-01-01,cbs-gemeentelijke-indeling-2025,municipality,0779,GM0779,Geertruidenberg,21944,people,CBS StatLine 03759NED Bevolking op 1 januari,provenance/netherlands_population_manifest.json,country_local
netherlands,population,2025,2025-01-01,cbs-gemeentelijke-indeling-2025,municipality,0784,GM0784,Gilze en Rijen,28531,people,CBS StatLine 03759NED Bevolking op 1 januari,provenance/netherlands_population_manifest.json,country_local
netherlands,population,2025,2025-01-01,cbs-gemeentelijke-indeling-2025,municipality,0785,GM0785,Goirle,24468,people,CBS StatLine 03759NED Bevolking op 1 januari,provenance/netherlands_population_manifest.json,country_local
netherlands,population,2025,2025-01-01,cbs-gemeentelijke-indeling-2025,municipality,0794,GM0794,Helmond,96551,people,CBS StatLine 03759NED Bevolking op 1 januari,provenance/netherlands_population_manifest.json,country_local
netherlands,population,2025,2025-01-01,cbs-gemeentelijke-indeling-2025,municipality,0796,GM0796,'s-Hertogenbosch,161530,people,CBS StatLine 03759NED Bevolking op 1 januari,provenance/netherlands_population_manifest.json,country_local
netherlands,population,2025,2025-01-01,cbs-gemeentelijke-indeling-2025,municipality,0797,GM0797,Heusden,46365,people,CBS StatLine 03759NED Bevolking op 1 januari,provenance/netherlands_population_manifest.json,country_local
netherlands,population,2025,2025-01-01,cbs-gemeentelijke-indeling-2025,municipality,0798,GM0798,Hilvarenbeek,16149,people,CBS StatLine 03759NED Bevolking op 1 januari,provenance/netherlands_population_manifest.json,country_local
netherlands,population,2025,2025-01-01,cbs-gemeentelijke-indeling-2025,municipality,0809,GM0809,Loon op Zand,24151,people,CBS StatLine 03759NED Bevolking op 1 januari,provenance/netherlands_population_manifest.json,country_local
netherlands,population,2025,2025-01-01,cbs-gemeentelijke-indeling-2025,municipality,0820,GM0820,"Nuenen, Gerwen en Nederwetten",24290,people,CBS StatLine 03759NED Bevolking op 1 januari,provenance/netherlands_population_manifest.json,country_local
netherlands,population,2025,2025-01-01,cbs-gemeentelijke-indeling-2025,municipality,0823,GM0823,Oirschot,19536,people,CBS StatLine 03759NED Bevolking op 1 januari,provenance/netherlands_population_manifest.json,country_local
netherlands,population,2025,2025-01-01,cbs-gemeentelijke-indeling-2025,municipality,0824,GM0824,Oisterwijk,33108,people,CBS StatLine 03759NED Bevolking op 1 januari,provenance/netherlands_population_manifest.json,country_local
netherlands,population,2025,2025-01-01,cbs-gemeentelijke-indeling-2025,municipality,0826,GM0826,Oosterhout,58380,people,CBS StatLine 03759NED Bevolking op 1 januari,provenance/netherlands_population_manifest.json,country_local
netherlands,population,2025,2025-01-01,cbs-gemeentelijke-indeling-2025,municipality,0828,GM0828,Oss,95239,people,CBS StatLine 03759NED Bevolking op 1 januari,provenance/netherlands_population_manifest.json,country_local
netherlands,population,2025,2025-01-01,cbs-gemeentelijke-indeling-2025,municipality,0840,GM0840,Rucphen,23995,people,CBS StatLine 03759NED Bevolking op 1 januari,provenance/netherlands_population_manifest.json,country_local
netherlands,population,2025,2025-01-01,cbs-gemeentelijke-indeling-2025,municipality,0845,GM0845,Sint-Michielsgestel,30176,people,CBS StatLine 03759NED Bevolking op 1 januari,provenance/netherlands_population_manifest.json,country_local
netherlands,population,2025,2025-01-01,cbs-gemeentelijke-indeling-2025,municipality,0847,GM0847,Someren,20200,people,CBS StatLine 03759NED Bevolking op 1 januari,provenance/netherlands_population_manifest.json,country_local
netherlands,population,2025,2025-01-01,cbs-gemeentelijke-indeling-2025,municipality,0848,GM0848,Son en Breugel,18131,people,CBS StatLine 03759NED Bevolking op 1 januari,provenance/netherlands_population_manifest.json,country_local
netherlands,population,2025,2025-01-01,cbs-gemeentelijke-indeling-2025,municipality,0851,GM0851,Steenbergen,24567,people,CBS StatLine 03759NED Bevolking op 1 januari,provenance/netherlands_population_manifest.json,country_local
netherlands,population,2025,2025-01-01,cbs-gemeentelijke-indeling-2025,municipality,0852,GM0852,Waterland,17556,people,CBS StatLine 03759NED Bevolking op 1 januari,provenance/netherlands_population_manifest.json,country_local
netherlands,population,2025,2025-01-01,cbs-gemeentelijke-indeling-2025,municipality,0855,GM0855,Tilburg,230357,people,CBS StatLine 03759NED Bevolking op 1 januari,provenance/netherlands_population_manifest.json,country_local
netherlands,population,2025,2025-01-01,cbs-gemeentelijke-indeling-2025,municipality,0858,GM0858,Valkenswaard,31955,people,CBS StatLine 03759NED Bevolking op 1 januari,provenance/netherlands_population_manifest.json,country_local
netherlands,population,2025,2025-01-01,cbs-gemeentelijke-indeling-2025,municipality,0861,GM0861,Veldhoven,47601,people,CBS StatLine 03759NED Bevolking op 1 januari,provenance/netherlands_population_manifest.json,country_local
netherlands,population,2025,2025-01-01,cbs-gemeentelijke-indeling-2025,municipality,0865,GM0865,Vught,33010,people,CBS StatLine 03759NED Bevolking op 1 januari,provenance/netherlands_population_manifest.json,country_local
netherlands,population,2025,2025-01-01,cbs-gemeentelijke-indeling-2025,municipality,0866,GM0866,Waalre,17898,people,CBS StatLine 03759NED Bevolking op 1 januari,provenance/netherlands_population_manifest.json,country_local
netherlands,population,2025,2025-01-01,cbs-gemeentelijke-indeling-2025,municipality,0867,GM0867,Waalwijk,51241,people,CBS StatLine 03759NED Bevolking op 1 januari,provenance/netherlands_population_manifest.json,country_local
netherlands,population,2025,2025-01-01,cbs-gemeentelijke-indeling-2025,municipality,0873,GM0873,Woensdrecht,22194,people,CBS StatLine 03759NED Bevolking op 1 januari,provenance/netherlands_population_manifest.json,country_local
netherlands,population,2025,2025-01-01,cbs-gemeentelijke-indeling-2025,municipality,0879,GM0879,Zundert,22809,people,CBS StatLine 03759NED Bevolking op 1 januari,provenance/netherlands_population_manifest.json,country_local
netherlands,population,2025,2025-01-01,cbs-gemeentelijke-indeling-2025,municipality,0880,GM0880,Wormerland,16421,people,CBS StatLine 03759NED Bevolking op 1 januari,provenance/netherlands_population_manifest.json,country_local
netherlands,population,2025,2025-01-01,cbs-gemeentelijke-indeling-2025,municipality,0882,GM0882,Landgraaf,36839,people,CBS StatLine 03759NED Bevolking op 1 januari,provenance/netherlands_population_manifest.json,country_local
netherlands,population,2025,2025-01-01,cbs-gemeentelijke-indeling-2025,municipality,0888,GM0888,Beek (L.),16251,people,CBS StatLine 03759NED Bevolking op 1 januari,provenance/netherlands_population_manifest.json,country_local
netherlands,population,2025,2025-01-01,cbs-gemeentelijke-indeling-2025,municipality,0889,GM0889,Beesel,13524,people,CBS StatLine 03759NED Bevolking op 1 januari,provenance/netherlands_population_manifest.json,country_local
netherlands,population,2025,2025-01-01,cbs-gemeentelijke-indeling-2025,municipality,0893,GM0893,Bergen (L.),13062,people,CBS StatLine 03759NED Bevolking op 1 januari,provenance/netherlands_population_manifest.json,country_local
netherlands,population,2025,2025-01-01,cbs-gemeentelijke-indeling-2025,municipality,0899,GM0899,Brunssum,27534,people,CBS StatLine 03759NED Bevolking op 1 januari,provenance/netherlands_population_manifest.json,country_local
netherlands,population,2025,2025-01-01,cbs-gemeentelijke-indeling-2025,municipality,0907,GM0907,Gennep,17785,people,CBS StatLine 03759NED Bevolking op 1 januari,provenance/netherlands_population_manifest.json,country_local
netherlands,population,2025,2025-01-01,cbs-gemeentelijke-indeling-2025,municipality,0917,GM0917,Heerlen,87522,people,CBS StatLine 03759NED Bevolking op 1 januari,provenance/netherlands_population_manifest.json,country_local
netherlands,population,2025,2025-01-01,cbs-gemeentelijke-indeling-2025,municipality,0928,GM0928,Kerkrade,45490,people,CBS StatLine 03759NED Bevolking op 1 januari,provenance/netherlands_population_manifest.json,country_local
netherlands,population,2025,2025-01-01,cbs-gemeentelijke-indeling-2025,municipality,0935,GM0935,Maastricht,125563,people,CBS StatLine 03759NED Bevolking op 1 januari,provenance/netherlands_population_manifest.json,country_local
netherlands,population,2025,2025-01-01,cbs-gemeentelijke-indeling-2025,municipality,0938,GM0938,Meerssen,18460,people,CBS StatLine 03759NED Bevolking op 1 januari,provenance/netherlands_population_manifest.json,country_local
netherlands,population,2025,2025-01-01,cbs-gemeentelijke-indeling-2025,municipality,0944,GM0944,Mook en Middelaar,8102,people,CBS StatLine 03759NED Bevolking op 1 januari,provenance/netherlands_population_manifest.json,country_local
netherlands,population,2025,2025-01-01,cbs-gemeentelijke-indeling-2025,municipality,0946,GM0946,Nederweert,17512,people,CBS StatLine 03759NED Bevolking op 1 januari,provenance/netherlands_population_manifest.json,country_local
netherlands,population,2025,2025-01-01,cbs-gemeentelijke-indeling-2025,municipality,0957,GM0957,Roermond,61210,people,CBS StatLine 03759NED Bevolking op 1 januari,provenance/netherlands_population_manifest.json,country_local
netherlands,population,2025,2025-01-01,cbs-gemeentelijke-indeling-2025,municipality,0965,GM0965,Simpelveld,10270,people,CBS StatLine 03759NED Bevolking op 1 januari,provenance/netherlands_population_manifest.json,country_local
netherlands,population,2025,2025-01-01,cbs-gemeentelijke-indeling-2025,municipality,0971,GM0971,Stein (L.),24653,people,CBS StatLine 03759NED Bevolking op 1 januari,provenance/netherlands_population_manifest.json,country_local
netherlands,population,2025,2025-01-01,cbs-gemeentelijke-indeling-2025,municipality,0981,GM0981,Vaals,10007,people,CBS StatLine 03759NED Bevolking op 1 januari,provenance/netherlands_population_manifest.json,country_local
netherlands,population,2025,2025-01-01,cbs-gemeentelijke-indeling-2025,municipality,0983,GM0983,Venlo,103984,people,CBS StatLine 03759NED Bevolking op 1 januari,provenance/netherlands_population_manifest.json,country_local
netherlands,population,2025,2025-01-01,cbs-gemeentelijke-indeling-2025,municipality,0984,GM0984,Venray,44807,people,CBS StatLine 03759NED Bevolking op 1 januari,provenance/netherlands_population_manifest.json,country_local
netherlands,population,2025,2025-01-01,cbs-gemeentelijke-indeling-2025,municipality,0986,GM0986,Voerendaal,12583,people,CBS StatLine 03759NED Bevolking op 1 januari,provenance/netherlands_population_manifest.json,country_local
netherlands,population,2025,2025-01-01,cbs-gemeentelijke-indeling-2025,municipality,0988,GM0988,Weert,51355,people,CBS StatLine 03759NED Bevolking op 1 januari,provenance/netherlands_population_manifest.json,country_local
netherlands,population,2025,2025-01-01,cbs-gemeentelijke-indeling-2025,municipality,0994,GM0994,Valkenburg aan de Geul,16464,people,CBS StatLine 03759NED Bevolking op 1 januari,provenance/netherlands_population_manifest.json,country_local
netherlands,population,2025,2025-01-01,cbs-gemeentelijke-indeling-2025,municipality,0995,GM0995,Lelystad,84713,people,CBS StatLine 03759NED Bevolking op 1 januari,provenance/netherlands_population_manifest.json,country_local
netherlands,population,2025,2025-01-01,cbs-gemeentelijke-indeling-2025,municipality,1507,GM1507,Horst aan de Maas,44242,people,CBS StatLine 03759NED Bevolking op 1 januari,provenance/netherlands_population_manifest.json,country_local
netherlands,population,2025,2025-01-01,cbs-gemeentelijke-indeling-2025,municipality,1509,GM1509,Oude IJsselstreek,39499,people,CBS StatLine 03759NED Bevolking op 1 januari,provenance/netherlands_population_manifest.json,country_local
netherlands,population,2025,2025-01-01,cbs-gemeentelijke-indeling-2025,municipality,1525,GM1525,Teylingen,38411,people,CBS StatLine 03759NED Bevolking op 1 januari,provenance/netherlands_population_manifest.json,country_local
netherlands,population,2025,2025-01-01,cbs-gemeentelijke-indeling-2025,municipality,1581,GM1581,Utrechtse Heuvelrug,50945,people,CBS StatLine 03759NED Bevolking op 1 januari,provenance/netherlands_population_manifest.json,country_local
netherlands,population,2025,2025-01-01,cbs-gemeentelijke-indeling-2025,municipality,1586,GM1586,Oost Gelre,30048,people,CBS StatLine 03759NED Bevolking op 1 januari,provenance/netherlands_population_manifest.json,country_local
netherlands,population,2025,2025-01-01,cbs-gemeentelijke-indeling-2025,municipality,1598,GM1598,Koggenland,23821,people,CBS StatLine 03759NED Bevolking op 1 januari,provenance/netherlands_population_manifest.json,country_local
netherlands,population,2025,2025-01-01,cbs-gemeentelijke-indeling-2025,municipality,1621,GM1621,Lansingerland,66064,people,CBS StatLine 03759NED Bevolking op 1 januari,provenance/netherlands_population_manifest.json,country_local
netherlands,population,2025,2025-01-01,cbs-gemeentelijke-indeling-2025,municipality,1640,GM1640,Leudal,36108,people,CBS StatLine 03759NED Bevolking op 1 januari,provenance/netherlands_population_manifest.json,country_local
netherlands,population,2025,2025-01-01,cbs-gemeentelijke-indeling-2025,municipality,1641,GM1641,Maasgouw,24502,people,CBS StatLine 03759NED Bevolking op 1 januari,provenance/netherlands_population_manifest.json,country_local
netherlands,population,2025,2025-01-01,cbs-gemeentelijke-indeling-2025,municipality,1652,GM1652,Gemert-Bakel,31541,people,CBS StatLine 03759NED Bevolking op 1 januari,provenance/netherlands_population_manifest.json,country_local
netherlands,population,2025,2025-01-01,cbs-gemeentelijke-indeling-2025,municipality,1655,GM1655,Halderberge,31347,people,CBS StatLine 03759NED Bevolking op 1 januari,provenance/netherlands_population_manifest.json,country_local
netherlands,population,2025,2025-01-01,cbs-gemeentelijke-indeling-2025,municipality,1658,GM1658,Heeze-Leende,17075,people,CBS StatLine 03759NED Bevolking op 1 januari,provenance/netherlands_population_manifest.json,country_local
netherlands,population,2025,2025-01-01,cbs-gemeentelijke-indeling-2025,municipality,1659,GM1659,Laarbeek,23324,people,CBS StatLine 03759NED Bevolking op 1 januari,provenance/netherlands_population_manifest.json,country_local
netherlands,population,2025,2025-01-01,cbs-gemeentelijke-indeling-2025,municipality,1667,GM1667,Reusel-De Mierden,13653,people,CBS StatLine 03759NED Bevolking op 1 januari,provenance/netherlands_population_manifest.json,country_local
netherlands,population,2025,2025-01-01,cbs-gemeentelijke-indeling-2025,municipality,1669,GM1669,Roerdalen,20836,people,CBS StatLine 03759NED Bevolking op 1 januari,provenance/netherlands_population_manifest.json,country_local
netherlands,population,2025,2025-01-01,cbs-gemeentelijke-indeling-2025,municipality,1674,GM1674,Roosendaal,77721,people,CBS StatLine 03759NED Bevolking op 1 januari,provenance/netherlands_population_manifest.json,country_local
netherlands,population,2025,2025-01-01,cbs-gemeentelijke-indeling-2025,municipality,1676,GM1676,Schouwen-Duiveland,34412,people,CBS StatLine 03759NED Bevolking op 1 januari,provenance/netherlands_population_manifest.json,country_local
netherlands,population,2025,2025-01-01,cbs-gemeentelijke-indeling-2025,municipality,1680,GM1680,Aa en Hunze,25935,people,CBS StatLine 03759NED Bevolking op 1 januari,provenance/netherlands_population_manifest.json,country_local
netherlands,population,2025,2025-01-01,cbs-gemeentelijke-indeling-2025,municipality,1681,GM1681,Borger-Odoorn,26049,people,CBS StatLine 03759NED Bevolking op 1 januari,provenance/netherlands_population_manifest.json,country_local
netherlands,population,2025,2025-01-01,cbs-gemeentelijke-indeling-2025,municipality,1690,GM1690,De Wolden,24672,people,CBS StatLine 03759NED Bevolking op 1 januari,provenance/netherlands_population_manifest.json,country_local
netherlands,population,2025,2025-01-01,cbs-gemeentelijke-indeling-2025,municipality,1695,GM1695,Noord-Beveland,8046,people,CBS StatLine 03759NED Bevolking op 1 januari,provenance/netherlands_population_manifest.json,country_local
netherlands,population,2025,2025-01-01,cbs-gemeentelijke-indeling-2025,municipality,1696,GM1696,Wijdemeren,24670,people,CBS StatLine 03759NED Bevolking op 1 januari,provenance/netherlands_population_manifest.json,country_local
netherlands,population,2025,2025-01-01,cbs-gemeentelijke-indeling-2025,municipality,1699,GM1699,Noordenveld,31751,people,CBS StatLine 03759NED Bevolking op 1 januari,provenance/netherlands_population_manifest.json,country_local
netherlands,population,2025,2025-01-01,cbs-gemeentelijke-indeling-2025,municipality,1700,GM1700,Twenterand,34113,people,CBS StatLine 03759NED Bevolking op 1 januari,provenance/netherlands_population_manifest.json,country_local
netherlands,population,2025,2025-01-01,cbs-gemeentelijke-indeling-2025,municipality,1701,GM1701,Westerveld,19983,people,CBS StatLine 03759NED Bevolking op 1 januari,provenance/netherlands_population_manifest.json,country_local
netherlands,population,2025,2025-01-01,cbs-gemeentelijke-indeling-2025,municipality,1705,GM1705,Lingewaard,47684,people,CBS StatLine 03759NED Bevolking op 1 januari,provenance/netherlands_population_manifest.json,country_local
netherlands,population,2025,2025-01-01,cbs-gemeentelijke-indeling-2025,municipality,1706,GM1706,Cranendonck,21665,people,CBS StatLine 03759NED Bevolking op 1 januari,provenance/netherlands_population_manifest.json,country_local
netherlands,population,2025,2025-01-01,cbs-gemeentelijke-indeling-2025,municipality,1708,GM1708,Steenwijkerland,45716,people,CBS StatLine 03759NED Bevolking op 1 januari,provenance/netherlands_population_manifest.json,country_local
netherlands,population,2025,2025-01-01,cbs-gemeentelijke-indeling-2025,municipality,1709,GM1709,Moerdijk,38273,people,CBS StatLine 03759NED Bevolking op 1 januari,provenance/netherlands_population_manifest.json,country_local
netherlands,population,2025,2025-01-01,cbs-gemeentelijke-indeling-2025,municipality,1711,GM1711,Echt-Susteren,32269,people,CBS StatLine 03759NED Bevolking op 1 januari,provenance/netherlands_population_manifest.json,country_local
netherlands,population,2025,2025-01-01,cbs-gemeentelijke-indeling-2025,municipality,1714,GM1714,Sluis,23094,people,CBS StatLine 03759NED Bevolking op 1 januari,provenance/netherlands_population_manifest.json,country_local
netherlands,population,2025,2025-01-01,cbs-gemeentelijke-indeling-2025,municipality,1719,GM1719,Drimmelen,28295,people,CBS StatLine 03759NED Bevolking op 1 januari,provenance/netherlands_population_manifest.json,country_local
netherlands,population,2025,2025-01-01,cbs-gemeentelijke-indeling-2025,municipality,1721,GM1721,Bernheze,32606,people,CBS StatLine 03759NED Bevolking op 1 januari,provenance/netherlands_population_manifest.json,country_local
netherlands,population,2025,2025-01-01,cbs-gemeentelijke-indeling-2025,municipality,1723,GM1723,Alphen-Chaam,10539,people,CBS StatLine 03759NED Bevolking op 1 januari,provenance/netherlands_population_manifest.json,country_local
netherlands,population,2025,2025-01-01,cbs-gemeentelijke-indeling-2025,municipality,1724,GM1724,Bergeijk,19263,people,CBS StatLine 03759NED Bevolking op 1 januari,provenance/netherlands_population_manifest.json,country_local
netherlands,population,2025,2025-01-01,cbs-gemeentelijke-indeling-2025,municipality,1728,GM1728,Bladel,21006,people,CBS StatLine 03759NED Bevolking op 1 januari,provenance/netherlands_population_manifest.json,country_local
netherlands,population,2025,2025-01-01,cbs-gemeentelijke-indeling-2025,municipality,1729,GM1729,Gulpen-Wittem,14017,people,CBS StatLine 03759NED Bevolking op 1 januari,provenance/netherlands_population_manifest.json,country_local
netherlands,population,2025,2025-01-01,cbs-gemeentelijke-indeling-2025,municipality,1730,GM1730,Tynaarlo,35011,people,CBS StatLine 03759NED Bevolking op 1 januari,provenance/netherlands_population_manifest.json,country_local
netherlands,population,2025,2025-01-01,cbs-gemeentelijke-indeling-2025,municipality,1731,GM1731,Midden-Drenthe,34021,people,CBS StatLine 03759NED Bevolking op 1 januari,provenance/netherlands_population_manifest.json,country_local
netherlands,population,2025,2025-01-01,cbs-gemeentelijke-indeling-2025,municipality,1734,GM1734,Overbetuwe,48945,people,CBS StatLine 03759NED Bevolking op 1 januari,provenance/netherlands_population_manifest.json,country_local
netherlands,population,2025,2025-01-01,cbs-gemeentelijke-indeling-2025,municipality,1735,GM1735,Hof van Twente,35660,people,CBS StatLine 03759NED Bevolking op 1 januari,provenance/netherlands_population_manifest.json,country_local
netherlands,population,2025,2025-01-01,cbs-gemeentelijke-indeling-2025,municipality,1740,GM1740,Neder-Betuwe,25781,people,CBS StatLine 03759NED Bevolking op 1 januari,provenance/netherlands_population_manifest.json,country_local
netherlands,population,2025,2025-01-01,cbs-gemeentelijke-indeling-2025,municipality,1742,GM1742,Rijssen-Holten,38836,people,CBS StatLine 03759NED Bevolking op 1 januari,provenance/netherlands_population_manifest.json,country_local
netherlands,population,2025,2025-01-01,cbs-gemeentelijke-indeling-2025,municipality,1771,GM1771,Geldrop-Mierlo,40754,people,CBS StatLine 03759NED Bevolking op 1 januari,provenance/netherlands_population_manifest.json,country_local
netherlands,population,2025,2025-01-01,cbs-gemeentelijke-indeling-2025,municipality,1773,GM1773,Olst-Wijhe,19003,people,CBS StatLine 03759NED Bevolking op 1 januari,provenance/netherlands_population_manifest.json,country_local
netherlands,population,2025,2025-01-01,cbs-gemeentelijke-indeling-2025,municipality,1774,GM1774,Dinkelland,26728,people,CBS StatLine 03759NED Bevolking op 1 januari,provenance/netherlands_population_manifest.json,country_local
netherlands,population,2025,2025-01-01,cbs-gemeentelijke-indeling-2025,municipality,1783,GM1783,Westland,116916,people,CBS StatLine 03759NED Bevolking op 1 januari,provenance/netherlands_population_manifest.json,country_local
netherlands,population,2025,2025-01-01,cbs-gemeentelijke-indeling-2025,municipality,1842,GM1842,Midden-Delfland,19423,people,CBS StatLine 03759NED Bevolking op 1 januari,provenance/netherlands_population_manifest.json,country_local
netherlands,population,2025,2025-01-01,cbs-gemeentelijke-indeling-2025,municipality,1859,GM1859,Berkelland,43917,people,CBS StatLine 03759NED Bevolking op 1 januari,provenance/netherlands_population_manifest.json,country_local
netherlands,population,2025,2025-01-01,cbs-gemeentelijke-indeling-2025,municipality,1876,GM1876,Bronckhorst,36012,people,CBS StatLine 03759NED Bevolking op 1 januari,provenance/netherlands_population_manifest.json,country_local
netherlands,population,2025,2025-01-01,cbs-gemeentelijke-indeling-2025,municipality,1883,GM1883,Sittard-Geleen,92491,people,CBS StatLine 03759NED Bevolking op 1 januari,provenance/netherlands_population_manifest.json,country_local
netherlands,population,2025,2025-01-01,cbs-gemeentelijke-indeling-2025,municipality,1884,GM1884,Kaag en Braassem,29316,people,CBS StatLine 03759NED Bevolking op 1 januari,provenance/netherlands_population_manifest.json,country_local
netherlands,population,2025,2025-01-01,cbs-gemeentelijke-indeling-2025,municipality,1891,GM1891,Dantumadiel,19137,people,CBS StatLine 03759NED Bevolking op 1 januari,provenance/netherlands_population_manifest.json,country_local
netherlands,population,2025,2025-01-01,cbs-gemeentelijke-indeling-2025,municipality,1892,GM1892,Zuidplas,48726,people,CBS StatLine 03759NED Bevolking op 1 januari,provenance/netherlands_population_manifest.json,country_local
netherlands,population,2025,2025-01-01,cbs-gemeentelijke-indeling-2025,municipality,1894,GM1894,Peel en Maas,45881,people,CBS StatLine 03759NED Bevolking op 1 januari,provenance/netherlands_population_manifest.json,country_local
netherlands,population,2025,2025-01-01,cbs-gemeentelijke-indeling-2025,municipality,1895,GM1895,Oldambt,39586,people,CBS StatLine 03759NED Bevolking op 1 januari,provenance/netherlands_population_manifest.json,country_local
netherlands,population,2025,2025-01-01,cbs-gemeentelijke-indeling-2025,municipality,1896,GM1896,Zwartewaterland,23507,people,CBS StatLine 03759NED Bevolking op 1 januari,provenance/netherlands_population_manifest.json,country_local
netherlands,population,2025,2025-01-01,cbs-gemeentelijke-indeling-2025,municipality,1900,GM1900,Súdwest-Fryslân,90534,people,CBS StatLine 03759NED Bevolking op 1 januari,provenance/netherlands_population_manifest.json,country_local
netherlands,population,2025,2025-01-01,cbs-gemeentelijke-indeling-2025,municipality,1901,GM1901,Bodegraven-Reeuwijk,37209,people,CBS StatLine 03759NED Bevolking op 1 januari,provenance/netherlands_population_manifest.json,country_local
netherlands,population,2025,2025-01-01,cbs-gemeentelijke-indeling-2025,municipality,1903,GM1903,Eijsden-Margraten,26181,people,CBS StatLine 03759NED Bevolking op 1 januari,provenance/netherlands_population_manifest.json,country_local
netherlands,population,2025,2025-01-01,cbs-gemeentelijke-indeling-2025,municipality,1904,GM1904,Stichtse Vecht,66130,people,CBS StatLine 03759NED Bevolking op 1 januari,provenance/netherlands_population_manifest.json,country_local
netherlands,population,2025,2025-01-01,cbs-gemeentelijke-indeling-2025,municipality,1911,GM1911,Hollands Kroon,49982,people,CBS StatLine 03759NED Bevolking op 1 januari,provenance/netherlands_population_manifest.json,country_local
netherlands,population,2025,2025-01-01,cbs-gemeentelijke-indeling-2025,municipality,1916,GM1916,Leidschendam-Voorburg,78318,people,CBS StatLine 03759NED Bevolking op 1 januari,provenance/netherlands_population_manifest.json,country_local
netherlands,population,2025,2025-01-01,cbs-gemeentelijke-indeling-2025,municipality,1924,GM1924,Goeree-Overflakkee,52185,people,CBS StatLine 03759NED Bevolking op 1 januari,provenance/netherlands_population_manifest.json,country_local
netherlands,population,2025,2025-01-01,cbs-gemeentelijke-indeling-2025,municipality,1926,GM1926,Pijnacker-Nootdorp,58126,people,CBS StatLine 03759NED Bevolking op 1 januari,provenance/netherlands_population_manifest.json,country_local
netherlands,population,2025,2025-01-01,cbs-gemeentelijke-indeling-2025,municipality,1930,GM1930,Nissewaard,88341,people,CBS StatLine 03759NED Bevolking op 1 januari,provenance/netherlands_population_manifest.json,country_local
netherlands,population,2025,2025-01-01,cbs-gemeentelijke-indeling-2025,municipality,1931,GM1931,Krimpenerwaard,57798,people,CBS StatLine 03759NED Bevolking op 1 januari,provenance/netherlands_population_manifest.json,country_local
netherlands,population,2025,2025-01-01,cbs-gemeentelijke-indeling-2025,municipality,1940,GM1940,De Fryske Marren,52235,people,CBS StatLine 03759NED Bevolking op 1 januari,provenance/netherlands_population_manifest.json,country_local
netherlands,population,2025,2025-01-01,cbs-gemeentelijke-indeling-2025,municipality,1942,GM1942,Gooise Meren,61003,people,CBS StatLine 03759NED Bevolking op 1 januari,provenance/netherlands_population_manifest.json,country_local
netherlands,population,2025,2025-01-01,cbs-gemeentelijke-indeling-2025,municipality,1945,GM1945,Berg en Dal,35558,people,CBS StatLine 03759NED Bevolking op 1 januari,provenance/netherlands_population_manifest.json,country_local
netherlands,population,2025,2025-01-01,cbs-gemeentelijke-indeling-2025,municipality,1948,GM1948,Meierijstad,84711,people,CBS StatLine 03759NED Bevolking op 1 januari,provenance/netherlands_population_manifest.json,country_local
netherlands,population,2025,2025-01-01,cbs-gemeentelijke-indeling-2025,municipality,1949,GM1949,Waadhoeke,46857,people,CBS StatLine 03759NED Bevolking op 1 januari,provenance/netherlands_population_manifest.json,country_local
netherlands,population,2025,2025-01-01,cbs-gemeentelijke-indeling-2025,municipality,1950,GM1950,Westerwolde,27421,people,CBS StatLine 03759NED Bevolking op 1 januari,provenance/netherlands_population_manifest.json,country_local
netherlands,population,2025,2025-01-01,cbs-gemeentelijke-indeling-2025,municipality,1952,GM1952,Midden-Groningen,61387,people,CBS StatLine 03759NED Bevolking op 1 januari,provenance/netherlands_population_manifest.json,country_local
netherlands,population,2025,2025-01-01,cbs-gemeentelijke-indeling-2025,municipality,1954,GM1954,Beekdaelen,35824,people,CBS StatLine 03759NED Bevolking op 1 januari,provenance/netherlands_population_manifest.json,country_local
netherlands,population,2025,2025-01-01,cbs-gemeentelijke-indeling-2025,municipality,1955,GM1955,Montferland,36996,people,CBS StatLine 03759NED Bevolking op 1 januari,provenance/netherlands_population_manifest.json,country_local
netherlands,population,2025,2025-01-01,cbs-gemeentelijke-indeling-2025,municipality,1959,GM1959,Altena,58726,people,CBS StatLine 03759NED Bevolking op 1 januari,provenance/netherlands_population_manifest.json,country_local
netherlands,population,2025,2025-01-01,cbs-gemeentelijke-indeling-2025,municipality,1960,GM1960,West Betuwe,53253,people,CBS StatLine 03759NED Bevolking op 1 januari,provenance/netherlands_population_manifest.json,country_local
netherlands,population,2025,2025-01-01,cbs-gemeentelijke-indeling-2025,municipality,1961,GM1961,Vijfheerenlanden,62554,people,CBS StatLine 03759NED Bevolking op 1 januari,provenance/netherlands_population_manifest.json,country_local
netherlands,population,2025,2025-01-01,cbs-gemeentelijke-indeling-2025,municipality,1963,GM1963,Hoeksche Waard,90747,people,CBS StatLine 03759NED Bevolking op 1 januari,provenance/netherlands_population_manifest.json,country_local
netherlands,population,2025,2025-01-01,cbs-gemeentelijke-indeling-2025,municipality,1966,GM1966,Het Hogeland,48178,people,CBS StatLine 03759NED Bevolking op 1 januari,provenance/netherlands_population_manifest.json,country_local
netherlands,population,2025,2025-01-01,cbs-gemeentelijke-indeling-2025,municipality,1969,GM1969,Westerkwartier,64841,people,CBS StatLine 03759NED Bevolking op 1 januari,provenance/netherlands_population_manifest.json,country_local
netherlands,population,2025,2025-01-01,cbs-gemeentelijke-indeling-2025,municipality,1970,GM1970,Noardeast-Fryslân,45864,people,CBS StatLine 03759NED Bevolking op 1 januari,provenance/netherlands_population_manifest.json,country_local
netherlands,population,2025,2025-01-01,cbs-gemeentelijke-indeling-2025,municipality,1978,GM1978,Molenlanden,45363,people,CBS StatLine 03759NED Bevolking op 1 januari,provenance/netherlands_population_manifest.json,country_local
netherlands,population,2025,2025-01-01,cbs-gemeentelijke-indeling-2025,municipality,1979,GM1979,Eemsdelta,44795,people,CBS StatLine 03759NED Bevolking op 1 januari,provenance/netherlands_population_manifest.json,country_local
netherlands,population,2025,2025-01-01,cbs-gemeentelijke-indeling-2025,municipality,1980,GM1980,Dijk en Waard,90747,people,CBS StatLine 03759NED Bevolking op 1 januari,provenance/netherlands_population_manifest.json,country_local
netherlands,population,2025,2025-01-01,cbs-gemeentelijke-indeling-2025,municipality,1982,GM1982,Land van Cuijk,92817,people,CBS StatLine 03759NED Bevolking op 1 januari,provenance/netherlands_population_manifest.json,country_local
netherlands,population,2025,2025-01-01,cbs-gemeentelijke-indeling-2025,municipality,1991,GM1991,Maashorst,59671,people,CBS StatLine 03759NED Bevolking op 1 januari,provenance/netherlands_population_manifest.json,country_local
netherlands,population,2025,2025-01-01,cbs-gemeentelijke-indeling-2025,municipality,1992,GM1992,Voorne aan Zee,74527,people,CBS StatLine 03759NED Bevolking op 1 januari,provenance/netherlands_population_manifest.json,country_local
